<kml><Document><name>test567</name><Placemark><LineString><coordinates>85.420773,27.759274,1387.3 85.420774,27.759273,1387.3 85.420774,27.759272,1387.3 85.420774,27.759272,1387.3 85.420774,27.759272,1387.3 85.420774,27.759272,1387.3 85.420774,27.759271,1387.3 85.420774,27.75927,1387.3 85.420776,27.759271,1387.3 85.420775,27.759269,1387.3 85.420775,27.759267,1387.3 85.420773,27.759264,1387.4 85.420771,27.759261,1387.4 85.42077,27.75926,1387.4 85.420768,27.75926,1387.4 85.420766,27.759262,1387.4 85.420762,27.759268,1387.4 85.42076,27.75928,1387.4 85.42076,27.759293,1387.5 85.42076,27.759304,1387.5 85.420761,27.759313,1387.5 85.42076,27.759322,1387.5 85.420763,27.759332,1387.6 85.420765,27.759342,1387.6 85.420767,27.759353,1387.6 85.420769,27.759368,1387.7 85.420771,27.759377,1387.7 85.420771,27.759386,1387.7 85.42077,27.759395,1387.8 85.420768,27.759404,1387.8 85.420764,27.759414,1387.8 85.420761,27.759424,1387.8 85.420763,27.759434,1387.9 85.420764,27.759444,1387.9 85.420768,27.759455,1387.9 85.420773,27.759464,1388 85.420781,27.759471,1388 85.42079,27.759471,1388 85.420798,27.759476,1388 85.420801,27.759485,1388.1 85.420805,27.759495,1388.1 85.420809,27.759505,1388.1 85.420815,27.759514,1388.2 85.420821,27.759523,1388.2 85.420825,27.759532,1388.2 85.420828,27.759542,1388.3 85.42083,27.759552,1388.3 85.420831,27.759563,1388.3 85.420832,27.759571,1388.4 85.420834,27.759579,1388.4 85.420835,27.759587,1388.4 85.420837,27.759596,1388.4 85.420837,27.759606,1388.5 85.420836,27.759616,1388.5 85.420836,27.759627,1388.5 85.420841,27.759641,1388.6 85.420842,27.759649,1388.6 85.420845,27.759659,1388.6 85.420846,27.759668,1388.6 85.420851,27.759677,1388.7 85.420856,27.759686,1388.7 85.420859,27.759695,1388.7 85.420862,27.759705,1388.7 85.420868,27.759714,1388.8 85.420873,27.759721,1388.8 85.420876,27.75973,1388.8 85.420877,27.75974,1388.8 85.42088,27.759748,1388.9 85.420882,27.759759,1388.9 85.420886,27.759769,1388.9 85.420888,27.759778,1388.9 85.420876,27.759777,1389 85.420882,27.759782,1389 85.420893,27.759783,1389 85.420892,27.75979,1389 85.420891,27.759798,1389.1 85.420892,27.759807,1389.1 85.420895,27.759818,1389.1 85.420898,27.75982,1389.1 85.420899,27.759825,1389.1 85.420903,27.759836,1389.2 85.420911,27.759847,1389.2 85.420919,27.759858,1389.2 85.420928,27.75987,1389.3 85.420938,27.759881,1389.3 85.420944,27.759892,1389.4 85.420949,27.759899,1389.4 85.420952,27.759905,1389.4 85.420956,27.759915,1389.5 85.420962,27.759926,1389.5 85.420967,27.759937,1389.5 85.420972,27.759949,1389.6 85.42098,27.759974,1389.7 85.420984,27.759984,1389.7 85.420989,27.759997,1389.8 85.420994,27.760007,1389.8 85.420998,27.760018,1389.9 85.421002,27.76003,1389.9 85.421006,27.760041,1390 85.42101,27.760053,1390 85.421012,27.760072,1390.1 85.421016,27.760082,1390.2 85.421019,27.760093,1390.2 85.421023,27.760103,1390.3 85.421029,27.760113,1390.3 85.421031,27.760124,1390.4 85.421033,27.760135,1390.4 85.421037,27.760153,1390.5 85.421039,27.76016,1390.5 85.421042,27.76017,1390.5 85.421045,27.76018,1390.6 85.421049,27.76019,1390.6 85.421052,27.760201,1390.7 85.421058,27.760213,1390.7 85.421064,27.760224,1390.7 85.421061,27.760229,1390.8 85.421063,27.760237,1390.8 85.421068,27.760247,1390.8 85.421072,27.760258,1390.8 85.421076,27.760269,1390.9 85.421078,27.760279,1390.9 85.421084,27.760291,1390.9 85.421092,27.760301,1390.9 85.421108,27.760284,1391 85.421109,27.760278,1391 85.421118,27.760278,1391 85.421126,27.760285,1391 85.42113,27.760293,1391 85.421132,27.760302,1391 85.421135,27.760312,1391 85.421138,27.760323,1391 85.421138,27.760334,1391 85.421147,27.76034,1391.1 85.42115,27.76035,1391.1 85.421151,27.76036,1391.1 85.421154,27.76037,1391.1 85.421159,27.76038,1391.1 85.421162,27.760392,1391.1 85.421158,27.760401,1391.1 85.421153,27.760409,1391.1 85.42115,27.760421,1391.1 85.421148,27.760434,1391.1 85.421148,27.760445,1391.2 85.421149,27.760459,1391.2 85.42115,27.760472,1391.2 85.421148,27.760482,1391.2 85.421129,27.760506,1391.2 85.421124,27.760514,1391.2 85.421122,27.760523,1391.2 85.421121,27.760534,1391.2 85.421119,27.760546,1391.3 85.421116,27.760556,1391.3 85.421114,27.760566,1391.3 85.421113,27.760577,1391.3 85.421107,27.760587,1391.3 85.421105,27.760595,1391.3 85.421105,27.760605,1391.3 85.421106,27.760616,1391.3 85.421105,27.760626,1391.3 85.421106,27.760637,1391.3 85.421106,27.760647,1391.3 85.421106,27.760655,1391.3 85.421098,27.760652,1391.3 85.421097,27.76066,1391.3 85.4211,27.760671,1391.3 85.421103,27.760682,1391.3 85.421106,27.760695,1391.3 85.42111,27.760708,1391.3 85.42112,27.760717,1391.3 85.421129,27.760725,1391.3 85.421135,27.760735,1391.3 85.42114,27.760744,1391.3 85.421144,27.760754,1391.3 85.421147,27.760764,1391.3 85.421151,27.760774,1391.2 85.421155,27.760786,1391.2 85.421157,27.760796,1391.2 85.421159,27.76082,1391.2 85.421158,27.760827,1391.2 85.42116,27.760837,1391.1 85.421161,27.760848,1391.1 85.421162,27.760858,1391 85.421166,27.760872,1390.9 85.421171,27.760888,1390.9 85.421172,27.760901,1390.8 85.42118,27.760922,1390.7 85.421183,27.760933,1390.6 85.421187,27.760944,1390.6 85.421189,27.760955,1390.6 85.421193,27.760966,1390.5 85.421195,27.760978,1390.5 85.421198,27.76099,1390.4 85.421202,27.760999,1390.4 85.421211,27.761019,1390.3 85.421215,27.761029,1390.3 85.421221,27.761038,1390.3 85.421229,27.761041,1390.3 85.42124,27.761036,1390.2 85.421243,27.761045,1390.2 85.421242,27.761057,1390.2 85.421244,27.761068,1390.2 85.421246,27.76108,1390.2 85.421246,27.761092,1390.1 85.421246,27.761102,1390.1 85.42125,27.761113,1390.1 85.421251,27.761124,1390.1 85.421257,27.761135,1390.1 85.421263,27.761145,1390.1 85.421272,27.761155,1390 85.421283,27.761169,1390 85.421287,27.761177,1390 85.421292,27.761187,1390 85.421302,27.761198,1390 85.421309,27.761208,1390 85.421321,27.761217,1390 85.421334,27.761222,1390 85.421345,27.761227,1390 85.421353,27.761233,1390 85.421365,27.761235,1390 85.421374,27.76124,1390 85.421388,27.76124,1390 85.421401,27.761244,1390 85.42141,27.761251,1390 85.421417,27.76126,1390 85.421421,27.761269,1390 85.421427,27.761281,1390 85.421432,27.76129,1390.1 85.421437,27.7613,1390.1 85.421443,27.76131,1390.1 85.421451,27.761319,1390.2 85.421458,27.761328,1390.2 85.421464,27.761338,1390.3 85.421475,27.761346,1390.3 85.421488,27.761348,1390.4 85.421503,27.761349,1390.4 85.421515,27.76135,1390.5 85.421525,27.761352,1390.6 85.421528,27.761345,1390.6 85.421529,27.761342,1390.6 85.421537,27.761347,1390.7 85.421547,27.761358,1390.8 85.421539,27.76135,1390.9 85.421549,27.761361,1391 85.421564,27.761381,1391.1 85.421575,27.761396,1391.3 85.421582,27.761409,1391.4 85.421588,27.761421,1391.5 85.421593,27.761433,1391.6 85.4216,27.761443,1391.7 85.421602,27.761458,1391.8 85.421606,27.761468,1392 85.421609,27.761482,1392.2 85.421611,27.761502,1392.6 85.421612,27.761513,1392.8 85.421617,27.761522,1393 85.421622,27.76153,1393.2 85.421627,27.761538,1393.4 85.421632,27.761549,1393.6 85.421633,27.76156,1393.9 85.421637,27.761568,1394.1 85.421645,27.761577,1394.3 85.421638,27.761589,1394.6 85.42165,27.761594,1394.9 85.421655,27.761601,1395.1 85.421657,27.761607,1395.2 85.421662,27.761614,1395.4 85.421669,27.761621,1395.6 85.421674,27.761627,1395.8 85.421678,27.761635,1396 85.421679,27.761641,1396.2 85.421676,27.761646,1396.3 85.421678,27.761653,1396.5 85.421683,27.761659,1396.7 85.421686,27.761666,1396.9 85.421691,27.761673,1397.1 85.421694,27.761678,1397.2 85.421697,27.761684,1397.4 85.421702,27.761688,1397.6 85.421704,27.76169,1397.6 85.421707,27.761692,1397.7 85.42171,27.761693,1397.8 85.421714,27.761695,1397.9 85.421718,27.761699,1398 85.42172,27.761703,1398.1 85.421721,27.761706,1398.2 85.421724,27.761709,1398.3 85.421729,27.761712,1398.5 85.421736,27.761715,1398.6 85.421743,27.761719,1398.8 85.421748,27.761724,1399 85.42175,27.761732,1399.2 85.42175,27.76174,1399.4 85.42175,27.76175,1399.7 85.42175,27.761759,1400 85.421756,27.761766,1400.2 85.421761,27.761772,1400.4 85.421766,27.761777,1400.6 85.42177,27.761785,1400.8 85.421774,27.761788,1400.9 85.421779,27.761792,1401.1 85.421784,27.761797,1401.3 85.421789,27.761802,1401.5 85.421792,27.761807,1401.6 85.421795,27.761811,1401.7 85.421799,27.761817,1401.9 85.421803,27.761822,1402.1 85.421806,27.761827,1402.3 85.421805,27.761833,1402.4 85.421802,27.761838,1402.6 85.421802,27.761843,1402.7 85.421801,27.761848,1402.8 85.421801,27.761854,1403 85.421805,27.761857,1403.1 85.421808,27.761862,1403.3 85.421811,27.761865,1403.4 85.421814,27.761869,1403.5 85.421818,27.761873,1403.7 85.421822,27.761875,1403.8 85.421828,27.761876,1403.9 85.421832,27.761878,1404 85.421835,27.761883,1404.2 85.421836,27.761888,1404.3 85.42184,27.761892,1404.5 85.421844,27.761896,1404.6 85.421849,27.761901,1404.8 85.421852,27.761905,1404.9 85.421854,27.76191,1405.1 85.421858,27.761915,1405.2 85.421861,27.761922,1405.4 85.421866,27.761929,1405.6 85.421872,27.761936,1405.9 85.421877,27.761941,1406 85.42188,27.761947,1406.2 85.421885,27.761953,1406.4 85.421887,27.76196,1406.6 85.42189,27.761966,1406.7 85.421897,27.761973,1407 85.421902,27.761979,1407.1 85.421906,27.761985,1407.3 85.421913,27.76199,1407.5 85.42192,27.761995,1407.7 85.421924,27.762001,1407.8 85.42193,27.762008,1408 85.421933,27.762016,1408.2 85.421952,27.762019,1408.5 85.42196,27.762002,1408.9 85.421965,27.762,1408.9 85.421967,27.762002,1409 85.42197,27.762008,1409.1 85.421977,27.762016,1409.2 85.421987,27.762028,1409.5 85.421997,27.76204,1409.7 85.422005,27.762067,1410 85.42201,27.762076,1410.1 85.422016,27.762084,1410.2 85.422024,27.762093,1410.4 85.422034,27.762095,1410.4 85.422045,27.762093,1410.5 85.422052,27.762095,1410.6 85.42206,27.762108,1410.7 85.422061,27.762116,1410.8 85.422063,27.762125,1410.8 85.422067,27.762131,1410.9 85.422072,27.762132,1410.9 85.422076,27.76214,1411 85.42208,27.762148,1411 85.42208,27.762161,1411.1 85.422077,27.762187,1411.2 85.422078,27.762195,1411.3 85.422077,27.762205,1411.3 85.422079,27.762214,1411.4 85.422081,27.762224,1411.4 85.42209,27.76223,1411.4 85.422095,27.762238,1411.5 85.422094,27.762251,1411.5 85.422096,27.762263,1411.6 85.422094,27.762272,1411.6 85.42209,27.762283,1411.6 85.422081,27.762296,1411.7 85.422076,27.762308,1411.7 85.422072,27.762319,1411.7 85.422069,27.76233,1411.8 85.422068,27.762345,1411.8 85.422068,27.762352,1411.8 85.422068,27.762362,1411.9 85.422068,27.762372,1411.9 85.422065,27.762381,1411.9 85.422062,27.762391,1412 85.422061,27.7624,1412 85.422062,27.76241,1412 85.422109,27.762412,1412.2 85.422127,27.762414,1412.3 85.422138,27.762422,1412.4 85.422146,27.762431,1412.5 85.42215,27.762439,1412.5 85.422157,27.762447,1412.6 85.422166,27.762456,1412.7 85.422174,27.762463,1412.8 85.422191,27.762445,1413 85.422196,27.76245,1413.1 85.422197,27.762458,1413.2 85.422188,27.762458,1413.3 85.422183,27.762452,1413.5 85.422189,27.762444,1413.6 85.422192,27.762439,1413.7 85.422194,27.762441,1413.7 85.422198,27.762443,1413.8 85.422201,27.762447,1413.8 85.422205,27.762438,1414 85.422207,27.762435,1414.1 85.422211,27.762435,1414.1 85.422216,27.762436,1414.2 85.422219,27.762435,1414.3 85.422221,27.762433,1414.3 85.422224,27.762431,1414.4 85.422227,27.762432,1414.4 85.422226,27.762427,1414.5 85.422227,27.762427,1414.5 85.422227,27.762428,1414.5 85.422226,27.762429,1414.6 85.422227,27.762431,1414.6 85.422229,27.762434,1414.7 85.422234,27.762435,1414.8 85.422237,27.762435,1414.8 85.422237,27.762431,1414.9 85.422235,27.762429,1415 85.422234,27.762429,1415 85.422234,27.76243,1415 85.422236,27.762432,1415.1 85.422236,27.762435,1415.1 85.422237,27.762435,1415.2 85.422237,27.762436,1415.2 85.422237,27.762436,1415.2 85.422237,27.762435,1415.2 85.422238,27.762434,1415.2 85.422237,27.762434,1415.3 85.422236,27.762433,1415.3 85.422235,27.762432,1415.3 85.422234,27.762431,1415.3 85.422234,27.76243,1415.4 85.422234,27.762429,1415.4 85.422237,27.762428,1415.4 85.422238,27.76243,1415.5 85.42224,27.762432,1415.6 85.422241,27.762433,1415.6 85.422242,27.762435,1415.6 85.42223,27.762418,1416.1 85.422229,27.762417,1416.1 85.422228,27.762416,1416.1 85.422229,27.762416,1416.2 85.422229,27.762417,1416.2 85.42223,27.762418,1416.2 85.422231,27.76242,1416.3 85.422228,27.762413,1416.4 85.422229,27.762413,1416.5 85.422232,27.762414,1416.5 85.422239,27.762421,1416.7 85.422251,27.762427,1417 85.422265,27.762438,1417.4 85.422274,27.762447,1417.7 85.422281,27.762459,1418.1 85.422292,27.762471,1418.5 85.422296,27.762475,1418.6 85.422302,27.762483,1418.9 85.42231,27.762495,1419.2 85.422319,27.762507,1419.6 85.422329,27.762519,1420 85.422338,27.762531,1420.4 85.422346,27.762539,1420.6 85.422357,27.762549,1421 85.422363,27.762554,1421.2 85.422369,27.762565,1421.5 85.422376,27.762575,1421.8 85.422383,27.762585,1422.1 85.422389,27.762596,1422.5 85.422395,27.762607,1422.8 85.422402,27.762624,1423.2 85.422406,27.76263,1423.4 85.422411,27.762638,1423.7 85.422415,27.762646,1423.9 85.422421,27.762653,1424.1 85.422427,27.76266,1424.4 85.422431,27.762667,1424.6 85.422435,27.762674,1424.8 85.422442,27.762684,1425.1 85.422445,27.762687,1425.2 85.422451,27.762693,1425.4 85.422457,27.7627,1425.6 85.42246,27.762703,1425.7 85.422464,27.762709,1425.9 85.422469,27.762716,1426.1 85.422473,27.762722,1426.3 85.422477,27.762731,1426.5 85.422483,27.762737,1426.7 85.422488,27.762744,1427 85.422496,27.762753,1427.3 85.422503,27.762763,1427.6 85.422511,27.762772,1427.8 85.422519,27.762781,1428.1 85.422529,27.762793,1428.5 85.422534,27.762799,1428.7 85.42254,27.762807,1428.9 85.422546,27.762815,1429.2 85.422552,27.762823,1429.4 85.422559,27.762831,1429.7 85.422565,27.762839,1429.9 85.422569,27.762847,1430.1 85.42257,27.762851,1430.2 85.422573,27.762855,1430.3 85.422576,27.76286,1430.5 85.422581,27.762866,1430.6 85.422588,27.762872,1430.9 85.422595,27.762878,1431.1 85.422601,27.762885,1431.3 85.422604,27.762897,1431.6 85.422601,27.762901,1431.7 85.422603,27.762908,1431.8 85.422605,27.762915,1432 85.42261,27.762922,1432.2 85.422616,27.762928,1432.4 85.422622,27.762934,1432.6 85.422628,27.76294,1432.7 85.422632,27.762945,1432.9 85.422636,27.762947,1433 85.42264,27.762952,1433.1 85.422641,27.762956,1433.2 85.422645,27.762962,1433.4 85.422646,27.76297,1433.6 85.422647,27.762978,1433.7 85.42265,27.762985,1433.9 85.422653,27.762993,1434.1 85.422658,27.762998,1434.2 85.422663,27.763003,1434.4 85.422668,27.763006,1434.5 85.422673,27.763012,1434.7 85.422678,27.763017,1434.8 85.422681,27.763019,1434.9 85.422683,27.763024,1435 85.422684,27.763031,1435.1 85.42269,27.76304,1435.4 85.422697,27.763051,1435.7 85.422705,27.763063,1436 85.422712,27.763076,1436.3 85.422719,27.763087,1436.5 85.422724,27.763098,1436.8 85.422722,27.763103,1436.9 85.422726,27.763111,1437.1 85.422733,27.76312,1437.3 85.42274,27.763128,1437.5 85.422746,27.763135,1437.7 85.422753,27.763143,1437.9 85.42276,27.763151,1438.1 85.422773,27.763164,1438.5 85.422778,27.763169,1438.6 85.422783,27.763177,1438.8 85.422789,27.763186,1439 85.422796,27.763196,1439.3 85.422803,27.763204,1439.4 85.422809,27.763213,1439.6 85.422816,27.763221,1439.8 85.422814,27.763235,1440.1 85.42282,27.763241,1440.3 85.422827,27.763248,1440.4 85.422834,27.763257,1440.6 85.422842,27.763267,1440.9 85.422848,27.763277,1441.1 85.422855,27.763287,1441.3 85.422862,27.763297,1441.5 85.422861,27.763311,1441.8 85.422865,27.76332,1441.9 85.422869,27.763329,1442.1 85.422874,27.76334,1442.3 85.422879,27.76335,1442.5 85.422882,27.76336,1442.6 85.422885,27.76337,1442.8 85.422898,27.763389,1443.2 85.422902,27.763395,1443.3 85.422905,27.763404,1443.4 85.422908,27.763413,1443.6 85.422908,27.763423,1443.8 85.422909,27.763434,1443.9 85.42291,27.763445,1444.1 85.422911,27.763455,1444.3 85.422913,27.763466,1444.4 85.422918,27.763475,1444.6 85.422928,27.763474,1444.7 85.422937,27.76347,1444.9 85.422951,27.763472,1445.1 85.422955,27.763474,1445.1 85.422962,27.763477,1445.2 85.422967,27.76348,1445.3 85.422972,27.763486,1445.4 85.42298,27.763503,1445.7 85.422978,27.76351,1445.8 85.422975,27.763522,1446 85.422974,27.763534,1446.2 85.422972,27.763545,1446.3 85.422969,27.763557,1446.5 85.422966,27.763568,1446.7 85.422961,27.763577,1446.8 85.422956,27.763584,1447 85.422957,27.763589,1447 85.422959,27.763595,1447.1 85.422961,27.763601,1447.2 85.422963,27.763609,1447.3 85.422966,27.763618,1447.5 85.42297,27.763626,1447.6 85.422976,27.763633,1447.7 85.422983,27.76364,1447.9 85.422988,27.763649,1448 85.422994,27.763659,1448.2 85.423,27.763667,1448.3 85.423004,27.763676,1448.5 85.423008,27.763685,1448.6 85.423015,27.763692,1448.8 85.42302,27.763699,1448.9 85.423023,27.763706,1449 85.423029,27.763714,1449.1 85.423034,27.763723,1449.3 85.423039,27.763731,1449.4 85.423045,27.763739,1449.5 85.423051,27.763747,1449.6 85.42305,27.763753,1449.7 85.42305,27.763758,1449.8 85.423055,27.763766,1449.9 85.423059,27.763774,1450 85.423063,27.763781,1450.1 85.423066,27.763789,1450.2 85.42307,27.763797,1450.4 85.423074,27.763805,1450.5 85.423078,27.763813,1450.6 85.423082,27.763822,1450.7 85.423086,27.76383,1450.8 85.423092,27.763836,1450.9 85.423096,27.763844,1451 85.423097,27.763851,1451.1 85.423099,27.763859,1451.2 85.423106,27.763854,1451.3 85.423109,27.763855,1451.4 85.423116,27.763858,1451.4 85.423118,27.763862,1451.5 85.423121,27.763866,1451.6 85.423125,27.763874,1451.7 85.423128,27.763883,1451.8 85.423132,27.763893,1451.9 85.423135,27.763902,1452 85.423139,27.763913,1452.1 85.423141,27.763923,1452.3 85.423143,27.763933,1452.4 85.423144,27.763944,1452.5 85.423145,27.763956,1452.6 85.423147,27.763965,1452.7 85.423145,27.763973,1452.8 85.423137,27.763978,1452.9 85.423134,27.763982,1452.9 85.423133,27.763981,1452.9 85.423131,27.763982,1453 85.423131,27.763981,1453 85.42313,27.763981,1453 85.42313,27.763981,1453 85.423131,27.763981,1453 85.423131,27.763982,1453 85.423131,27.763984,1453 85.423132,27.763988,1453.1 85.423133,27.763995,1453.1 85.423137,27.764002,1453.2 85.423141,27.764007,1453.3 85.423147,27.764015,1453.3 85.423152,27.764022,1453.4 85.423158,27.76403,1453.5 85.423161,27.764045,1453.6 85.423161,27.764054,1453.7 85.423163,27.764061,1453.7 85.423165,27.764075,1453.8 85.423166,27.76408,1453.9 85.423166,27.764085,1453.9 85.423167,27.76409,1453.9 85.423166,27.764094,1454 85.423167,27.764098,1454 85.423169,27.764105,1454.1 85.423175,27.764115,1454.1 85.423176,27.76412,1454.2 85.423178,27.764128,1454.2 85.423178,27.764136,1454.3 85.423179,27.764147,1454.4 85.423181,27.764157,1454.4 85.423185,27.764171,1454.5 85.423188,27.764179,1454.6 85.42319,27.764188,1454.7 85.423192,27.764196,1454.7 85.423194,27.764202,1454.8 85.423196,27.76421,1454.8 85.423201,27.764217,1454.9 85.4232,27.764217,1454.9 85.423202,27.764228,1455 85.423205,27.764241,1455.1 85.423209,27.764255,1455.2 85.423213,27.764268,1455.3 85.423216,27.764273,1455.4 85.42322,27.764282,1455.4 85.423226,27.764291,1455.5 85.423233,27.7643,1455.6 85.423242,27.764311,1455.7 85.42325,27.764322,1455.9 85.423256,27.764333,1456 85.423266,27.764345,1456.1 85.423273,27.764353,1456.2 85.423281,27.764362,1456.3 85.42329,27.764371,1456.4 85.4233,27.764379,1456.5 85.423307,27.764388,1456.7 85.423309,27.764394,1456.7 85.423311,27.764401,1456.8 85.423312,27.76441,1456.9 85.423316,27.764419,1457 85.423322,27.764428,1457.1 85.423329,27.76444,1457.2 85.423333,27.764447,1457.3 85.423339,27.764455,1457.4 85.423346,27.764463,1457.5 85.423352,27.764472,1457.6 85.423358,27.764482,1457.7 85.423366,27.764494,1457.9 85.423367,27.7645,1458 85.423372,27.76451,1458.1 85.423378,27.76452,1458.2 85.423384,27.764529,1458.3 85.42339,27.764539,1458.4 85.423393,27.764544,1458.5 85.423399,27.764551,1458.6 85.423403,27.764558,1458.7 85.423407,27.764566,1458.8 85.423411,27.764571,1458.9 85.423416,27.764578,1459 85.42342,27.764583,1459 85.423425,27.764589,1459.1 85.42343,27.764596,1459.2 85.423435,27.764601,1459.3 85.423438,27.764603,1459.3 85.423443,27.764604,1459.4 85.423445,27.764602,1459.4 85.423446,27.764597,1459.5 85.423443,27.764593,1459.6 85.423442,27.76459,1459.6 85.42344,27.764587,1459.6 85.42344,27.764584,1459.7 85.423439,27.764582,1459.7 85.423439,27.764579,1459.7 85.42344,27.764578,1459.8 85.42344,27.764578,1459.8 85.42344,27.764575,1459.8 85.42344,27.764573,1459.8 85.423441,27.764571,1459.9 85.423442,27.76457,1459.9 85.423442,27.76457,1459.9 85.423442,27.76457,1459.9 85.423441,27.764569,1459.9 85.423441,27.764568,1459.9 85.423442,27.764567,1459.9 85.423443,27.764566,1459.9 85.423442,27.764566,1459.9 85.423442,27.764567,1460 85.423442,27.764568,1460 85.423443,27.764569,1460 85.423445,27.764571,1460 85.423448,27.764572,1460.1 85.423453,27.764575,1460.1 85.423458,27.764575,1460.2 85.423469,27.764575,1460.4 85.423472,27.764576,1460.4 85.423475,27.764579,1460.4 85.423476,27.764583,1460.5 85.423479,27.764585,1460.6 85.423479,27.764585,1460.6 85.423477,27.764584,1460.6 85.423476,27.764583,1460.6 85.423474,27.764583,1460.6 85.423474,27.764583,1460.6 85.423474,27.764583,1460.6 85.423474,27.764583,1460.6 85.423475,27.764584,1460.6 85.423475,27.764585,1460.7 85.423475,27.764585,1460.7 85.423476,27.764588,1460.7 85.423477,27.764592,1460.8 85.42348,27.764599,1460.9 85.423482,27.764603,1460.9 85.423486,27.764615,1461.1 85.423492,27.764626,1461.3 85.423497,27.764633,1461.4 85.423501,27.764647,1461.6 85.423507,27.76466,1461.8 85.423511,27.764675,1462.1 85.423514,27.764684,1462.2 85.423517,27.764693,1462.4 85.423521,27.764699,1462.5 85.423521,27.764703,1462.5 85.423523,27.764711,1462.7 85.423527,27.764716,1462.8 85.423532,27.764724,1462.9 85.423537,27.764735,1463.1 85.423541,27.764745,1463.3 85.423545,27.764756,1463.5 85.423546,27.764765,1463.6 85.423548,27.764777,1463.8 85.42355,27.764787,1464 85.423552,27.764797,1464.1 85.423559,27.764808,1464.3 85.423564,27.764815,1464.5 85.423568,27.764823,1464.6 85.42357,27.764829,1464.7 85.423577,27.764836,1464.9 85.423587,27.764841,1465.1 85.423594,27.764846,1465.2 85.423603,27.764844,1465.4 85.423611,27.764837,1465.5 85.42362,27.764837,1465.7 85.423622,27.764849,1465.9 85.423622,27.764855,1466 85.423623,27.764865,1466.2 85.423628,27.764873,1466.3 85.423637,27.764876,1466.5 85.423643,27.764881,1466.6 85.423645,27.764892,1466.8 85.423645,27.7649,1466.9 85.423645,27.764906,1467.1 85.423647,27.764913,1467.2 85.423651,27.764921,1467.3 85.423658,27.76493,1467.5 85.423661,27.764929,1467.6 85.423668,27.764932,1467.7 85.423675,27.764941,1467.9 85.423679,27.76495,1468 85.423685,27.764961,1468.2 85.423694,27.76497,1468.4 85.423699,27.764975,1468.5 85.423701,27.764981,1468.6 85.423701,27.764988,1468.7 85.423704,27.764994,1468.8 85.423707,27.765,1468.9 85.423707,27.765006,1469 85.423708,27.765012,1469.1 85.423709,27.765018,1469.2 85.423709,27.765025,1469.3 85.42371,27.765032,1469.5 85.42371,27.765039,1469.6 85.423711,27.765045,1469.7 85.423712,27.765051,1469.8 85.423713,27.765057,1469.9 85.423714,27.765064,1470 85.423715,27.76507,1470.1 85.423717,27.765079,1470.2 85.423718,27.765084,1470.3 85.423719,27.76509,1470.4 85.423721,27.765098,1470.6 85.423723,27.765106,1470.7 85.423726,27.765109,1470.8 85.423729,27.765117,1470.9 85.423731,27.765124,1471.1 85.423733,27.765131,1471.2 85.423734,27.765136,1471.3 85.423736,27.765141,1471.4 85.423741,27.765147,1471.5 85.423747,27.765155,1471.7 85.423752,27.765161,1471.8 85.423754,27.765167,1471.9 85.423756,27.765174,1472.1 85.423759,27.765182,1472.2 85.423762,27.76519,1472.4 85.423764,27.765198,1472.6 85.423765,27.765203,1472.7 85.423767,27.765208,1472.8 85.423768,27.76521,1472.8 85.423771,27.765214,1472.9 85.423774,27.76522,1473.1 85.423776,27.765224,1473.1 85.423778,27.765227,1473.2 85.42378,27.765231,1473.3 85.423783,27.765235,1473.4 85.423785,27.765238,1473.5 85.423785,27.765241,1473.5 85.423787,27.765246,1473.6 85.423788,27.76525,1473.7 85.423788,27.765251,1473.7 85.423789,27.765255,1473.8 85.423789,27.765258,1473.9 85.423789,27.765265,1474 85.42379,27.765277,1474.3 85.423791,27.765284,1474.4 85.423792,27.765294,1474.6 85.423793,27.765303,1474.8 85.423793,27.765309,1474.9 85.423795,27.765324,1475.2 85.423796,27.765339,1475.5 85.423795,27.765362,1475.9 85.423793,27.76537,1476 85.423791,27.765381,1476.2 85.42379,27.765391,1476.4 85.423786,27.765405,1476.6 85.423784,27.765415,1476.7 85.423783,27.765426,1476.9 85.423781,27.765439,1477.1 85.423781,27.765453,1477.3 85.42378,27.765464,1477.4 85.423778,27.765477,1477.6 85.423776,27.76549,1477.7 85.423774,27.765503,1477.9 85.423772,27.765515,1478.1 85.42377,27.765527,1478.2 85.42377,27.765539,1478.3 85.42377,27.765551,1478.5 85.423769,27.765562,1478.6 85.42377,27.765572,1478.7 85.423769,27.765582,1478.8 85.423768,27.76559,1478.9 85.423761,27.765597,1479.1 85.42376,27.765602,1479.1 85.423762,27.765608,1479.2 85.423763,27.765618,1479.3 85.423764,27.76563,1479.4 85.423764,27.765641,1479.5 85.423767,27.765653,1479.7 85.42377,27.765665,1479.8 85.423774,27.765679,1480 85.423776,27.765692,1480.1 85.423776,27.765705,1480.3 85.423776,27.765719,1480.4 85.423774,27.765728,1480.5 85.423773,27.765738,1480.6 85.423771,27.765748,1480.7 85.423769,27.765756,1480.8 85.423768,27.76577,1480.9 85.423768,27.765777,1481 85.423766,27.765785,1481.1 85.423762,27.76579,1481.1 85.423752,27.765791,1481.2 85.423744,27.765795,1481.3 85.42374,27.765805,1481.3 85.423734,27.765811,1481.4 85.423729,27.765819,1481.5 85.423728,27.76583,1481.6 85.423736,27.765837,1481.6 85.423742,27.765842,1481.7 85.423746,27.765844,1481.7 85.423748,27.765848,1481.8 85.423743,27.765854,1481.8 85.42374,27.765863,1481.9 85.423738,27.76587,1482 85.423741,27.765876,1482 85.423736,27.765881,1482 85.423734,27.76589,1482.1 85.423732,27.765892,1482.1 85.423733,27.76589,1482.1 85.423733,27.765886,1482.1 85.423733,27.765887,1482.1 85.423727,27.765887,1482.2 85.423724,27.765884,1482.2 85.42372,27.765883,1482.2 85.423712,27.765881,1482.2 85.423707,27.765879,1482.3 85.423704,27.765876,1482.3 85.423703,27.765873,1482.3 85.423703,27.765871,1482.3 85.423703,27.76587,1482.3 85.423701,27.765871,1482.3 85.423701,27.765871,1482.3 85.4237,27.765871,1482.3 85.4237,27.765871,1482.3 85.423699,27.765871,1482.3 85.423699,27.76587,1482.3 85.423699,27.765869,1482.3 85.423699,27.765869,1482.3 85.423697,27.765869,1482.4 85.423697,27.765869,1482.4 85.423694,27.76587,1482.4 85.423692,27.765871,1482.4 85.423692,27.765872,1482.4 85.423693,27.765871,1482.4 85.423693,27.765873,1482.4 85.423692,27.765873,1482.4 85.423694,27.765873,1482.4 85.423692,27.765873,1482.4 85.42369,27.765872,1482.5 85.42369,27.765872,1482.5 85.423689,27.765872,1482.5 85.423688,27.765872,1482.5 85.423687,27.765872,1482.5 85.423687,27.765872,1482.5 85.423689,27.765873,1482.5 85.423691,27.765876,1482.5 85.42369,27.765878,1482.5 85.423688,27.765881,1482.5 85.423686,27.765882,1482.6 85.423688,27.765886,1482.6 85.423693,27.765887,1482.6 85.423698,27.76589,1482.7 85.423702,27.765894,1482.7 85.42371,27.765891,1482.8 85.423715,27.765878,1482.9 85.423711,27.765877,1482.9 85.423709,27.765876,1482.9 85.423708,27.765875,1482.9 85.423711,27.765879,1483 85.423711,27.765884,1483 85.423713,27.765899,1483.2 85.423712,27.765917,1483.4 85.423711,27.765932,1483.6 85.42371,27.765944,1483.7 85.423711,27.765953,1483.8 85.423711,27.765961,1483.9 85.423711,27.765967,1484 85.42371,27.765974,1484.1 85.42371,27.765982,1484.2 85.423706,27.765987,1484.3 85.423704,27.765995,1484.4 85.423703,27.766003,1484.5 85.423702,27.766011,1484.6 85.423703,27.766021,1484.8 85.423697,27.766024,1484.9 85.423694,27.76603,1485 85.423691,27.766035,1485.1 85.423688,27.766037,1485.2 85.423685,27.766039,1485.2 85.423683,27.766041,1485.3 85.423681,27.766041,1485.3 85.423678,27.766045,1485.4 85.423677,27.766048,1485.4 85.423676,27.766053,1485.5 85.423676,27.766057,1485.6 85.423674,27.766063,1485.7 85.423674,27.766069,1485.8 85.423675,27.766073,1485.9 85.423675,27.766079,1486 85.423674,27.766086,1486.2 85.423674,27.766092,1486.3 85.423674,27.766101,1486.5 85.423675,27.76611,1486.6 85.423679,27.766119,1486.8 85.423683,27.766127,1487 85.423683,27.766133,1487.1 85.42368,27.766136,1487.2 85.423677,27.766142,1487.4 85.423679,27.76615,1487.5 85.423684,27.766155,1487.7 85.423688,27.766161,1487.8 85.423694,27.766167,1488 85.423699,27.766174,1488.2 85.423703,27.766179,1488.3 85.423706,27.766183,1488.4 85.423709,27.766188,1488.5 85.423711,27.766193,1488.7 85.423714,27.766199,1488.8 85.423717,27.766204,1488.9 85.423718,27.76621,1489.1 85.42372,27.766217,1489.2 85.423722,27.766223,1489.4 85.423722,27.76623,1489.5 85.423721,27.766234,1489.6 85.423722,27.766238,1489.7 85.423722,27.766241,1489.8 85.423722,27.766243,1489.8 85.42372,27.766243,1489.8 85.42372,27.766245,1489.9 85.423718,27.766249,1490 85.423718,27.766253,1490.1 85.423717,27.766258,1490.2 85.423716,27.766262,1490.3 85.423715,27.766266,1490.4 85.423712,27.766269,1490.5 85.42371,27.766271,1490.5 85.423708,27.766274,1490.6 85.423706,27.766279,1490.7 85.423704,27.766284,1490.8 85.423701,27.766288,1490.9 85.4237,27.766291,1491 85.423699,27.766297,1491.1 85.423698,27.766303,1491.3 85.423697,27.766306,1491.3 85.423694,27.766313,1491.5 85.423692,27.766318,1491.6 85.423692,27.766324,1491.7 85.423695,27.76633,1491.9 85.423699,27.76633,1491.9 85.4237,27.766333,1492 85.423699,27.766338,1492.1 85.423697,27.766344,1492.2 85.423696,27.766347,1492.3 85.423695,27.766353,1492.4 85.423695,27.766359,1492.6 85.423694,27.766365,1492.7 85.423694,27.766377,1492.9 85.423694,27.766382,1493 85.423695,27.766389,1493.2 85.423695,27.766397,1493.3 85.423694,27.766406,1493.5 85.423696,27.766419,1493.8 85.423697,27.766433,1494.1 85.423698,27.766447,1494.4 85.4237,27.766462,1494.7 85.423697,27.766475,1494.9 85.423694,27.766487,1495.2 85.423692,27.766496,1495.4 85.42369,27.766508,1495.6 85.423689,27.766517,1495.8 85.423689,27.766526,1496 85.423688,27.766532,1496.1 85.423687,27.766541,1496.2 85.423685,27.766549,1496.4 85.423682,27.766556,1496.6 85.423681,27.766565,1496.7 85.42368,27.766572,1496.9 85.42368,27.766581,1497 85.423679,27.766586,1497.1 85.423677,27.766592,1497.3 85.423676,27.7666,1497.4 85.423674,27.766605,1497.5 85.423673,27.766608,1497.6 85.423672,27.766612,1497.7 85.423671,27.766616,1497.7 85.423669,27.766623,1497.9 85.423667,27.76663,1498 85.423664,27.766637,1498.2 85.423663,27.766646,1498.4 85.423663,27.766652,1498.5 85.42366,27.766658,1498.6 85.42366,27.766666,1498.7 85.423661,27.766672,1498.8 85.423662,27.766679,1499 85.423664,27.766686,1499.1 85.423664,27.766694,1499.2 85.423665,27.766704,1499.4 85.423665,27.766707,1499.5 85.423666,27.766712,1499.6 85.423666,27.766717,1499.6 85.423666,27.766722,1499.7 85.423667,27.766726,1499.8 85.423667,27.766734,1499.9 85.423667,27.766739,1500 85.423667,27.766745,1500.1 85.423668,27.766752,1500.3 85.423669,27.766757,1500.3 85.42367,27.766763,1500.4 85.423671,27.766768,1500.5 85.423671,27.76677,1500.6 85.423671,27.766777,1500.7 85.423671,27.766783,1500.8 85.423673,27.766789,1500.9 85.423675,27.766797,1501 85.423677,27.766804,1501.2 85.423676,27.766811,1501.3 85.423677,27.766816,1501.4 85.423678,27.766823,1501.5 85.423677,27.766831,1501.6 85.423677,27.766838,1501.7 85.423677,27.766848,1501.9 85.423676,27.766856,1502.1 85.423672,27.766864,1502.2 85.423669,27.766875,1502.4 85.423666,27.766881,1502.5 85.423663,27.766889,1502.7 85.423661,27.766898,1502.8 85.423655,27.766904,1503 85.423651,27.76691,1503.1 85.42365,27.766916,1503.2 85.423649,27.766921,1503.3 85.423648,27.766928,1503.5 85.423648,27.766932,1503.5 85.423648,27.766937,1503.6 85.423648,27.766942,1503.7 85.423648,27.766947,1503.8 85.423648,27.766952,1503.9 85.423648,27.766957,1504 85.423648,27.766961,1504.1 85.423649,27.766967,1504.2 85.423649,27.766972,1504.3 85.423648,27.766978,1504.5 85.423648,27.766982,1504.6 85.423647,27.766984,1504.6 85.423647,27.766987,1504.7 85.423646,27.766991,1504.8 85.423645,27.766996,1504.9 85.423643,27.767004,1505.1 85.423642,27.767008,1505.2 85.423642,27.767014,1505.3 85.423642,27.76702,1505.4 85.423642,27.767028,1505.6 85.423642,27.767036,1505.8 85.423643,27.767042,1505.9 85.423642,27.767049,1506.1 85.423642,27.767058,1506.3 85.423642,27.767064,1506.5 85.423641,27.767071,1506.7 85.42364,27.767079,1506.9 85.42364,27.767084,1507 85.423641,27.767088,1507.1 85.42364,27.767092,1507.2 85.423637,27.767101,1507.4 85.423627,27.767109,1507.8 85.423619,27.767121,1508.1 85.423615,27.767132,1508.4 85.423612,27.76714,1508.6 85.423611,27.767148,1508.9 85.423612,27.767152,1509 85.423613,27.767155,1509 85.423614,27.767156,1509.1 85.423614,27.767157,1509.1 85.423615,27.76716,1509.2 85.423617,27.767163,1509.3 85.423618,27.767166,1509.4 85.423618,27.767169,1509.4 85.423619,27.767172,1509.5 85.423619,27.767174,1509.6 85.42362,27.767176,1509.6 85.42362,27.767179,1509.7 85.42362,27.767182,1509.8 85.423621,27.767187,1509.9 85.423621,27.767189,1510 85.423621,27.767191,1510 85.42362,27.767197,1510.2 85.42362,27.767202,1510.3 85.42362,27.767206,1510.4 85.42362,27.767211,1510.5 85.42362,27.767214,1510.6 85.42362,27.767219,1510.8 85.42362,27.767222,1510.8 85.423619,27.767232,1511.1 85.423619,27.767243,1511.4 85.423618,27.767254,1511.7 85.423616,27.76727,1512.1 85.423614,27.767282,1512.3 85.423612,27.767291,1512.6 85.42361,27.767302,1512.8 85.42361,27.767311,1513 85.42361,27.767319,1513.2 85.423611,27.767328,1513.4 85.423611,27.767336,1513.6 85.42361,27.767343,1513.8 85.423609,27.767349,1513.9 85.42361,27.767356,1514.1 85.423609,27.767365,1514.3 85.423609,27.767369,1514.3 85.42361,27.767373,1514.4 85.423613,27.767374,1514.5 85.423613,27.767375,1514.5 85.423611,27.767375,1514.5 85.42361,27.767374,1514.6 85.42361,27.767375,1514.6 85.42361,27.767376,1514.6 85.42361,27.767375,1514.6 85.423611,27.767374,1514.7 85.423612,27.767375,1514.7 85.423615,27.767376,1514.7 85.423615,27.767376,1514.7 85.423619,27.767377,1514.8 85.423622,27.767378,1514.9 85.423625,27.767379,1514.9 85.423629,27.767381,1515 85.423634,27.767384,1515.1 85.423637,27.767385,1515.2 85.423637,27.767386,1515.2 85.423639,27.767386,1515.3 85.42364,27.767388,1515.3 85.423641,27.767388,1515.3 85.423642,27.76739,1515.4 85.423642,27.767392,1515.4 85.423642,27.767397,1515.5 85.423644,27.7674,1515.6 85.423645,27.767403,1515.6 85.423645,27.767403,1515.6 85.423645,27.767406,1515.7 85.423645,27.767408,1515.7 85.423644,27.76741,1515.7 85.423643,27.767411,1515.8 85.423643,27.767412,1515.8 85.423643,27.767414,1515.8 85.423643,27.767414,1515.8 85.423644,27.767415,1515.9 85.423644,27.767415,1515.9 85.423644,27.767415,1515.9 85.423644,27.767416,1515.9 85.423644,27.767417,1515.9 85.423644,27.767419,1515.9 85.423642,27.76742,1516 85.423641,27.767422,1516 85.42364,27.767422,1516 85.423639,27.767421,1516 85.423639,27.76742,1516.1 85.423639,27.767418,1516.1 85.423638,27.767417,1516.1 85.423637,27.767416,1516.1 85.423636,27.767415,1516.2 85.423635,27.767415,1516.2 85.423636,27.767415,1516.2 85.423636,27.767416,1516.2 85.423637,27.767416,1516.2 85.423635,27.767416,1516.3 85.423629,27.767414,1516.4 85.423631,27.767412,1516.4 85.423628,27.767411,1516.5 85.423625,27.767411,1516.5 85.423622,27.76741,1516.6 85.423617,27.76741,1516.7 85.423614,27.767409,1516.7 85.42361,27.767409,1516.8 85.423609,27.767409,1516.8 85.42361,27.767409,1516.8 85.423606,27.767407,1516.9 85.423602,27.767405,1517 85.4236,27.767403,1517 85.423597,27.767403,1517.1 85.423596,27.767404,1517.1 85.423593,27.767404,1517.1 85.423592,27.767405,1517.2 85.42359,27.767406,1517.2 85.42359,27.767407,1517.2 85.423589,27.767407,1517.2 85.423587,27.767406,1517.3 85.423584,27.767407,1517.3 85.423583,27.767406,1517.3 85.423583,27.767406,1517.3 85.423582,27.767407,1517.4 85.423581,27.767407,1517.4 85.423581,27.767407,1517.4 85.42358,27.767407,1517.4 85.423579,27.767407,1517.4 85.423578,27.767407,1517.4 85.423577,27.767406,1517.5 85.423576,27.767406,1517.5 85.423575,27.767406,1517.5 85.423573,27.767406,1517.5 85.423573,27.767406,1517.5 85.42357,27.767407,1517.6 85.423569,27.767407,1517.6 85.423569,27.767406,1517.6 85.42357,27.767406,1517.6 85.423571,27.767405,1517.7 85.423571,27.767405,1517.7 85.42357,27.767405,1517.7 85.423569,27.767406,1517.7 85.423569,27.767406,1517.7 85.42357,27.767407,1517.7 85.423571,27.767407,1517.7 85.423571,27.767408,1517.8 85.423571,27.767408,1517.8 85.423571,27.767407,1517.8 85.423572,27.767407,1517.8 85.423574,27.767407,1517.8 85.423575,27.767407,1517.8 85.423574,27.767407,1517.9 85.423574,27.767407,1517.9 85.423575,27.767407,1517.9 85.423575,27.767406,1517.9 85.423575,27.767406,1517.9 85.423574,27.767407,1517.9 85.423575,27.767407,1517.9 85.423575,27.767407,1517.9 85.423574,27.767408,1518 85.423574,27.767408,1518 85.423574,27.767408,1518 85.423574,27.767408,1518 85.423574,27.767408,1518 85.423573,27.767409,1518 85.423571,27.76741,1518 85.42357,27.76741,1518 85.423569,27.76741,1518.1 85.42357,27.767411,1518.1 85.42357,27.76741,1518.1 85.42357,27.76741,1518.1 85.42357,27.76741,1518.1 85.42357,27.76741,1518.1 85.423571,27.76741,1518.1 85.423571,27.767409,1518.1 85.423571,27.767409,1518.1 85.423572,27.767409,1518.1 85.423572,27.767408,1518.2 85.423572,27.767407,1518.2 85.423573,27.767406,1518.2 85.423575,27.767406,1518.2 85.423577,27.767405,1518.3 85.423578,27.767404,1518.3 85.423579,27.767403,1518.3 85.42358,27.767401,1518.4 85.423581,27.7674,1518.4 85.423581,27.767398,1518.4 85.42358,27.767396,1518.5 85.423579,27.767395,1518.5 85.423578,27.767395,1518.5 85.423578,27.767395,1518.5 85.423576,27.767394,1518.5 85.423576,27.767395,1518.6 85.423575,27.767395,1518.6 85.423575,27.767395,1518.6 85.423576,27.767395,1518.6 85.423576,27.767394,1518.6 85.423575,27.767393,1518.6 85.423575,27.767393,1518.6 85.423575,27.767393,1518.6 85.423576,27.767394,1518.7 85.423575,27.767394,1518.7 85.423576,27.767396,1518.7 85.423576,27.767397,1518.8 85.423576,27.767399,1518.8 85.423575,27.767401,1518.8 85.423575,27.767402,1518.9 85.423575,27.767402,1518.9 85.423575,27.767403,1518.9 85.423575,27.767404,1518.9 85.423576,27.767405,1518.9 85.423578,27.767405,1518.9 85.42358,27.767405,1519 85.423581,27.767404,1519 85.423582,27.767406,1519.1 85.423581,27.76741,1519.1 85.423578,27.76741,1519.2 85.423577,27.76741,1519.2 85.423577,27.76741,1519.2 85.423577,27.767411,1519.2 85.423577,27.767412,1519.2 85.423577,27.767412,1519.2 85.423576,27.767413,1519.3 85.423575,27.767413,1519.3 85.423574,27.767413,1519.3 85.423574,27.767413,1519.3 85.423573,27.767413,1519.3 85.423573,27.767413,1519.3 85.423572,27.767414,1519.3 85.423572,27.767414,1519.3 85.423572,27.767413,1519.4 85.423572,27.767414,1519.4 85.423572,27.767414,1519.4 85.423572,27.767414,1519.4 85.423572,27.767414,1519.4 85.423572,27.767414,1519.4 85.423572,27.767414,1519.4 85.423571,27.767415,1519.4 85.423571,27.767416,1519.4 85.42357,27.767417,1519.5 85.423569,27.767416,1519.5 85.423569,27.767416,1519.5 85.423568,27.767416,1519.5 85.423567,27.767415,1519.5 85.423568,27.767414,1519.5 85.423569,27.767414,1519.6 85.423569,27.767414,1519.6 85.42357,27.767415,1519.6 85.42357,27.767416,1519.6 85.423571,27.76742,1519.7 85.42357,27.767423,1519.8 85.423569,27.767427,1519.8 85.423571,27.767423,1519.9 85.423571,27.767422,1520 85.423572,27.767422,1520 85.423572,27.767421,1520 85.423572,27.76742,1520 85.423572,27.767421,1520 85.423572,27.767422,1520.1 85.423572,27.767423,1520.1 85.423572,27.767424,1520.1 85.423572,27.767425,1520.1 85.423572,27.767427,1520.2 85.423572,27.76743,1520.2 85.423572,27.767431,1520.3 85.423572,27.767432,1520.3 85.423572,27.767433,1520.3 85.423573,27.767434,1520.3 85.423573,27.767436,1520.4 85.423574,27.767438,1520.4 85.423575,27.767441,1520.5 85.423576,27.767442,1520.5 85.423577,27.767443,1520.5 85.423578,27.767444,1520.6 85.423578,27.767444,1520.6 85.423579,27.767443,1520.6 85.42358,27.767443,1520.6 85.423582,27.767443,1520.6 85.423583,27.767443,1520.7 85.423584,27.767443,1520.7 85.423585,27.767444,1520.7 85.423586,27.767444,1520.7 85.423586,27.767444,1520.7 85.423587,27.767444,1520.8 85.423587,27.767444,1520.8 85.423587,27.767445,1520.8 85.423587,27.767445,1520.8 85.423586,27.767443,1520.8 85.423587,27.767444,1520.8 85.423587,27.767445,1520.9 85.423587,27.767445,1520.9 85.423587,27.767446,1520.9 85.423587,27.767446,1520.9 85.423587,27.767446,1520.9 85.423587,27.767446,1520.9 85.423587,27.767446,1520.9 85.423587,27.767447,1520.9 85.423587,27.767447,1520.9 85.423588,27.767448,1520.9 85.423588,27.767448,1520.9 85.423588,27.767448,1520.9 85.423588,27.767449,1521 85.423588,27.767449,1521 85.423588,27.76745,1521 85.423588,27.76745,1521 85.423588,27.76745,1521 85.423588,27.76745,1521 85.423588,27.767451,1521 85.423588,27.767451,1521 85.423589,27.767451,1521 85.423589,27.767451,1521 85.42359,27.767453,1521.1 85.423591,27.767453,1521.1 85.423592,27.767454,1521.1 85.423592,27.767454,1521.1 85.423593,27.767455,1521.2 85.423593,27.767455,1521.2 85.423593,27.767455,1521.2 85.423594,27.767454,1521.2 85.423594,27.767455,1521.2 85.423602,27.767457,1521.4 85.423605,27.767462,1521.5 85.423599,27.767472,1521.8 85.42359,27.767476,1522 85.423573,27.767464,1522.4 85.42358,27.767456,1522.6 85.423586,27.767452,1522.8 85.42359,27.767449,1522.9 85.423589,27.767447,1522.9 85.423585,27.767445,1523 85.423581,27.767444,1523.1 85.423581,27.767442,1523.2 85.423581,27.76744,1523.2 85.42358,27.767438,1523.3 85.42358,27.767437,1523.3 85.423579,27.767436,1523.3 85.42358,27.767433,1523.4 85.42358,27.767432,1523.4 85.423581,27.76743,1523.5 85.423582,27.767428,1523.5 85.423583,27.767427,1523.6 85.423583,27.767425,1523.6 85.423583,27.767424,1523.6 85.423584,27.767423,1523.7 85.423583,27.767423,1523.7 85.423583,27.767422,1523.7 85.423583,27.767421,1523.7 85.423583,27.767421,1523.7 85.423583,27.76742,1523.8 85.423584,27.76742,1523.8 85.423584,27.767419,1523.8 85.423584,27.767419,1523.8 85.423585,27.76742,1523.8 85.423587,27.767422,1523.9 85.423593,27.767428,1524.1 85.423601,27.76744,1524.4 85.42361,27.767457,1524.9 85.423616,27.767473,1525.3 85.423618,27.767486,1525.6 85.423614,27.767502,1526 85.423612,27.767508,1526.2 85.42361,27.767515,1526.4 85.423611,27.767522,1526.5 85.423615,27.767527,1526.7 85.423617,27.767533,1526.8 85.423618,27.76754,1527 85.423619,27.767547,1527.2 85.42362,27.767551,1527.3 85.423621,27.767555,1527.4 85.423622,27.767557,1527.4 85.423624,27.767563,1527.6 85.423626,27.767565,1527.6 85.423627,27.767566,1527.7 85.423629,27.76757,1527.8 85.42363,27.767574,1527.9 85.423631,27.767579,1528 85.423632,27.767584,1528.1 85.423633,27.767589,1528.2 85.423634,27.767593,1528.3 85.423633,27.767598,1528.5 85.423634,27.767602,1528.5 85.423634,27.767606,1528.6 85.423634,27.767608,1528.7 85.423635,27.767612,1528.8 85.423636,27.767615,1528.9 85.423635,27.767618,1528.9 85.423635,27.767622,1529 85.423635,27.767626,1529.1 85.423634,27.767629,1529.2 85.423633,27.767632,1529.3 85.423632,27.767636,1529.4 85.42363,27.767637,1529.4 85.423623,27.767641,1529.6 85.42362,27.76764,1529.7 85.423615,27.76764,1529.8 85.423608,27.767639,1529.9 85.423599,27.76764,1530.1 85.423592,27.76764,1530.2 85.423586,27.76764,1530.4 85.42358,27.767641,1530.5 85.423573,27.767643,1530.7 85.423565,27.767644,1530.8 85.423558,27.767644,1531 85.423553,27.767645,1531.1 85.423553,27.767646,1531.1 85.423554,27.767646,1531.1 85.423544,27.76765,1531.3 85.423544,27.767656,1531.5 85.423546,27.76766,1531.6 85.423552,27.767665,1531.8 85.423556,27.767667,1531.9 85.423564,27.767667,1532.1 85.423568,27.767669,1532.2 85.423571,27.76767,1532.2 85.423572,27.76767,1532.3 85.423575,27.767672,1532.3 85.423577,27.767673,1532.4 85.423578,27.767675,1532.4 85.423579,27.767676,1532.5 85.42358,27.767678,1532.5 85.423581,27.767679,1532.6 85.423583,27.767681,1532.6 85.423583,27.767681,1532.6 85.423585,27.767684,1532.7 85.423585,27.767684,1532.7 85.423587,27.767687,1532.8 85.423591,27.76769,1532.9 85.423592,27.76769,1533 85.423594,27.767692,1533 85.423597,27.767693,1533.1 85.423602,27.767696,1533.2 85.423609,27.7677,1533.5 85.423613,27.767701,1533.6 85.423617,27.767703,1533.7 85.423622,27.767705,1533.8 85.423628,27.767707,1534 85.423633,27.76771,1534.1 85.423637,27.767713,1534.2 85.423642,27.767715,1534.4 85.423649,27.767718,1534.5 85.423651,27.767718,1534.6 85.423653,27.767718,1534.6 85.423656,27.767718,1534.7 85.423654,27.767717,1534.8 85.423651,27.767718,1534.9 85.423649,27.767717,1534.9 85.423651,27.767717,1535 85.423654,27.767719,1535.1 85.423654,27.767719,1535.1 85.423656,27.767721,1535.1 85.423657,27.767722,1535.2 85.423658,27.767725,1535.3 85.423659,27.767727,1535.3 85.423659,27.767727,1535.3 85.423659,27.767728,1535.4 85.423657,27.767727,1535.4 85.423657,27.767724,1535.5 85.42366,27.767727,1535.6 85.423664,27.767734,1535.8 85.423666,27.767743,1536.1 85.423669,27.767749,1536.3 85.423671,27.767755,1536.5 85.423674,27.767757,1536.6 85.423677,27.767761,1536.7 85.423681,27.767766,1536.9 85.423687,27.76777,1537.1 85.423689,27.767772,1537.2 85.42369,27.767774,1537.2 85.42369,27.767776,1537.3 85.42369,27.767776,1537.3 85.423691,27.767776,1537.3 85.423691,27.767777,1537.4 85.423691,27.767779,1537.4 85.423692,27.767781,1537.5 85.42369,27.767783,1537.6 85.423688,27.767786,1537.7 85.423688,27.767786,1537.7 85.423683,27.767788,1537.8 85.423683,27.767789,1537.8 85.423683,27.767788,1537.9 85.423684,27.767788,1537.9 85.423685,27.767788,1537.9 85.423686,27.767787,1538 85.423685,27.767787,1538 85.423686,27.767787,1538 85.423686,27.767788,1538 85.423686,27.767787,1538.1 85.423683,27.76779,1538.2 85.423682,27.767792,1538.3 85.42368,27.767793,1538.3 85.423679,27.767795,1538.4 85.423679,27.767795,1538.4 85.423678,27.767796,1538.4 85.423676,27.767797,1538.5 85.423676,27.767798,1538.5 85.423673,27.7678,1538.6 85.423671,27.767802,1538.7 85.423664,27.767806,1538.9 85.423653,27.767815,1539.3 85.42364,27.767829,1539.9 85.423633,27.76784,1540.3 85.423628,27.767851,1540.7 85.423626,27.767861,1541 85.423625,27.767871,1541.3 85.423627,27.767884,1541.7 85.423625,27.767894,1542 85.423629,27.767903,1542.3 85.423633,27.767913,1542.7 85.423643,27.767926,1543.2 85.423653,27.767937,1543.6 85.423665,27.767948,1544.1 85.423675,27.767957,1544.5 85.423697,27.767963,1545.2 85.42371,27.76797,1545.6 85.423721,27.767977,1546 85.423732,27.767983,1546.3 85.423741,27.767988,1546.6 85.42375,27.767995,1547 85.423751,27.767997,1547 85.423753,27.767999,1547.1 85.423756,27.768,1547.2 85.42376,27.768001,1547.3 85.423761,27.768002,1547.4 85.423763,27.768002,1547.4 85.423764,27.768002,1547.5 85.423763,27.768003,1547.5 85.423764,27.768004,1547.5 85.423766,27.768005,1547.6 85.423765,27.768006,1547.6 85.423766,27.768007,1547.7 85.423767,27.768009,1547.8 85.423767,27.768011,1547.8 85.423769,27.768014,1547.9 85.423769,27.768017,1548 85.423771,27.76802,1548.1 85.423772,27.768024,1548.3 85.423775,27.768028,1548.4 85.42378,27.768032,1548.6 85.423785,27.768038,1548.8 85.423791,27.768046,1549.2 85.423794,27.768048,1549.3 85.423797,27.76805,1549.4 85.4238,27.768052,1549.5 85.423802,27.768055,1549.6 85.423804,27.768055,1549.6 85.423806,27.768058,1549.7 85.423807,27.768061,1549.8 85.423809,27.768064,1550 85.423813,27.768067,1550.1 85.423816,27.768068,1550.2 85.423818,27.76807,1550.3 85.423821,27.768072,1550.4 85.423824,27.768074,1550.5 85.423829,27.768076,1550.6 85.423832,27.768077,1550.7 85.423835,27.768078,1550.8 85.423841,27.768079,1551 85.423844,27.768079,1551.1 85.423846,27.768079,1551.1 85.42385,27.76808,1551.2 85.423854,27.768082,1551.3 85.423855,27.768085,1551.4 85.423862,27.768088,1551.7 85.423867,27.768088,1551.8 85.423874,27.768089,1552 85.423878,27.76809,1552.1 85.423882,27.768092,1552.2 85.423884,27.768093,1552.3 85.423887,27.768093,1552.4 85.423888,27.768094,1552.4 85.42389,27.768093,1552.5 85.423892,27.768092,1552.5 85.423894,27.768092,1552.6 85.423896,27.768091,1552.6 85.423898,27.768091,1552.7 85.423901,27.768091,1552.8 85.423904,27.768092,1552.9 85.423907,27.768092,1553 85.423909,27.768093,1553 85.423913,27.768096,1553.2 85.423916,27.768098,1553.3 85.42392,27.768099,1553.4 85.423924,27.7681,1553.5 85.423928,27.7681,1553.6 85.423932,27.768101,1553.7 85.423936,27.768103,1553.8 85.423938,27.768106,1553.9 85.423938,27.768108,1554 85.423939,27.768111,1554.1 85.423941,27.768113,1554.2 85.423944,27.768114,1554.3 85.423946,27.768116,1554.3 85.423948,27.768117,1554.4 85.423949,27.768119,1554.5 85.42395,27.768121,1554.5 85.423951,27.768123,1554.6 85.423952,27.768123,1554.6 85.423955,27.768124,1554.7 85.423958,27.768125,1554.8 85.42396,27.768125,1554.8 85.423963,27.768126,1554.9 85.423967,27.768128,1555 85.423971,27.76813,1555.2 85.423977,27.768132,1555.3 85.423983,27.768133,1555.5 85.423986,27.768135,1555.6 85.423988,27.768138,1555.7 85.42399,27.768138,1555.7 85.423994,27.768138,1555.8 85.423997,27.768138,1555.9 85.424003,27.768137,1556.1 85.424008,27.768136,1556.2 85.424013,27.768137,1556.4 85.424016,27.768137,1556.4 85.42402,27.768138,1556.5 85.424023,27.768139,1556.6 85.424026,27.76814,1556.7 85.424032,27.768141,1556.9 85.424036,27.768142,1557 85.424042,27.768143,1557.1 85.424045,27.768143,1557.2 85.424046,27.768145,1557.3 85.424052,27.768148,1557.4 85.424057,27.76815,1557.6 85.424062,27.768153,1557.7 85.424066,27.768157,1557.9 85.424067,27.768162,1558 85.42406,27.768168,1558.3 85.424058,27.76818,1558.6 85.424054,27.768195,1559 85.42405,27.768204,1559.3 85.424047,27.768214,1559.5 85.424041,27.768221,1559.8 85.424038,27.768229,1560 85.424035,27.768238,1560.2 85.424031,27.768246,1560.5 85.424028,27.768255,1560.7 85.424023,27.768263,1560.9 85.424019,27.768269,1561.1 85.424013,27.768267,1561.2 85.42401,27.768265,1561.3 85.424006,27.768266,1561.4 85.424008,27.768268,1561.4 85.424013,27.768272,1561.6 85.424018,27.768273,1561.7 85.424021,27.768278,1561.8 85.424021,27.768283,1561.9 85.42402,27.768291,1562.1 85.42402,27.768299,1562.2 85.424019,27.768307,1562.4 85.424018,27.768312,1562.5 85.424017,27.768321,1562.7 85.424017,27.768324,1562.8 85.424017,27.768326,1562.8 85.424016,27.768327,1562.8 85.424014,27.768327,1562.9 85.424011,27.768327,1562.9 85.424008,27.768325,1563 85.424007,27.768324,1563 85.424004,27.768325,1563.1 85.424,27.768329,1563.2 85.423998,27.768341,1563.5 85.423997,27.768351,1563.7 85.423995,27.76836,1563.9 85.423993,27.768367,1564.1 85.42399,27.768377,1564.3 85.423987,27.768393,1564.6 85.423989,27.768408,1565 85.423993,27.768413,1565.1 85.423996,27.768417,1565.2 85.423996,27.768417,1565.2 85.423992,27.768413,1565.3 85.423982,27.768411,1565.5 85.423959,27.768407,1566 85.423943,27.768405,1566.4 85.423928,27.768406,1566.7 85.423913,27.76841,1567 85.423897,27.768414,1567.4 85.423883,27.768409,1567.7 85.423877,27.768405,1567.9 85.423866,27.768403,1568.1 85.423856,27.7684,1568.4 85.423845,27.768393,1568.7 85.423836,27.76838,1569.1 85.42383,27.768369,1569.5 85.42382,27.768359,1569.8 85.423811,27.76835,1570.2 85.4238,27.76834,1570.6 85.423789,27.768335,1570.9 85.423777,27.768331,1571.2 85.423764,27.768327,1571.6 85.423754,27.768324,1571.8 85.423743,27.768321,1572.1 85.423732,27.768323,1572.4 85.423722,27.768329,1572.8 85.423708,27.768332,1573.1 85.423702,27.768332,1573.3 85.423694,27.768334,1573.5 85.423684,27.768335,1573.8 85.423675,27.768337,1574 85.423671,27.768342,1574.2 85.423663,27.768347,1574.5 85.423658,27.76835,1574.6 85.423653,27.768351,1574.8 85.423648,27.768354,1574.9 85.423643,27.768356,1575.1 85.423636,27.768356,1575.2 85.423631,27.768355,1575.4 85.423627,27.768355,1575.5 85.42362,27.768358,1575.7 85.423612,27.768365,1576 85.423607,27.76837,1576.2 85.423601,27.768375,1576.4 85.423599,27.768382,1576.6 85.423602,27.768398,1577.1 85.423615,27.768396,1577.5 85.423626,27.768398,1577.8 85.423638,27.7684,1578.1 85.423647,27.768402,1578.3 85.423656,27.768404,1578.5 85.423665,27.768406,1578.8 85.423671,27.768408,1578.9 85.423678,27.768407,1579.1 85.423682,27.768407,1579.2 85.423687,27.768408,1579.4 85.423693,27.768406,1579.5 85.423701,27.768406,1579.7 85.423707,27.768405,1579.9 85.423712,27.768402,1580 85.423715,27.768399,1580.1 85.423719,27.768397,1580.3 85.423725,27.768394,1580.4 85.423729,27.768393,1580.5 85.423732,27.768392,1580.6 85.423737,27.768389,1580.8 85.423742,27.768387,1580.9 85.423746,27.768385,1581 85.423748,27.768382,1581.1 85.423752,27.768379,1581.3 85.423758,27.768376,1581.4 85.423762,27.768375,1581.5 85.423767,27.768376,1581.7 85.42377,27.768379,1581.8 85.423772,27.768384,1581.9 85.423773,27.76839,1582.1 85.423771,27.768393,1582.2 85.42377,27.768397,1582.3 85.423769,27.768402,1582.4 85.42377,27.768408,1582.6 85.423771,27.768415,1582.8 85.423771,27.768423,1583 85.423772,27.768431,1583.3 85.423772,27.768442,1583.6 85.423766,27.768452,1583.9 85.423754,27.768455,1584.2 85.423743,27.768453,1584.5 85.423733,27.768453,1584.7 85.423726,27.768459,1584.9 85.42372,27.768469,1585.2 85.423715,27.768473,1585.4 85.423707,27.768477,1585.6 85.423697,27.768481,1585.8 85.423689,27.768482,1586 85.423682,27.768484,1586.2 85.423674,27.768488,1586.4 85.423666,27.768488,1586.5 85.423659,27.768487,1586.7 85.423655,27.768486,1586.8 85.423649,27.768486,1586.9 85.423644,27.768487,1587 85.423637,27.768487,1587.2 85.423634,27.768489,1587.3 85.423628,27.768493,1587.4 85.423629,27.7685,1587.6 85.423634,27.768506,1587.7 85.423642,27.768512,1587.9 85.423649,27.768515,1588.1 85.423657,27.76852,1588.3 85.423663,27.768524,1588.5 85.423666,27.768527,1588.5 85.423671,27.76853,1588.7 85.423675,27.768532,1588.7 85.42368,27.768533,1588.8 85.423687,27.768534,1589 85.42369,27.768535,1589 85.423694,27.768538,1589.1 85.423696,27.768539,1589.2 85.423697,27.76854,1589.2 85.423698,27.768541,1589.2 85.423701,27.768544,1589.3 85.423703,27.768544,1589.4 85.423706,27.768546,1589.4 85.423708,27.768546,1589.5 85.423711,27.768548,1589.5 85.423714,27.768551,1589.6 85.423714,27.768552,1589.6 85.423716,27.768554,1589.7 85.423718,27.768555,1589.7 85.423719,27.768556,1589.8 85.423721,27.768559,1589.8 85.423723,27.768563,1589.9 85.423726,27.768565,1590 85.423728,27.768567,1590 85.42373,27.76857,1590.1 85.423732,27.768573,1590.2 85.423736,27.768577,1590.3 85.42374,27.768582,1590.4 85.423744,27.768587,1590.5 85.423748,27.768592,1590.6 85.423751,27.768597,1590.8 85.423755,27.768602,1590.9 85.423762,27.768611,1591.1 85.423766,27.768616,1591.2 85.42377,27.768621,1591.3 85.423776,27.768627,1591.5 85.423783,27.768631,1591.6 85.423793,27.768635,1591.8 85.423803,27.768637,1592 85.423812,27.768638,1592.1 85.423822,27.768636,1592.3 85.42383,27.768634,1592.4 85.423838,27.768632,1592.6 85.423848,27.768632,1592.7 85.423853,27.768632,1592.8 85.423858,27.768631,1592.9 85.423862,27.768633,1593 85.423867,27.768634,1593 85.423867,27.768637,1593.1 85.423869,27.768639,1593.2 85.423871,27.768641,1593.2 85.423873,27.768643,1593.3 85.423875,27.768644,1593.3 85.423879,27.768646,1593.4 85.42388,27.768646,1593.4 85.423886,27.768647,1593.5 85.42389,27.768647,1593.5 85.423895,27.768648,1593.6 85.423902,27.768649,1593.7 85.423909,27.76865,1593.9 85.423916,27.768652,1594 85.423922,27.768652,1594.1 85.423928,27.768655,1594.2 85.423935,27.768658,1594.3 85.42394,27.768661,1594.4 85.423946,27.768665,1594.5 85.42395,27.768669,1594.6 85.423959,27.768678,1594.8 85.423962,27.768683,1594.9 85.423964,27.768687,1595 85.423966,27.768689,1595 85.423969,27.768693,1595.1 85.423972,27.768696,1595.2 85.423977,27.768702,1595.3 85.423984,27.768706,1595.4 85.424004,27.76872,1595.8 85.424008,27.768724,1595.9 85.424011,27.768729,1596 85.42401,27.768733,1596 85.424009,27.768736,1596.1 85.424012,27.768741,1596.1 85.424014,27.768745,1596.2 85.424019,27.768751,1596.3 85.424034,27.76877,1596.7 85.424042,27.768775,1596.8 85.424047,27.768768,1596.9 85.424046,27.768761,1597 85.424045,27.768759,1597 85.424047,27.76876,1597.1 85.424049,27.768762,1597.1 85.424052,27.768764,1597.1 85.424056,27.768767,1597.2 85.424061,27.768771,1597.3 85.424065,27.768775,1597.4 85.424069,27.768782,1597.5 85.424081,27.768796,1597.7 85.424095,27.768809,1597.9 85.424108,27.768818,1598.1 85.42413,27.768836,1598.4 85.424136,27.768839,1598.5 85.424144,27.768844,1598.6 85.424153,27.768849,1598.7 85.42416,27.768855,1598.8 85.424167,27.768861,1598.9 85.424176,27.768866,1599 85.424186,27.768868,1599.1 85.424204,27.768873,1599.3 85.424211,27.768874,1599.4 85.424218,27.76888,1599.5 85.424225,27.768885,1599.6 85.424233,27.768892,1599.7 85.424241,27.768899,1599.9 85.424248,27.768902,1600 85.424253,27.768901,1600 85.424255,27.768906,1600.1 85.42426,27.768911,1600.2 85.424267,27.768917,1600.3 85.424276,27.768922,1600.4 85.424287,27.768926,1600.5 85.4243,27.768927,1600.7 85.424309,27.768923,1600.8 85.424325,27.76893,1601 85.424332,27.768932,1601.1 85.424339,27.768926,1601.2 85.424347,27.768922,1601.3 85.424356,27.768919,1601.5 85.424366,27.768914,1601.6 85.424373,27.768909,1601.7 85.424381,27.768904,1601.9 85.424389,27.768901,1602 85.424397,27.768899,1602.1 85.424405,27.768896,1602.2 85.42441,27.768894,1602.3 85.424411,27.768894,1602.3 85.424407,27.768902,1602.4 85.424398,27.768912,1602.6 85.424394,27.768934,1602.9 85.424392,27.76894,1603 85.42439,27.768946,1603.1 85.424387,27.768951,1603.1 85.424384,27.768957,1603.2 85.424381,27.768965,1603.3 85.424378,27.768971,1603.4 85.424375,27.768978,1603.5 85.424371,27.769,1603.8 85.42437,27.769003,1603.8 85.424367,27.769006,1603.9 85.424364,27.769008,1603.9 85.424361,27.769013,1603.9 85.424357,27.769017,1604 85.424354,27.76902,1604.1 85.424353,27.769024,1604.1 85.42435,27.769048,1604.3 85.424349,27.769055,1604.3 85.424348,27.76906,1604.4 85.424347,27.769066,1604.4 85.424348,27.769071,1604.5 85.424351,27.769076,1604.5 85.424354,27.769079,1604.6 85.424363,27.769093,1604.6 85.424367,27.769096,1604.6 85.424373,27.769096,1604.7 85.424379,27.769095,1604.7 85.424383,27.769095,1604.7 85.424389,27.769095,1604.7 85.424398,27.769096,1604.8 85.424411,27.769095,1604.8 85.42443,27.769098,1604.9 85.424437,27.769097,1604.9 85.424444,27.769094,1604.9 85.424448,27.769092,1604.9 85.42445,27.769091,1604.9 85.424451,27.769088,1604.9 85.424451,27.769083,1604.9 85.424451,27.76908,1604.9 85.424449,27.769082,1604.9 85.424449,27.769081,1604.9 85.424451,27.769079,1604.9 85.424453,27.769076,1604.9 85.424453,27.769074,1604.9 85.424457,27.769072,1604.9 85.42446,27.769072,1604.9 85.424464,27.769077,1604.9 85.424466,27.769078,1604.9 85.424467,27.769079,1604.9 85.424467,27.769078,1604.9 85.424467,27.769077,1604.9 85.424467,27.769077,1604.9 85.424466,27.769077,1604.9 85.424467,27.769076,1604.9 85.424468,27.769074,1604.9 85.424468,27.769072,1604.9 85.424469,27.769071,1604.9 85.424468,27.76907,1604.9 85.424468,27.769069,1604.9 85.424469,27.769065,1604.9 85.42447,27.769063,1604.9 85.424472,27.769062,1604.9 85.424471,27.769066,1604.9 85.42447,27.769068,1604.9 85.424471,27.769069,1604.9 85.424472,27.769069,1604.9 85.424472,27.769069,1604.9 85.424472,27.769068,1604.9 85.424473,27.769068,1604.9 85.424473,27.769067,1604.9 85.424467,27.769073,1604.9 85.424466,27.769072,1604.9 85.424466,27.769072,1604.9 85.424467,27.769071,1604.9 85.424468,27.76907,1604.9 85.424469,27.76907,1604.9 85.424469,27.76907,1604.9 85.424463,27.769078,1604.9 85.424462,27.769081,1604.9 85.424463,27.769082,1604.9 85.424467,27.769083,1604.9 85.42447,27.76908,1604.9 85.42447,27.769076,1604.9 85.424469,27.769075,1604.9 85.424469,27.769076,1604.9 85.42447,27.769078,1604.9 85.42447,27.769079,1604.9 85.424471,27.769079,1604.9 85.424471,27.769078,1604.9 85.42447,27.769079,1604.9 85.424469,27.76908,1604.9 85.424469,27.769079,1604.9 85.424468,27.769079,1604.9 85.424467,27.769084,1604.9 85.424467,27.769085,1604.9 85.424466,27.769084,1604.9 85.424467,27.769083,1604.9 85.424468,27.769081,1604.9 85.424469,27.769081,1604.9 85.424469,27.769081,1604.9 85.424471,27.769088,1604.9 85.424471,27.769089,1604.9 85.424472,27.769089,1604.9 85.424472,27.769089,1604.9 85.424472,27.769089,1604.9 85.424471,27.769088,1604.9 85.42447,27.769088,1604.9 85.424471,27.769089,1604.9 85.424472,27.769089,1604.9 85.424472,27.769089,1604.9 85.424473,27.76909,1604.9 85.424473,27.76909,1604.9 85.424473,27.76909,1604.9 85.424475,27.769089,1604.9 85.424476,27.769086,1604.9 85.424475,27.769084,1604.8 85.424472,27.769081,1604.8 85.42447,27.76908,1604.8 85.424468,27.769079,1604.8 85.424466,27.769085,1604.8 85.424464,27.769083,1604.8 85.424465,27.769082,1604.8 85.424465,27.769083,1604.8 85.424465,27.769084,1604.8 85.424466,27.769084,1604.8 85.424466,27.769084,1604.8 85.424467,27.769084,1604.8 85.424467,27.769083,1604.8 85.424468,27.769083,1604.8 85.424467,27.769089,1604.8 85.424466,27.769091,1604.8 85.424466,27.769092,1604.8 85.424465,27.769093,1604.8 85.424466,27.769094,1604.8 85.424467,27.769096,1604.8 85.424469,27.769096,1604.8 85.424471,27.769097,1604.8 85.424475,27.769098,1604.8 85.424476,27.769096,1604.8 85.424475,27.769093,1604.8 85.424476,27.769092,1604.8 85.424478,27.769095,1604.8 85.42448,27.769097,1604.8 85.424482,27.769101,1604.8 85.424491,27.76911,1604.7 85.424499,27.769115,1604.7 85.424506,27.769123,1604.7 85.424514,27.76913,1604.7 85.424523,27.769137,1604.7 85.424534,27.769143,1604.7 85.424541,27.769151,1604.7 85.424548,27.769159,1604.7 85.424553,27.769169,1604.6 85.424558,27.769178,1604.6 85.424565,27.769189,1604.6 85.424574,27.769196,1604.6 85.424585,27.769202,1604.6 85.424595,27.769211,1604.6 85.424604,27.76922,1604.6 85.424612,27.769229,1604.6 85.424615,27.769236,1604.6 85.424619,27.769239,1604.6 85.424627,27.769246,1604.6 85.424635,27.769254,1604.6 85.424643,27.769262,1604.6 85.42465,27.76927,1604.6 85.424656,27.769278,1604.6 85.424661,27.769286,1604.6 85.424658,27.769294,1604.6 85.424661,27.769302,1604.6 85.424666,27.769309,1604.6 85.424673,27.769316,1604.6 85.424682,27.769324,1604.6 85.424689,27.769332,1604.6 85.424695,27.76934,1604.6 85.424697,27.76934,1604.6 85.424699,27.769335,1604.6 85.424706,27.769336,1604.6 85.424709,27.76934,1604.6 85.424714,27.769343,1604.6 85.424711,27.769346,1604.6 85.424713,27.769348,1604.6 85.424717,27.769355,1604.6 85.424723,27.769363,1604.6 85.424728,27.769371,1604.6 85.424734,27.769379,1604.6 85.424741,27.769385,1604.6 85.424746,27.769392,1604.6 85.42475,27.7694,1604.6 85.424755,27.769406,1604.7 85.42476,27.769412,1604.7 85.424774,27.769424,1604.7 85.424792,27.769438,1604.7 85.424809,27.769452,1604.8 85.424822,27.769466,1604.8 85.424835,27.769481,1604.9 85.424846,27.769494,1604.9 85.424858,27.769506,1605 85.424866,27.769517,1605.1 85.424871,27.769526,1605.1 85.424874,27.769535,1605.2 85.424875,27.769545,1605.2 85.424876,27.769555,1605.3 85.424878,27.769564,1605.3 85.42488,27.769572,1605.3 85.424882,27.76958,1605.4 85.424889,27.769587,1605.4 85.424896,27.769596,1605.5 85.424901,27.769606,1605.6 85.424905,27.769617,1605.7 85.424908,27.769627,1605.7 85.424911,27.769634,1605.8 85.424916,27.769644,1605.8 85.424919,27.769652,1605.9 85.424921,27.76966,1606 85.424924,27.769668,1606 85.424924,27.769675,1606.1 85.424925,27.769683,1606.1 85.424929,27.76969,1606.2 85.424935,27.769696,1606.2 85.424937,27.769699,1606.3 85.424941,27.769704,1606.3 85.424948,27.769709,1606.4 85.424954,27.769714,1606.4 85.42496,27.769719,1606.5 85.424967,27.769723,1606.5 85.424974,27.769726,1606.6 85.42498,27.76973,1606.6 85.424986,27.769733,1606.6 85.424992,27.769736,1606.7 85.424996,27.76974,1606.7 85.425002,27.769744,1606.8 85.425004,27.76975,1606.8 85.425003,27.769756,1606.8 85.425003,27.769762,1606.9 85.425005,27.769769,1606.9 85.425008,27.769776,1607 85.425012,27.769782,1607 85.425016,27.769789,1607.1 85.425021,27.769796,1607.1 85.425024,27.769803,1607.2 85.425026,27.76981,1607.2 85.425029,27.769817,1607.2 85.425032,27.769823,1607.3 85.425034,27.769829,1607.3 85.425036,27.769835,1607.4 85.42504,27.769838,1607.4 85.425041,27.769838,1607.4 85.425047,27.769839,1607.4 85.425053,27.769841,1607.5 85.425061,27.769846,1607.5 85.425071,27.76985,1607.6 85.425078,27.769852,1607.6 85.425087,27.769854,1607.7 85.425093,27.769856,1607.7 85.425101,27.769858,1607.7 85.425109,27.76986,1607.8 85.425115,27.769861,1607.8 85.425124,27.769864,1607.9 85.425132,27.769864,1607.9 85.425141,27.769865,1608 85.42515,27.76987,1608 85.425159,27.769875,1608.1 85.42517,27.76988,1608.1 85.425176,27.769888,1608.2 85.425181,27.769895,1608.3 85.425188,27.769902,1608.3 85.425194,27.769908,1608.4 85.425198,27.769919,1608.5 85.425203,27.76993,1608.6 85.425209,27.769939,1608.7 85.425213,27.76995,1608.8 85.425219,27.769961,1608.9 85.425223,27.769972,1609 85.425227,27.769981,1609.1 85.425232,27.769991,1609.2 85.425237,27.769999,1609.3 85.425241,27.770009,1609.4 85.425245,27.770019,1609.5 85.42525,27.770028,1609.7 85.425256,27.770037,1609.8 85.425263,27.770045,1610 85.425271,27.770051,1610.1 85.42528,27.770057,1610.2 85.425291,27.770062,1610.4 85.425301,27.770066,1610.5 85.425311,27.770069,1610.7 85.42532,27.770074,1610.8 85.425332,27.770078,1611 85.425345,27.770082,1611.2 85.425356,27.770086,1611.4 85.425367,27.770088,1611.6 85.425377,27.770092,1611.8 85.425384,27.770095,1611.9 85.425395,27.770097,1612.1 85.425405,27.7701,1612.2 85.425413,27.770105,1612.4 85.425422,27.77011,1612.6 85.425431,27.770115,1612.7 85.425439,27.77012,1612.9 85.425447,27.770125,1613.1 85.425454,27.770131,1613.2 85.425462,27.770136,1613.4 85.42547,27.770141,1613.5 85.425478,27.770146,1613.7 85.425485,27.770151,1613.8 85.425492,27.770156,1613.9 85.425497,27.770161,1614.1 85.425504,27.770166,1614.2 85.42551,27.770171,1614.3 85.425517,27.770177,1614.4 85.425524,27.770182,1614.6 85.425529,27.770187,1614.7 85.425536,27.770192,1614.8 85.425542,27.770197,1614.9 85.425548,27.770201,1615 85.425555,27.770205,1615.1 85.425561,27.770209,1615.2 85.425567,27.770214,1615.3 85.425573,27.770221,1615.3 85.425579,27.770228,1615.4 85.425586,27.770236,1615.6 85.425592,27.770242,1615.6 85.425601,27.770247,1615.8 85.425609,27.77025,1615.8 85.425619,27.770253,1615.9 85.42563,27.770257,1616 85.425639,27.770262,1616 85.425648,27.770269,1616.1 85.425655,27.770275,1616.2 85.425661,27.770285,1616.2 85.425658,27.770292,1616.3 85.425662,27.7703,1616.3 85.425668,27.770308,1616.4 85.425672,27.770316,1616.4 85.425676,27.770325,1616.5 85.425678,27.770335,1616.5 85.425681,27.770344,1616.5 85.425682,27.770354,1616.6 85.425683,27.770361,1616.6 85.425682,27.770374,1616.7 85.42568,27.770383,1616.7 85.425677,27.770392,1616.7 85.425676,27.770402,1616.7 85.425674,27.770412,1616.8 85.425671,27.770421,1616.8 85.425668,27.770431,1616.8 85.425666,27.770441,1616.9 85.425662,27.770449,1616.9 85.425659,27.770458,1616.9 85.425657,27.770467,1616.9 85.425656,27.770478,1617 85.425656,27.770489,1617 85.425656,27.770499,1617 85.425655,27.770508,1617 85.425653,27.770518,1617.1 85.425651,27.770528,1617.1 85.425649,27.770538,1617.1 85.425648,27.770548,1617.2 85.425647,27.770557,1617.2 85.425643,27.770566,1617.2 85.425641,27.770575,1617.3 85.425638,27.770589,1617.3 85.425638,27.770595,1617.3 85.425639,27.770605,1617.4 85.425638,27.770615,1617.4 85.425638,27.770624,1617.4 85.425636,27.770635,1617.5 85.425635,27.770644,1617.5 85.425636,27.770656,1617.5 85.425635,27.770666,1617.6 85.425635,27.770676,1617.6 85.425635,27.770687,1617.6 85.425637,27.770697,1617.7 85.42564,27.770707,1617.7 85.425641,27.770715,1617.7 85.425643,27.770724,1617.8 85.425646,27.770733,1617.8 85.425651,27.770741,1617.8 85.425656,27.77075,1617.9 85.425664,27.770757,1617.9 85.425673,27.770765,1617.9 85.425682,27.770773,1618 85.425692,27.770782,1618 85.425702,27.770788,1618 85.425712,27.770794,1618.1 85.425721,27.770802,1618.1 85.425731,27.770808,1618.2 85.425742,27.770814,1618.2 85.425753,27.770819,1618.2 85.425765,27.770826,1618.3 85.425775,27.77083,1618.3 85.425784,27.770837,1618.4 85.425794,27.770843,1618.4 85.425804,27.77085,1618.5 85.425813,27.770855,1618.5 85.425823,27.77086,1618.6 85.425832,27.770865,1618.6 85.425842,27.770869,1618.7 85.425852,27.770871,1618.7 85.425863,27.770874,1618.8 85.425874,27.770878,1618.9 85.425886,27.770883,1618.9 85.425898,27.770885,1619 85.425909,27.770886,1619 85.425919,27.770888,1619.1 85.425931,27.770888,1619.1 85.425943,27.770887,1619.2 85.425954,27.770887,1619.3 85.425965,27.770886,1619.3 85.425976,27.770884,1619.3 85.425987,27.770882,1619.4 85.425998,27.770879,1619.4 85.426012,27.770872,1619.5 85.42602,27.77087,1619.5 85.426029,27.770864,1619.5 85.42604,27.77086,1619.6 85.426052,27.770856,1619.6 85.426064,27.770853,1619.6 85.426075,27.770851,1619.7 85.426086,27.770849,1619.7 85.426098,27.770848,1619.7 85.426113,27.770849,1619.7 85.426126,27.77085,1619.7 85.426139,27.770853,1619.7 85.426152,27.770857,1619.6 85.426164,27.77086,1619.6 85.426176,27.770863,1619.6 85.426191,27.770871,1619.5 85.4262,27.770876,1619.5 85.42621,27.770884,1619.4 85.426219,27.770892,1619.4 85.426229,27.770901,1619.3 85.426234,27.770909,1619.3 85.426238,27.770918,1619.2 85.426243,27.770928,1619.2 85.42625,27.77094,1619.1 85.426258,27.770946,1619 85.426265,27.770954,1618.9 85.426272,27.770964,1618.9 85.426279,27.770972,1618.8 85.426289,27.770981,1618.7 85.426297,27.770986,1618.6 85.426306,27.770995,1618.5 85.426315,27.771004,1618.4 85.426321,27.771013,1618.3 85.426326,27.771023,1618.2 85.426332,27.771033,1618.1 85.426338,27.771039,1618.1 85.426345,27.771045,1618 85.426353,27.771051,1617.9 85.426362,27.771058,1617.8 85.426373,27.771068,1617.7 85.42638,27.771074,1617.6 85.42639,27.77108,1617.6 85.426397,27.771089,1617.5 85.426401,27.7711,1617.4 85.426405,27.771112,1617.4 85.42641,27.771123,1617.4 85.426414,27.77113,1617.4 85.426419,27.771136,1617.3 85.426423,27.771142,1617.3 85.426426,27.771147,1617.3 85.426428,27.771149,1617.3 85.426432,27.771154,1617.3 85.426432,27.771156,1617.3 85.42643,27.771156,1617.3 85.426432,27.771156,1617.3 85.426434,27.771158,1617.3 85.426435,27.771162,1617.3 85.426436,27.771163,1617.3 85.426435,27.771163,1617.3 85.426435,27.771165,1617.3 85.426434,27.771167,1617.2 85.426433,27.771168,1617.2 85.426431,27.771169,1617.2 85.42643,27.77117,1617.2 85.426429,27.77117,1617.2 85.426429,27.77117,1617.2 85.426428,27.771168,1617.2 85.426426,27.771166,1617.2 85.426425,27.771166,1617.2 85.426423,27.771165,1617.2 85.426422,27.771164,1617.2 85.426421,27.771163,1617.2 85.426421,27.771163,1617.2 85.42642,27.771162,1617.2 85.426419,27.77116,1617.2 85.426416,27.77116,1617.2 85.426413,27.771159,1617.2 85.42641,27.771158,1617.2 85.426407,27.771156,1617.2 85.426404,27.771155,1617.2 85.426401,27.771155,1617.2 85.426398,27.771156,1617.1 85.426392,27.771158,1617.1 85.426388,27.771159,1617.1 85.426382,27.771168,1617.1 85.426381,27.77117,1617.1 85.426378,27.771173,1617.1 85.426375,27.771172,1617.1 85.426374,27.771169,1617.1 85.426377,27.771167,1617.1 85.426381,27.771164,1617 85.426386,27.771162,1617 85.42639,27.771159,1617 85.426391,27.771157,1617 85.426394,27.771155,1617 85.426394,27.771153,1617 85.426393,27.771153,1617 85.426391,27.77115,1617 85.42639,27.771149,1617 85.42639,27.771148,1617 85.42639,27.771147,1617 85.426389,27.771146,1617 85.426388,27.771143,1617 85.426387,27.771141,1617 85.426387,27.77114,1617 85.426388,27.771139,1617 85.426389,27.771139,1617 85.42639,27.77114,1617 85.426393,27.771142,1617 85.426401,27.771146,1616.9 85.426408,27.771154,1616.9 85.426407,27.771158,1616.9 85.426403,27.771159,1616.9 85.4264,27.771156,1616.9 85.426397,27.771156,1616.9 85.426396,27.771157,1616.9 85.426395,27.771158,1616.9 85.426395,27.77116,1616.9 85.426399,27.771171,1616.8 85.426404,27.771175,1616.8 85.426407,27.771174,1616.8 85.426408,27.771172,1616.8 85.426405,27.771171,1616.8 85.426401,27.771173,1616.8 85.426396,27.771175,1616.8 85.426391,27.771176,1616.8 85.426386,27.771176,1616.8 85.426383,27.771175,1616.7 85.42638,27.771174,1616.7 85.426378,27.771172,1616.7 85.426375,27.771171,1616.7 85.426372,27.771169,1616.7 85.42637,27.771168,1616.7 85.426367,27.771166,1616.7 85.426364,27.771163,1616.7 85.426362,27.771162,1616.7 85.42636,27.771156,1616.7 85.426361,27.771153,1616.7 85.42636,27.771151,1616.7 85.426362,27.771149,1616.7 85.426363,27.771147,1616.6 85.426366,27.771146,1616.6 85.426368,27.771145,1616.6 85.42637,27.771143,1616.6 85.42637,27.771142,1616.6 85.426372,27.771141,1616.6 85.426373,27.771141,1616.6 85.426376,27.77114,1616.6 85.426379,27.77114,1616.6 85.426383,27.77114,1616.6 85.426384,27.771141,1616.6 85.426384,27.771142,1616.6 85.426385,27.771141,1616.6 85.426384,27.77114,1616.6 85.426383,27.77114,1616.6 85.426384,27.771138,1616.6 85.426382,27.771135,1616.6 85.426382,27.771132,1616.6 85.426382,27.771131,1616.6 85.426385,27.77113,1616.6 85.426387,27.771129,1616.5 85.42639,27.771127,1616.5 85.426392,27.771125,1616.5 85.426392,27.771123,1616.5 85.426393,27.77112,1616.5 85.426393,27.771116,1616.5 85.426394,27.771115,1616.5 85.426396,27.771113,1616.5 85.426397,27.771112,1616.5 85.426399,27.771111,1616.5 85.4264,27.77111,1616.5 85.426401,27.771109,1616.5 85.426402,27.771108,1616.5 85.426402,27.771107,1616.5 85.426403,27.771106,1616.5 85.426403,27.771105,1616.5 85.426403,27.771104,1616.5 85.426403,27.771104,1616.5 85.426404,27.771103,1616.5 85.426404,27.771102,1616.5 85.426404,27.771102,1616.5 85.426403,27.771102,1616.5 85.426403,27.771102,1616.5 85.426402,27.771102,1616.5 85.426401,27.771104,1616.5 85.426399,27.771105,1616.5 85.426396,27.771105,1616.4 85.426394,27.771107,1616.4 85.426392,27.771108,1616.4 85.426391,27.77111,1616.4 85.426389,27.771111,1616.4 85.426387,27.771111,1616.4 85.426386,27.77111,1616.4 85.426384,27.77111,1616.4 85.426384,27.771111,1616.4 85.426383,27.771111,1616.4 85.426384,27.771112,1616.4 85.426385,27.771112,1616.4 85.426386,27.771114,1616.4 85.426386,27.771114,1616.4 85.426385,27.771114,1616.4 85.426385,27.771114,1616.4 85.426385,27.771114,1616.4 85.426385,27.771113,1616.4 85.426386,27.771113,1616.4 85.426385,27.771113,1616.4 85.426386,27.771113,1616.4 85.426386,27.771113,1616.4 85.426386,27.771113,1616.4 85.426386,27.771113,1616.4 85.426386,27.771113,1616.4 85.426385,27.771113,1616.4 85.426385,27.771113,1616.4 85.426386,27.771112,1616.4 85.426386,27.771112,1616.4 85.426385,27.771111,1616.4 85.426385,27.77111,1616.4 85.426385,27.77111,1616.4 85.426385,27.77111,1616.4 85.426385,27.77111,1616.4 85.426385,27.771111,1616.4 85.426385,27.77111,1616.4 85.426385,27.77111,1616.4 85.426385,27.771109,1616.4 85.426385,27.77111,1616.4 85.426384,27.771109,1616.4 85.426383,27.771109,1616.4 85.426382,27.771108,1616.4 85.426382,27.771109,1616.4 85.426382,27.771109,1616.4 85.426382,27.771109,1616.4 85.426382,27.771108,1616.4 85.426382,27.771108,1616.4 85.426381,27.771109,1616.3 85.426381,27.771109,1616.3 85.426381,27.771109,1616.3 85.426379,27.771109,1616.3 85.426379,27.771108,1616.3 85.426379,27.771107,1616.3 85.426379,27.771107,1616.3 85.426379,27.771108,1616.3 85.42638,27.771108,1616.3 85.42638,27.771107,1616.3 85.42638,27.771107,1616.3 85.42638,27.771106,1616.3 85.42638,27.771106,1616.3 85.42638,27.771106,1616.3 85.426379,27.771106,1616.3 85.426378,27.771106,1616.3 85.426376,27.771104,1616.3 85.426378,27.771104,1616.3 85.426379,27.771104,1616.3 85.426379,27.771104,1616.3 85.426378,27.771104,1616.3 85.426374,27.771104,1616.3 85.426371,27.771105,1616.3 85.426367,27.771106,1616.3 85.426363,27.771107,1616.3 85.426359,27.771108,1616.3 85.426355,27.771109,1616.3 85.426349,27.771111,1616.2 85.426346,27.771112,1616.2 85.426343,27.771113,1616.2 85.426341,27.771114,1616.2 85.426335,27.771116,1616.2 85.426333,27.771117,1616.2 85.426329,27.771124,1616.2 85.426325,27.771129,1616.2 85.426319,27.771136,1616.1 85.426313,27.771151,1616.1 85.426315,27.771167,1616.1 85.426315,27.771182,1616 85.426321,27.771199,1616 85.426323,27.77121,1616 85.42632,27.771214,1616 85.426316,27.771207,1615.9 85.426315,27.771198,1615.9 85.426318,27.771198,1615.9 85.426322,27.771197,1615.9 85.426326,27.771196,1615.9 85.426328,27.771195,1615.9 85.426329,27.771194,1615.9 85.42633,27.771194,1615.9 85.42633,27.771196,1615.9 85.42633,27.771196,1615.9 85.426331,27.771196,1615.9 85.426332,27.771195,1615.9 85.426332,27.771195,1615.9 85.426333,27.771195,1615.9 85.426333,27.771195,1615.9 85.426336,27.771195,1615.9 85.426337,27.771195,1615.9 85.42634,27.771196,1615.8 85.42634,27.771195,1615.8 85.426342,27.771195,1615.8 85.426343,27.771195,1615.8 85.426343,27.771195,1615.8 85.426344,27.771195,1615.8 85.426345,27.771195,1615.8 85.426345,27.771195,1615.8 85.426345,27.771195,1615.8 85.426345,27.771195,1615.8 85.426345,27.771195,1615.8 85.426344,27.771194,1615.8 85.426341,27.771196,1615.8 85.426343,27.7712,1615.8 85.426348,27.771205,1615.8 85.426352,27.771212,1615.8 85.426352,27.771226,1615.7 85.426344,27.771233,1615.7 85.426338,27.771241,1615.7 85.426342,27.771248,1615.6 85.426342,27.771254,1615.4 85.42634,27.771263,1615.2 85.426341,27.771277,1614.8 85.426336,27.771284,1614.6 85.42633,27.771296,1614.3 85.426323,27.771307,1614 85.426316,27.771317,1613.7 85.426307,27.771326,1613.3 85.426297,27.771334,1613.1 85.426291,27.77134,1612.9 85.426281,27.771344,1612.6 85.426271,27.771346,1612.4 85.42626,27.771351,1612.1 85.426246,27.771353,1611.8 85.426233,27.771355,1611.5 85.42622,27.771364,1611.2 85.426215,27.771377,1610.9 85.426203,27.771378,1610.7 85.426195,27.771375,1610.5 85.426187,27.771374,1610.4 85.42618,27.77138,1610.2 85.426173,27.771389,1610 85.426168,27.771399,1609.8 85.426164,27.771402,1609.7 85.426153,27.771402,1609.6 85.42614,27.771406,1609.4 85.426121,27.771403,1609.1 85.426112,27.771398,1609 85.426096,27.771394,1608.8 85.426086,27.771399,1608.6 85.426087,27.771408,1608.5 85.426086,27.771418,1608.4 85.426071,27.771422,1608.2 85.426058,27.771425,1608 85.42605,27.771432,1607.9 85.426042,27.771441,1607.8 85.426033,27.77144,1607.7 85.426028,27.771436,1607.6 85.426024,27.771433,1607.6 85.426019,27.771443,1607.4 85.42602,27.771458,1607.2 85.426021,27.771469,1607.1 85.426015,27.771479,1607 85.426005,27.77149,1606.9 85.426001,27.771501,1606.8 85.425989,27.771511,1606.7 85.425978,27.771522,1606.6 85.425967,27.771533,1606.5 85.425955,27.771547,1606.4 85.425949,27.771558,1606.3 85.42594,27.771565,1606.2 85.425928,27.771567,1606.2 85.425912,27.771563,1606.1 85.425897,27.771563,1606.1 85.425895,27.771562,1606.1 85.425906,27.771569,1606.1 85.425909,27.771577,1606.1 85.425908,27.771587,1606.1 85.425906,27.771601,1606.1 85.425902,27.771607,1606.1 85.425896,27.771609,1606.1 85.425886,27.771606,1606.1 85.425867,27.771598,1606.1 85.42586,27.771597,1606.1 85.425854,27.771602,1606.1 85.425852,27.771608,1606.1 85.425852,27.771611,1606.1 85.425853,27.77162,1606.1 85.425854,27.771627,1606.1 85.425855,27.771631,1606.1 85.425855,27.771634,1606.1 85.425856,27.771639,1606.1 85.425857,27.771644,1606.1 85.425857,27.771652,1606.1 85.425859,27.771654,1606.1 85.42586,27.771662,1606.1 85.425863,27.771663,1606.1 85.425867,27.771668,1606.1 85.425878,27.77167,1606.1 85.425893,27.77166,1606.1 85.425905,27.771662,1606.1 85.425911,27.771669,1606.1 85.425917,27.771676,1606.1 85.425925,27.771681,1606.1 85.425933,27.771686,1606.1 85.425938,27.771692,1606.1 85.425946,27.771696,1606.1 85.425955,27.771688,1606.1 85.425962,27.771678,1606.2 85.425968,27.771674,1606.2 85.425973,27.771667,1606.2 85.425983,27.771666,1606.2 85.425991,27.771665,1606.2 85.426004,27.771675,1606.3 85.426015,27.771684,1606.3 85.426025,27.771693,1606.4 85.426033,27.771703,1606.4 85.426041,27.771714,1606.4 85.426048,27.771721,1606.5 85.426053,27.771727,1606.5 85.426057,27.771732,1606.5 85.426057,27.771735,1606.5 85.42605,27.771737,1606.6 85.426046,27.771737,1606.6 85.426044,27.771737,1606.6 85.426043,27.771737,1606.6 85.426043,27.771738,1606.6 85.426042,27.771737,1606.6 85.42604,27.771737,1606.6 85.426039,27.771737,1606.6 85.426039,27.771737,1606.6 85.426038,27.771737,1606.6 85.426037,27.771738,1606.6 85.426037,27.771738,1606.6 85.426037,27.771737,1606.6 85.426037,27.771737,1606.6 85.426039,27.771738,1606.6 85.426039,27.771739,1606.6 85.426042,27.771743,1606.7 85.426048,27.771749,1606.7 85.426052,27.771754,1606.7 85.426059,27.771762,1606.8 85.426071,27.77177,1606.9 85.426086,27.771779,1607 85.426098,27.771788,1607.1 85.426108,27.771798,1607.2 85.426124,27.771804,1607.3 85.426136,27.771811,1607.4 85.426148,27.771816,1607.6 85.42616,27.771822,1607.7 85.426169,27.771827,1607.8 85.426181,27.771835,1608 85.42619,27.771839,1608.1 85.426201,27.771845,1608.3 85.426212,27.77185,1608.5 85.426222,27.771852,1608.6 85.426233,27.771851,1608.8 85.426238,27.771855,1608.9 85.426244,27.77186,1609 85.426252,27.771866,1609.2 85.426255,27.77187,1609.3 85.426258,27.771877,1609.4 85.42626,27.771882,1609.5 85.426265,27.771886,1609.7 85.42627,27.77189,1609.8 85.426275,27.771894,1609.9 85.426283,27.771899,1610.1 85.426289,27.771904,1610.3 85.426296,27.771903,1610.4 85.426303,27.771902,1610.6 85.426311,27.771906,1610.8 85.42632,27.771912,1611 85.42633,27.771916,1611.3 85.42634,27.771919,1611.5 85.42635,27.771922,1611.8 85.426357,27.771925,1611.9 85.426365,27.77193,1612.2 85.426369,27.771936,1612.4 85.426372,27.771932,1612.5 85.426378,27.771929,1612.7 85.42638,27.771927,1612.8 85.426382,27.771924,1612.9 85.426386,27.771925,1613 85.426391,27.771928,1613.1 85.426396,27.771931,1613.3 85.426401,27.771934,1613.5 85.42641,27.771936,1613.7 85.426417,27.77194,1614 85.426419,27.771941,1614 85.426418,27.771942,1614.1 85.426417,27.771945,1614.2 85.426414,27.771947,1614.3 85.426412,27.771948,1614.3 85.426415,27.771949,1614.4 85.426418,27.771952,1614.5 85.426422,27.771956,1614.7 85.426423,27.771962,1614.9 85.426424,27.771967,1615.1 85.426427,27.77197,1615.2 85.426431,27.771969,1615.3 85.426435,27.771969,1615.4 85.426438,27.77197,1615.5 85.426443,27.77197,1615.6 85.426445,27.771971,1615.7 85.426448,27.771971,1615.8 85.426449,27.771971,1615.8 85.426453,27.771973,1615.9 85.426458,27.771976,1616.1 85.42646,27.771977,1616.2 85.426465,27.77198,1616.3 85.426471,27.771982,1616.5 85.426477,27.771985,1616.7 85.426481,27.771987,1616.8 85.426484,27.77199,1617 85.426487,27.771992,1617.1 85.426491,27.771994,1617.2 85.426494,27.771996,1617.3 85.426497,27.772,1617.4 85.426502,27.772002,1617.6 85.426505,27.772004,1617.7 85.426509,27.772006,1617.8 85.426512,27.772008,1617.9 85.426513,27.772009,1618 85.426518,27.77201,1618.1 85.426522,27.772012,1618.2 85.426528,27.772015,1618.4 85.426534,27.772018,1618.6 85.426543,27.772022,1618.8 85.426553,27.772026,1619.1 85.426558,27.772028,1619.3 85.426565,27.772031,1619.4 85.42657,27.772033,1619.6 85.426575,27.772036,1619.7 85.42658,27.772038,1619.9 85.426583,27.77204,1619.9 85.426588,27.772044,1620.1 85.426593,27.772047,1620.2 85.426597,27.77205,1620.4 85.426601,27.772053,1620.5 85.426604,27.772057,1620.6 85.426607,27.77206,1620.7 85.42661,27.772063,1620.8 85.426612,27.772064,1620.9 85.426615,27.772065,1621 85.426617,27.772067,1621 85.42662,27.772069,1621.1 85.426623,27.772071,1621.2 85.426626,27.772072,1621.3 85.426629,27.772074,1621.4 85.426636,27.772078,1621.6 85.426643,27.772082,1621.8 85.42665,27.772086,1622 85.426658,27.77209,1622.2 85.426667,27.772095,1622.4 85.426667,27.772096,1622.5 85.426671,27.772099,1622.6 85.426675,27.7721,1622.7 85.42668,27.772102,1622.8 85.426685,27.772104,1623 85.426688,27.772105,1623 85.426691,27.772106,1623.1 85.426694,27.772107,1623.2 85.426696,27.772106,1623.2 85.426699,27.772106,1623.3 85.426703,27.772108,1623.4 85.426706,27.772109,1623.5 85.42671,27.77211,1623.6 85.426715,27.772112,1623.7 85.426719,27.772113,1623.8 85.426723,27.772115,1623.9 85.426727,27.772116,1624 85.426732,27.772116,1624.2 85.426735,27.772117,1624.2 85.426739,27.772117,1624.3 85.426744,27.772118,1624.4 85.426747,27.77212,1624.5 85.426751,27.772122,1624.6 85.426755,27.772124,1624.8 85.426759,27.772125,1624.9 85.426764,27.772126,1625 85.42677,27.772128,1625.1 85.426774,27.77213,1625.2 85.426779,27.772132,1625.4 85.426783,27.772134,1625.5 85.426787,27.772136,1625.6 85.426791,27.772137,1625.7 85.426796,27.772138,1625.8 85.4268,27.772139,1625.9 85.426804,27.772141,1626 85.426808,27.772143,1626.1 85.426812,27.772145,1626.3 85.426817,27.772147,1626.4 85.426823,27.77215,1626.6 85.426828,27.772152,1626.7 85.426833,27.772154,1626.9 85.426837,27.772155,1627 85.426843,27.772157,1627.1 85.426849,27.772159,1627.3 85.426855,27.772161,1627.5 85.42686,27.772162,1627.6 85.426864,27.772164,1627.7 85.42687,27.772165,1627.9 85.426875,27.772165,1628 85.426878,27.772165,1628.1 85.426881,27.772166,1628.2 85.426884,27.772166,1628.3 85.426888,27.772167,1628.4 85.426893,27.772167,1628.5 85.426898,27.772167,1628.6 85.426902,27.772167,1628.7 85.426908,27.772167,1628.9 85.426913,27.772168,1629 85.426918,27.772169,1629.1 85.426923,27.77217,1629.3 85.426927,27.772172,1629.4 85.426929,27.772174,1629.5 85.426931,27.772177,1629.6 85.426933,27.772178,1629.6 85.426936,27.77218,1629.7 85.42694,27.772183,1629.8 85.426946,27.772187,1630 85.426952,27.77219,1630.2 85.426959,27.772194,1630.4 85.426964,27.772196,1630.5 85.426969,27.772198,1630.7 85.426974,27.772201,1630.8 85.426978,27.772203,1630.9 85.426982,27.772205,1631 85.426987,27.772208,1631.2 85.426994,27.77221,1631.4 85.427001,27.772211,1631.5 85.427008,27.772215,1631.7 85.427015,27.772219,1631.9 85.427021,27.772222,1632.1 85.427028,27.772224,1632.3 85.427035,27.772226,1632.4 85.427041,27.772228,1632.6 85.427045,27.772229,1632.7 85.427051,27.772231,1632.8 85.427058,27.772234,1633 85.427065,27.772236,1633.2 85.427072,27.772238,1633.4 85.427079,27.77224,1633.5 85.427084,27.772241,1633.7 85.427091,27.772243,1633.8 85.427098,27.772245,1634 85.427107,27.772249,1634.2 85.427117,27.772253,1634.5 85.427124,27.772255,1634.7 85.42713,27.772256,1634.8 85.427133,27.772257,1634.9 85.427139,27.772258,1635 85.427144,27.77226,1635.1 85.427147,27.77226,1635.2 85.427154,27.772262,1635.4 85.427159,27.772263,1635.5 85.427167,27.772265,1635.7 85.427172,27.772266,1635.8 85.427179,27.772268,1636 85.427187,27.772273,1636.2 85.427194,27.772279,1636.4 85.427203,27.772285,1636.7 85.427207,27.772291,1636.9 85.427208,27.772297,1637 85.427207,27.7723,1637.1 85.427205,27.772302,1637.2 85.427204,27.772307,1637.3 85.427201,27.772316,1637.6 85.427203,27.772323,1637.7 85.427205,27.772328,1637.9 85.427208,27.772329,1637.9 85.427211,27.77233,1638 85.427213,27.772331,1638.1 85.427216,27.772331,1638.1 85.427219,27.77233,1638.2 85.427221,27.772331,1638.3 85.427222,27.772331,1638.3 85.427223,27.772332,1638.3 85.427224,27.772333,1638.4 85.427226,27.772335,1638.4 85.427226,27.772337,1638.5 85.427223,27.772342,1638.5 85.427214,27.772356,1639.2 85.427204,27.772367,1639.7 85.427196,27.772375,1640.1 85.427187,27.77238,1640.5 85.427178,27.772383,1640.8 85.427174,27.772392,1641.2 85.427171,27.772398,1641.5 85.427167,27.772405,1641.8 85.427162,27.772409,1642 85.427155,27.77241,1642.2 85.42715,27.772403,1642.6 85.427149,27.772395,1642.9 85.427147,27.772393,1643 85.427148,27.772396,1643.1 85.427147,27.772398,1643.2 85.427144,27.772404,1643.5 85.427137,27.772413,1643.9 85.427129,27.772415,1644.2 85.427122,27.772414,1644.4 85.427117,27.772421,1644.7 85.427115,27.772427,1645 85.42711,27.772436,1645.4 85.427107,27.772442,1645.6 85.427099,27.772444,1645.9 85.427092,27.772446,1646.2 85.427086,27.772449,1646.4 85.427078,27.772449,1646.7 85.427074,27.772454,1646.9 85.427073,27.77246,1647.2 85.427072,27.772463,1647.3 85.427073,27.772469,1647.5 85.427072,27.772474,1647.7 85.427065,27.772475,1648 85.427059,27.772471,1648.2 85.427054,27.772473,1648.4 85.427056,27.772478,1648.6 85.427063,27.772478,1648.9 85.427071,27.772473,1649.2 85.427075,27.772467,1649.5 85.427075,27.772465,1649.6 85.427077,27.772467,1649.7 85.427079,27.772469,1649.8 85.42708,27.772471,1649.8 85.427082,27.772474,1650 85.427084,27.772478,1650.2 85.427087,27.772482,1650.3 85.42709,27.772484,1650.5 85.427094,27.772484,1650.6 85.427098,27.772483,1650.8 85.4271,27.772483,1650.8 85.427104,27.772483,1651 85.427106,27.772483,1651 85.427109,27.772483,1651.1 85.427112,27.772483,1651.2 85.427114,27.772484,1651.3 85.427118,27.772483,1651.5 85.427121,27.772482,1651.6 85.427124,27.772482,1651.7 85.427128,27.772481,1651.8 85.427131,27.772481,1651.9 85.427134,27.772481,1652 85.427138,27.77248,1652.2 85.427143,27.772479,1652.4 85.42715,27.772477,1652.6 85.427154,27.772477,1652.7 85.42716,27.772477,1653 85.427167,27.772477,1653.2 85.427176,27.772478,1653.5 85.427183,27.772481,1653.8 85.427189,27.772482,1654 85.427193,27.772483,1654.1 85.427197,27.772486,1654.3 85.427198,27.772488,1654.4 85.427202,27.772488,1654.5 85.427203,27.772487,1654.6 85.427206,27.772489,1654.7 85.42721,27.772492,1654.9 85.427216,27.772501,1655.3 85.42722,27.77251,1655.7 85.427225,27.772519,1656.1 85.427226,27.772525,1656.4 85.427233,27.772534,1656.8 85.427238,27.772541,1657.1 85.427245,27.772547,1657.5 85.427254,27.772548,1657.8 85.427261,27.772548,1658.1 85.427268,27.772551,1658.4 85.427285,27.772562,1659.2 85.427294,27.772564,1659.6 85.427303,27.772569,1660 85.427313,27.772574,1660.5 85.427322,27.772579,1660.9 85.427337,27.772583,1661.5 85.427345,27.772587,1661.9 85.427355,27.772593,1662.4 85.427365,27.772598,1662.9 85.427373,27.772604,1663.3 85.427383,27.772612,1663.8 85.427385,27.772615,1664 85.427388,27.77262,1664.3 85.42739,27.772621,1664.4 85.427391,27.772623,1664.5 85.427392,27.772624,1664.5 85.427395,27.772628,1664.7 85.427399,27.77263,1664.9 85.427403,27.772631,1665 85.427406,27.772628,1664.9 85.427409,27.772626,1664.9 85.427411,27.772625,1664.9 85.42741,27.772623,1664.9 85.427409,27.772622,1664.9 85.427411,27.77262,1664.9 85.427415,27.772618,1664.9 85.427421,27.772616,1664.8 85.427423,27.772616,1664.8 85.427432,27.772617,1664.8 85.42744,27.772621,1664.8 85.427448,27.772624,1664.7 85.427457,27.772626,1664.7 85.427466,27.772629,1664.6 85.427474,27.772631,1664.6 85.427489,27.77263,1664.5 85.427502,27.772626,1664.5 85.427515,27.772619,1664.4 85.427515,27.772616,1664.4 85.427514,27.772615,1664.4 85.427513,27.772614,1664.4 85.427514,27.772613,1664.4 85.427516,27.772612,1664.4 85.42753,27.772606,1664.3 85.427549,27.772605,1664.2 85.427565,27.772602,1664.2 85.42758,27.7726,1664.1 85.427594,27.772598,1664 85.427607,27.772596,1664 85.427623,27.772593,1663.9 85.427638,27.772588,1663.9 85.427651,27.772583,1663.8 85.427664,27.77258,1663.8 85.427679,27.772578,1663.7 85.427693,27.772575,1663.7 85.427707,27.77257,1663.6 85.427721,27.772563,1663.6 85.427734,27.772553,1663.5 85.427755,27.772535,1663.5 85.42776,27.772526,1663.4 85.427768,27.772515,1663.4 85.427775,27.772505,1663.4 85.427785,27.772495,1663.4 85.427794,27.772486,1663.3 85.427805,27.772473,1663.3 85.42781,27.772464,1663.3 85.427818,27.772455,1663.3 85.427826,27.772447,1663.3 85.427836,27.772437,1663.3 85.42785,27.772427,1663.3 85.427858,27.77242,1663.2 85.427866,27.772412,1663.2 85.427873,27.772403,1663.2 85.427882,27.772395,1663.2 85.427891,27.772388,1663.2 85.427908,27.77238,1663.2 85.427917,27.772374,1663.2 85.427927,27.772366,1663.2 85.42794,27.77236,1663.2 85.42795,27.772353,1663.3 85.427965,27.772344,1663.3 85.427973,27.772339,1663.3 85.427982,27.772333,1663.3 85.427994,27.772328,1663.3 85.428005,27.772324,1663.3 85.428022,27.772315,1663.3 85.428029,27.772313,1663.3 85.428041,27.77231,1663.3 85.428049,27.772305,1663.3 85.428048,27.772293,1663.2 85.428046,27.772283,1663.2 85.428052,27.772277,1663.2 85.428055,27.772268,1663.2 85.428061,27.772259,1663.2 85.428069,27.772251,1663.2 85.428079,27.772245,1663.2 85.428091,27.772241,1663.1 85.428099,27.772236,1663.1 85.428111,27.772232,1663.1 85.428122,27.77223,1663.1 85.428134,27.772229,1663 85.428153,27.77223,1663 85.428161,27.77223,1662.9 85.428183,27.772243,1662.8 85.428201,27.772252,1662.8 85.428213,27.772257,1662.7 85.428222,27.772262,1662.6 85.428224,27.772264,1662.6 85.428224,27.772263,1662.6 85.42822,27.772261,1662.6 85.42822,27.772262,1662.6 85.428221,27.772262,1662.6 85.428222,27.772263,1662.6 85.428223,27.772264,1662.6 85.428224,27.772265,1662.6 85.428224,27.772266,1662.6 85.428225,27.772267,1662.6 85.428225,27.772267,1662.6 85.428227,27.772268,1662.6 85.42823,27.772272,1662.5 85.428231,27.772274,1662.5 85.428235,27.772282,1662.5 85.428239,27.772287,1662.4 85.42824,27.772291,1662.4 85.428242,27.772294,1662.4 85.428242,27.772297,1662.4 85.428242,27.772301,1662.3 85.428243,27.772304,1662.3 85.428243,27.772307,1662.3 85.428244,27.772309,1662.3 85.428244,27.772312,1662.3 85.428245,27.772314,1662.2 85.428245,27.772316,1662.2 85.428243,27.772318,1662.2 85.428242,27.772319,1662.2 85.428241,27.772318,1662.2 85.428243,27.772318,1662.2 85.428248,27.772317,1662.2 85.428256,27.772321,1662.1 85.42826,27.772325,1662.1 85.428265,27.772331,1662 85.42827,27.77234,1661.9 85.428273,27.772347,1661.9 85.428276,27.772353,1661.8 85.428276,27.772363,1662 85.428274,27.772369,1662.1 85.428273,27.772376,1662.3 85.428273,27.772382,1662.4 85.428275,27.772384,1662.4 85.428271,27.772387,1662.5 85.428266,27.772389,1662.6 85.428262,27.772389,1662.7 85.428259,27.772389,1662.8 85.428256,27.772388,1662.8 85.428253,27.772389,1662.9 85.42825,27.77239,1663 85.428243,27.772393,1663.1 85.428239,27.772396,1663.2 85.428236,27.772399,1663.3 85.428235,27.772401,1663.3 85.428235,27.772398,1663.4 85.428234,27.772397,1663.4 85.428234,27.772397,1663.4 85.428232,27.772396,1663.5 85.428232,27.772395,1663.5 85.42823,27.772395,1663.5 85.42823,27.772394,1663.5 85.428229,27.772394,1663.6 85.428229,27.772393,1663.6 85.428229,27.772393,1663.6 85.42823,27.772393,1663.6 85.428231,27.772393,1663.6 85.428232,27.772394,1663.6 85.428233,27.772395,1663.7 85.428237,27.772398,1663.8 85.428241,27.772399,1663.8 85.428243,27.772401,1663.9 85.428245,27.772402,1663.9 85.428248,27.772405,1664 85.428247,27.772405,1664 85.428248,27.772405,1664.1 85.428251,27.772404,1664.1 85.428254,27.772405,1664.2 85.428256,27.772406,1664.2 85.428262,27.772408,1664.4 85.428269,27.772409,1664.5 85.428277,27.772409,1664.7 85.428281,27.772409,1664.7 85.428287,27.772409,1664.9 85.428296,27.772408,1665 85.428302,27.772409,1665.2 85.428308,27.772408,1665.3 85.428315,27.772409,1665.4 85.428321,27.77241,1665.6 85.428331,27.772411,1665.8 85.42834,27.772413,1666 85.428348,27.772418,1666.2 85.428356,27.772424,1666.4 85.428366,27.772423,1666.6 85.428371,27.772415,1666.8 85.428378,27.772416,1666.9 85.428382,27.772422,1667.1 85.428386,27.772424,1667.2 85.428395,27.772432,1667.5 85.428406,27.77244,1667.8 85.428415,27.77245,1668.2 85.428417,27.772458,1668.4 85.42841,27.772458,1668.6 85.428408,27.772456,1668.6 85.428408,27.772459,1668.7 85.428407,27.772462,1668.8 85.428405,27.772464,1668.9 85.428405,27.772466,1668.9 85.428403,27.772466,1669 85.428403,27.772469,1669.1 85.428404,27.77247,1669.1 85.428406,27.772475,1669.3 85.428408,27.772479,1669.4 85.42841,27.772485,1669.6 85.428411,27.772488,1669.7 85.428413,27.772492,1669.8 85.428414,27.772493,1669.8 85.428419,27.772499,1670 85.428422,27.772502,1670.1 85.428424,27.772504,1670.2 85.428426,27.772505,1670.3 85.428429,27.772506,1670.3 85.428432,27.772508,1670.4 85.428435,27.77251,1670.5 85.428439,27.772512,1670.6 85.42844,27.772514,1670.7 85.42845,27.772522,1671 85.428455,27.772527,1671.2 85.428464,27.772533,1671.5 85.42848,27.772541,1671.9 85.428496,27.772547,1672.4 85.428507,27.772552,1672.6 85.42851,27.772557,1672.8 85.428512,27.77256,1672.9 85.428513,27.772562,1672.9 85.428513,27.772562,1672.9 85.428515,27.772563,1673 85.428514,27.772567,1673.1 85.428515,27.772568,1673.1 85.428517,27.772569,1673.2 85.42852,27.77257,1673.3 85.428522,27.772571,1673.3 85.428526,27.772583,1673.6 85.428527,27.772585,1673.7 85.428527,27.772587,1673.7 85.428528,27.77259,1673.8 85.42853,27.772592,1673.9 85.428534,27.772593,1674 85.428539,27.772593,1674.1 85.428542,27.772592,1674.2 85.428545,27.772592,1674.2 85.428548,27.772593,1674.3 85.42855,27.772595,1674.4 85.428552,27.772602,1674.5 85.428553,27.772604,1674.6 85.428555,27.772605,1674.6 85.428559,27.772606,1674.7 85.428562,27.772608,1674.8 85.428563,27.77261,1674.9 85.428574,27.772625,1675.3 85.428576,27.772628,1675.3 85.428578,27.772633,1675.5 85.428584,27.772642,1675.7 85.428592,27.772652,1676 85.428608,27.772664,1676.4 85.42861,27.772667,1676.4 85.428614,27.772672,1676.6 85.428619,27.772676,1676.7 85.428624,27.772677,1676.8 85.428629,27.772677,1676.9 85.428636,27.77268,1677 85.428639,27.772681,1677.1 85.428643,27.772684,1677.2 85.428648,27.772688,1677.3 85.428652,27.77269,1677.4 85.428656,27.772693,1677.5 85.428668,27.772703,1677.8 85.428677,27.772711,1678 85.428687,27.772719,1678.3 85.428698,27.772726,1678.5 85.428711,27.77273,1678.7 85.428719,27.772733,1678.8 85.428724,27.772733,1678.8 85.428736,27.772733,1679 85.428747,27.772735,1679.1 85.428757,27.772737,1679.3 85.428765,27.77274,1679.4 85.428768,27.772743,1679.4 85.428775,27.772746,1679.5 85.428781,27.772748,1679.6 85.428777,27.772749,1679.7 85.428781,27.77275,1679.7 85.428787,27.772751,1679.8 85.428794,27.772754,1679.9 85.428802,27.772756,1680 85.42881,27.772759,1680.1 85.428818,27.772761,1680.2 85.428824,27.77276,1680.3 85.428828,27.772757,1680.4 85.428833,27.772755,1680.5 85.428841,27.772754,1680.6 85.42885,27.772753,1680.7 85.428858,27.77275,1680.9 85.428853,27.772743,1681 85.42886,27.772742,1681.1 85.428867,27.772744,1681.2 85.428873,27.772747,1681.3 85.428878,27.772752,1681.4 85.428871,27.772759,1681.6 85.42887,27.77276,1681.6 85.428874,27.772764,1681.7 85.428878,27.772767,1681.8 85.428879,27.77277,1681.8 85.42888,27.772775,1681.9 85.428877,27.772784,1682.1 85.428876,27.772786,1682.1 85.428874,27.77279,1682.2 85.428869,27.772793,1682.3 85.428868,27.772793,1682.3 85.428863,27.772793,1682.4 85.42886,27.772797,1682.5 85.428862,27.772801,1682.6 85.428867,27.772804,1682.7 85.428871,27.772806,1682.7 85.428875,27.772808,1682.8 85.42887,27.772805,1682.9 85.428872,27.772807,1683 85.428878,27.772812,1683.1 85.428882,27.772817,1683.2 85.428888,27.772825,1683.4 85.428897,27.772835,1683.6 85.428904,27.772841,1683.7 85.42891,27.77284,1683.8 85.428918,27.77284,1684 85.428923,27.772844,1684.1 85.428931,27.772852,1684.3 85.428948,27.772866,1684.6 85.428957,27.772874,1684.8 85.428968,27.772882,1685 85.42898,27.772886,1685.2 85.428992,27.772886,1685.4 85.429004,27.772885,1685.6 85.429015,27.772881,1685.7 85.429023,27.772875,1685.9 85.42903,27.772872,1686 85.429038,27.772869,1686.1 85.429047,27.772865,1686.2 85.429059,27.772859,1686.4 85.429068,27.772858,1686.5 85.429077,27.772857,1686.7 85.429088,27.772856,1686.8 85.429098,27.772853,1686.9 85.429112,27.772851,1687.1 85.42913,27.772847,1687.4 85.429142,27.772847,1687.5 85.429154,27.772844,1687.7 85.429166,27.772841,1687.9 85.429178,27.772839,1688 85.429193,27.772838,1688.2 85.429201,27.772843,1688.4 85.429209,27.772847,1688.5 85.429218,27.772849,1688.6 85.429227,27.77285,1688.7 85.429238,27.772849,1688.9 85.429246,27.772846,1689 85.429257,27.772844,1689.1 85.429266,27.772847,1689.3 85.429276,27.77285,1689.4 85.429292,27.772849,1689.6 85.429299,27.772847,1689.7 85.429309,27.772845,1689.9 85.42932,27.772844,1690 85.429329,27.772843,1690.2 85.42934,27.772843,1690.3 85.42935,27.772848,1690.5 85.429358,27.772852,1690.6 85.429369,27.772855,1690.7 85.429379,27.772859,1690.9 85.429387,27.772864,1691 85.429402,27.772872,1691.3 85.429409,27.772876,1691.4 85.429419,27.772881,1691.6 85.429429,27.772881,1691.7 85.429439,27.772884,1691.9 85.429448,27.772889,1692 85.42946,27.772897,1692.3 85.429463,27.772899,1692.3 85.429469,27.772903,1692.4 85.429474,27.772907,1692.5 85.429479,27.772911,1692.6 85.429489,27.772922,1692.8 85.429496,27.772927,1693 85.429504,27.772932,1693.1 85.429512,27.772936,1693.2 85.429519,27.772941,1693.4 85.429525,27.772945,1693.5 85.429534,27.772955,1693.7 85.429537,27.772956,1693.7 85.429539,27.772957,1693.8 85.429539,27.772959,1693.8 85.429539,27.77296,1693.8 85.429537,27.772965,1693.9 85.429538,27.772966,1693.9 85.429539,27.772968,1694 85.429541,27.77297,1694 85.429544,27.772974,1694.1 85.429548,27.772978,1694.2 85.429556,27.772997,1694.5 85.429561,27.773001,1694.6 85.429569,27.773004,1694.7 85.429577,27.773007,1694.9 85.429583,27.77301,1695 85.429588,27.773013,1695 85.429596,27.773019,1695.2 85.429603,27.773022,1695.3 85.42961,27.773026,1695.4 85.429618,27.77303,1695.6 85.429626,27.773033,1695.7 85.429635,27.773035,1695.9 85.429645,27.773038,1696 85.429655,27.773042,1696.2 85.429671,27.773048,1696.4 85.429677,27.77305,1696.5 85.429686,27.773054,1696.7 85.429694,27.773057,1696.8 85.429699,27.773059,1696.9 85.429706,27.773059,1697 85.429712,27.773058,1697.1 85.429712,27.773058,1697.1 85.429709,27.773057,1697.2 85.429712,27.773058,1697.2 85.429713,27.77306,1697.2 85.429713,27.77306,1697.2 85.429712,27.773061,1697.3 85.429714,27.773062,1697.3 85.429715,27.773063,1697.3 85.429717,27.773062,1697.4 85.42972,27.773061,1697.4 85.429717,27.773062,1697.5 85.429715,27.773063,1697.5 85.429713,27.773065,1697.5 85.429713,27.773066,1697.6 85.429714,27.773066,1697.6 85.429715,27.773064,1697.6 85.429713,27.773063,1697.6 85.429714,27.773063,1697.7 85.429716,27.773064,1697.7 85.429718,27.773065,1697.7 85.42972,27.773066,1697.8 85.429722,27.773067,1697.8 85.429723,27.773067,1697.8 85.429723,27.773067,1697.8 85.429723,27.773068,1697.8 85.429723,27.773068,1697.8 85.429723,27.773069,1697.8 85.429724,27.77307,1697.9 85.429725,27.773069,1697.9 85.429726,27.773068,1697.9 85.429727,27.773067,1697.9 85.429728,27.773066,1697.9 85.429729,27.773064,1697.9 85.429728,27.773064,1697.9 85.429728,27.773063,1697.9 85.429728,27.773063,1697.9 85.429727,27.773063,1698 85.429726,27.773062,1698 85.429726,27.77306,1698 85.429726,27.77306,1698 85.429725,27.773059,1698 85.429726,27.77306,1698 85.429727,27.773059,1698 85.429726,27.773059,1698 85.429725,27.773059,1698 85.429725,27.77306,1698.1 85.429724,27.773061,1698.1 85.429725,27.773063,1698.1 85.429727,27.773063,1698.1 85.429723,27.773061,1698.1 85.429723,27.77306,1698.2 85.429724,27.773059,1698.2 85.429724,27.773058,1698.2 85.429723,27.773055,1698.2 85.429722,27.773054,1698.2 85.42972,27.773053,1698.2 85.42972,27.773052,1698.2 85.429721,27.773051,1698.3 85.429721,27.77305,1698.3 85.42972,27.773049,1698.3 85.429716,27.773048,1698.3 85.429715,27.773048,1698.3 85.429713,27.773047,1698.4 85.42971,27.773049,1698.4 85.429699,27.773051,1698.5 85.429694,27.773052,1698.5 85.429687,27.773057,1698.6 85.429689,27.773059,1698.6 85.429693,27.773061,1698.7 85.429698,27.773059,1698.7 85.4297,27.773055,1698.8 85.429702,27.773053,1698.8 85.429702,27.773054,1698.8 85.429703,27.773054,1698.8 85.429703,27.773053,1698.8 85.429705,27.773052,1698.9 85.429707,27.77305,1698.9 85.429708,27.773048,1698.9 85.429707,27.773047,1698.9 85.429707,27.773048,1698.9 85.429708,27.773048,1698.9 85.42971,27.773048,1699 85.429712,27.773048,1699 85.429712,27.773048,1699 85.429719,27.773047,1699 85.42972,27.773045,1699.1 85.429719,27.773043,1699.1 85.429719,27.773042,1699.1 85.429717,27.773042,1699.1 85.429715,27.773041,1699.1 85.429713,27.773041,1699.2 85.429713,27.773043,1699.2 85.429713,27.773046,1699.2 85.429714,27.773049,1699.3 85.429714,27.773052,1699.3 85.429714,27.773054,1699.3 85.429714,27.773055,1699.3 85.429715,27.773056,1699.3 85.429714,27.773058,1699.4 85.429713,27.77306,1699.4 85.429713,27.773062,1699.4 85.429713,27.773062,1699.4 85.429713,27.773062,1699.4 85.429714,27.773062,1699.4 85.429715,27.77306,1699.4 85.429717,27.773059,1699.5 85.429719,27.773059,1699.5 85.429722,27.773059,1699.5 85.429725,27.77306,1699.5 85.429728,27.773061,1699.6 85.42973,27.77306,1699.6 85.429732,27.77306,1699.6 85.429731,27.773058,1699.6 85.429731,27.773062,1699.7 85.429729,27.773062,1699.7 85.429729,27.773062,1699.7 85.429729,27.77306,1699.7 85.42973,27.77306,1699.7 85.42973,27.77306,1699.7 85.42973,27.77306,1699.7 85.429729,27.773062,1699.8 85.429729,27.773062,1699.8 85.42973,27.773062,1699.8 85.429731,27.773062,1699.8 85.429732,27.773061,1699.8 85.429733,27.773062,1699.8 85.429734,27.773063,1699.8 85.429734,27.773065,1699.9 85.429732,27.773066,1699.9 85.429729,27.773065,1699.9 85.429727,27.773064,1699.9 85.429726,27.773063,1700 85.429723,27.773063,1700 85.429722,27.773062,1700 85.429723,27.77306,1700 85.429724,27.773059,1700.1 85.429726,27.773057,1700.1 85.429729,27.773056,1700.1 85.429731,27.773056,1700.1 85.429735,27.773055,1700.2 85.429739,27.773055,1700.2 85.429745,27.773056,1700.3 85.429749,27.773059,1700.3 85.429743,27.773063,1700.4 85.429745,27.773065,1700.5 85.42975,27.773067,1700.5 85.429752,27.773069,1700.6 85.429759,27.773073,1700.7 85.429761,27.773076,1700.7 85.429765,27.773079,1700.8 85.429771,27.773085,1700.9 85.429774,27.77309,1700.9 85.429776,27.773096,1701 85.429778,27.773102,1701.1 85.429785,27.77311,1701.2 85.429796,27.773118,1701.4 85.429807,27.773126,1701.6 85.429816,27.773131,1701.7 85.429824,27.773132,1701.8 85.42983,27.773132,1701.9 85.42983,27.773132,1701.9 85.429832,27.773135,1701.9 85.429837,27.773141,1702 85.429843,27.773146,1702.1 85.429849,27.77315,1702.2 85.429858,27.773155,1702.3 85.429865,27.773157,1702.4 85.429874,27.773159,1702.5 85.429882,27.773161,1702.6 85.429889,27.773164,1702.7 85.429894,27.773166,1702.8 85.4299,27.773169,1702.8 85.429905,27.773171,1702.9 85.42991,27.773172,1703 85.429915,27.773175,1703 85.429923,27.773179,1703.1 85.429929,27.77318,1703.2 85.429934,27.773182,1703.3 85.429941,27.773182,1703.4 85.429949,27.773181,1703.5 85.429957,27.773181,1703.5 85.429968,27.773182,1703.7 85.429977,27.773183,1703.8 85.429987,27.773185,1703.9 85.429996,27.773188,1704 85.430003,27.773191,1704.1 85.430012,27.773192,1704.2 85.430022,27.773192,1704.3 85.430028,27.773193,1704.4 85.430034,27.773194,1704.5 85.430042,27.773196,1704.6 85.430049,27.773197,1704.7 85.430059,27.773206,1704.8 85.430065,27.77321,1704.9 85.430071,27.773214,1705 85.430079,27.773218,1705.1 85.430087,27.773223,1705.2 85.430095,27.773228,1705.4 85.430102,27.773234,1705.5 85.430106,27.773241,1705.6 85.430108,27.773248,1705.7 85.430111,27.773254,1705.8 85.430116,27.773259,1705.9 85.430122,27.773286,1706.2 85.430124,27.773292,1706.4 85.430128,27.773298,1706.6 85.430132,27.773305,1706.8 85.430136,27.773311,1707 85.430139,27.773316,1707.1 85.430138,27.77333,1707.5 85.430142,27.773335,1707.7 85.430147,27.77334,1707.9 85.430152,27.773345,1708.1 85.430157,27.77335,1708.3 85.430163,27.773367,1708.8 85.430166,27.773371,1708.9 85.43017,27.773374,1709 85.430171,27.773376,1709.1 85.430172,27.773376,1709.1 85.430172,27.773376,1709.1 85.430175,27.773385,1709.4 85.430176,27.773386,1709.4 85.430179,27.773389,1709.5 85.430182,27.773391,1709.6 85.430184,27.773392,1709.7 85.430185,27.7734,1709.9 85.430187,27.773402,1710 85.430191,27.773405,1710.1 85.430194,27.773408,1710.3 85.430196,27.77341,1710.3 85.430198,27.773411,1710.4 85.430197,27.773418,1710.6 85.4302,27.773422,1710.7 85.430204,27.773427,1710.9 85.430208,27.773431,1711.1 85.430214,27.773436,1711.3 85.430224,27.773445,1711.7 85.430226,27.773447,1711.7 85.430229,27.773449,1711.8 85.430232,27.773452,1712 85.430236,27.773455,1712.1 85.430241,27.773458,1712.3 85.430237,27.773461,1712.4 85.430241,27.773465,1712.6 85.430244,27.773468,1712.7 85.430245,27.773469,1712.7 85.430246,27.77347,1712.8 85.430246,27.77347,1712.8 85.430243,27.773471,1712.9 85.430245,27.773473,1712.9 85.430247,27.773475,1713 85.430248,27.773475,1713.1 85.430253,27.773477,1713.2 85.430251,27.773478,1713.3 85.430254,27.77348,1713.4 85.430257,27.773482,1713.5 85.430261,27.773485,1713.6 85.430267,27.773489,1713.8 85.430274,27.773496,1714.1 85.430281,27.7735,1714.4 85.430287,27.773504,1714.6 85.430293,27.773507,1714.8 85.430297,27.773511,1714.9 85.430304,27.773515,1715.1 85.43031,27.773519,1715.4 85.430319,27.773525,1715.7 85.430332,27.773533,1716.1 85.430343,27.77354,1716.5 85.430352,27.773544,1716.8 85.430361,27.773548,1717 85.430362,27.773551,1717.1 85.43037,27.773555,1717.4 85.430376,27.773561,1717.6 85.430381,27.773565,1717.8 85.430384,27.773568,1717.9 85.43039,27.773572,1718.1 85.430391,27.773572,1718.1 85.430394,27.773574,1718.2 85.430397,27.773576,1718.3 85.430401,27.773578,1718.4 85.430405,27.773581,1718.5 85.430414,27.773587,1718.8 85.430421,27.773591,1719 85.430431,27.773596,1719.3 85.430443,27.773604,1719.6 85.430454,27.773612,1719.9 85.430458,27.773624,1720.3 85.430461,27.773631,1720.4 85.430465,27.773636,1720.6 85.43047,27.773642,1720.8 85.430475,27.773648,1720.9 85.430477,27.773653,1721 85.43048,27.773667,1721.4 85.430482,27.773671,1721.5 85.430485,27.773676,1721.6 85.430486,27.773679,1721.7 85.430488,27.773684,1721.8 85.430493,27.773705,1722.2 85.430494,27.773713,1722.4 85.430495,27.773719,1722.5 85.430496,27.773727,1722.7 85.430497,27.773739,1722.9 85.430498,27.773749,1723.1 85.4305,27.773761,1723.4 85.430501,27.77377,1723.5 85.430504,27.773776,1723.7 85.430506,27.773783,1723.8 85.430509,27.773788,1723.9 85.430511,27.773804,1724.3 85.430512,27.77381,1724.4 85.430514,27.773812,1724.4 85.430516,27.773816,1724.5 85.430518,27.773823,1724.7 85.430522,27.773833,1724.9 85.430528,27.773851,1725.3 85.430529,27.773854,1725.4 85.430529,27.773858,1725.5 85.43053,27.773864,1725.6 85.430532,27.77387,1725.7 85.430536,27.773877,1725.9 85.430537,27.773877,1725.9 85.430539,27.773881,1726.1 85.430543,27.773885,1726.2 85.430548,27.773889,1726.3 85.430553,27.773894,1726.5 85.430551,27.773888,1726.7 85.430554,27.773891,1726.8 85.430559,27.773894,1726.9 85.430564,27.773896,1727 85.430566,27.773897,1727.1 85.430567,27.773897,1727.1 85.430564,27.773892,1727.3 85.430565,27.773893,1727.3 85.430567,27.773896,1727.4 85.43057,27.773899,1727.5 85.430574,27.773903,1727.7 85.43058,27.773909,1727.9 85.430581,27.773911,1728 85.430584,27.773913,1728.1 85.430587,27.773916,1728.2 85.43059,27.77392,1728.4 85.430592,27.773923,1728.5 85.430595,27.773927,1728.7 85.4306,27.773935,1729 85.430605,27.773945,1729.3 85.43061,27.773954,1729.7 85.430613,27.773962,1730 85.430616,27.773967,1730.2 85.430621,27.773977,1730.6 85.430625,27.773985,1730.9 85.430628,27.773991,1731.1 85.430632,27.773998,1731.4 85.430636,27.774005,1731.7 85.430641,27.774014,1732 85.430643,27.774017,1732.1 85.430647,27.774022,1732.4 85.430649,27.774025,1732.5 85.430652,27.774029,1732.7 85.430654,27.774034,1732.8 85.430655,27.774036,1732.9 85.430656,27.774037,1733 85.430658,27.774039,1733 85.430661,27.774042,1733.2 85.430664,27.774045,1733.3 85.430666,27.774055,1733.7 85.430667,27.774057,1733.7 85.430669,27.774061,1733.9 85.43067,27.774064,1734 85.430671,27.774067,1734.1 85.430674,27.774073,1734.3 85.430674,27.774074,1734.3 85.430675,27.774076,1734.4 85.430676,27.77408,1734.5 85.430679,27.774085,1734.7 85.430683,27.774099,1735.2 85.430686,27.774115,1735.7 85.430691,27.774133,1736.2 85.430695,27.774143,1736.5 85.430698,27.774152,1736.8 85.430701,27.774161,1737.1 85.430702,27.774168,1737.3 85.430704,27.774174,1737.5 85.430706,27.774179,1737.6 85.430707,27.774185,1737.8 85.430708,27.77419,1737.9 85.430705,27.774194,1738.1 85.430706,27.774197,1738.2 85.430706,27.774202,1738.3 85.430706,27.774207,1738.5 85.430706,27.774212,1738.6 85.430705,27.774218,1738.8 85.430704,27.774222,1739 85.430703,27.774227,1739.1 85.430702,27.774234,1739.3 85.4307,27.774241,1739.6 85.4307,27.77425,1739.8 85.430699,27.774255,1740 85.430699,27.774258,1740.1 85.4307,27.774264,1740.3 85.430701,27.774268,1740.4 85.430702,27.774272,1740.6 85.430704,27.774279,1740.8 85.430706,27.774283,1740.9 85.430708,27.774286,1741.1 85.430711,27.774289,1741.2 85.430713,27.77429,1741.3 85.430714,27.77429,1741.3 85.430714,27.774292,1741.4 85.430717,27.774296,1741.5 85.430721,27.774303,1741.8 85.430723,27.774306,1741.9 85.430725,27.774311,1742.1 85.430727,27.774316,1742.3 85.43073,27.77432,1742.4 85.430734,27.774326,1742.7 85.430738,27.774331,1742.9 85.430744,27.774336,1743.2 85.430749,27.774339,1743.4 85.430755,27.774343,1743.6 85.430761,27.774347,1743.8 85.430766,27.77435,1744 85.430771,27.774354,1744.3 85.430775,27.774359,1744.5 85.430779,27.774363,1744.7 85.430783,27.774367,1744.9 85.430786,27.77437,1745 85.430788,27.774373,1745.2 85.43079,27.774375,1745.3 85.430793,27.774378,1745.4 85.430798,27.774382,1745.6 85.430802,27.774384,1745.8 85.430806,27.774388,1746 85.430811,27.774391,1746.2 85.430814,27.774394,1746.3 85.430818,27.774398,1746.5 85.430822,27.774403,1746.8 85.430825,27.774407,1746.9 85.430828,27.774412,1747.2 85.430831,27.774417,1747.3 85.430835,27.774421,1747.5 85.430839,27.774426,1747.7 85.430843,27.77443,1747.9 85.430848,27.774435,1748.1 85.430853,27.774439,1748.3 85.430857,27.774442,1748.5 85.430863,27.774449,1748.8 85.430868,27.774456,1749 85.430871,27.774464,1749.3 85.430876,27.774472,1749.6 85.430883,27.77448,1749.9 85.430888,27.77449,1750.2 85.430889,27.774497,1750.3 85.430891,27.774504,1750.5 85.430892,27.774513,1750.8 85.430893,27.774522,1751 85.430894,27.774531,1751.2 85.430893,27.774538,1751.4 85.430895,27.774538,1751.4 85.430896,27.774537,1751.5 85.430896,27.774537,1751.5 85.430896,27.77454,1751.6 85.430894,27.774543,1751.6 85.430893,27.774548,1751.8 85.430893,27.774555,1751.9 85.430892,27.774561,1752.1 85.430892,27.774568,1752.2 85.430894,27.774579,1752.5 85.430895,27.774585,1752.6 85.430897,27.774594,1752.8 85.430899,27.774604,1753.1 85.430907,27.774614,1753.3 85.430914,27.774626,1753.6 85.430918,27.774631,1753.7 85.430925,27.774638,1753.9 85.430935,27.774644,1754.1 85.430946,27.774651,1754.4 85.430959,27.774659,1754.7 85.430966,27.774661,1754.8 85.430977,27.774665,1755 85.430986,27.77467,1755.2 85.430996,27.774674,1755.4 85.431006,27.774678,1755.6 85.431015,27.774681,1755.8 85.431024,27.774684,1755.9 85.431023,27.774686,1756 85.431027,27.774691,1756.1 85.431033,27.774697,1756.3 85.431041,27.774705,1756.6 85.431047,27.774712,1756.8 85.431052,27.774721,1757 85.431057,27.77473,1757.3 85.431061,27.774738,1757.5 85.431063,27.774748,1757.8 85.431063,27.774751,1757.8 85.431063,27.774755,1757.9 85.431063,27.774762,1758.2 85.431063,27.774769,1758.4 85.431065,27.774773,1758.5 85.431068,27.774784,1758.8 85.431068,27.774791,1759 85.431069,27.774799,1759.2 85.431071,27.774806,1759.4 85.431078,27.774815,1759.7 85.431084,27.774822,1759.9 85.431088,27.774829,1760.1 85.431093,27.774836,1760.3 85.431097,27.774842,1760.5 85.431102,27.774847,1760.7 85.431108,27.774851,1760.8 85.43111,27.774858,1761 85.431111,27.774868,1761.3 85.431114,27.774872,1761.4 85.431118,27.774878,1761.6 85.431124,27.774885,1761.8 85.43113,27.774892,1762 85.431134,27.774898,1762.2 85.431137,27.774902,1762.3 85.43114,27.774906,1762.5 85.431146,27.774912,1762.7 85.431146,27.774911,1762.7 85.431151,27.774915,1762.9 85.431153,27.774918,1763 85.431154,27.77492,1763 85.431154,27.77492,1763 85.431156,27.774921,1763.1 85.431159,27.774925,1763.2 85.431157,27.774927,1763.3 85.431158,27.774931,1763.4 85.431161,27.774935,1763.5 85.431165,27.77494,1763.6 85.431169,27.774945,1763.8 85.431175,27.774949,1764 85.43118,27.774952,1764.1 85.431184,27.774955,1764.2 85.431187,27.774959,1764.4 85.431189,27.774962,1764.5 85.431192,27.774964,1764.5 85.431196,27.774967,1764.7 85.431199,27.77497,1764.8 85.431202,27.774973,1764.9 85.431203,27.774975,1764.9 85.431207,27.774978,1765 85.43121,27.774981,1765.2 85.431214,27.774985,1765.3 85.431219,27.774989,1765.4 85.431223,27.774993,1765.6 85.431227,27.774996,1765.7 85.43123,27.774999,1765.8 85.431233,27.775002,1765.9 85.431236,27.775006,1766 85.431239,27.77501,1766.2 85.431241,27.775013,1766.3 85.431244,27.775017,1766.4 85.431247,27.775022,1766.5 85.431249,27.775028,1766.7 85.43125,27.775035,1766.9 85.431252,27.77504,1767 85.431254,27.775045,1767.1 85.431256,27.77505,1767.3 85.431257,27.775056,1767.4 85.431258,27.775064,1767.6 85.431259,27.775067,1767.7 85.431259,27.775074,1767.9 85.431259,27.77508,1768 85.431258,27.775084,1768.1 85.431259,27.775089,1768.3 85.431261,27.775098,1768.5 85.431262,27.775103,1768.6 85.431263,27.775109,1768.8 85.431263,27.775112,1768.8 85.431264,27.775113,1768.9 85.431265,27.775115,1768.9 85.431266,27.775116,1769 85.431266,27.775119,1769 85.431268,27.775122,1769.1 85.431269,27.775125,1769.2 85.431269,27.775129,1769.3 85.431269,27.775134,1769.4 85.431267,27.775139,1769.6 85.431261,27.775147,1769.8 85.431252,27.775152,1770 85.431241,27.775158,1770.3 85.431232,27.775165,1770.6 85.431229,27.775166,1770.7 85.431233,27.775163,1770.8 85.431238,27.77516,1770.9 85.43124,27.775159,1771 85.431239,27.775159,1771 85.431239,27.775159,1771 85.43124,27.775158,1771 85.431241,27.775159,1771.1 85.431241,27.775159,1771.1 85.43124,27.775158,1771.1 85.43124,27.775159,1771.1 85.43124,27.775159,1771.1 85.431241,27.775159,1771.1 85.431241,27.77516,1771.2 85.431241,27.775161,1771.2 85.431242,27.775161,1771.2 85.431242,27.775161,1771.2 85.431242,27.775161,1771.2 85.431242,27.775161,1771.2 85.431242,27.775161,1771.2 85.431242,27.775161,1771.2 85.431241,27.775161,1771.2 85.43124,27.775161,1771.3 85.431238,27.775164,1771.4 85.431237,27.775164,1771.4 85.431237,27.775165,1771.4 85.431236,27.775165,1771.4 85.431235,27.775166,1771.5 85.431235,27.775166,1771.5 85.431235,27.775167,1771.5 85.431235,27.775167,1771.5 85.431235,27.775168,1771.5 85.431235,27.775168,1771.5 85.431235,27.775168,1771.5 85.431235,27.775168,1771.5 85.431235,27.77517,1771.6 85.431236,27.775171,1771.6 85.431237,27.775171,1771.6 85.431237,27.775171,1771.6 85.431237,27.775171,1771.6 85.431237,27.775173,1771.7 85.431235,27.775176,1771.8 85.431233,27.77518,1771.9 85.431231,27.775183,1772 85.431225,27.77519,1772.2 85.431217,27.775196,1772.4 85.431208,27.775203,1772.7 85.4312,27.775208,1772.9 85.431192,27.775213,1773.1 85.431189,27.775216,1773.2 85.431187,27.775219,1773.3 85.431189,27.775222,1773.4 85.431192,27.775224,1773.5 85.431197,27.775224,1773.6 85.431199,27.775223,1773.6 85.431202,27.775223,1773.7 85.431205,27.775224,1773.7 85.431207,27.775225,1773.8 85.43121,27.775227,1773.9 85.431211,27.775228,1773.9 85.431213,27.775228,1774 85.431216,27.775229,1774 85.431219,27.775229,1774.1 85.431222,27.775229,1774.2 85.431226,27.775229,1774.2 85.431228,27.775229,1774.3 85.431231,27.77523,1774.4 85.431236,27.775231,1774.5 85.43124,27.775231,1774.6 85.43125,27.775231,1774.8 85.431261,27.775233,1775 85.43127,27.775234,1775.2 85.431274,27.775235,1775.3 85.431272,27.775238,1775.4 85.43127,27.77524,1775.5 85.431269,27.775243,1775.5 85.431269,27.775245,1775.6 85.431269,27.775247,1775.6 85.43127,27.77525,1775.7 85.431272,27.775253,1775.8 85.431276,27.775256,1775.9 85.431285,27.775261,1776.1 85.431295,27.775265,1776.4 85.431302,27.775267,1776.5 85.431306,27.775269,1776.6 85.431309,27.77527,1776.7 85.431311,27.775272,1776.8 85.431313,27.775273,1776.8 85.431315,27.775274,1776.9 85.431317,27.775275,1776.9 85.431322,27.775276,1777 85.431326,27.775277,1777.1 85.431341,27.77528,1777.5 85.431356,27.775285,1777.8 85.43137,27.775292,1778.1 85.431379,27.775294,1778.4 85.431392,27.775298,1778.7 85.431401,27.775303,1778.9 85.43141,27.775309,1779.1 85.431423,27.775315,1779.4 85.43143,27.775318,1779.6 85.43144,27.775321,1779.8 85.43145,27.775324,1780 85.431457,27.775327,1780.1 85.431463,27.77533,1780.3 85.431472,27.775332,1780.4 85.43148,27.77533,1780.6 85.431487,27.775321,1780.9 85.431492,27.775318,1781 85.431499,27.775314,1781.1 85.4315,27.775307,1781.3 85.431499,27.775306,1781.3 85.431499,27.775307,1781.3 85.4315,27.775308,1781.3 85.431502,27.775307,1781.4 85.431505,27.775306,1781.4 85.431509,27.775306,1781.5 85.431521,27.775304,1781.7 85.431535,27.7753,1782 85.43155,27.775302,1782.3 85.431561,27.775306,1782.5 85.431576,27.775313,1782.7 85.431581,27.775316,1782.8 85.43158,27.775319,1782.9 85.431576,27.775316,1783 85.431576,27.775312,1783 85.431581,27.775308,1783.1 85.431585,27.775303,1783.2 85.431587,27.775298,1783.3 85.431592,27.775294,1783.4 85.431565,27.775306,1783.9 85.431548,27.775317,1784.2 85.43155,27.775317,1784.2 85.431552,27.775314,1784.3 85.431551,27.775312,1784.3 85.431549,27.775313,1784.3 85.431547,27.775315,1784.4 85.431545,27.775316,1784.4 85.431543,27.775317,1784.4 85.431541,27.775318,1784.4 85.43154,27.775318,1784.5 85.431538,27.775318,1784.5 85.431537,27.775317,1784.5 85.431535,27.775316,1784.5 85.431534,27.775316,1784.5 85.431535,27.775316,1784.6 85.431532,27.775315,1784.6 85.43153,27.775315,1784.6 85.43153,27.775314,1784.6 85.431527,27.775314,1784.7 85.431524,27.775314,1784.7 85.431523,27.775314,1784.7 85.431521,27.775314,1784.8 85.431521,27.775314,1784.8 85.431521,27.775314,1784.8 85.431521,27.775311,1784.8 85.431524,27.775306,1784.9 85.431522,27.775304,1784.9 85.431523,27.775301,1785 85.431524,27.775299,1785 85.431527,27.775295,1785.1 85.431529,27.775293,1785.1 85.431533,27.775295,1785.2 85.431533,27.775298,1785.2 85.431533,27.775301,1785.3 85.431531,27.775301,1785.3 85.43153,27.775303,1785.3 85.431531,27.775304,1785.3 85.431531,27.775307,1785.4 85.431531,27.775311,1785.4 85.43153,27.775314,1785.5 85.43153,27.775316,1785.5 85.43153,27.775317,1785.5 85.43153,27.775317,1785.5 85.43153,27.775317,1785.5 85.43153,27.775317,1785.5 85.431531,27.775316,1785.5 85.431531,27.775315,1785.5 85.431532,27.775316,1785.6 85.431532,27.775316,1785.6 85.431532,27.775317,1785.6 85.431533,27.775317,1785.6 85.431532,27.775317,1785.6 85.431533,27.775317,1785.6 85.431534,27.775316,1785.6 85.431533,27.775314,1785.6 85.431538,27.775312,1785.7 85.431541,27.775313,1785.7 85.431541,27.775314,1785.8 85.431543,27.775314,1785.8 85.431544,27.775313,1785.8 85.431546,27.775314,1785.8 85.431547,27.775313,1785.8 85.431548,27.775312,1785.9 85.431549,27.775311,1785.9 85.431549,27.775309,1785.9 85.431549,27.775308,1785.9 85.43155,27.775307,1785.9 85.43155,27.775306,1785.9 85.431549,27.775306,1786 85.431549,27.775305,1786 85.431549,27.775304,1786 85.431549,27.775302,1786 85.431549,27.775302,1786 85.431549,27.775303,1786 85.431548,27.775303,1786 85.431549,27.775303,1786 85.431549,27.775301,1786.1 85.43155,27.775301,1786.1 85.431551,27.775299,1786.1 85.431552,27.775298,1786.1 85.431554,27.775297,1786.2 85.431555,27.775298,1786.2 85.431555,27.775298,1786.2 85.431553,27.775296,1786.2 85.43155,27.775295,1786.2 85.431548,27.775294,1786.3 85.431546,27.775293,1786.3 85.431544,27.775292,1786.3 85.431542,27.775291,1786.4 85.43154,27.77529,1786.4 85.43154,27.775289,1786.4 85.431539,27.775288,1786.4 85.431537,27.775288,1786.4 85.431536,27.775287,1786.5 85.431536,27.775287,1786.5 85.431535,27.775286,1786.5 85.431534,27.775285,1786.5 85.431533,27.775284,1786.5 85.431532,27.775284,1786.5 85.431529,27.775285,1786.6 85.431531,27.775286,1786.6 85.431533,27.775287,1786.6 85.431539,27.775292,1786.7 85.431543,27.775297,1786.8 85.431546,27.775298,1786.8 85.431556,27.775306,1787 85.431561,27.775311,1787.1 85.43156,27.775312,1787.1 85.431559,27.775311,1787.1 85.43156,27.775315,1787.1 85.431559,27.775314,1787.2 85.431559,27.77532,1787.2 85.431559,27.775322,1787.3 85.431559,27.775324,1787.3 85.431559,27.775326,1787.3 85.431559,27.775327,1787.3 85.43156,27.775328,1787.4 85.43156,27.775328,1787.4 85.431561,27.775329,1787.4 85.431562,27.77533,1787.4 85.431562,27.775331,1787.4 85.431562,27.775332,1787.4 85.431562,27.775332,1787.4 85.431562,27.775334,1787.4 85.431561,27.775334,1787.5 85.43156,27.775334,1787.5 85.43156,27.775335,1787.5 85.43156,27.775335,1787.5 85.43156,27.775336,1787.5 85.43156,27.775338,1787.5 85.43156,27.775339,1787.5 85.43156,27.775339,1787.5 85.431559,27.77534,1787.5 85.431559,27.775341,1787.6 85.431559,27.775341,1787.6 85.431559,27.775339,1787.6 85.431556,27.775337,1787.6 85.431554,27.775336,1787.7 85.431552,27.775335,1787.7 85.43155,27.775335,1787.7 85.431548,27.775334,1787.7 85.431546,27.775334,1787.8 85.431545,27.775334,1787.8 85.431544,27.775334,1787.8 85.431545,27.775333,1787.8 85.431547,27.775333,1787.8 85.431548,27.775329,1787.9 85.431548,27.775329,1787.9 85.431549,27.77533,1787.9 85.43155,27.775332,1787.9 85.431551,27.775334,1787.9 85.431551,27.775336,1788 85.431551,27.775339,1788 85.431551,27.775339,1788 85.431551,27.775339,1788 85.431552,27.77534,1788 85.431552,27.775341,1788 85.431556,27.775341,1788.1 85.431558,27.775341,1788.1 85.431558,27.775341,1788.1 85.431559,27.775341,1788.1 85.431559,27.775342,1788.1 85.431559,27.775343,1788.1 85.431561,27.775343,1788.2 85.431565,27.775342,1788.2 85.431566,27.775342,1788.2 85.431568,27.775342,1788.3 85.431569,27.775341,1788.3 85.43157,27.775341,1788.3 85.431571,27.77534,1788.3 85.431572,27.77534,1788.3 85.431573,27.77534,1788.3 85.431576,27.77534,1788.4 85.431579,27.775342,1788.4 85.431579,27.775343,1788.4 85.431579,27.775345,1788.4 85.43158,27.775345,1788.5 85.431579,27.775345,1788.5 85.431577,27.775345,1788.5 85.431577,27.775345,1788.5 85.431576,27.775345,1788.5 85.431576,27.775344,1788.5 85.431577,27.775344,1788.5 85.431576,27.775345,1788.5 85.431575,27.775343,1788.6 85.431576,27.775342,1788.6 85.431575,27.775343,1788.6 85.431575,27.775344,1788.6 85.431577,27.775342,1788.7 85.431579,27.775339,1788.7 85.431582,27.775338,1788.8 85.431584,27.775338,1788.8 85.431585,27.77534,1788.8 85.431586,27.775342,1788.9 85.431587,27.775343,1788.9 85.431588,27.775344,1788.9 85.431589,27.775344,1788.9 85.431589,27.775343,1788.9 85.43159,27.775342,1788.9 85.43159,27.775343,1789 85.43159,27.775342,1789 85.431592,27.77534,1789 85.431594,27.775339,1789 85.431595,27.775338,1789.1 85.431598,27.775333,1789.1 85.431599,27.775332,1789.2 85.431599,27.775331,1789.2 85.4316,27.77533,1789.2 85.431601,27.775329,1789.2 85.431603,27.77533,1789.2 85.431605,27.77533,1789.3 85.431606,27.77533,1789.3 85.431607,27.775332,1789.3 85.431608,27.775332,1789.3 85.431609,27.775333,1789.3 85.431608,27.775335,1789.4 85.431608,27.775337,1789.4 85.431606,27.77534,1789.5 85.431605,27.775343,1789.5 85.431604,27.775343,1789.5 85.431603,27.775346,1789.6 85.431602,27.775352,1789.7 85.431601,27.775354,1789.7 85.431602,27.775354,1789.7 85.4316,27.775357,1789.8 85.431599,27.77536,1789.8 85.431599,27.775361,1789.8 85.431598,27.775361,1789.8 85.431597,27.775362,1789.9 85.431597,27.775364,1789.9 85.431597,27.775363,1789.9 85.431594,27.775366,1790 85.431593,27.775367,1790 85.431593,27.775369,1790 85.431593,27.77537,1790 85.431593,27.775369,1790.1 85.431592,27.77537,1790.1 85.431592,27.775369,1790.1 85.431592,27.775368,1790.1 85.431592,27.775368,1790.1 85.431592,27.775368,1790.1 85.431591,27.775368,1790.1 85.431591,27.775367,1790.1 85.431592,27.775367,1790.2 85.431592,27.775367,1790.2 85.431592,27.775367,1790.2 85.431591,27.775368,1790.2 85.431591,27.775368,1790.2 85.43159,27.775368,1790.2 85.43159,27.775368,1790.2 85.43159,27.775368,1790.2 85.43159,27.775368,1790.2 85.43159,27.775366,1790.2 85.43159,27.775365,1790.2 85.431592,27.775365,1790.3 85.431593,27.775364,1790.3 85.431591,27.775365,1790.3 85.431589,27.775365,1790.4 85.431588,27.775366,1790.4 85.431587,27.775367,1790.4 85.431587,27.775366,1790.4 85.431588,27.775365,1790.4 85.431587,27.775366,1790.5 85.431588,27.775367,1790.5 85.431588,27.775369,1790.5 85.43159,27.775368,1790.5 85.431592,27.775367,1790.6 85.431599,27.775361,1790.7 85.431608,27.775355,1790.9 85.431616,27.77535,1791 85.431623,27.775347,1791.2 85.43163,27.775343,1791.3 85.431633,27.775341,1791.4 85.431636,27.775338,1791.4 85.431639,27.775336,1791.5 85.431642,27.775335,1791.6 85.431644,27.775334,1791.6 85.431647,27.775333,1791.7 85.431649,27.775331,1791.7 85.431651,27.775331,1791.7 85.431654,27.77533,1791.8 85.431656,27.775329,1791.8 85.43166,27.775328,1791.9 85.431662,27.775328,1791.9 85.431664,27.775328,1792 85.431665,27.775329,1792 85.431667,27.775329,1792 85.431669,27.77533,1792.1 85.431673,27.775333,1792.2 85.431673,27.775334,1792.2 85.431677,27.775336,1792.3 85.431679,27.775337,1792.3 85.431682,27.775339,1792.4 85.431685,27.775342,1792.4 85.431687,27.775344,1792.5 85.43169,27.775346,1792.6 85.431692,27.775348,1792.6 85.431693,27.775351,1792.7 85.431694,27.775353,1792.7 85.431696,27.775355,1792.8 85.431696,27.775356,1792.8 85.431696,27.775357,1792.8 85.431696,27.775358,1792.9 85.431695,27.77536,1792.9 85.431695,27.77536,1792.9 85.431695,27.775362,1792.9 85.431696,27.775362,1793 85.431698,27.775364,1793 85.431699,27.775364,1793 85.431701,27.775366,1793.1 85.431704,27.775368,1793.2 85.431704,27.775368,1793.2 85.431703,27.775369,1793.2 85.431703,27.775369,1793.2 85.431702,27.77537,1793.2 85.431703,27.775371,1793.3 85.431704,27.775372,1793.3 85.431705,27.775373,1793.3 85.431705,27.775373,1793.3 85.431706,27.775374,1793.3 85.431706,27.775374,1793.3 85.431707,27.775374,1793.4 85.431707,27.775374,1793.4 85.431706,27.775374,1793.4 85.431706,27.775376,1793.4 85.431707,27.775377,1793.5 85.431706,27.775378,1793.5 85.431706,27.775378,1793.5 85.431706,27.775378,1793.5 85.431706,27.775378,1793.5 85.431706,27.775378,1793.5 85.431707,27.775378,1793.5 85.431707,27.775378,1793.5 85.431707,27.775379,1793.5 85.431707,27.775379,1793.5 85.431707,27.775379,1793.5 85.431707,27.775379,1793.5 85.431707,27.775379,1793.5 85.431706,27.77538,1793.6 85.431706,27.77538,1793.6 85.431707,27.77538,1793.6 85.431707,27.77538,1793.6 85.431707,27.77538,1793.6 85.431707,27.77538,1793.6 85.431707,27.77538,1793.6 85.431708,27.77538,1793.6 85.431708,27.775379,1793.6 85.431708,27.775379,1793.6 85.431708,27.775379,1793.6 85.43171,27.775378,1793.7 85.43171,27.775378,1793.7 85.431711,27.775378,1793.7 85.431711,27.775379,1793.7 85.431711,27.775379,1793.7 85.431712,27.775379,1793.7 85.431712,27.775379,1793.7 85.431712,27.77538,1793.7 85.431712,27.77538,1793.7 85.431712,27.775381,1793.8 85.431711,27.77538,1793.8 85.43171,27.775379,1793.8 85.431709,27.775379,1793.8 85.431709,27.775378,1793.9 85.431708,27.775378,1793.9 85.431708,27.775378,1793.9 85.431707,27.775379,1793.9 85.431708,27.77538,1793.9 85.431709,27.775381,1794 85.43171,27.775382,1794 85.431712,27.775384,1794.1 85.431714,27.775386,1794.1 85.431716,27.775389,1794.2 85.431719,27.77539,1794.3 85.431722,27.775393,1794.3 85.431724,27.775394,1794.4 85.431728,27.775397,1794.5 85.43173,27.7754,1794.6 85.431733,27.775402,1794.7 85.431735,27.775403,1794.7 85.431739,27.775404,1794.8 85.431743,27.775407,1794.9 85.431745,27.775409,1795 85.431748,27.775411,1795.1 85.43175,27.775412,1795.1 85.431752,27.775414,1795.2 85.431752,27.775414,1795.2 85.431754,27.775414,1795.2 85.431756,27.775414,1795.3 85.431761,27.775416,1795.4 85.431763,27.775418,1795.4 85.431763,27.775419,1795.5 85.431764,27.77542,1795.5 85.431764,27.77542,1795.5 85.431765,27.775421,1795.5 85.431766,27.775422,1795.6 85.431766,27.775423,1795.6 85.431768,27.775425,1795.7 85.431769,27.775425,1795.7 85.43177,27.775426,1795.7 85.431772,27.775427,1795.8 85.431773,27.775429,1795.8 85.431775,27.77543,1795.9 85.431777,27.775432,1795.9 85.431779,27.775434,1796 85.431781,27.775436,1796.1 85.431783,27.775437,1796.1 85.431784,27.775438,1796.1 85.431787,27.77544,1796.2 85.43179,27.775442,1796.3 85.431794,27.775445,1796.4 85.431797,27.775448,1796.5 85.431802,27.775453,1796.7 85.431807,27.775459,1796.9 85.43181,27.775462,1797 85.431814,27.775467,1797.1 85.431817,27.775471,1797.3 85.431819,27.775473,1797.3 85.431823,27.775479,1797.5 85.431826,27.775483,1797.6 85.431828,27.775487,1797.7 85.431829,27.775491,1797.8 85.431832,27.775496,1798 85.431832,27.775498,1798 85.431834,27.775501,1798.1 85.431835,27.775503,1798.2 85.431836,27.775504,1798.2 85.431839,27.775507,1798.3 85.43184,27.775508,1798.3 85.431842,27.775509,1798.4 85.431843,27.775511,1798.5 85.431845,27.775513,1798.5 85.431848,27.775515,1798.6 85.43185,27.775516,1798.7 85.431852,27.775518,1798.7 85.431857,27.77552,1798.9 85.431862,27.775523,1799 85.431867,27.775524,1799.1 85.43187,27.775524,1799.2 85.43187,27.775524,1799.2 85.431871,27.775523,1799.2 85.431872,27.775522,1799.2 85.431873,27.775521,1799.3 85.431875,27.77552,1799.3 85.431879,27.775518,1799.4 85.43188,27.775518,1799.4 85.431883,27.775517,1799.5 85.43189,27.775517,1799.7 85.431895,27.775518,1799.8 85.431901,27.775517,1799.9 85.431905,27.775517,1800 85.43191,27.775515,1800.1 85.431914,27.775512,1800.3 85.431916,27.775511,1800.3 85.431917,27.77551,1800.3 85.431917,27.77551,1800.3 85.431917,27.77551,1800.3 85.431917,27.77551,1800.3 85.431917,27.77551,1800.3 85.431917,27.77551,1800.3 85.431917,27.775509,1800.4 85.431916,27.775508,1800.4 85.431914,27.775507,1800.5 85.431914,27.775506,1800.5 85.431913,27.775505,1800.5 85.431912,27.775503,1800.6 85.431911,27.775501,1800.6 85.431912,27.775501,1800.6 85.431913,27.775502,1800.7 85.431915,27.775502,1800.7 85.431916,27.775501,1800.8 85.431917,27.775501,1800.8 85.431919,27.7755,1800.8 85.43192,27.7755,1800.8 85.431921,27.775501,1800.9 85.431921,27.7755,1800.9 85.431921,27.7755,1800.9 85.43192,27.775501,1800.9 85.43192,27.775502,1801 85.431922,27.775503,1801 85.431922,27.775503,1801 85.43192,27.775504,1801.1 85.431918,27.775504,1801.1 85.431913,27.775504,1801.2 85.431914,27.775506,1801.3 85.431915,27.775508,1801.3 85.431915,27.775509,1801.3 85.431917,27.775508,1801.4 85.431919,27.775507,1801.4 85.43192,27.775506,1801.5 85.431922,27.775505,1801.5 85.431923,27.775505,1801.5 85.431923,27.775504,1801.5 85.431922,27.7755,1801.6 85.431923,27.775496,1801.7 85.431925,27.775492,1801.8 85.431926,27.775479,1802.2 85.431924,27.775469,1802.4 85.431919,27.775461,1802.6 85.431914,27.775453,1802.8 85.431911,27.775446,1803 85.431911,27.775442,1803.1 85.431911,27.77544,1803.1 85.43191,27.775438,1803.2 85.431908,27.775436,1803.2 85.431905,27.775434,1803.3 85.431901,27.775433,1803.4 85.431896,27.775432,1803.5 85.431891,27.775432,1803.6 85.431881,27.775437,1803.8 85.431871,27.775445,1804.1 85.431865,27.775453,1804.3 85.431861,27.775457,1804.4 85.431852,27.775461,1804.6 85.431851,27.77546,1804.6 85.431852,27.775456,1804.7 85.431853,27.775452,1804.8 85.431854,27.77545,1804.9 85.431854,27.775449,1804.9 85.431853,27.775446,1804.9 85.431853,27.775444,1805 85.431853,27.775442,1805 85.431854,27.775441,1805 85.431853,27.77544,1805.1 85.431853,27.775438,1805.1 85.431853,27.775437,1805.1 85.431856,27.775431,1805.3 85.431857,27.775428,1805.3 85.431858,27.775426,1805.4 85.431858,27.775426,1805.4 85.431858,27.775425,1805.4 85.431857,27.775425,1805.4 85.431857,27.775425,1805.4 85.431857,27.775425,1805.4 85.431857,27.775425,1805.4 85.431857,27.775424,1805.4 85.431856,27.775424,1805.5 85.431856,27.775424,1805.5 85.431856,27.775424,1805.5 85.431849,27.77542,1805.6 85.431848,27.775415,1805.7 85.431847,27.775413,1805.7 85.431851,27.775414,1805.8 85.431855,27.77542,1806 85.431862,27.775432,1806.2 85.431876,27.775452,1806.7 85.431884,27.775463,1807 85.431889,27.775467,1807.1 85.43189,27.77547,1807.2 85.431891,27.775473,1807.2 85.431892,27.775475,1807.3 85.431893,27.775476,1807.3 85.4319,27.775489,1807.6 85.431904,27.775497,1807.8 85.431906,27.7755,1807.8 85.431908,27.775501,1807.9 85.431909,27.775502,1807.9 85.43191,27.775502,1807.9 85.431911,27.775503,1807.9 85.431912,27.775504,1808 85.431912,27.775504,1808 85.431913,27.775504,1808 85.431912,27.775504,1808 85.431912,27.775504,1808 85.431912,27.775503,1808 85.431912,27.775504,1808.1 85.431914,27.775504,1808.1 85.431917,27.775504,1808.1 85.431919,27.775505,1808.2 85.43192,27.775504,1808.2 85.43192,27.775503,1808.2 85.431918,27.775501,1808.3 85.431913,27.775501,1808.4 85.431909,27.775505,1808.5 85.431907,27.77551,1808.6 85.431911,27.775516,1808.7 85.431916,27.775519,1808.8 85.43192,27.775518,1808.9 85.431922,27.775518,1808.9 85.431923,27.775519,1809 85.431924,27.775519,1809 85.431927,27.775519,1809 85.43193,27.775519,1809.1 85.431934,27.775519,1809.2 85.431937,27.775519,1809.2 85.431939,27.77552,1809.3 85.43194,27.77552,1809.3 85.43194,27.77552,1809.3 85.431941,27.77552,1809.3 85.431941,27.77552,1809.3 85.431941,27.77552,1809.3 85.431941,27.77552,1809.3 85.431942,27.775521,1809.3 85.431943,27.775521,1809.3 85.431945,27.775522,1809.4 85.431949,27.775523,1809.5 85.431952,27.775522,1809.5 85.431956,27.775522,1809.6 85.431959,27.775522,1809.6 85.431965,27.775522,1809.8 85.431972,27.775522,1809.9 85.431979,27.775522,1810 85.431985,27.775521,1810.1 85.43199,27.77552,1810.2 85.432,27.77552,1810.4 85.432008,27.775521,1810.5 85.432017,27.775521,1810.7 85.432025,27.775521,1810.8 85.432034,27.775521,1811 85.432044,27.775522,1811.3 85.432053,27.775522,1811.5 85.432062,27.775522,1811.6 85.432073,27.775522,1811.8 85.432079,27.775521,1811.9 85.432086,27.775521,1812 85.432093,27.775519,1812.1 85.432099,27.775517,1812.2 85.432104,27.775513,1812.4 85.432111,27.775512,1812.5 85.432115,27.775516,1812.6 85.432116,27.775523,1812.7 85.432118,27.775529,1812.8 85.43212,27.775533,1812.9 85.432123,27.775538,1813 85.432125,27.775542,1813.1 85.432126,27.775546,1813.2 85.432129,27.77555,1813.3 85.432132,27.775552,1813.3 85.432136,27.775553,1813.4 85.432138,27.775553,1813.4 85.432139,27.775552,1813.5 85.432139,27.775551,1813.5 85.432139,27.775552,1813.5 85.432139,27.775552,1813.5 85.43214,27.775553,1813.5 85.432141,27.775553,1813.5 85.432141,27.775553,1813.5 85.432142,27.775553,1813.6 85.432143,27.775553,1813.6 85.432144,27.775553,1813.6 85.432147,27.775553,1813.6 85.432149,27.775553,1813.7 85.43215,27.775553,1813.7 85.43215,27.775553,1813.7 85.432151,27.775553,1813.7 85.432153,27.775553,1813.7 85.432154,27.775552,1813.8 85.432154,27.775552,1813.8 85.432154,27.775552,1813.8 85.432161,27.775546,1813.9 85.432162,27.775545,1814 85.432165,27.775541,1814 85.432166,27.775539,1814.1 85.432166,27.775539,1814.1 85.432165,27.775538,1814.1 85.432165,27.775537,1814.1 85.432163,27.775538,1814.2 85.432163,27.775538,1814.2 85.432162,27.775537,1814.2 85.432158,27.775539,1814.3 85.432156,27.775539,1814.3 85.432155,27.775541,1814.3 85.432156,27.775541,1814.4 85.432157,27.775539,1814.4 85.432158,27.775537,1814.4 85.432157,27.775535,1814.5 85.432156,27.775533,1814.5 85.432155,27.775532,1814.6 85.432154,27.775531,1814.6 85.432154,27.77553,1814.6 85.432155,27.775529,1814.6 85.432155,27.775529,1814.6 85.432154,27.775528,1814.7 85.432155,27.775528,1814.7 85.432155,27.775527,1814.7 85.432155,27.775528,1814.7 85.432155,27.775527,1814.7 85.432155,27.775528,1814.8 85.432155,27.775528,1814.8 85.432154,27.775528,1814.8 85.432155,27.775528,1814.8 85.432155,27.775528,1814.8 85.432155,27.775528,1814.8 85.432155,27.775527,1814.8 85.432155,27.775529,1814.8 85.432155,27.775529,1814.8 85.432155,27.775529,1814.8 85.432154,27.775528,1814.9 85.432155,27.775528,1814.9 85.432155,27.775528,1814.9 85.432155,27.775528,1814.9 85.432155,27.775528,1814.9 85.432155,27.775528,1814.9 85.432155,27.775528,1814.9 85.432154,27.775528,1814.9 85.432154,27.775529,1814.9 85.432154,27.775528,1814.9 85.432154,27.775528,1814.9 85.432154,27.775529,1815 85.432154,27.775529,1815 85.432154,27.775529,1815 85.432154,27.775529,1815 85.432155,27.77553,1815 85.432158,27.775533,1815.1 85.432159,27.775536,1815.1 85.43216,27.775539,1815.2 85.432161,27.775541,1815.2 85.432161,27.775543,1815.3 85.432158,27.775545,1815.3 85.432154,27.775548,1815.4 85.432145,27.775553,1815.6 85.432136,27.775559,1815.8 85.43213,27.775566,1816 85.432132,27.775571,1816.1 85.432134,27.775568,1816.2 85.432131,27.775564,1816.3 85.432131,27.775557,1816.4 85.432133,27.775549,1816.6 85.432139,27.775545,1816.7 85.432142,27.775549,1816.8 85.43214,27.775558,1817 85.432138,27.775564,1817.2 85.432141,27.775566,1817.2 85.432143,27.775566,1817.3 85.432144,27.775564,1817.3 85.432145,27.775562,1817.4 85.432146,27.77556,1817.4 85.432146,27.775559,1817.4 85.432147,27.775558,1817.5 85.432148,27.775557,1817.5 85.432148,27.775557,1817.5 85.432148,27.775556,1817.5 85.432149,27.775556,1817.5 85.432149,27.775556,1817.5 85.432149,27.775556,1817.5 85.432148,27.775556,1817.6 85.432149,27.775557,1817.6 85.432148,27.775556,1817.6 85.432148,27.775556,1817.6 85.432148,27.775556,1817.6 85.432148,27.775556,1817.6 85.432148,27.775556,1817.6 85.432148,27.775556,1817.6 85.432149,27.775556,1817.6 85.432149,27.775556,1817.6 85.432149,27.775556,1817.6 85.432149,27.775557,1817.7 85.43215,27.775557,1817.7 85.43215,27.775557,1817.7 85.43215,27.775557,1817.7 85.43215,27.775558,1817.7 85.432151,27.775558,1817.7 85.432151,27.775559,1817.7 85.432153,27.77556,1817.8 85.432155,27.775561,1817.8 85.432155,27.77556,1817.9 85.432155,27.77556,1817.9 85.432157,27.77556,1817.9 85.43216,27.775561,1818 85.432158,27.77556,1818 85.432156,27.775559,1818.1 85.432155,27.775559,1818.1 85.432155,27.775558,1818.1 85.432154,27.775557,1818.1 85.432154,27.775556,1818.2 85.432153,27.775555,1818.2 85.432151,27.775554,1818.2 85.432151,27.775553,1818.3 85.43215,27.775552,1818.3 85.432149,27.775551,1818.3 85.43215,27.77555,1818.3 85.432149,27.775549,1818.4 85.43215,27.775548,1818.4 85.432149,27.775547,1818.4 85.432148,27.775546,1818.5 85.432148,27.775544,1818.5 85.432148,27.775543,1818.5 85.432147,27.775542,1818.6 85.432147,27.775541,1818.6 85.432148,27.775542,1818.6 85.432148,27.775543,1818.6 85.432149,27.775547,1818.7 85.43215,27.775551,1818.8 85.432151,27.775554,1818.9 85.432153,27.775558,1819 85.432153,27.775559,1819 85.432153,27.775561,1819.1 85.432154,27.775563,1819.1 85.432154,27.775564,1819.1 85.432152,27.775566,1819.2 85.432152,27.775567,1819.2 85.432152,27.775569,1819.3 85.432152,27.77557,1819.3 85.432153,27.775572,1819.3 85.432153,27.775573,1819.4 85.432152,27.775574,1819.4 85.432152,27.775574,1819.4 85.432152,27.775575,1819.4 85.432152,27.775575,1819.4 85.432153,27.775576,1819.4 85.432154,27.775577,1819.5 85.432155,27.775579,1819.5 85.432157,27.77558,1819.6 85.432159,27.775581,1819.6 85.432159,27.775582,1819.7 85.43216,27.775582,1819.7 85.432159,27.775582,1819.7 85.432159,27.775581,1819.7 85.432159,27.77558,1819.7 85.432158,27.775579,1819.8 85.432158,27.775579,1819.8 85.432157,27.775578,1819.8 85.432157,27.775577,1819.8 85.432157,27.775577,1819.8 85.432156,27.775578,1819.9 85.432155,27.775578,1819.9 85.432155,27.775578,1819.9 85.432155,27.775578,1819.9 85.432155,27.775579,1819.9 85.432155,27.775579,1819.9 85.432156,27.775579,1819.9 85.432156,27.775579,1819.9 85.432156,27.77558,1820 85.432156,27.77558,1820 85.432156,27.77558,1820 85.432156,27.775581,1820 85.432156,27.775581,1820 85.432156,27.775581,1820 85.432156,27.775581,1820 85.432156,27.775582,1820 85.432156,27.775582,1820 85.432156,27.775582,1820 85.432156,27.775582,1820 85.432157,27.775583,1820 85.432157,27.775582,1820.1 85.432157,27.775582,1820.1 85.432157,27.775582,1820.1 85.432157,27.775582,1820.1 85.432156,27.775583,1820.1 85.432155,27.775582,1820.1 85.432154,27.775584,1820.2 85.432153,27.775584,1820.2 85.432148,27.775591,1820.4 85.432152,27.775607,1820.8 85.432158,27.775609,1820.9 85.432164,27.775608,1821.1 85.432168,27.775609,1821.1 85.432185,27.775597,1821.6 85.432196,27.775585,1822 85.432203,27.775573,1822.3 85.432205,27.775562,1822.6 85.432203,27.77556,1822.6 85.432193,27.775551,1822.9 85.43219,27.775551,1823 85.432188,27.775549,1823.1 85.432187,27.775546,1823.1 85.432187,27.775544,1823.2 85.432188,27.77554,1823.3 85.432189,27.775538,1823.3 85.432187,27.775536,1823.4 85.432189,27.775528,1823.6 85.432193,27.77552,1823.8 85.432198,27.775513,1824 85.432204,27.775508,1824.2 85.432212,27.775503,1824.4 85.432218,27.775503,1824.5 85.432226,27.775504,1824.7 85.432228,27.775504,1824.7 85.432233,27.775504,1824.8 85.432238,27.775505,1824.9 85.432247,27.775508,1825.1 85.432253,27.77551,1825.3 85.43226,27.775512,1825.4 85.432267,27.775514,1825.6 85.432273,27.775517,1825.7 85.43228,27.77552,1825.9 85.432286,27.775522,1826 85.432292,27.775523,1826.1 85.432298,27.775525,1826.3 85.432304,27.775527,1826.4 85.432311,27.77553,1826.6 85.432319,27.775533,1826.7 85.432324,27.775536,1826.9 85.432326,27.775537,1826.9 85.432335,27.77554,1827.1 85.432343,27.775541,1827.3 85.432352,27.775542,1827.4 85.432359,27.775543,1827.6 85.432363,27.775547,1827.7 85.432371,27.775552,1827.9 85.432378,27.775556,1828 85.432384,27.775559,1828.1 85.432389,27.775562,1828.3 85.432395,27.775565,1828.4 85.432402,27.775565,1828.5 85.432408,27.775566,1828.6 85.432414,27.775566,1828.7 85.432421,27.775567,1828.8 85.432427,27.775568,1828.9 85.432432,27.77557,1829 85.432438,27.775571,1829.1 85.432441,27.775571,1829.2 85.432441,27.77557,1829.2 85.432436,27.77557,1829.3 85.432435,27.77557,1829.3 85.432435,27.775572,1829.3 85.432435,27.775574,1829.4 85.432435,27.775575,1829.4 85.432433,27.775576,1829.4 85.432433,27.775577,1829.4 85.432432,27.775576,1829.5 85.432431,27.775577,1829.5 85.432431,27.775578,1829.5 85.432431,27.775578,1829.5 85.432431,27.775578,1829.5 85.43243,27.775577,1829.5 85.432428,27.775578,1829.6 85.432427,27.775576,1829.6 85.432425,27.775574,1829.7 85.432424,27.775569,1829.8 85.432425,27.775567,1829.8 85.432426,27.775568,1829.8 85.432427,27.775569,1829.9 85.432428,27.775569,1829.9 85.432429,27.775569,1829.9 85.43243,27.775569,1829.9 85.432429,27.77557,1829.9 85.432429,27.77557,1829.9 85.432429,27.77557,1829.9 85.432429,27.775571,1829.9 85.432429,27.775571,1829.9 85.43243,27.775572,1830 85.43243,27.775574,1830 85.43243,27.775575,1830 85.43243,27.775577,1830.1 85.43243,27.775578,1830.1 85.432429,27.775578,1830.1 85.432429,27.775581,1830.1 85.432429,27.775584,1830.2 85.43243,27.775587,1830.2 85.432432,27.775591,1830.3 85.432432,27.775593,1830.3 85.432432,27.775594,1830.4 85.432432,27.775595,1830.4 85.432433,27.775596,1830.4 85.432434,27.775598,1830.4 85.432437,27.775598,1830.5 85.432439,27.7756,1830.5 85.432441,27.775604,1830.6 85.432444,27.775608,1830.7 85.432444,27.775611,1830.7 85.432446,27.775614,1830.8 85.432451,27.775619,1830.9 85.432455,27.775624,1831 85.432461,27.77563,1831.1 85.43247,27.775638,1831.3 85.432476,27.775642,1831.4 85.432479,27.775643,1831.4 85.432485,27.775646,1831.5 85.432491,27.77565,1831.6 85.4325,27.775655,1831.7 85.432506,27.775658,1831.8 85.432512,27.775662,1831.9 85.432515,27.775663,1831.9 85.43252,27.775666,1832 85.432527,27.775669,1832.1 85.432532,27.775671,1832.2 85.432538,27.775671,1832.2 85.432545,27.775672,1832.3 85.432547,27.77567,1832.4 85.432552,27.775673,1832.4 85.432558,27.775673,1832.5 85.432562,27.775673,1832.6 85.432566,27.775673,1832.6 85.432573,27.775671,1832.7 85.43258,27.775668,1832.8 85.432585,27.775666,1832.8 85.432591,27.775666,1832.9 85.432599,27.775668,1833 85.432606,27.775671,1833.1 85.432612,27.775674,1833.1 85.43262,27.775679,1833.2 85.432628,27.775684,1833.3 85.432634,27.775685,1833.4 85.432639,27.775687,1833.5 85.432645,27.775692,1833.6 85.43265,27.775697,1833.6 85.432659,27.775703,1833.7 85.432667,27.775707,1833.8 85.432676,27.775707,1833.9 85.432681,27.775705,1834 85.432686,27.775705,1834 85.432695,27.775709,1834.1 85.432701,27.775711,1834.2 85.432707,27.775712,1834.3 85.432714,27.775713,1834.3 85.432723,27.775713,1834.4 85.432733,27.775713,1834.5 85.432738,27.775712,1834.6 85.432743,27.775711,1834.6 85.432749,27.77571,1834.7 85.432755,27.775709,1834.7 85.432767,27.775707,1834.9 85.432772,27.775706,1834.9 85.432778,27.775703,1835 85.432785,27.7757,1835.1 85.432793,27.775696,1835.2 85.4328,27.775692,1835.4 85.432806,27.775688,1835.5 85.432814,27.775685,1835.7 85.432824,27.775682,1835.9 85.432835,27.775678,1836.2 85.432845,27.775675,1836.4 85.432853,27.775671,1836.6 85.432861,27.775666,1836.8 85.432871,27.775662,1837 85.432882,27.77566,1837.3 85.432889,27.775663,1837.5 85.432893,27.775667,1837.6 85.432898,27.77567,1837.7 85.432905,27.775673,1837.9 85.432912,27.775675,1838 85.432921,27.775679,1838.3 85.432934,27.775684,1838.6 85.432941,27.775687,1838.7 85.432948,27.77569,1838.9 85.432957,27.775693,1839.1 85.432965,27.775697,1839.3 85.432969,27.775699,1839.4 85.432975,27.775701,1839.6 85.432981,27.775702,1839.7 85.432987,27.775701,1839.8 85.43299,27.775699,1839.9 85.432995,27.7757,1840 85.433001,27.7757,1840.1 85.433006,27.7757,1840.2 85.433012,27.7757,1840.3 85.433017,27.7757,1840.4 85.433024,27.775701,1840.6 85.433027,27.775698,1840.6 85.433027,27.775695,1840.7 85.43303,27.775697,1840.8 85.433035,27.775696,1840.9 85.433041,27.775695,1841 85.433045,27.775697,1841 85.433054,27.775698,1841.2 85.433063,27.7757,1841.3 85.433074,27.775705,1841.5 85.433087,27.775707,1841.7 85.433095,27.775702,1841.8 85.433101,27.775696,1842 85.433108,27.775695,1842 85.43311,27.775698,1842.1 85.433112,27.775702,1842.1 85.433116,27.775705,1842.2 85.433121,27.775706,1842.3 85.433128,27.775707,1842.4 85.433133,27.775708,1842.4 85.433133,27.775711,1842.5 85.433133,27.775713,1842.5 85.433139,27.775714,1842.5 85.433147,27.775716,1842.6 85.433162,27.775719,1842.8 85.433174,27.775721,1842.9 85.433187,27.775723,1843 85.433199,27.775725,1843.1 85.433212,27.775728,1843.2 85.433225,27.775732,1843.3 85.433232,27.775737,1843.4 85.43324,27.775745,1843.5 85.433249,27.775753,1843.5 85.43326,27.775759,1843.6 85.433275,27.775767,1843.8 85.433284,27.775769,1843.9 85.433293,27.775766,1843.9 85.433302,27.775767,1844 85.43331,27.775772,1844.1 85.433323,27.775777,1844.2 85.433328,27.775779,1844.2 85.433338,27.775784,1844.4 85.433349,27.775789,1844.5 85.433359,27.775793,1844.6 85.433373,27.775799,1844.8 85.433379,27.775802,1844.8 85.433388,27.775807,1845 85.433399,27.775812,1845.2 85.43341,27.775816,1845.3 85.433423,27.775822,1845.5 85.433438,27.775827,1845.8 85.433446,27.775821,1846 85.433452,27.775822,1846.1 85.433456,27.77583,1846.3 85.433456,27.775838,1846.5 85.433453,27.77585,1846.7 85.433451,27.775857,1846.9 85.433449,27.775868,1847.2 85.433449,27.775881,1847.6 85.433448,27.775891,1847.8 85.433444,27.775904,1848.2 85.433444,27.775913,1848.5 85.433444,27.775922,1848.8 85.433447,27.775931,1849.1 85.43345,27.775939,1849.3 85.433454,27.775943,1849.5 85.433461,27.775946,1849.7 85.43347,27.775946,1850.5 85.433481,27.775947,1850.6 85.43349,27.775949,1850.8 85.433498,27.77595,1852.2 85.433505,27.77595,1852.4 85.433513,27.775949,1851.8 85.433517,27.77594,1851.9 85.433514,27.77594,1852.1 85.433512,27.775941,1852.2 85.433512,27.775941,1852.3 85.433512,27.775942,1852.5 85.433512,27.775942,1852.6 85.433513,27.775942,1852.8 85.433515,27.775943,1852.9 85.433516,27.775943,1853.1 85.433515,27.775941,1853.2 85.43351,27.775937,1853.4 85.433514,27.775936,1853.5 85.433519,27.775937,1853.6 85.433521,27.775938,1853.8 85.433522,27.77594,1853.9 85.433522,27.775941,1854.1 85.433522,27.775941,1854.2 85.433523,27.775941,1854.4 85.433523,27.775941,1854.5 85.433524,27.775942,1854.7 85.433524,27.775943,1854.8 85.433524,27.775944,1854.9 85.433525,27.775944,1855.1 85.433526,27.775945,1855.2 85.433525,27.775944,1855.4 85.433523,27.775944,1855.5 85.433522,27.775945,1855.7 85.433514,27.775946,1855.8 85.433505,27.775946,1855.4 85.433494,27.775942,1855.5 85.433484,27.775933,1855.7 85.433489,27.775917,1855.8 85.433505,27.775917,1856 85.433517,27.775918,1856.7 85.433534,27.775911,1855.3 85.433543,27.775904,1855.5 85.433547,27.775897,1855.6 85.433555,27.775891,1856.2 85.433561,27.775889,1856.3 85.433567,27.775885,1856.5 85.433573,27.775884,1856.6 85.433578,27.775888,1856.7 85.433584,27.775893,1856.9 85.433592,27.77589,1857 85.433598,27.775886,1857.5 85.433605,27.775883,1857.6 85.433613,27.77588,1857.7 85.433621,27.775879,1857.9 85.433626,27.775875,1858 85.433632,27.77587,1856.4 85.433637,27.775865,1856.8 85.433638,27.775859,1856.9 85.433638,27.775851,1857.1 85.43364,27.775845,1857.2 85.433648,27.775841,1857.4 85.433661,27.775841,1857.5 85.433665,27.775843,1857.6 85.433669,27.775842,1857.8 85.433676,27.775838,1857.9 85.433686,27.775835,1856.4 85.433698,27.775832,1856.6 85.433709,27.775831,1856.7 85.433721,27.775831,1856.9 85.43373,27.775834,1857.5 85.433738,27.775835,1857.6 85.433746,27.775837,1859.7 85.433755,27.77584,1859.8 85.433764,27.775842,1860 85.433772,27.775845,1860.8 85.433782,27.775845,1860.9 85.433795,27.775845,1861.1 85.433808,27.775846,1862 85.433819,27.775849,1862.1 85.433829,27.775852,1862.3 85.433837,27.775854,1862.4 85.433844,27.775856,1862.6 85.433851,27.775856,1863.6 85.433858,27.775856,1863.7 85.433869,27.775857,1863.8 85.433877,27.775858,1864 85.433885,27.77586,1864.1 85.433895,27.775862,1865.1 85.433902,27.77586,1865.3 85.433911,27.775856,1865.4 85.433921,27.775856,1865.5 85.43393,27.77586,1865.7 85.43394,27.775871,1866.6 85.433951,27.775879,1868.4 85.433961,27.775885,1868.5 85.433965,27.775886,1868.7 85.433962,27.775884,1868.8 85.433959,27.775884,1869 85.433962,27.775885,1869.1 85.433965,27.775886,1869.3 85.43397,27.775888,1869.4 85.433974,27.77589,1869.5 85.433979,27.775892,1869.7 85.433986,27.775896,1870.4 85.433999,27.7759,1870.6 85.434013,27.775905,1870.7 85.434022,27.77591,1871.5 85.434027,27.775916,1873 85.434028,27.775921,1873.2 85.434032,27.775924,1873.3 85.434038,27.775927,1873.5 85.434046,27.77593,1873.6 85.434057,27.775931,1873.7 85.43406,27.775928,1873.9 85.434061,27.775929,1874 85.434064,27.77593,1874.2 85.434068,27.775931,1874.9 85.434073,27.775932,1875.1 85.434076,27.775932,1875.2 85.434082,27.775931,1875.4 85.434085,27.775928,1875.4 85.434088,27.775926,1875.4 85.434091,27.775924,1875.4 85.434094,27.775922,1875.5 85.434098,27.775919,1875.5 85.434103,27.775917,1875.5 85.434107,27.775915,1875.6 85.434111,27.775913,1875.6 85.434114,27.775913,1875.6 85.434118,27.775913,1875.6 85.434119,27.775915,1875.7 85.434122,27.775916,1875.7 85.434126,27.775915,1875.7 85.434127,27.775913,1875.7 85.43413,27.775912,1875.7 85.434133,27.775912,1875.8 85.434136,27.775912,1875.8 85.43414,27.775913,1875.8 85.434144,27.775914,1875.8 85.434147,27.775914,1875.9 85.434151,27.775911,1875.9 85.434152,27.775908,1875.9 85.434152,27.775905,1875.9 85.434153,27.775903,1876 85.434152,27.775902,1876 85.434152,27.775901,1876 85.434153,27.7759,1876 85.434155,27.775899,1876 85.434158,27.775898,1876 85.434161,27.775895,1876.1 85.434162,27.775892,1876.1 85.434163,27.775888,1876.1 85.434163,27.775885,1876.1 85.434163,27.775884,1876.1 85.434164,27.775884,1876.1 85.434167,27.775882,1876.2 85.434169,27.775881,1876.2 85.434172,27.775876,1876.2 85.434177,27.775871,1876.3 85.434183,27.775868,1876.3 85.434188,27.775865,1876.3 85.434195,27.775858,1876.4 85.434204,27.775851,1876.5 85.43421,27.775848,1876.5 85.434216,27.775846,1876.5 85.434223,27.775849,1876.6 85.434228,27.775851,1876.6 85.434234,27.775849,1876.6 85.43424,27.775845,1876.7 85.434248,27.775843,1876.7 85.434254,27.775841,1876.7 85.434262,27.77584,1876.8 85.434268,27.775838,1876.8 85.434275,27.775836,1876.8 85.434283,27.775837,1876.8 85.434289,27.775841,1876.9 85.434295,27.775848,1876.9 85.4343,27.775852,1876.9 85.434305,27.775854,1876.9 85.434311,27.775856,1877 85.434315,27.775858,1877 85.434317,27.775861,1877 85.434319,27.775864,1877 85.43432,27.775866,1877 85.434316,27.775867,1877 85.434317,27.775867,1877 85.434318,27.775869,1877 85.434321,27.775871,1877.1 85.434323,27.775871,1877.1 85.434326,27.77587,1877.1 85.434333,27.77587,1877.1 85.434339,27.775869,1877.1 85.434347,27.775869,1877.1 85.434355,27.77587,1877.2 85.434361,27.775869,1877.2 85.434369,27.775866,1877.2 85.434373,27.775862,1877.2 85.434377,27.775857,1877.3 85.434384,27.77585,1877.3 85.43439,27.775845,1877.3 85.434398,27.775842,1877.4 85.434406,27.775838,1877.4 85.434414,27.775835,1877.4 85.434423,27.775833,1877.5 85.434432,27.77583,1877.5 85.434439,27.775826,1877.5 85.434444,27.775821,1877.6 85.43445,27.775817,1877.6 85.434456,27.775812,1877.6 85.434463,27.77581,1877.7 85.434471,27.775809,1877.7 85.434481,27.775805,1877.8 85.434491,27.775804,1877.8 85.434501,27.775805,1877.9 85.43451,27.775803,1877.9 85.434502,27.775796,1878 85.434493,27.775785,1878.1 85.4345,27.775772,1878.2 85.434514,27.775766,1878.3 85.434528,27.775763,1878.4 85.434546,27.775764,1878.5 85.434566,27.775771,1878.7 85.434581,27.775774,1878.8 85.434601,27.775772,1879 85.434611,27.775762,1879.1 85.434606,27.775751,1879.2 85.434597,27.775745,1879.3 85.434591,27.775744,1879.4 85.434592,27.775746,1879.4 85.434595,27.775749,1879.4 85.434597,27.77575,1879.4 85.434598,27.775751,1879.4 85.434598,27.775751,1879.4 85.434598,27.775751,1879.4 85.434596,27.775751,1879.5 85.434595,27.77575,1879.5 85.434583,27.775747,1879.6 85.434573,27.775746,1879.7 85.434561,27.775747,1879.8 85.434554,27.775746,1879.8 85.434551,27.775745,1879.8 85.434551,27.775745,1879.8 85.434551,27.775746,1879.8 85.434552,27.775748,1879.9 85.434553,27.77575,1879.9 85.434554,27.775753,1879.9 85.434555,27.775757,1880 85.434555,27.77576,1880 85.434556,27.775764,1880 85.434556,27.775768,1880.1 85.434557,27.775771,1880.1 85.434557,27.775775,1880.1 85.434558,27.775779,1880.2 85.434558,27.775783,1880.2 85.434558,27.775785,1880.2 85.434558,27.775787,1880.2 85.434558,27.775789,1880.2 85.434558,27.775791,1880.3 85.434559,27.775792,1880.3 85.434561,27.775793,1880.3 85.434562,27.775794,1880.3 85.434562,27.775796,1880.3 85.434564,27.775798,1880.3 85.434565,27.7758,1880.4 85.434566,27.775802,1880.4 85.434566,27.775803,1880.4 85.434567,27.775805,1880.4 85.434566,27.775807,1880.4 85.434565,27.775809,1880.4 85.434563,27.775812,1880.5 85.434561,27.775815,1880.5 85.43456,27.775816,1880.5 85.43456,27.775817,1880.5 85.43456,27.775818,1880.5 85.43456,27.775818,1880.5 85.43456,27.775817,1880.5 85.434559,27.775814,1880.6 85.434557,27.775812,1880.6 85.434556,27.77581,1880.6 85.434555,27.775808,1880.6 85.434554,27.775808,1880.6 85.434553,27.775807,1880.6 85.434551,27.775806,1880.7 85.434551,27.775806,1880.7 85.434551,27.775805,1880.7 85.434551,27.775805,1880.7 85.434551,27.775805,1880.7 85.434551,27.775805,1880.7 85.434551,27.775804,1880.7 85.434551,27.775804,1880.7 85.43455,27.775803,1880.7 85.43455,27.775803,1880.7 85.43455,27.775804,1880.7 85.43455,27.775804,1880.7 85.434551,27.775804,1880.7 85.434551,27.775804,1880.7 85.434552,27.775803,1880.7 85.434551,27.775803,1880.7 85.43455,27.775803,1880.7 85.434551,27.775802,1880.7 85.434552,27.775802,1880.8 85.434552,27.775802,1880.8 85.434552,27.775802,1880.8 85.434553,27.775802,1880.8 85.434552,27.775803,1880.8 85.434554,27.775803,1880.8 85.434555,27.775804,1880.8 85.434555,27.775804,1880.8 85.434556,27.775804,1880.8 85.434557,27.775805,1880.8 85.434557,27.775805,1880.8 85.434558,27.775805,1880.8 85.434559,27.775805,1880.8 85.434559,27.775805,1880.8 85.434558,27.775806,1880.8 85.434559,27.775806,1880.8 85.43456,27.775806,1880.9 85.43456,27.775807,1880.9 85.434561,27.775807,1880.9 85.434561,27.775807,1880.9 85.434561,27.775808,1880.9 85.434561,27.775809,1880.9 85.43456,27.77581,1880.9 85.43456,27.77581,1880.9 85.43456,27.77581,1880.9 85.43456,27.77581,1880.9 85.43456,27.77581,1880.9 85.43456,27.77581,1880.9 85.434559,27.775811,1880.9 85.434559,27.775811,1880.9 85.434558,27.77581,1880.9 85.434558,27.775809,1880.9 85.434558,27.775809,1880.9 85.434559,27.775809,1880.9 85.434559,27.775809,1880.9 85.43456,27.775808,1880.9 85.434561,27.775808,1881 85.434562,27.775809,1881 85.434562,27.775809,1881 85.434563,27.775808,1881 85.434563,27.775808,1881 85.434564,27.775808,1881 85.434565,27.775809,1881 85.434566,27.775809,1881 85.434566,27.775809,1881 85.434566,27.775809,1881 85.434567,27.77581,1881 85.434567,27.775811,1881 85.434567,27.775811,1881 85.434568,27.775812,1881 85.434569,27.775812,1881 85.43457,27.775812,1881 85.43457,27.775812,1881 85.434569,27.775813,1881.1 85.434569,27.775814,1881.1 85.434569,27.775814,1881.1 85.434569,27.775814,1881.1 85.434568,27.775814,1881.1 85.434568,27.775815,1881.1 85.434568,27.775815,1881.1 85.434568,27.775816,1881.1 85.434569,27.775816,1881.1 85.434569,27.775816,1881.1 85.434569,27.775817,1881.1 85.43457,27.775818,1881.1 85.43457,27.775818,1881.1 85.43457,27.775819,1881.1 85.43457,27.775819,1881.1 85.434571,27.77582,1881.1 85.434571,27.77582,1881.1 85.434571,27.77582,1881.1 85.434572,27.77582,1881.1 85.434572,27.77582,1881.1 85.434572,27.77582,1881.1 85.434573,27.77582,1881.2 85.434573,27.77582,1881.2 85.434573,27.77582,1881.2 85.434574,27.775819,1881.2 85.434574,27.775819,1881.2 85.434574,27.775819,1881.2 85.434574,27.775819,1881.2 85.434575,27.775818,1881.2 85.434575,27.775818,1881.2 85.434575,27.775818,1881.2 85.434575,27.775818,1881.2 85.434574,27.775818,1881.2 85.434574,27.775818,1881.2 85.434574,27.775818,1881.2 85.434574,27.775818,1881.2 85.434574,27.775818,1881.2 85.434575,27.775818,1881.2 85.434575,27.775819,1881.2 85.434574,27.775818,1881.2 85.434575,27.775818,1881.2 85.434575,27.775818,1881.2 85.434575,27.775819,1881.2 85.434576,27.77582,1881.2 85.434577,27.77582,1881.2 85.434577,27.775819,1881.3 85.434577,27.77582,1881.3 85.434578,27.77582,1881.3 85.434578,27.775819,1881.3 85.434582,27.775818,1881.3 85.434586,27.775817,1881.3 85.434592,27.775813,1881.4 85.4346,27.775808,1881.5 85.434613,27.775802,1881.6 85.434624,27.7758,1881.7 85.434636,27.775799,1881.7 85.434646,27.775799,1881.8 85.434656,27.775801,1881.9 85.434665,27.775803,1881.9 85.434672,27.775804,1882 85.434678,27.775804,1882 85.434683,27.775803,1882.1 85.434687,27.775804,1882.1 85.434691,27.775807,1882.1 85.434697,27.775809,1882.2 85.434706,27.775812,1882.2 85.434714,27.775813,1882.3 85.434722,27.775813,1882.3 85.434731,27.775816,1882.4 85.434739,27.775818,1882.5 85.434748,27.775821,1882.5 85.434757,27.775824,1882.6 85.434767,27.77583,1882.6 85.434777,27.775834,1882.7 85.434786,27.77584,1882.8 85.434796,27.775846,1882.8 85.434806,27.775851,1882.9 85.434814,27.775856,1882.9 85.434823,27.775862,1882.9 85.43483,27.775868,1883 85.434839,27.775874,1883 85.434845,27.775883,1883 85.434853,27.775891,1883.1 85.434861,27.775898,1883.1 85.434869,27.775905,1883.1 85.434881,27.775913,1883.1 85.434888,27.77592,1883.1 85.434895,27.775926,1883.1 85.434902,27.775933,1883.1 85.434909,27.775938,1883.1 85.434917,27.775943,1883.1 85.434925,27.775947,1883.1 85.434931,27.775952,1883.1 85.434939,27.775957,1883.1 85.434949,27.775961,1883 85.43496,27.775964,1883 85.434971,27.775967,1883 85.434982,27.775969,1883 85.434994,27.775971,1882.9 85.435006,27.775971,1882.9 85.435026,27.775973,1882.8 85.435035,27.775974,1882.8 85.435047,27.775976,1882.8 85.435059,27.775977,1882.8 85.435072,27.775978,1882.7 85.435085,27.77598,1882.7 85.435098,27.775982,1882.7 85.43511,27.775982,1882.6 85.435123,27.775982,1882.6 85.435136,27.775983,1882.6 85.435149,27.775985,1882.6 85.435161,27.775986,1882.6 85.435174,27.775988,1882.5 85.435183,27.77599,1882.5 85.435192,27.775993,1882.5 85.435199,27.775993,1882.5 85.435208,27.775992,1882.5 85.435218,27.775992,1882.5 85.435228,27.775992,1882.5 85.435243,27.775991,1882.5 85.43525,27.77599,1882.5 85.435261,27.775987,1882.6 85.43527,27.775985,1882.6 85.435279,27.775985,1882.6 85.435288,27.775985,1882.6 85.435297,27.775984,1882.6 85.435308,27.775983,1882.6 85.435319,27.775982,1882.7 85.435331,27.775983,1882.7 85.435345,27.775983,1882.8 85.435351,27.775985,1882.8 85.435359,27.775988,1882.8 85.43537,27.775989,1882.9 85.435382,27.775996,1882.9 85.435392,27.776,1883 85.435403,27.776004,1883 85.435412,27.776009,1883.1 85.435423,27.776014,1883.2 85.435433,27.776017,1883.2 85.435442,27.776021,1883.3 85.435449,27.776024,1883.4 85.435458,27.776029,1883.4 85.435468,27.776034,1883.5 85.435478,27.776038,1883.6 85.435487,27.776043,1883.7 85.435497,27.776049,1883.8 85.435507,27.776055,1883.9 85.435516,27.77606,1883.9 85.435526,27.776066,1884 85.435537,27.77607,1884.1 85.435548,27.776076,1884.2 85.435558,27.776083,1884.3 85.435567,27.776088,1884.4 85.435577,27.776093,1884.5 85.435587,27.776098,1884.6 85.435596,27.776102,1884.6 85.435606,27.776106,1884.7 85.435615,27.776109,1884.8 85.435624,27.776111,1884.8 85.435633,27.776111,1884.9 85.435642,27.776113,1885 85.435651,27.776116,1885 85.435658,27.776118,1885.1 85.435668,27.776119,1885.1 85.435678,27.77612,1885.2 85.435688,27.77612,1885.2 85.435701,27.776122,1885.3 85.43571,27.776124,1885.3 85.435721,27.776126,1885.4 85.435731,27.776128,1885.4 85.435742,27.77613,1885.5 85.435754,27.776133,1885.5 85.435761,27.776137,1885.6 85.435768,27.776141,1885.6 85.435776,27.776145,1885.6 85.435785,27.77615,1885.7 85.435793,27.776154,1885.7 85.435802,27.776161,1885.8 85.43581,27.776168,1885.8 85.435809,27.77617,1885.8 85.435814,27.776176,1885.9 85.435821,27.776183,1885.9 85.435829,27.776192,1886 85.435836,27.776204,1886 85.435844,27.776216,1886.1 85.435851,27.776225,1886.1 85.435858,27.776235,1886.2 85.435865,27.776244,1886.2 85.435871,27.776252,1886.3 85.435878,27.77626,1886.3 85.435885,27.776267,1886.4 85.435894,27.776272,1886.4 85.435903,27.776277,1886.5 85.435913,27.776283,1886.5 85.435919,27.776288,1886.5 85.435922,27.776295,1886.6 85.435922,27.776303,1886.6 85.435925,27.776305,1886.6 85.435929,27.776311,1886.7 85.435933,27.776317,1886.7 85.435937,27.776325,1886.7 85.435939,27.776334,1886.8 85.435939,27.776344,1886.8 85.435938,27.776354,1886.8 85.43594,27.776364,1886.9 85.43594,27.776375,1886.9 85.435941,27.776382,1887 85.435944,27.77639,1887 85.43595,27.776397,1887 85.435955,27.776404,1887.1 85.435965,27.776411,1887.1 85.43597,27.776415,1887.1 85.435978,27.77642,1887.2 85.435986,27.776424,1887.2 85.435994,27.776429,1887.2 85.436003,27.776436,1887.3 85.436008,27.77644,1887.3 85.436015,27.776444,1887.3 85.436022,27.776448,1887.4 85.43603,27.776452,1887.4 85.436041,27.776459,1887.5 85.436044,27.776461,1887.5 85.436049,27.776464,1887.5 85.436054,27.776468,1887.5 85.436059,27.776473,1887.6 85.436065,27.776476,1887.6 85.436072,27.776478,1887.6 85.43608,27.77648,1887.7 85.436088,27.776481,1887.7 85.436095,27.776481,1887.7 85.436102,27.77648,1887.8 85.436109,27.77648,1887.8 85.436117,27.776479,1887.8 85.436124,27.776481,1887.9 85.436132,27.776481,1887.9 85.436139,27.776481,1887.9 85.436147,27.776481,1888 85.436156,27.77648,1888 85.436165,27.77648,1888.1 85.436175,27.776482,1888.1 85.436183,27.776485,1888.2 85.436192,27.776488,1888.2 85.4362,27.776492,1888.3 85.43621,27.776496,1888.3 85.436219,27.776501,1888.4 85.43623,27.776505,1888.4 85.43624,27.776508,1888.5 85.43625,27.776512,1888.5 85.436259,27.776515,1888.6 85.436269,27.776519,1888.6 85.436279,27.776522,1888.7 85.436287,27.776527,1888.7 85.436296,27.77653,1888.8 85.436306,27.776533,1888.8 85.436313,27.776537,1888.9 85.436321,27.77654,1888.9 85.436328,27.776544,1889 85.436337,27.776548,1889 85.436344,27.776553,1889 85.436353,27.776557,1889.1 85.436361,27.776561,1889.1 85.43637,27.776565,1889.2 85.436377,27.776568,1889.2 85.436385,27.776571,1889.2 85.436393,27.776575,1889.3 85.436402,27.77658,1889.3 85.436411,27.776584,1889.4 85.436418,27.776588,1889.4 85.436427,27.776592,1889.4 85.436435,27.776596,1889.5 85.436443,27.776602,1889.5 85.43645,27.776608,1889.5 85.436458,27.776612,1889.6 85.436466,27.776617,1889.6 85.436474,27.776623,1889.6 85.436482,27.776629,1889.7 85.436491,27.776634,1889.7 85.436497,27.77664,1889.8 85.436502,27.776647,1889.8 85.436507,27.776654,1889.8 85.436511,27.77666,1889.8 85.436514,27.776667,1889.9 85.436518,27.776674,1889.9 85.436522,27.776681,1889.9 85.436528,27.776689,1890 85.436533,27.776697,1890 85.436539,27.776705,1890.1 85.436543,27.776713,1890.1 85.436546,27.77672,1890.1 85.436551,27.776728,1890.2 85.436555,27.776734,1890.2 85.43656,27.776741,1890.2 85.436564,27.776748,1890.3 85.436567,27.776755,1890.3 85.43657,27.776763,1890.4 85.436574,27.77677,1890.4 85.436581,27.776777,1890.5 85.436587,27.776783,1890.5 85.436593,27.776789,1890.5 85.436599,27.776796,1890.6 85.436604,27.776803,1890.6 85.436604,27.776812,1890.7 85.4366,27.776821,1890.8 85.4366,27.776828,1890.8 85.436607,27.776834,1890.9 85.436618,27.776837,1890.9 85.436628,27.776839,1891 85.436639,27.776841,1891.1 85.43665,27.776844,1891.1 85.43666,27.776845,1891.2 85.43667,27.776846,1891.3 85.43668,27.776847,1891.3 85.436691,27.776846,1891.4 85.4367,27.776845,1891.4 85.436709,27.776842,1891.5 85.436718,27.776841,1891.6 85.436727,27.776839,1891.6 85.436736,27.776837,1891.7 85.436744,27.776835,1891.7 85.436753,27.776833,1891.8 85.436763,27.776833,1891.9 85.436773,27.776833,1891.9 85.436781,27.776834,1892 85.43679,27.776835,1892 85.436798,27.776834,1892.1 85.436807,27.776833,1892.1 85.436817,27.776831,1892.2 85.436827,27.77683,1892.3 85.436836,27.776829,1892.3 85.436845,27.776829,1892.4 85.436855,27.776829,1892.4 85.436865,27.776829,1892.5 85.436876,27.776831,1892.6 85.436887,27.776832,1892.6 85.436896,27.776833,1892.7 85.436906,27.776834,1892.7 85.436914,27.776837,1892.8 85.436922,27.776839,1892.8 85.43693,27.776842,1892.8 85.436939,27.776842,1892.9 85.436948,27.776842,1892.9 85.436958,27.776843,1893 85.436968,27.776843,1893 85.436979,27.776842,1893 85.436989,27.776841,1893.1 85.436999,27.776841,1893.1 85.43701,27.776841,1893.2 85.437021,27.776844,1893.2 85.437029,27.776849,1893.2 85.437035,27.776855,1893.3 85.437041,27.776858,1893.3 85.437048,27.776861,1893.3 85.437057,27.776864,1893.4 85.437065,27.776866,1893.4 85.437073,27.776867,1893.4 85.437082,27.776865,1893.4 85.437091,27.776866,1893.5 85.437101,27.776869,1893.5 85.43711,27.776872,1893.5 85.437118,27.776874,1893.6 85.437125,27.776875,1893.6 85.437133,27.776876,1893.6 85.437142,27.776876,1893.7 85.437149,27.776876,1893.7 85.437157,27.776879,1893.7 85.437167,27.776882,1893.7 85.437175,27.776886,1893.8 85.437183,27.776889,1893.8 85.437193,27.776894,1893.9 85.4372,27.7769,1893.9 85.437204,27.776909,1893.9 85.437212,27.776916,1894 85.437218,27.776919,1894 85.437224,27.776922,1894 85.437232,27.776927,1894.1 85.43724,27.776933,1894.1 85.437249,27.77694,1894.2 85.437258,27.776946,1894.2 85.437265,27.776952,1894.3 85.437272,27.776958,1894.3 85.437278,27.776965,1894.3 85.437283,27.776975,1894.4 85.437291,27.776982,1894.5 85.437299,27.776987,1894.5 85.437307,27.776992,1894.5 85.437314,27.776996,1894.6 85.437319,27.776998,1894.6 85.437324,27.776998,1894.6 85.437329,27.776999,1894.7 85.43733,27.777,1894.7 85.437335,27.777003,1894.7 85.43734,27.777006,1894.7 85.437356,27.777014,1894.8 85.437369,27.777021,1894.9 85.43738,27.777028,1895 85.437388,27.777035,1895.1 85.437396,27.777041,1895.1 85.437403,27.777044,1895.2 85.43741,27.777048,1895.2 85.437417,27.777052,1895.3 85.437424,27.777056,1895.3 85.43743,27.777061,1895.4 85.437437,27.777065,1895.4 85.437444,27.777069,1895.5 85.437453,27.777073,1895.6 85.437461,27.777077,1895.6 85.437468,27.777082,1895.7 85.437477,27.777087,1895.7 85.437484,27.777092,1895.8 85.437491,27.777096,1895.8 85.437497,27.777101,1895.9 85.437504,27.777107,1895.9 85.437511,27.777114,1896 85.437517,27.77712,1896 85.437523,27.777127,1896.1 85.43753,27.777133,1896.1 85.437538,27.777141,1896.2 85.437544,27.777148,1896.2 85.437549,27.777155,1896.2 85.437556,27.777163,1896.3 85.437562,27.77717,1896.3 85.437568,27.777176,1896.3 85.437575,27.777184,1896.3 85.43758,27.777193,1896.4 85.437586,27.777201,1896.4 85.437592,27.777211,1896.4 85.437598,27.777221,1896.4 85.437603,27.777229,1896.4 85.437607,27.777238,1896.5 85.437612,27.777248,1896.5 85.437618,27.777257,1896.5 85.437626,27.777266,1896.5 85.437632,27.777275,1896.5 85.437641,27.777287,1896.5 85.437648,27.777299,1896.5 85.437656,27.777309,1896.5 85.437662,27.77732,1896.5 85.437668,27.77733,1896.6 85.437672,27.777338,1896.6 85.437675,27.777344,1896.6 85.437678,27.777349,1896.6 85.437682,27.777355,1896.6 85.437687,27.777362,1896.6 85.437691,27.777367,1896.6 85.437696,27.777373,1896.6 85.437702,27.777379,1896.7 85.437707,27.777384,1896.7 85.437713,27.77739,1896.7 85.437717,27.777396,1896.7 85.43772,27.777403,1896.7 85.437726,27.777408,1896.8 85.437733,27.777412,1896.8 85.437741,27.777416,1896.8 85.43775,27.77742,1896.8 85.437759,27.777424,1896.9 85.437767,27.77743,1896.9 85.437776,27.777436,1896.9 85.437783,27.777442,1897 85.437789,27.777448,1897 85.437798,27.777455,1897.2 85.437804,27.777461,1897.3 85.437811,27.777467,1897.4 85.437818,27.777472,1897.5 85.437826,27.777477,1897.7 85.437832,27.777483,1897.8 85.437837,27.77749,1897.9 85.437843,27.777496,1898 85.437848,27.777502,1898.1 85.437854,27.777509,1898.2 85.437858,27.777516,1898.4 85.437862,27.777524,1898.5 85.437864,27.777533,1898.6 85.437867,27.777542,1898.7 85.437869,27.777549,1898.8 85.437869,27.777556,1898.9 85.437869,27.777563,1899 85.437871,27.77757,1899.1 85.437874,27.777578,1899.3 85.437875,27.777586,1899.4 85.437875,27.777594,1899.5 85.437875,27.777603,1899.6 85.437874,27.777612,1899.8 85.437876,27.777619,1899.9 85.437878,27.777628,1900 85.437879,27.777637,1900.1 85.437881,27.777646,1900.2 85.437883,27.777654,1900.4 85.437886,27.777662,1900.5 85.437889,27.777669,1900.6 85.437889,27.777675,1900.7 85.43789,27.777682,1900.8 85.437893,27.777688,1900.8 85.437897,27.777694,1900.9 85.437901,27.7777,1901 85.437903,27.777708,1901.1 85.437904,27.777714,1901.2 85.437898,27.77772,1901.3 85.437891,27.777725,1901.4 85.43789,27.777732,1901.5 85.437891,27.777739,1901.6 85.437894,27.777747,1901.7 85.437894,27.777755,1901.8 85.437889,27.777761,1901.9 85.437889,27.777769,1902 85.437891,27.777776,1902.1 85.437893,27.777783,1902.2 85.437893,27.777793,1902.3 85.437893,27.777802,1902.4 85.437895,27.777813,1902.5 85.437899,27.777824,1902.6 85.437902,27.777834,1902.7 85.437906,27.777844,1902.8 85.437908,27.777854,1902.9 85.43791,27.777863,1903 85.437914,27.777871,1903.1 85.43792,27.777879,1903.1 85.437924,27.777888,1903.2 85.437928,27.777897,1903.3 85.437931,27.777905,1903.4 85.437934,27.777914,1903.4 85.437936,27.777923,1903.5 85.437939,27.777931,1903.6 85.43794,27.777941,1903.6 85.437938,27.77795,1903.7 85.437936,27.777959,1903.8 85.437934,27.777968,1903.8 85.437933,27.777977,1903.9 85.437929,27.777986,1903.9 85.437924,27.777995,1904 85.437916,27.778002,1904.1 85.437908,27.778008,1904.1 85.4379,27.778015,1904.2 85.437893,27.77802,1904.2 85.437887,27.778026,1904.3 85.437882,27.778032,1904.3 85.437876,27.778039,1904.4 85.437868,27.778043,1904.4 85.437862,27.77805,1904.5 85.437858,27.778058,1904.5 85.437854,27.778065,1904.6 85.437851,27.778073,1904.6 85.437846,27.778082,1904.7 85.437842,27.778091,1904.7 85.43784,27.778099,1904.8 85.437837,27.778109,1904.8 85.437835,27.778118,1904.9 85.437832,27.778128,1904.9 85.437831,27.778137,1905 85.437833,27.778147,1905 85.437837,27.778156,1905.1 85.437839,27.778165,1905.1 85.437839,27.778176,1905.2 85.437843,27.778184,1905.2 85.437847,27.778191,1905.2 85.437849,27.778199,1905.3 85.437851,27.778206,1905.3 85.437854,27.778214,1905.3 85.437859,27.778222,1905.4 85.437862,27.778228,1905.4 85.437866,27.778236,1905.4 85.437871,27.778243,1905.5 85.437875,27.778251,1905.5 85.43788,27.778258,1905.6 85.437884,27.778265,1905.6 85.437889,27.778273,1905.6 85.437893,27.77828,1905.7 85.437895,27.778287,1905.7 85.437897,27.778294,1905.7 85.437901,27.778301,1905.8 85.437904,27.778309,1905.8 85.437906,27.77832,1905.8 85.437908,27.77833,1905.9 85.437909,27.778339,1906 85.43791,27.778347,1906 85.437914,27.778355,1906 85.437918,27.778361,1906.1 85.437922,27.778369,1906.1 85.437927,27.778375,1906.2 85.437929,27.778381,1906.2 85.437933,27.778388,1906.3 85.437937,27.778394,1906.3 85.437943,27.778401,1906.4 85.43795,27.778406,1906.4 85.437957,27.778412,1906.5 85.437964,27.77842,1906.6 85.437971,27.778427,1906.7 85.437978,27.778433,1906.7 85.437986,27.778441,1906.8 85.437993,27.778448,1906.9 85.438,27.778452,1907 85.438007,27.778455,1907.1 85.438012,27.778462,1907.1 85.438017,27.778468,1907.2 85.438023,27.778475,1907.3 85.438028,27.778484,1907.4 85.438033,27.778492,1907.5 85.438037,27.778499,1907.6 85.438042,27.778509,1907.7 85.43805,27.778515,1907.8 85.438058,27.778517,1907.9 85.438062,27.778523,1908 85.438066,27.77853,1908.1 85.438068,27.778536,1908.1 85.438069,27.778542,1908.2 85.438072,27.778549,1908.3 85.438073,27.778557,1908.4 85.438073,27.778567,1908.5 85.438071,27.778576,1908.6 85.438069,27.778584,1908.7 85.438065,27.778592,1908.8 85.438062,27.778602,1908.9 85.438058,27.778611,1909 85.438055,27.778618,1909.1 85.438054,27.778625,1909.2 85.438051,27.778632,1909.2 85.438049,27.778639,1909.3 85.438047,27.778645,1909.4 85.438046,27.778652,1909.5 85.438044,27.77866,1909.5 85.438039,27.778668,1909.6 85.438035,27.778674,1909.7 85.43803,27.778681,1909.8 85.438026,27.778685,1909.9 85.438025,27.778689,1909.9 85.438021,27.778695,1910 85.438019,27.7787,1910 85.438018,27.778707,1910.1 85.438016,27.778717,1910.2 85.438015,27.778727,1910.3 85.438014,27.778737,1910.4 85.438013,27.778744,1910.5 85.438012,27.778751,1910.6 85.438012,27.77876,1910.7 85.438013,27.778767,1910.8 85.438014,27.778775,1910.8 85.438016,27.778784,1910.9 85.438017,27.778794,1911 85.43802,27.778806,1911.2 85.438025,27.778817,1911.3 85.438028,27.778828,1911.4 85.438031,27.778838,1911.5 85.438033,27.778847,1911.6 85.438038,27.778853,1911.7 85.438042,27.77886,1911.8 85.438046,27.778866,1911.9 85.438051,27.77887,1911.9 85.438055,27.778875,1912 85.438061,27.778881,1912.1 85.438067,27.778887,1912.2 85.438074,27.778891,1912.3 85.438081,27.778894,1912.3 85.438086,27.778898,1912.4 85.438091,27.778902,1912.5 85.438098,27.778904,1912.6 85.438105,27.778905,1912.6 85.438111,27.778907,1912.7 85.438119,27.778908,1912.8 85.438126,27.778908,1912.8 85.438134,27.778911,1912.9 85.438141,27.778912,1913 85.438147,27.778915,1913 85.438155,27.778918,1913.1 85.438162,27.77892,1913.2 85.43817,27.778923,1913.3 85.438177,27.778926,1913.4 85.438181,27.778929,1913.4 85.438187,27.778931,1913.5 85.438193,27.778933,1913.5 85.438198,27.778934,1913.6 85.438204,27.778937,1913.7 85.43821,27.778938,1913.7 85.438216,27.778937,1913.8 85.438225,27.778941,1913.9 85.438233,27.778946,1914 85.438238,27.778948,1914.1 85.438245,27.77895,1914.1 85.438253,27.778953,1914.2 85.43826,27.778957,1914.3 85.438265,27.778961,1914.4 85.438269,27.778966,1914.5 85.438275,27.77897,1914.6 85.43828,27.77897,1914.6 85.438288,27.778971,1914.7 85.438295,27.778975,1914.8 85.438301,27.778982,1914.9 85.438306,27.778988,1915 85.438314,27.778993,1915.1 85.438323,27.778999,1915.2 85.438331,27.779005,1915.4 85.438337,27.779013,1915.5 85.438344,27.779021,1915.6 85.438349,27.779027,1915.7 85.438353,27.779034,1915.8 85.438359,27.779041,1915.9 85.438364,27.779048,1916.1 85.438366,27.779057,1916.2 85.438368,27.779065,1916.3 85.438369,27.779072,1916.4 85.438373,27.779078,1916.5 85.438376,27.779083,1916.6 85.438379,27.779087,1916.6 85.438383,27.779092,1916.7 85.438386,27.7791,1916.8 85.438389,27.779106,1916.9 85.438393,27.779112,1917 85.4384,27.779119,1917.1 85.438406,27.779123,1917.2 85.438412,27.779123,1917.3 85.438416,27.779122,1917.3 85.438417,27.77912,1917.4 85.43842,27.77912,1917.4 85.438421,27.77912,1917.4 85.438423,27.779119,1917.4 85.438426,27.779118,1917.5 85.438427,27.779117,1917.5 85.438429,27.779116,1917.5 85.438431,27.779116,1917.5 85.438433,27.779115,1917.6 85.438435,27.779115,1917.6 85.438437,27.779115,1917.6 85.438442,27.779118,1917.7 85.438444,27.779121,1917.7 85.438447,27.77913,1917.8 85.43845,27.779139,1918 85.438454,27.779144,1918 85.43846,27.779147,1918.1 85.438464,27.779153,1918.2 85.438468,27.779152,1918.2 85.438474,27.779151,1918.3 85.438479,27.779152,1918.4 85.438477,27.779164,1918.5 85.438472,27.779174,1918.6 85.438467,27.779183,1918.7 85.438465,27.779193,1918.9 85.438463,27.779203,1919 85.438462,27.779211,1919.1 85.438463,27.779219,1919.2 85.438465,27.779227,1919.2 85.438465,27.779236,1919.3 85.438461,27.779244,1919.4 85.438456,27.779252,1919.5 85.438452,27.779259,1919.6 85.438448,27.779266,1919.7 85.438445,27.779273,1919.7 85.438444,27.779281,1919.8 85.438441,27.779289,1919.9 85.438439,27.779296,1919.9 85.438436,27.779303,1920 85.438433,27.77931,1920.1 85.438433,27.779318,1920.1 85.43844,27.779323,1920.2 85.438445,27.779327,1920.2 85.438446,27.779334,1920.3 85.438445,27.77934,1920.3 85.438446,27.779347,1920.4 85.438446,27.779354,1920.4 85.438446,27.77936,1920.5 85.438448,27.779366,1920.5 85.438451,27.779373,1920.5 85.438454,27.77938,1920.6 85.438457,27.779387,1920.6 85.438461,27.779393,1920.7 85.438466,27.779399,1920.7 85.43847,27.779405,1920.7 85.438473,27.77941,1920.8 85.438472,27.779415,1920.8 85.43847,27.779419,1920.8 85.438466,27.779421,1920.8 85.438465,27.779425,1920.8 85.438468,27.779431,1920.9 85.438473,27.779434,1920.9 85.438478,27.779434,1920.9 85.438481,27.779438,1920.9 85.438481,27.77944,1920.9 85.43848,27.77944,1920.9 85.438481,27.77944,1921 85.438481,27.779439,1921 85.438483,27.779439,1921 85.438483,27.779438,1921 85.438484,27.779437,1921 85.438483,27.779438,1921 85.438482,27.779437,1921 85.43848,27.779437,1921 85.438476,27.779438,1921 85.438473,27.779435,1921 85.438472,27.779433,1921 85.438471,27.77943,1921 85.438471,27.779431,1921 85.438472,27.779432,1921 85.438472,27.779431,1921 85.438474,27.779431,1921 85.438474,27.779432,1921 85.438475,27.779433,1921 85.438477,27.779434,1921 85.438478,27.779436,1921 85.43848,27.779437,1921 85.43848,27.779437,1921 85.43848,27.779437,1921 85.438478,27.779437,1921 85.438477,27.779436,1921 85.438476,27.779436,1921 85.438475,27.779436,1921 85.438475,27.779436,1921 85.438474,27.779436,1921 85.438474,27.779436,1921 85.438474,27.779436,1921 85.438473,27.779436,1921 85.438473,27.779436,1921 85.438473,27.779437,1921 85.438472,27.779437,1921 85.438472,27.779435,1921 85.43847,27.779433,1921 85.438469,27.779432,1921 85.438468,27.779431,1921 85.438467,27.77943,1921 85.438467,27.779429,1921 85.438466,27.779429,1921 85.438466,27.779429,1921 85.438466,27.779429,1921 85.438465,27.779429,1921 85.438465,27.779429,1921 85.438464,27.779428,1921 85.438465,27.779427,1921 85.438464,27.779428,1921 85.438464,27.779428,1921 85.438466,27.779428,1921 85.438468,27.779429,1921 85.438471,27.779428,1921 85.438473,27.779426,1921 85.438472,27.779424,1921 85.438472,27.779421,1921 85.438471,27.779419,1921 85.438469,27.779419,1921 85.438467,27.779421,1921.1 85.438465,27.779421,1921.1 85.438464,27.779422,1921.1 85.438463,27.779423,1921.1 85.438463,27.779423,1921.1 85.438464,27.779423,1921.1 85.438464,27.779423,1921.1 85.438464,27.779423,1921.1 85.438463,27.779424,1921.1 85.438463,27.779424,1921.1 85.438463,27.779424,1921.1 85.438463,27.779424,1921.1 85.438463,27.779424,1921.1 85.438464,27.779424,1921.1 85.438464,27.779424,1921.1 85.438463,27.779424,1921.1 85.438463,27.779424,1921.1 85.438463,27.779424,1921.1 85.438464,27.779424,1921.1 85.438464,27.779425,1921.1 85.438464,27.779425,1921.1 85.438464,27.779425,1921.1 85.438464,27.779425,1921.1 85.438464,27.779426,1921.1 85.438463,27.779427,1921.1 85.438463,27.779428,1921.1 85.438449,27.779436,1921.1 85.438446,27.779438,1921.1 85.438445,27.77944,1921.1 85.438444,27.779441,1921.1 85.438444,27.779441,1921.1 85.438444,27.779442,1921.1 85.438445,27.779442,1921.1 85.438446,27.779443,1921.1 85.438449,27.779445,1921.1 85.438454,27.779446,1921.1 85.43846,27.779448,1921.1 85.438463,27.779449,1921.1 85.438465,27.779448,1921.2 85.438466,27.779451,1921.2 85.43847,27.779454,1921.2 85.438477,27.779457,1921.2 85.438487,27.77946,1921.2 85.438495,27.779459,1921.2 85.438505,27.779457,1921.3 85.438515,27.779454,1921.3 85.438524,27.77945,1921.3 85.438532,27.779446,1921.4 85.438543,27.779443,1921.4 85.438552,27.77944,1921.4 85.43856,27.779439,1921.4 85.438573,27.779435,1921.5 85.438583,27.779432,1921.5 85.438594,27.779428,1921.6 85.438605,27.779424,1921.6 85.438616,27.779421,1921.6 85.438627,27.779418,1921.7 85.438639,27.779416,1921.7 85.438651,27.779414,1921.7 85.43866,27.779412,1921.8 85.438671,27.779411,1921.8 85.438682,27.779412,1921.8 85.438694,27.779413,1921.8 85.438706,27.779414,1921.9 85.438717,27.779416,1921.9 85.43873,27.779419,1921.9 85.438742,27.779422,1921.9 85.438754,27.779425,1921.9 85.438764,27.779429,1922 85.438775,27.779431,1922 85.438785,27.779433,1922 85.438794,27.779434,1922 85.438801,27.77943,1922 85.438807,27.779428,1922 85.438813,27.779429,1922 85.438818,27.779432,1922 85.438824,27.779436,1922 85.438829,27.779439,1922 85.438835,27.779441,1922 85.43884,27.779441,1921.9 85.438844,27.779445,1921.9 85.438847,27.779452,1921.9 85.438848,27.779459,1921.9 85.438847,27.779465,1921.9 85.43885,27.779472,1921.9 85.438853,27.77948,1921.9 85.438858,27.779489,1921.9 85.438862,27.779498,1921.8 85.438866,27.779507,1921.8 85.438868,27.779517,1921.8 85.438869,27.779528,1921.8 85.438869,27.779539,1921.7 85.438869,27.779551,1921.7 85.438869,27.779562,1921.7 85.438868,27.779573,1921.7 85.438868,27.779583,1921.7 85.438871,27.779592,1921.6 85.438874,27.779601,1921.6 85.438876,27.77961,1921.6 85.438879,27.779619,1921.6 85.438883,27.779628,1921.6 85.438887,27.779637,1921.6 85.438891,27.779646,1921.6 85.438895,27.779655,1921.6 85.438899,27.779662,1921.6 85.438902,27.779669,1921.6 85.438905,27.779677,1921.6 85.438907,27.779683,1921.6 85.43891,27.77969,1921.6 85.438913,27.779696,1921.6 85.438917,27.779703,1921.6 85.438921,27.77971,1921.7 85.438923,27.779717,1921.7 85.438927,27.779724,1921.7 85.438932,27.779731,1921.7 85.438936,27.779737,1921.7 85.43894,27.779744,1921.8 85.438946,27.779751,1921.8 85.438951,27.779757,1921.8 85.438955,27.779765,1921.9 85.438959,27.779769,1921.9 85.438963,27.779774,1921.9 85.438965,27.77978,1922 85.438968,27.779786,1922 85.438971,27.779793,1922.1 85.438974,27.779798,1922.1 85.438977,27.779806,1922.1 85.438978,27.779815,1922.2 85.438977,27.779822,1922.2 85.438975,27.779831,1922.3 85.438976,27.779839,1922.4 85.438978,27.779848,1922.4 85.438972,27.779855,1922.5 85.438967,27.779861,1922.6 85.43896,27.779868,1922.6 85.43895,27.779873,1922.7 85.438941,27.779877,1922.8 85.438932,27.779884,1922.8 85.438923,27.77989,1922.9 85.438912,27.779899,1923 85.438906,27.779901,1923 85.438901,27.779906,1923.1 85.438896,27.779913,1923.2 85.438896,27.779918,1923.2 85.43889,27.779922,1923.2 85.438881,27.779925,1923.3 85.438872,27.779928,1923.3 85.438866,27.779935,1923.4 85.438868,27.779944,1923.5 85.438867,27.779953,1923.5 85.438856,27.779959,1923.6 85.438846,27.779963,1923.7 85.438835,27.77997,1923.7 85.438827,27.779973,1923.8 85.438819,27.779979,1923.8 85.43881,27.779987,1923.9 85.438802,27.779992,1923.9 85.438793,27.779997,1924 85.438784,27.780003,1924 85.438778,27.780011,1924.1 85.438774,27.780016,1924.1 85.438767,27.780023,1924.1 85.438763,27.780029,1924.2 85.438758,27.780035,1924.2 85.438755,27.780042,1924.2 85.438752,27.78005,1924.3 85.438747,27.780054,1924.3 85.438741,27.780059,1924.3 85.438741,27.780066,1924.3 85.438748,27.780071,1924.3 85.438747,27.780076,1924.3 85.438743,27.780082,1924.4 85.438743,27.780088,1924.4 85.438741,27.780094,1924.4 85.438735,27.780101,1924.4 85.438731,27.780109,1924.4 85.438731,27.780116,1924.4 85.438729,27.780123,1924.4 85.438726,27.780129,1924.4 85.438721,27.780135,1924.4 85.438717,27.780144,1924.4 85.438712,27.780152,1924.4 85.438707,27.78016,1924.4 85.438703,27.780167,1924.4 85.438699,27.780174,1924.4 85.438695,27.780181,1924.4 85.438697,27.780189,1924.4 85.438699,27.780197,1924.4 85.438688,27.780203,1924.4 85.438681,27.780212,1924.3 85.438677,27.780223,1924.3 85.438676,27.780234,1924.3 85.438675,27.780245,1924.3 85.438675,27.780255,1924.2 85.438675,27.780266,1924.2 85.438678,27.780277,1924.2 85.438682,27.780287,1924.1 85.438687,27.780296,1924.1 85.438693,27.780306,1924.1 85.438698,27.780315,1924 85.438703,27.780323,1924 85.438708,27.780332,1924 85.438713,27.78034,1923.9 85.438717,27.780347,1923.9 85.438721,27.780356,1923.9 85.438725,27.780365,1923.8 85.43873,27.780372,1923.8 85.438736,27.78038,1923.8 85.438741,27.780389,1923.7 85.438747,27.780397,1923.7 85.438752,27.780405,1923.6 85.438756,27.780412,1923.6 85.438763,27.780416,1923.6 85.43877,27.780422,1923.6 85.438775,27.78043,1923.5 85.43878,27.780437,1923.5 85.438786,27.780445,1923.5 85.438793,27.780449,1923.5 85.4388,27.780454,1923.4 85.438805,27.780457,1923.4 85.438813,27.780453,1923.4 85.438814,27.780445,1923.4 85.438808,27.780438,1923.4 85.438805,27.780438,1923.3 85.438803,27.780438,1923.3 85.438802,27.780439,1923.3 85.438803,27.78044,1923.3 85.438803,27.78044,1923.3 85.438803,27.78044,1923.3 85.438804,27.78044,1923.3 85.438805,27.780441,1923.3 85.438805,27.780441,1923.3 85.438806,27.780441,1923.3 85.438806,27.780441,1923.3 85.438807,27.780442,1923.3 85.438807,27.780442,1923.3 85.438807,27.780443,1923.3 85.438808,27.780442,1923.3 85.438807,27.780442,1923.3 85.438807,27.780442,1923.3 85.438806,27.780441,1923.3 85.438805,27.780442,1923.3 85.438805,27.780442,1923.3 85.438805,27.780442,1923.3 85.438804,27.780442,1923.3 85.438802,27.780443,1923.3 85.438801,27.780444,1923.3 85.4388,27.780445,1923.3 85.438799,27.780446,1923.3 85.438798,27.780447,1923.3 85.438797,27.780447,1923.3 85.438797,27.780448,1923.3 85.438796,27.780448,1923.3 85.438795,27.780448,1923.3 85.438795,27.780448,1923.3 85.438794,27.780448,1923.3 85.438794,27.780448,1923.3 85.438793,27.780448,1923.3 85.438795,27.780449,1923.3 85.438813,27.780443,1923.3 85.438826,27.780429,1923.2 85.438821,27.780424,1923.2 85.43881,27.780418,1923.2 85.438801,27.780415,1923.2 85.438796,27.780415,1923.2 85.438795,27.780415,1923.2 85.438795,27.780415,1923.2 85.438795,27.780415,1923.2 85.438796,27.780416,1923.2 85.438796,27.780417,1923.2 85.438796,27.780418,1923.2 85.438797,27.780419,1923.2 85.438797,27.780419,1923.2 85.438797,27.78042,1923.2 85.438796,27.780421,1923.2 85.438796,27.780421,1923.2 85.438798,27.780421,1923.2 85.4388,27.780421,1923.2 85.438802,27.78042,1923.2 85.438805,27.780419,1923.2 85.438807,27.780418,1923.2 85.43881,27.780418,1923.2 85.438813,27.780419,1923.2 85.438816,27.780421,1923.2 85.43882,27.780423,1923.1 85.438823,27.780426,1923.1 85.438825,27.780427,1923.1 85.438831,27.780429,1923.1 85.438837,27.780427,1923.1 85.438844,27.780423,1923.1 85.438853,27.780418,1923.1 85.438864,27.780414,1923.1 85.438873,27.780411,1923.1 85.438882,27.780409,1923.1 85.438891,27.780406,1923.1 85.438899,27.780402,1923.1 85.438907,27.780398,1923 85.438916,27.780396,1923 85.438927,27.780399,1923 85.438939,27.780401,1923 85.438951,27.7804,1923 85.438961,27.780398,1923 85.438968,27.780399,1923 85.438977,27.7804,1923 85.438984,27.780401,1923 85.43899,27.780403,1922.9 85.438996,27.780404,1922.9 85.439,27.780406,1922.9 85.439008,27.780408,1922.9 85.439015,27.780409,1922.9 85.439024,27.780411,1922.9 85.439035,27.780414,1922.9 85.439045,27.780416,1922.9 85.439056,27.780418,1922.9 85.439065,27.780419,1922.9 85.439076,27.78042,1922.9 85.439086,27.78042,1922.9 85.439097,27.780421,1922.9 85.439109,27.780421,1922.9 85.43912,27.780421,1922.8 85.439131,27.780422,1922.8 85.439141,27.780421,1922.8 85.439152,27.780421,1922.8 85.439163,27.780421,1922.8 85.439174,27.78042,1922.8 85.439183,27.78042,1922.8 85.439193,27.780419,1922.8 85.439203,27.780418,1922.8 85.439212,27.780419,1922.7 85.439221,27.780419,1922.7 85.439231,27.780418,1922.7 85.439238,27.780419,1922.7 85.439247,27.780422,1922.7 85.439256,27.780425,1922.6 85.439266,27.780429,1922.6 85.439275,27.780433,1922.6 85.439285,27.780437,1922.5 85.439294,27.780442,1922.5 85.439304,27.780448,1922.5 85.439313,27.780455,1922.4 85.439322,27.780462,1922.4 85.439331,27.78047,1922.3 85.439341,27.780477,1922.3 85.43935,27.780485,1922.2 85.43936,27.780492,1922.1 85.439371,27.780498,1922.1 85.43938,27.780506,1922 85.439391,27.780513,1921.9 85.439401,27.780518,1921.9 85.43941,27.780523,1921.8 85.439419,27.780527,1921.8 85.439427,27.780534,1921.7 85.439435,27.780543,1921.6 85.439445,27.780551,1921.6 85.439456,27.780558,1921.5 85.43947,27.780561,1921.4 85.439483,27.780564,1921.3 85.439496,27.780567,1921.3 85.439508,27.78057,1921.2 85.43952,27.780573,1921.2 85.439531,27.780575,1921.1 85.439542,27.780578,1921.1 85.439553,27.780581,1921 85.439565,27.780584,1920.9 85.439576,27.780586,1920.9 85.439587,27.780589,1920.9 85.439597,27.780592,1920.8 85.439606,27.780595,1920.8 85.439617,27.780598,1920.7 85.439627,27.780602,1920.7 85.439637,27.780606,1920.7 85.439648,27.780611,1920.6 85.439659,27.780616,1920.6 85.439671,27.78062,1920.5 85.439683,27.780624,1920.5 85.439693,27.780629,1920.5 85.439704,27.780634,1920.4 85.439714,27.780639,1920.4 85.439723,27.780645,1920.4 85.439732,27.780652,1920.3 85.43974,27.780658,1920.3 85.439749,27.780665,1920.3 85.439758,27.780672,1920.2 85.439767,27.78068,1920.2 85.439775,27.780687,1920.2 85.439783,27.780694,1920.2 85.439792,27.7807,1920.1 85.4398,27.780707,1920.1 85.439808,27.780713,1920.1 85.439816,27.780719,1920.1 85.439823,27.780726,1920.1 85.439824,27.780736,1920.1 85.43982,27.780744,1920.1 85.439816,27.780754,1920 85.439823,27.780762,1920 85.439838,27.780767,1920 85.439849,27.780774,1920 85.439856,27.780783,1920 85.439863,27.78079,1920 85.439873,27.780795,1920 85.439884,27.780799,1920 85.439895,27.780801,1920.1 85.439908,27.780805,1920.1 85.43992,27.780808,1920.1 85.439931,27.78081,1920.1 85.439943,27.780809,1920.1 85.439955,27.780809,1920.1 85.439965,27.780807,1920.1 85.439976,27.780804,1920.1 85.439986,27.780802,1920.1 85.439997,27.780799,1920.1 85.440005,27.780796,1920.1 85.440012,27.780792,1920.1 85.44002,27.780788,1920.1 85.440029,27.780784,1920.1 85.440038,27.780782,1920.1 85.440049,27.78078,1920.1 85.440061,27.780777,1920 85.440074,27.780774,1920 85.440086,27.78077,1920 85.440099,27.780766,1920 85.440112,27.780762,1919.9 85.440125,27.780757,1919.9 85.440138,27.780753,1919.9 85.44015,27.78075,1919.8 85.44016,27.780747,1919.8 85.440171,27.780741,1919.7 85.440181,27.780735,1919.7 85.440192,27.78073,1919.7 85.440204,27.780727,1919.6 85.440217,27.780725,1919.6 85.440228,27.780721,1919.5 85.440238,27.780717,1919.5 85.44025,27.780711,1919.4 85.440258,27.780704,1919.4 85.440267,27.780699,1919.3 85.440276,27.780693,1919.3 85.440285,27.780686,1919.3 85.440294,27.780679,1919.2 85.440304,27.780674,1919.2 85.440315,27.78067,1919.2 85.440323,27.780664,1919.1 85.440333,27.780658,1919.1 85.440343,27.780653,1919.1 85.440354,27.78065,1919 85.440365,27.780646,1919 85.440374,27.780642,1919 85.440384,27.78064,1919 85.440394,27.780638,1918.9 85.440403,27.780635,1918.9 85.440413,27.780633,1918.9 85.440424,27.78063,1918.9 85.440434,27.780628,1918.9 85.440444,27.780627,1918.9 85.440455,27.780626,1918.9 85.440468,27.780626,1918.8 85.44048,27.780626,1918.8 85.440493,27.780626,1918.8 85.440504,27.780628,1918.8 85.440515,27.780631,1918.8 85.440527,27.780634,1918.8 85.44054,27.780637,1918.8 85.440551,27.78064,1918.8 85.440563,27.780642,1918.7 85.440574,27.780643,1918.7 85.440587,27.780642,1918.7 85.440601,27.780642,1918.7 85.440614,27.780642,1918.6 85.440626,27.780644,1918.6 85.440638,27.780649,1918.6 85.44065,27.780651,1918.5 85.44066,27.780654,1918.5 85.440671,27.780657,1918.5 85.440681,27.78066,1918.4 85.440691,27.780663,1918.4 85.440701,27.780664,1918.4 85.440712,27.780664,1918.3 85.440722,27.780665,1918.3 85.440734,27.780667,1918.2 85.440746,27.780666,1918.2 85.440759,27.780667,1918.1 85.440769,27.780668,1918 85.44078,27.78067,1918 85.440792,27.780671,1917.9 85.440803,27.780673,1917.8 85.440815,27.780677,1917.8 85.440828,27.780682,1917.7 85.440839,27.780686,1917.6 85.440851,27.780693,1917.5 85.440862,27.780703,1917.4 85.440869,27.780713,1917.3 85.440873,27.780725,1917.3 85.440878,27.780736,1917.2 85.440885,27.780745,1917.1 85.440891,27.780752,1917.1 85.440897,27.78076,1917 85.4409,27.780769,1917 85.440902,27.780776,1916.9 85.440905,27.780784,1916.9 85.440908,27.780792,1916.8 85.440912,27.780801,1916.8 85.440917,27.780809,1916.8 85.440922,27.780818,1916.7 85.440925,27.780828,1916.7 85.440927,27.780838,1916.7 85.440931,27.780847,1916.6 85.440937,27.780855,1916.6 85.440942,27.780864,1916.6 85.440947,27.780874,1916.5 85.440951,27.780882,1916.5 85.440955,27.780892,1916.5 85.440959,27.780902,1916.5 85.440966,27.780909,1916.4 85.440973,27.780917,1916.4 85.440978,27.780926,1916.4 85.440983,27.780935,1916.4 85.44099,27.780944,1916.3 85.440995,27.780952,1916.3 85.441,27.780961,1916.3 85.441005,27.780971,1916.3 85.44101,27.780979,1916.2 85.441014,27.780989,1916.2 85.441018,27.780998,1916.2 85.441022,27.781009,1916.1 85.441028,27.78102,1916.1 85.441031,27.781032,1916 85.441031,27.781044,1916 85.441032,27.781056,1915.9 85.441035,27.781066,1915.9 85.441035,27.781078,1915.8 85.441029,27.78109,1915.7 85.441024,27.781099,1915.7 85.441023,27.78111,1915.6 85.441024,27.781122,1915.5 85.441025,27.781131,1915.4 85.441024,27.781141,1915.4 85.441022,27.78115,1915.3 85.441019,27.78116,1915.2 85.441016,27.78117,1915.1 85.441009,27.781179,1915 85.441004,27.781186,1914.9 85.441002,27.781195,1914.8 85.441003,27.781205,1914.7 85.441005,27.781216,1914.5 85.441003,27.781225,1914.4 85.441001,27.781236,1914.3 85.441,27.781247,1914.1 85.441002,27.781257,1913.8 85.441013,27.781262,1913.5 85.441024,27.781263,1912.2 85.441033,27.781262,1911.9 85.44104,27.781264,1911.7 85.441044,27.781268,1911.1 85.441046,27.781276,1910.8 85.441048,27.781287,1910.5 85.441051,27.781299,1910.2 85.441058,27.781309,1909.7 85.44107,27.781316,1908.5 85.44108,27.781316,1908.2 85.441083,27.781312,1907.9 85.441078,27.781312,1907.6 85.441072,27.781312,1907.3 85.441071,27.781314,1907.1 85.441073,27.781317,1906.8 85.441073,27.781319,1906.5 85.441072,27.781325,1906.2 85.441069,27.78134,1905.9 85.441073,27.781356,1905.4 85.441073,27.781371,1905.1 85.44107,27.781383,1904.6 85.441068,27.781393,1904.3 85.441064,27.781402,1904.1 85.441058,27.781409,1904.7 85.441053,27.781418,1904.3 85.441042,27.781421,1904 85.441033,27.781428,1903.7 85.441036,27.781436,1903.4 85.441038,27.781444,1903.1 85.441029,27.781451,1902.9 85.44102,27.781457,1902.4 85.441011,27.781463,1903.2 85.441008,27.781472,1902.9 85.441009,27.781481,1902.6 85.44101,27.781489,1902.4 85.441012,27.781498,1902.1 85.441012,27.781508,1901.9 85.441021,27.781515,1901.8 85.441035,27.781507,1901.8 85.441044,27.781494,1901.7 85.441051,27.781489,1901.7 85.44106,27.781489,1901.7 85.441068,27.781491,1901.7 85.441079,27.781492,1901.7 85.441092,27.781492,1901.6 85.441103,27.781475,1901.6 85.441111,27.781458,1901.6 85.441119,27.781445,1901.6 85.441128,27.781438,1901.6 85.441134,27.781439,1901.6 85.44114,27.781442,1901.6 85.441139,27.781445,1901.6 85.441132,27.781448,1901.6 85.441133,27.781453,1901.6 85.441138,27.781459,1901.6 85.441143,27.781464,1901.6 85.441142,27.781469,1901.6 85.441142,27.781475,1901.6 85.441143,27.781482,1901.6 85.441145,27.781488,1901.6 85.441148,27.781495,1901.6 85.441147,27.781504,1901.6 85.441143,27.781514,1901.6 85.44114,27.781524,1901.6 85.441134,27.781531,1901.6 85.441125,27.78154,1901.6 85.441113,27.781546,1901.6 85.4411,27.781552,1901.7 85.441087,27.781561,1901.7 85.441079,27.781573,1901.7 85.44108,27.781586,1901.7 85.441076,27.781597,1901.7 85.441071,27.781607,1901.8 85.441067,27.781616,1901.8 85.441062,27.781625,1901.8 85.441059,27.781632,1901.8 85.441059,27.781642,1901.8 85.441064,27.781648,1901.8 85.441071,27.781653,1901.9 85.441079,27.781656,1901.9 85.441086,27.781658,1901.9 85.441092,27.78166,1901.9 85.441095,27.781663,1901.9 85.441099,27.781667,1901.9 85.441106,27.78167,1901.9 85.441116,27.781671,1901.9 85.441126,27.781671,1902 85.441135,27.781671,1902 85.441143,27.781671,1902 85.441152,27.781671,1902 85.441159,27.781667,1902 85.441168,27.781661,1902 85.441174,27.781655,1902.1 85.441178,27.78165,1902.1 85.441179,27.781643,1902.1 85.441184,27.781637,1902.1 85.441185,27.781623,1902.1 85.441189,27.781615,1902.1 85.441197,27.781607,1902.2 85.441201,27.781604,1902.2 85.4412,27.781593,1902.2 85.441187,27.781589,1902.2 85.441176,27.781588,1902.2 85.441168,27.781588,1902.2 85.441161,27.781587,1902.2 85.441155,27.781586,1902.3 85.44115,27.781583,1902.3 85.441147,27.781581,1902.3 85.441147,27.78158,1902.3 85.441141,27.781576,1902.3 85.441138,27.781575,1902.3 85.441129,27.781568,1902.3 85.441123,27.781565,1902.3 85.441119,27.781563,1902.3 85.441114,27.781563,1902.3 85.441106,27.781567,1902.3 85.441093,27.781575,1902.3 85.441086,27.781584,1902.3 85.441075,27.781591,1902.4 85.441061,27.78159,1902.4 85.441054,27.781584,1902.4 85.441049,27.781576,1902.4 85.441045,27.781571,1902.4 85.44104,27.781568,1902.4 85.441037,27.781566,1902.4 85.441034,27.781565,1902.4 85.441031,27.781565,1902.4 85.441028,27.781565,1902.4 85.441027,27.781565,1902.4 85.441025,27.781565,1902.4 85.441024,27.781566,1902.4 85.441024,27.781566,1902.4 85.441025,27.781567,1902.4 85.441028,27.781568,1902.4 85.441033,27.781568,1902.4 85.441043,27.78157,1902.4 85.44105,27.781568,1902.4 85.441052,27.781565,1902.4 85.441061,27.781565,1902.4 85.441075,27.781566,1902.4 85.441088,27.781566,1902.4 85.441098,27.781564,1902.3 85.441108,27.781564,1902.3 85.441115,27.781568,1902.3 85.441123,27.781571,1902.3 85.441131,27.781573,1902.3 85.441137,27.781574,1902.3 85.441145,27.781577,1902.3 85.441154,27.781577,1902.3 85.441162,27.781579,1902.3 85.44117,27.781579,1902.2 85.441178,27.781579,1902.2 85.441186,27.781579,1902.2 85.441195,27.781579,1902.2 85.441203,27.781577,1902.2 85.441212,27.781576,1902.2 85.441221,27.781575,1902.1 85.441227,27.781571,1902.1 85.441235,27.781571,1902.1 85.441242,27.781571,1902.1 85.441251,27.781572,1902 85.441259,27.781571,1902 85.441267,27.78157,1902 85.441276,27.781568,1902 85.441285,27.781566,1901.9 85.441294,27.781565,1901.9 85.441302,27.781562,1901.9 85.44131,27.78156,1901.8 85.44132,27.781556,1901.8 85.441328,27.781553,1901.8 85.441337,27.781549,1901.7 85.441346,27.781545,1901.7 85.441355,27.781542,1901.7 85.441365,27.78154,1901.6 85.441375,27.781538,1901.6 85.441384,27.781534,1901.5 85.441392,27.781531,1901.5 85.4414,27.78153,1901.5 85.441406,27.781531,1901.4 85.441416,27.781533,1901.4 85.441425,27.781534,1901.3 85.441436,27.781535,1901.3 85.441448,27.781536,1901.2 85.441457,27.781539,1901.2 85.441467,27.781542,1901.1 85.441479,27.781542,1901.1 85.441491,27.781543,1901 85.441502,27.781546,1901 85.441512,27.781548,1900.9 85.441521,27.78155,1900.9 85.44153,27.781552,1900.8 85.441538,27.781554,1900.8 85.441545,27.781556,1900.7 85.441554,27.781559,1900.7 85.441563,27.781562,1900.6 85.441572,27.781563,1900.6 85.441582,27.781561,1900.5 85.441595,27.781559,1900.5 85.441606,27.781558,1900.4 85.441618,27.781556,1900.4 85.441628,27.781552,1900.3 85.441639,27.781548,1900.3 85.441649,27.781543,1900.2 85.441657,27.781537,1900.1 85.441666,27.781533,1900.1 85.441674,27.781528,1900 85.441682,27.781523,1900 85.44169,27.781519,1900 85.441699,27.781515,1899.9 85.441708,27.78151,1899.9 85.441718,27.781504,1899.8 85.441728,27.781498,1899.7 85.441739,27.781492,1899.7 85.441751,27.781486,1899.6 85.441762,27.78148,1899.5 85.441774,27.781477,1899.5 85.441787,27.781474,1899.4 85.4418,27.78147,1899.4 85.441812,27.781469,1899.3 85.441825,27.781469,1899.2 85.441838,27.78147,1899.2 85.441851,27.781469,1899.1 85.441864,27.78147,1899.1 85.441877,27.781475,1899 85.441889,27.781479,1899 85.441901,27.781482,1898.9 85.441912,27.781486,1898.8 85.441924,27.781492,1898.8 85.441935,27.781491,1898.7 85.441946,27.78149,1898.7 85.441956,27.781497,1898.6 85.441965,27.781504,1898.6 85.441974,27.781512,1898.5 85.441983,27.781519,1898.5 85.441992,27.781526,1898.4 85.442001,27.781532,1898.4 85.44201,27.781541,1898.3 85.442021,27.781548,1898.3 85.442031,27.781556,1898.2 85.442041,27.781564,1898.2 85.442047,27.781573,1898.1 85.442039,27.781585,1898.1 85.442024,27.781591,1898 85.44201,27.781594,1897.9 85.442,27.781599,1897.9 85.441991,27.781604,1897.9 85.441981,27.781605,1897.8 85.441971,27.781606,1897.8 85.441961,27.781606,1897.8 85.441951,27.781602,1897.7 85.441945,27.7816,1897.7 85.44194,27.781603,1897.7 85.441937,27.781606,1897.7 85.441937,27.78161,1897.6 85.441939,27.78161,1897.6 85.441942,27.78161,1897.6 85.441946,27.781613,1897.6 85.441953,27.781616,1897.6 85.441959,27.781615,1897.6 85.441956,27.781612,1897.5 85.441953,27.781611,1897.5 85.441952,27.781611,1897.5 85.441951,27.781611,1897.5 85.441951,27.78161,1897.5 85.441951,27.781609,1897.5 85.441952,27.781608,1897.5 85.441953,27.781608,1897.5 85.441955,27.781608,1897.5 85.441956,27.781608,1897.5 85.441958,27.781609,1897.5 85.441959,27.781609,1897.5 85.44196,27.781609,1897.5 85.441962,27.781609,1897.5 85.441963,27.78161,1897.5 85.441964,27.781611,1897.5 85.441965,27.781612,1897.5 85.441967,27.781612,1897.4 85.441968,27.781613,1897.4 85.441968,27.781613,1897.4 85.441968,27.781613,1897.4 85.441969,27.781613,1897.4 85.441969,27.781612,1897.4 85.441971,27.781606,1897.4 85.441976,27.781606,1897.4 85.441983,27.78161,1897.4 85.441996,27.781615,1897.3 85.44202,27.78161,1897.2 85.442035,27.781606,1897.2 85.442051,27.781607,1897.1 85.442063,27.78161,1897.1 85.44208,27.781611,1897 85.442094,27.781613,1897 85.442108,27.781613,1896.9 85.44212,27.781614,1896.9 85.442132,27.781619,1896.8 85.442143,27.781625,1896.8 85.442156,27.781629,1896.7 85.44217,27.781629,1896.6 85.442184,27.781628,1896.6 85.442197,27.781628,1896.5 85.44221,27.781625,1896.5 85.442223,27.781626,1896.4 85.442234,27.781632,1896.3 85.442243,27.78164,1896.3 85.442251,27.781645,1896.2 85.442262,27.781648,1896.2 85.442274,27.781651,1896.1 85.442286,27.781653,1896 85.442297,27.781655,1896 85.442308,27.781659,1895.9 85.442317,27.781664,1895.8 85.442326,27.78167,1895.8 85.442334,27.781678,1895.7 85.442342,27.781684,1895.7 85.442351,27.781689,1895.6 85.442357,27.781696,1895.5 85.442364,27.781704,1895.5 85.442369,27.781715,1895.4 85.442373,27.781726,1895.3 85.442375,27.781737,1895.3 85.442378,27.781747,1895.2 85.442383,27.781756,1895.2 85.442388,27.781766,1895.1 85.442394,27.781776,1895 85.4424,27.781785,1895 85.442406,27.781795,1894.9 85.442413,27.781804,1894.8 85.442418,27.781812,1894.8 85.442426,27.781822,1894.7 85.442431,27.78183,1894.6 85.442435,27.78184,1894.6 85.44244,27.781849,1894.5 85.442445,27.781858,1894.5 85.442449,27.781868,1894.4 85.442454,27.781877,1894.4 85.44246,27.781887,1894.3 85.442467,27.781897,1894.3 85.442476,27.781906,1894.2 85.442485,27.781915,1894.2 85.442491,27.781924,1894.1 85.442497,27.781935,1894.1 85.442504,27.781945,1894 85.44251,27.781954,1894 85.442517,27.781963,1893.9 85.442525,27.781971,1893.9 85.442533,27.78198,1893.8 85.442542,27.781987,1893.8 85.442551,27.781995,1893.7 85.442561,27.782,1893.7 85.442571,27.782004,1893.6 85.442582,27.782009,1893.6 85.442593,27.782013,1893.6 85.442605,27.782015,1893.5 85.442617,27.782019,1893.5 85.44263,27.782021,1893.4 85.442643,27.782021,1893.3 85.442655,27.782021,1893.3 85.442667,27.78202,1893.2 85.442679,27.782019,1893.2 85.442692,27.78202,1893.1 85.442703,27.782018,1893 85.442715,27.782017,1893 85.442726,27.782018,1892.9 85.442737,27.782018,1892.9 85.442748,27.782015,1892.8 85.442759,27.782014,1892.7 85.442769,27.782011,1892.6 85.442779,27.782008,1892.6 85.442789,27.782006,1892.5 85.442799,27.782004,1892.4 85.44281,27.782003,1892.4 85.442821,27.782003,1892.3 85.442831,27.782004,1892.2 85.442841,27.782002,1892.1 85.442853,27.781998,1892 85.442863,27.781999,1892 85.442874,27.782,1891.9 85.442885,27.781999,1891.8 85.442894,27.781999,1891.7 85.442903,27.782,1891.6 85.44291,27.782004,1891.6 85.442919,27.782009,1891.5 85.442928,27.782014,1891.4 85.44294,27.782021,1891.3 85.44295,27.782029,1891.2 85.442959,27.782039,1891 85.442968,27.78205,1890.9 85.442976,27.782061,1890.7 85.442984,27.782071,1890.6 85.442991,27.782082,1890.5 85.442999,27.782093,1890.3 85.443007,27.782106,1890.2 85.44301,27.782119,1890 85.443012,27.782132,1889.9 85.443021,27.782141,1889.8 85.443029,27.782151,1889.6 85.443036,27.782162,1889.5 85.443044,27.782171,1889.4 85.443052,27.782181,1889.2 85.443061,27.782191,1889.1 85.443068,27.782201,1888.9 85.443073,27.782212,1888.8 85.443078,27.782223,1888.7 85.443083,27.782234,1888.6 85.443088,27.782245,1888.4 85.443091,27.782257,1888.3 85.44309,27.782271,1888.1 85.44308,27.782274,1888 85.44307,27.782279,1887.9 85.443061,27.782288,1887.8 85.443051,27.782295,1887.7 85.443041,27.782301,1887.5 85.443029,27.782308,1887.4 85.443018,27.782313,1887.3 85.443009,27.782317,1887.2 85.442998,27.782321,1887 85.442987,27.782324,1886.9 85.442975,27.782327,1886.8 85.442965,27.78233,1886.7 85.442955,27.782332,1886.6 85.442944,27.782334,1886.5 85.442934,27.782335,1886.4 85.442922,27.782334,1886.3 85.44291,27.782334,1886.1 85.442898,27.782332,1886 85.442885,27.782331,1885.9 85.442872,27.782328,1885.7 85.44286,27.782326,1885.6 85.442848,27.782326,1885.5 85.442836,27.782327,1885.4 85.442824,27.782329,1885.3 85.442813,27.782331,1885.2 85.442802,27.782336,1885.1 85.44279,27.782341,1884.9 85.442782,27.782347,1884.8 85.442773,27.782353,1884.7 85.442762,27.782361,1884.6 85.442756,27.782367,1884.5 85.442748,27.782373,1884.4 85.44274,27.782379,1884.3 85.442733,27.782387,1884.2 85.442727,27.782396,1884.1 85.442721,27.782406,1884.2 85.442721,27.782415,1884.2 85.44272,27.782425,1884.3 85.44272,27.782435,1884.3 85.442724,27.782446,1884.4 85.442729,27.782456,1884.5 85.442734,27.782465,1884.5 85.442742,27.782474,1884.6 85.44275,27.782484,1884.7 85.44276,27.782492,1884.7 85.44277,27.7825,1884.8 85.442779,27.782508,1884.9 85.442789,27.782515,1884.9 85.442799,27.782521,1885 85.442808,27.782528,1885 85.442817,27.782532,1885.1 85.442829,27.782538,1885.2 85.442837,27.782542,1885.2 85.442846,27.782549,1885.3 85.442853,27.782556,1885.3 85.442856,27.782565,1885.4 85.442857,27.782575,1885.4 85.44286,27.782583,1885.5 85.442866,27.78259,1885.5 85.442868,27.7826,1885.6 85.442863,27.782611,1885.7 85.442855,27.782624,1885.7 85.442849,27.782637,1885.8 85.442843,27.78265,1885.9 85.442838,27.782663,1886 85.442832,27.782677,1886.1 85.442823,27.782688,1886.2 85.442815,27.782698,1886.2 85.442809,27.782709,1886.3 85.442803,27.782719,1886.4 85.4428,27.78273,1886.5 85.442798,27.78274,1886.5 85.442797,27.782749,1886.6 85.4428,27.782759,1886.7 85.442806,27.782769,1886.7 85.442817,27.782775,1886.8 85.44283,27.782779,1886.7 85.442843,27.782782,1886.6 85.442856,27.782783,1886.5 85.44287,27.782784,1886.4 85.442883,27.782784,1886.3 85.442898,27.782783,1886.2 85.44291,27.782777,1886.1 85.442922,27.782773,1886.1 85.442936,27.78277,1886 85.442948,27.782767,1885.9 85.442958,27.782765,1885.9 85.442969,27.782763,1885.8 85.442979,27.782757,1885.8 85.44299,27.78275,1885.7 85.443001,27.782745,1885.7 85.443011,27.782739,1885.7 85.443021,27.782736,1885.6 85.443031,27.782729,1885.6 85.44304,27.782723,1885.6 85.443047,27.782716,1885.6 85.443054,27.782708,1885.6 85.44306,27.7827,1885.6 85.443067,27.782692,1885.6 85.443074,27.782687,1885.6 85.443082,27.782683,1885.6 85.443091,27.782679,1885.6 85.443096,27.782675,1885.6 85.443102,27.782672,1885.6 85.443107,27.782668,1885.7 85.443112,27.782663,1885.7 85.443118,27.782656,1885.7 85.443123,27.782652,1885.7 85.443128,27.782647,1885.7 85.443134,27.782643,1885.7 85.44314,27.782639,1885.8 85.443145,27.782634,1885.8 85.443148,27.782627,1885.8 85.443151,27.78262,1885.8 85.443156,27.782615,1885.8 85.443159,27.782608,1885.9 85.443163,27.782603,1885.9 85.443168,27.782597,1885.9 85.443173,27.782591,1885.9 85.443179,27.782586,1885.9 85.443186,27.782582,1885.9 85.443194,27.782576,1885.9 85.443202,27.78257,1885.9 85.443212,27.782564,1886 85.443221,27.782559,1886 85.443231,27.782554,1886 85.443243,27.782549,1886 85.443254,27.782543,1886 85.443266,27.782538,1885.9 85.443278,27.782533,1885.9 85.443288,27.782529,1885.9 85.443299,27.782525,1885.9 85.443308,27.782521,1885.9 85.443318,27.78252,1885.9 85.443326,27.782519,1885.9 85.443336,27.782518,1885.9 85.443346,27.782518,1885.8 85.443356,27.782517,1885.8 85.443364,27.782516,1885.8 85.443375,27.782516,1885.8 85.443385,27.782515,1885.8 85.443395,27.782515,1885.8 85.443407,27.782517,1885.7 85.443419,27.782519,1885.7 85.443431,27.78252,1885.7 85.443442,27.782521,1885.7 85.443452,27.782522,1885.7 85.443464,27.782521,1885.7 85.443476,27.782521,1885.6 85.443488,27.78252,1885.6 85.443501,27.78252,1885.6 85.443513,27.78252,1885.6 85.443524,27.782521,1885.6 85.443535,27.782521,1885.6 85.443548,27.78252,1885.5 85.443561,27.78252,1885.5 85.443573,27.782519,1885.5 85.443586,27.782521,1885.5 85.443597,27.782524,1885.5 85.443606,27.782526,1885.4 85.443617,27.782532,1885.4 85.443629,27.782537,1885.4 85.44364,27.782543,1885.4 85.44365,27.78255,1885.3 85.443661,27.782557,1885.3 85.443669,27.782569,1885.3 85.443678,27.782581,1885.2 85.443686,27.782593,1885.2 85.443693,27.782605,1885.1 85.4437,27.782618,1885.1 85.443707,27.782629,1885.1 85.443715,27.782641,1885 85.443721,27.782652,1885 85.443728,27.782664,1885 85.443733,27.782675,1884.9 85.44374,27.782685,1884.9 85.443744,27.782695,1884.9 85.443747,27.782705,1884.9 85.443751,27.782714,1884.9 85.443754,27.782724,1884.9 85.443758,27.782734,1884.9 85.443763,27.782744,1884.9 85.443767,27.782754,1884.9 85.44377,27.782763,1884.9 85.443774,27.782773,1884.9 85.443776,27.782783,1884.9 85.443778,27.782794,1884.9 85.443779,27.782804,1884.9 85.44378,27.782814,1884.9 85.443781,27.782825,1884.9 85.443781,27.782835,1884.9 85.44378,27.782845,1884.9 85.443779,27.782855,1884.9 85.44378,27.782866,1884.9 85.44378,27.782877,1885 85.443779,27.782888,1885 85.443779,27.782899,1885 85.443779,27.782909,1885 85.443777,27.782919,1885 85.443775,27.782928,1885 85.443771,27.782937,1885 85.443768,27.782946,1885 85.443765,27.782955,1885.1 85.443758,27.782964,1885.1 85.443751,27.782971,1885.1 85.443744,27.782978,1885.1 85.443737,27.782986,1885.1 85.443731,27.782995,1885.1 85.443723,27.783004,1885.1 85.443716,27.783014,1885.1 85.443709,27.783023,1885.1 85.443703,27.783033,1885.1 85.443697,27.783043,1885.1 85.44369,27.783052,1885.1 85.443683,27.783062,1885.1 85.443677,27.783071,1885.1 85.443668,27.783079,1885.1 85.443658,27.783085,1885.1 85.443646,27.78309,1885.1 85.443632,27.783096,1885.1 85.443618,27.783101,1885.1 85.443603,27.783105,1885 85.44359,27.783108,1885 85.443578,27.783112,1885 85.443566,27.78312,1885 85.443558,27.783129,1884.9 85.443547,27.783139,1884.9 85.443534,27.783144,1884.9 85.443522,27.783151,1884.9 85.443511,27.783157,1884.8 85.4435,27.783162,1884.8 85.443492,27.78317,1884.8 85.443486,27.783178,1884.8 85.44348,27.783185,1884.7 85.443474,27.783191,1884.7 85.443467,27.783195,1884.7 85.443458,27.783199,1884.7 85.443449,27.7832,1884.6 85.443438,27.783202,1884.6 85.443428,27.783206,1884.6 85.443421,27.783211,1884.5 85.443411,27.783218,1884.5 85.443402,27.783225,1884.5 85.44339,27.783231,1884.4 85.443378,27.783239,1884.3 85.443366,27.783245,1884.3 85.443358,27.783245,1884.3 85.443348,27.783251,1884.2 85.443338,27.783254,1884.1 85.443329,27.783254,1884.1 85.443318,27.783259,1884 85.443308,27.783264,1884 85.443299,27.78327,1883.9 85.443291,27.783278,1883.8 85.443288,27.783283,1883.8 85.443283,27.783289,1883.8 85.443279,27.783296,1883.7 85.443275,27.783305,1883.7 85.443272,27.783316,1883.6 85.443271,27.783327,1883.5 85.443272,27.783338,1883.4 85.443275,27.78335,1883.4 85.443282,27.783361,1883.3 85.44329,27.783369,1883.2 85.443295,27.783378,1883.1 85.4433,27.783387,1883.1 85.443306,27.783395,1883 85.443312,27.783404,1882.9 85.443318,27.783412,1882.9 85.443324,27.78342,1882.8 85.443331,27.783428,1882.7 85.443338,27.783435,1882.7 85.443346,27.783442,1882.6 85.443355,27.783452,1882.5 85.443361,27.783459,1882.4 85.443365,27.783469,1882.4 85.443369,27.783478,1882.3 85.443373,27.783488,1882.2 85.443374,27.783495,1882.2 85.443376,27.783503,1882.1 85.443376,27.783513,1882.1 85.443374,27.783522,1882 85.443371,27.783532,1882 85.443366,27.783542,1881.9 85.443363,27.783552,1881.8 85.443358,27.783562,1881.8 85.443356,27.783572,1881.7 85.443355,27.783582,1881.7 85.443353,27.783592,1881.6 85.443347,27.7836,1881.6 85.443342,27.783607,1881.6 85.443338,27.783616,1881.5 85.443334,27.783622,1881.5 85.443328,27.78363,1881.5 85.443322,27.783637,1881.5 85.443316,27.783645,1881.4 85.443307,27.783652,1881.4 85.443298,27.783658,1881.4 85.44329,27.783665,1881.4 85.443282,27.783672,1881.4 85.443276,27.783678,1881.4 85.443267,27.783684,1881.4 85.443259,27.78369,1881.4 85.443252,27.783697,1881.4 85.443245,27.7837,1881.4 85.443239,27.783705,1881.4 85.443232,27.783709,1881.4 85.443223,27.783716,1881.4 85.443216,27.78372,1881.4 85.443208,27.783726,1881.4 85.4432,27.783733,1881.4 85.443193,27.783737,1881.4 85.443183,27.783742,1881.4 85.443173,27.783746,1881.4 85.443162,27.783749,1881.5 85.443154,27.783754,1881.5 85.443148,27.783762,1881.5 85.443143,27.78377,1881.5 85.443139,27.783781,1881.5 85.443137,27.783793,1881.5 85.443135,27.783805,1881.5 85.443133,27.783816,1881.5 85.44313,27.783827,1881.5 85.443124,27.783837,1881.6 85.443122,27.783848,1881.6 85.443122,27.783858,1881.6 85.443122,27.783869,1881.6 85.443121,27.78388,1881.6 85.44312,27.783889,1881.6 85.443119,27.7839,1881.6 85.443116,27.783908,1881.5 85.443115,27.783917,1881.5 85.443115,27.783927,1881.5 85.443112,27.783935,1881.5 85.443111,27.783943,1881.5 85.443108,27.78395,1881.5 85.443104,27.783957,1881.5 85.443102,27.783965,1881.5 85.443101,27.783973,1881.5 85.443101,27.783982,1881.5 85.443101,27.78399,1881.5 85.4431,27.784,1881.5 85.443101,27.784009,1881.4 85.443107,27.784018,1881.4 85.443111,27.784028,1881.4 85.443117,27.784039,1881.4 85.443119,27.78405,1881.3 85.443118,27.78406,1881.3 85.443118,27.784071,1881.3 85.443121,27.784083,1881.2 85.443124,27.784094,1881.2 85.443128,27.784106,1881.1 85.443131,27.784117,1881.1 85.443134,27.784127,1881 85.443138,27.784138,1881 85.44314,27.784148,1880.9 85.443141,27.784157,1880.9 85.443142,27.784167,1880.9 85.44314,27.784176,1880.8 85.44314,27.784186,1880.8 85.443136,27.784196,1880.7 85.443131,27.784204,1880.7 85.443132,27.784212,1880.6 85.443134,27.784221,1880.6 85.443136,27.784232,1880.5 85.443138,27.78424,1880.5 85.44314,27.78425,1880.4 85.443141,27.784258,1880.4 85.443142,27.784264,1880.4 85.443145,27.784272,1880.3 85.443148,27.784279,1880.3 85.443153,27.784286,1880.3 85.443157,27.784293,1880.2 85.443162,27.784301,1880.2 85.443168,27.78431,1880.2 85.443174,27.784315,1880.1 85.443178,27.784323,1880.1 85.443183,27.784327,1880.1 85.443189,27.784335,1880.1 85.443194,27.784339,1880.1 85.4432,27.784344,1880 85.443205,27.78435,1880 85.443207,27.784356,1880 85.443202,27.784362,1880 85.443197,27.784369,1880 85.443194,27.784375,1880 85.443193,27.784381,1880 85.443197,27.784386,1880 85.443199,27.784391,1880 85.443202,27.784396,1880 85.443205,27.784401,1880 85.44321,27.784407,1880 85.443217,27.784413,1880 85.443224,27.78442,1880 85.443236,27.784426,1880 85.443246,27.784431,1880 85.443253,27.784437,1880 85.443259,27.784444,1880 85.443264,27.784453,1880.1 85.44327,27.784459,1880.1 85.443279,27.784464,1880.1 85.443291,27.784469,1880.1 85.443298,27.784473,1880.2 85.443306,27.784476,1880.2 85.443317,27.784481,1880.2 85.443325,27.784481,1880.2 85.443333,27.784485,1880.2 85.44334,27.784489,1880.3 85.443346,27.784494,1880.3 85.443354,27.784498,1880.3 85.443365,27.784497,1880.3 85.443376,27.784497,1880.3 85.443387,27.784494,1880.4 85.443397,27.78449,1880.4 85.443406,27.784488,1880.4 85.443415,27.784488,1880.4 85.443425,27.78449,1880.4 85.443431,27.784491,1880.4 85.443439,27.784493,1880.4 85.443447,27.784498,1880.4 85.443451,27.784501,1880.4 85.443456,27.784503,1880.4 85.443463,27.784501,1880.4 85.443469,27.784498,1880.4 85.443476,27.784496,1880.4 85.443483,27.784495,1880.4 85.44349,27.784494,1880.4 85.443496,27.784494,1880.4 85.443504,27.784496,1880.4 85.44351,27.784496,1880.4 85.443517,27.784496,1880.4 85.443523,27.784498,1880.4 85.443531,27.784501,1880.4 85.443538,27.784503,1880.4 85.443545,27.784505,1880.4 85.443552,27.784508,1880.4 85.443559,27.78451,1880.4 85.443564,27.784515,1880.4 85.443563,27.784524,1880.4 85.443568,27.78453,1880.4 85.443576,27.784532,1880.4 85.443585,27.784533,1880.4 85.443594,27.784537,1880.4 85.443604,27.784541,1880.4 85.443614,27.784543,1880.4 85.443623,27.784547,1880.4 85.443633,27.784549,1880.4 85.443642,27.784551,1880.4 85.443652,27.784554,1880.4 85.44366,27.784556,1880.4 85.44367,27.784558,1880.4 85.443681,27.784558,1880.4 85.443691,27.78456,1880.4 85.443701,27.784562,1880.4 85.443713,27.784564,1880.4 85.443723,27.784566,1880.4 85.443731,27.784568,1880.4 85.443739,27.784571,1880.5 85.443747,27.784574,1880.5 85.443757,27.784578,1880.5 85.443766,27.784582,1880.5 85.443775,27.784585,1880.5 85.443784,27.784588,1880.6 85.443793,27.784591,1880.6 85.443802,27.784594,1880.6 85.443811,27.784597,1880.6 85.443819,27.784598,1880.6 85.443829,27.784598,1880.7 85.443839,27.784596,1880.7 85.443848,27.784595,1880.7 85.443858,27.784595,1880.8 85.443866,27.784595,1880.8 85.443877,27.784596,1880.8 85.443888,27.784595,1880.8 85.443899,27.784599,1880.9 85.443906,27.784606,1880.9 85.443917,27.784609,1881 85.443929,27.784608,1881 85.44394,27.78461,1881 85.443951,27.784613,1881.1 85.443964,27.784616,1881.1 85.443976,27.784619,1881.1 85.443988,27.784621,1881.2 85.444,27.784622,1881.2 85.444009,27.784626,1881.2 85.444018,27.78463,1881.3 85.444029,27.784634,1881.3 85.444039,27.78464,1881.3 85.44405,27.784646,1881.4 85.444061,27.784651,1881.4 85.444073,27.784657,1881.4 85.444083,27.784664,1881.4 85.444095,27.784671,1881.5 85.444107,27.784678,1881.5 85.444115,27.784685,1881.5 85.444123,27.784692,1881.5 85.444131,27.784699,1881.5 85.44414,27.784707,1881.6 85.444148,27.784715,1881.6 85.444155,27.784725,1881.6 85.444164,27.784734,1881.6 85.444172,27.784742,1881.6 85.444179,27.784751,1881.6 85.444185,27.78476,1881.6 85.444191,27.784768,1881.6 85.444199,27.784775,1881.6 85.444206,27.784783,1881.6 85.444214,27.784789,1881.6 85.444221,27.784795,1881.6 85.44423,27.7848,1881.6 85.44424,27.784806,1881.6 85.444249,27.784811,1881.6 85.444258,27.784819,1881.6 85.444267,27.784825,1881.5 85.444278,27.784829,1881.5 85.444288,27.784831,1881.5 85.444297,27.784832,1881.5 85.444305,27.784837,1881.5 85.444313,27.784842,1881.4 85.444322,27.784846,1881.4 85.444331,27.784849,1881.4 85.444342,27.784851,1881.4 85.444351,27.784852,1881.3 85.444361,27.784855,1881.3 85.44437,27.784858,1881.3 85.444377,27.784861,1881.3 85.444386,27.784868,1881.2 85.444395,27.784872,1881.2 85.444405,27.784878,1881.2 85.444414,27.784883,1881.2 85.444421,27.784888,1881.2 85.44443,27.784893,1881.1 85.444441,27.784898,1881.1 85.44445,27.784899,1881.1 85.44446,27.784901,1881.1 85.444469,27.784903,1881 85.444479,27.784907,1881 85.444489,27.78491,1881 85.444499,27.784914,1881 85.444508,27.78492,1880.9 85.444516,27.784926,1880.9 85.444525,27.784923,1880.9 85.444528,27.784915,1880.9 85.444532,27.784913,1880.9 85.444536,27.784912,1880.9 85.444541,27.784912,1880.9 85.444545,27.784912,1880.8 85.44455,27.784913,1880.8 85.444558,27.784918,1880.8 85.444567,27.784925,1880.8 85.444577,27.784933,1880.8 85.444587,27.784942,1880.7 85.444596,27.784954,1880.7 85.444604,27.784961,1880.7 85.444611,27.784977,1880.7 85.444619,27.784989,1880.7 85.444626,27.785001,1880.6 85.444631,27.785011,1880.6 85.44464,27.785018,1880.6 85.444646,27.78503,1880.6 85.44465,27.785041,1880.6 85.444652,27.785049,1880.6 85.444653,27.785055,1880.6 85.44465,27.785059,1880.6 85.444646,27.785058,1880.6 85.444643,27.785057,1880.6 85.444642,27.785055,1880.6 85.444641,27.785055,1880.6 85.444642,27.785055,1880.6 85.444642,27.785054,1880.6 85.444642,27.785056,1880.6 85.444642,27.785058,1880.6 85.444644,27.785064,1880.6 85.44465,27.785078,1880.6 85.444653,27.785089,1880.6 85.444661,27.785097,1880.6 85.444667,27.785104,1880.6 85.444677,27.78511,1880.6 85.44469,27.785115,1880.6 85.444698,27.785122,1880.6 85.444719,27.785127,1880.6 85.444733,27.785132,1880.6 85.444741,27.785139,1880.7 85.444752,27.785145,1880.7 85.444759,27.785152,1880.7 85.444763,27.78516,1880.7 85.444769,27.785167,1880.7 85.444777,27.785174,1880.7 85.444785,27.78518,1880.7 85.444794,27.785186,1880.7 85.444802,27.785193,1880.8 85.444812,27.785199,1880.8 85.444822,27.785204,1880.8 85.444829,27.785212,1880.8 85.444837,27.785221,1880.9 85.444843,27.78523,1880.9 85.444848,27.785239,1880.9 85.444856,27.785248,1881 85.44486,27.785256,1881 85.444866,27.785263,1881 85.444879,27.78527,1881 85.44489,27.785277,1881.1 85.444899,27.785283,1881.1 85.444908,27.785288,1881.1 85.444917,27.785294,1881.2 85.444926,27.7853,1881.2 85.444935,27.785306,1881.2 85.444941,27.785312,1881.3 85.444948,27.785318,1881.3 85.444956,27.785323,1881.3 85.444965,27.785327,1881.4 85.444976,27.785331,1881.4 85.444986,27.785334,1881.4 85.444995,27.785339,1881.5 85.445,27.785346,1881.5 85.445008,27.785348,1881.5 85.445015,27.785353,1881.6 85.445021,27.785357,1881.6 85.445027,27.785363,1881.6 85.445035,27.785368,1881.7 85.445043,27.785373,1881.7 85.445052,27.785377,1881.8 85.445064,27.785379,1881.8 85.445075,27.78538,1881.9 85.445085,27.785384,1881.9 85.445093,27.785389,1882 85.445099,27.785396,1882 85.445106,27.785404,1882.1 85.44511,27.785413,1882.1 85.445113,27.785422,1882.2 85.445115,27.785432,1882.2 85.445116,27.785442,1882.3 85.445118,27.785453,1882.3 85.44512,27.785463,1882.4 85.445124,27.785472,1882.4 85.445128,27.785483,1882.5 85.445133,27.785491,1882.5 85.445138,27.785499,1882.6 85.445143,27.785506,1882.6 85.445151,27.785513,1882.7 85.445158,27.78552,1882.7 85.445163,27.785527,1882.8 85.445165,27.785534,1882.8 85.445169,27.785545,1882.9 85.445175,27.785551,1882.9 85.445182,27.785559,1883 85.445187,27.785566,1883 85.44519,27.785573,1883.1 85.445196,27.78558,1883.1 85.445201,27.785587,1883.2 85.445205,27.785594,1883.2 85.445207,27.785603,1883.3 85.445212,27.785612,1883.3 85.445217,27.78562,1883.4 85.445223,27.785625,1883.4 85.445232,27.78563,1883.5 85.445241,27.785636,1883.5 85.445249,27.785641,1883.6 85.445257,27.785645,1883.6 85.445265,27.785649,1883.7 85.445272,27.785653,1883.7 85.445277,27.785659,1883.8 85.445282,27.785666,1883.8 85.445295,27.785667,1883.9 85.445306,27.785669,1883.9 85.445313,27.785674,1884 85.445318,27.78568,1884 85.445326,27.785683,1884.1 85.445336,27.785684,1884.1 85.445347,27.78568,1884.2 85.445358,27.785678,1884.2 85.44537,27.785678,1884.3 85.44538,27.785678,1884.4 85.44539,27.785676,1884.4 85.445399,27.785679,1884.5 85.445409,27.785685,1884.5 85.445417,27.78569,1884.6 85.445427,27.785696,1884.6 85.445438,27.7857,1884.7 85.445449,27.785705,1884.8 85.44546,27.785712,1884.8 85.445473,27.785715,1884.9 85.445485,27.785718,1885 85.445497,27.785723,1885.1 85.445508,27.785727,1885.1 85.445519,27.785732,1885.2 85.445529,27.785737,1885.3 85.445537,27.785743,1885.3 85.445546,27.785748,1885.4 85.445556,27.785755,1885.4 85.445564,27.785763,1885.5 85.445571,27.785772,1885.6 85.445575,27.785783,1885.6 85.445579,27.785792,1885.7 85.445585,27.785799,1885.7 85.445592,27.785799,1885.8 85.445595,27.785794,1885.8 85.445596,27.785789,1885.8 85.445598,27.78579,1885.9 85.445605,27.785795,1885.9 85.445612,27.785802,1886 85.445621,27.785813,1886 85.44563,27.785823,1886.1 85.445639,27.785834,1886.2 85.445647,27.785845,1886.3 85.445653,27.785855,1886.3 85.445661,27.785862,1886.4 85.445671,27.785866,1886.5 85.44568,27.78587,1886.5 85.445688,27.785877,1886.6 85.445695,27.785883,1886.6 85.445701,27.785888,1886.7 85.445709,27.785892,1886.7 85.445717,27.785898,1886.8 85.445724,27.785904,1886.8 85.44573,27.785911,1886.9 85.445735,27.785919,1886.9 85.445741,27.785925,1887 85.445748,27.785931,1887 85.445755,27.785938,1887.1 85.44576,27.785947,1887.1 85.445764,27.785956,1887.2 85.445766,27.785965,1887.3 85.445765,27.785975,1887.3 85.445768,27.785985,1887.4 85.445772,27.785994,1887.5 85.445776,27.786002,1887.5 85.44578,27.786011,1887.6 85.44578,27.786022,1887.6 85.445778,27.786032,1887.7 85.445774,27.786042,1887.8 85.44577,27.786053,1887.9 85.445767,27.786063,1888 85.445762,27.786074,1888 85.445759,27.786086,1888.1 85.445759,27.786098,1888.2 85.44576,27.78611,1888.3 85.44576,27.786122,1888.4 85.44576,27.786133,1888.5 85.445757,27.786145,1888.6 85.445755,27.786156,1888.7 85.445752,27.786168,1888.8 85.445751,27.78618,1889 85.445752,27.786191,1889.1 85.445753,27.786202,1889.2 85.445753,27.786212,1889.3 85.445754,27.786222,1889.4 85.445753,27.786233,1889.5 85.445751,27.786243,1889.6 85.445748,27.786252,1889.6 85.445745,27.786262,1889.7 85.445744,27.786271,1889.8 85.445747,27.786281,1889.9 85.445754,27.786288,1890 85.445761,27.786296,1890.1 85.445765,27.786305,1890.2 85.44577,27.786314,1890.3 85.445769,27.786324,1890.4 85.445767,27.786335,1890.5 85.445762,27.786345,1890.6 85.445761,27.786356,1890.7 85.44576,27.786367,1890.8 85.445758,27.786377,1890.9 85.445753,27.786388,1890.9 85.445747,27.7864,1891.1 85.445743,27.786411,1891.1 85.445739,27.786423,1891.2 85.445734,27.786435,1891.3 85.445729,27.786446,1891.4 85.445724,27.786458,1891.5 85.44572,27.786469,1891.5 85.445719,27.786479,1891.6 85.445717,27.78649,1891.7 85.445712,27.7865,1891.7 85.445707,27.786509,1891.8 85.445706,27.786519,1891.8 85.445704,27.786528,1891.8 85.445704,27.786536,1891.9 85.4457,27.786544,1891.9 85.445699,27.786553,1891.9 85.445697,27.786562,1892 85.445698,27.786571,1892 85.4457,27.78658,1892 85.445699,27.786589,1892 85.445697,27.786598,1892.1 85.445695,27.786607,1892.1 85.445694,27.786617,1892.1 85.445692,27.786627,1892.1 85.445686,27.786635,1892.1 85.445681,27.786645,1892.2 85.445677,27.786656,1892.2 85.445676,27.786668,1892.2 85.445673,27.786678,1892.3 85.445672,27.786689,1892.3 85.44567,27.786698,1892.3 85.445665,27.786706,1892.3 85.445661,27.786715,1892.4 85.445661,27.786723,1892.4 85.445662,27.786733,1892.4 85.44566,27.786743,1892.5 85.445656,27.786752,1892.5 85.445647,27.78676,1892.6 85.445637,27.786767,1892.6 85.44563,27.786775,1892.6 85.445623,27.786785,1892.7 85.445615,27.786795,1892.8 85.44561,27.786805,1892.8 85.445608,27.786816,1892.9 85.445607,27.786827,1892.9 85.445609,27.786837,1893 85.445612,27.786847,1893.1 85.445616,27.786857,1893.1 85.445621,27.786866,1893.2 85.445626,27.786875,1893.3 85.445631,27.786884,1893.3 85.445635,27.786894,1893.4 85.445638,27.786905,1893.5 85.445639,27.786916,1893.6 85.445642,27.786926,1893.6 85.445643,27.786937,1893.7 85.445641,27.786946,1893.8 85.445638,27.786954,1893.8 85.445638,27.786962,1893.9 85.445639,27.786972,1894 85.445637,27.786979,1894 85.445636,27.78699,1894.1 85.44563,27.786998,1894.2 85.445626,27.787006,1894.3 85.445621,27.787015,1894.3 85.445616,27.787023,1894.4 85.445611,27.787033,1894.5 85.445604,27.787038,1894.5 85.445595,27.787044,1894.6 85.445586,27.787051,1894.7 85.445577,27.787058,1894.7 85.445567,27.787064,1894.8 85.445557,27.787071,1894.9 85.445546,27.787077,1895 85.445534,27.787083,1895 85.445522,27.787091,1895.1 85.445511,27.787096,1895.2 85.4455,27.787102,1895.2 85.44549,27.787109,1895.3 85.445479,27.787116,1895.3 85.445468,27.787124,1895.4 85.445459,27.78713,1895.4 85.44545,27.787137,1895.5 85.445443,27.787147,1895.5 85.44544,27.787155,1895.6 85.445437,27.787164,1895.6 85.445434,27.787173,1895.6 85.44543,27.787183,1895.7 85.445432,27.787194,1895.7 85.445435,27.787206,1895.7 85.445437,27.787218,1895.8 85.445437,27.787228,1895.8 85.445435,27.787237,1895.8 85.445432,27.787248,1895.8 85.445431,27.787257,1895.8 85.445429,27.787267,1895.9 85.445428,27.787275,1895.9 85.445428,27.787283,1895.9 85.44543,27.787293,1895.9 85.445433,27.7873,1895.9 85.445432,27.787308,1895.9 85.445429,27.787317,1895.9 85.445431,27.787326,1896 85.445429,27.787335,1896 85.445424,27.78734,1896 85.445415,27.787346,1896 85.445407,27.787353,1896 85.445399,27.787358,1896 85.445388,27.787362,1896 85.445377,27.787365,1896 85.445365,27.787366,1896 85.445354,27.78737,1896 85.445348,27.787378,1896 85.445346,27.787387,1895.9 85.445344,27.787396,1895.9 85.445339,27.787404,1895.9 85.445335,27.787412,1895.9 85.445334,27.787419,1895.9 85.445333,27.787428,1895.8 85.445332,27.787434,1895.8 85.44533,27.787441,1895.8 85.445328,27.787447,1895.7 85.445325,27.787455,1895.7 85.445326,27.787464,1895.7 85.445333,27.787472,1895.6 85.445345,27.787471,1895.5 85.445354,27.787465,1895.4 85.445359,27.78746,1895.4 85.445361,27.787458,1895.4 85.445361,27.787457,1895.4 85.445361,27.787455,1895.4 85.445362,27.787452,1895.3 85.445364,27.78745,1895.3 85.445366,27.787448,1895.3 85.445367,27.787447,1895.3 85.44537,27.787445,1895.2 85.445371,27.787443,1895.2 85.445374,27.787443,1895.2 85.445375,27.787441,1895.2 85.445376,27.78744,1895.1 85.445376,27.787438,1895.1 85.445378,27.787437,1895.1 85.445381,27.787436,1895.1 85.445381,27.787435,1895.1 85.445382,27.787434,1895.1 85.445382,27.787434,1895.1 85.445382,27.787434,1895.1 85.445382,27.787434,1895.1 85.445383,27.787433,1895 85.445385,27.787432,1895 85.445387,27.78743,1895 85.445416,27.787412,1894.6 85.445447,27.787398,1894.3 85.445479,27.787395,1893.9 85.445496,27.787379,1893.6 85.445503,27.787366,1893.4 85.445509,27.787364,1893.3 85.445513,27.78736,1893.2 85.445515,27.787358,1893.2 85.445512,27.78736,1893.1 85.445508,27.787362,1893.1 85.445503,27.787364,1893 85.445499,27.787365,1893 85.445497,27.787366,1892.9 85.445494,27.787367,1892.9 85.445491,27.787368,1892.9 85.445486,27.787368,1892.8 85.445482,27.787368,1892.8 85.445478,27.787367,1892.7 85.445471,27.787367,1892.6 85.445459,27.787371,1892.5 85.445456,27.787379,1892.4 85.445459,27.787384,1892.3 85.445461,27.78739,1892.2 85.445459,27.787399,1892.1 85.445453,27.787412,1892 85.445443,27.787427,1891.8 85.445433,27.787436,1891.7 85.445418,27.787444,1891.5 85.445407,27.787446,1891.4 85.445398,27.787449,1891.3 85.445386,27.787456,1891.2 85.445376,27.787463,1891.2 85.445371,27.787479,1891 85.445369,27.787493,1891 85.445361,27.787506,1890.9 85.445355,27.787514,1890.9 85.445347,27.787527,1890.8 85.445342,27.787536,1890.8 85.445338,27.787546,1890.8 85.445334,27.787556,1890.8 85.44533,27.787564,1890.8 85.445328,27.787572,1890.8 85.445324,27.787581,1890.8 85.44532,27.787588,1890.8 85.445314,27.787595,1890.8 85.445308,27.787603,1890.8 85.445304,27.78761,1890.9 85.4453,27.787617,1890.9 85.445297,27.787623,1890.9 85.445293,27.787628,1890.9 85.445288,27.787636,1891 85.445287,27.787644,1891 85.445289,27.787652,1891 85.44529,27.787659,1891.1 85.44529,27.787667,1891.1 85.44529,27.787675,1891.1 85.445292,27.787682,1891.2 85.445298,27.787687,1891.2 85.445307,27.787691,1891.3 85.445315,27.787697,1891.3 85.445324,27.787704,1891.4 85.445333,27.787711,1891.4 85.445339,27.78772,1891.5 85.445344,27.787731,1891.6 85.44535,27.787742,1891.6 85.445355,27.787753,1891.7 85.445358,27.787762,1891.8 85.445364,27.787772,1891.8 85.445367,27.787782,1891.9 85.445369,27.787791,1891.9 85.445368,27.787799,1892 85.445371,27.787807,1892 85.445371,27.787814,1892 85.445373,27.78782,1892.1 85.445369,27.787827,1892.1 85.445365,27.787835,1892.1 85.445363,27.787842,1892.2 85.445364,27.787848,1892.2 85.445362,27.787856,1892.2 85.445357,27.787863,1892.2 85.445352,27.787871,1892.3 85.44535,27.787878,1892.3 85.445351,27.787887,1892.3 85.445351,27.787896,1892.3 85.445345,27.787902,1892.4 85.445334,27.787904,1892.4 85.445322,27.787904,1892.4 85.445308,27.787902,1892.4 85.445299,27.787904,1892.5 85.445292,27.787909,1892.5 85.445291,27.787918,1892.5 85.445291,27.787926,1892.5 85.445291,27.787933,1892.5 85.445292,27.787941,1892.6 85.445295,27.787947,1892.6 85.445297,27.787954,1892.6 85.445299,27.787961,1892.6 85.445301,27.787967,1892.6 85.445302,27.787974,1892.7 85.445306,27.787982,1892.7 85.44531,27.787987,1892.7 85.445312,27.787992,1892.7 85.445312,27.787995,1892.7 85.445312,27.787997,1892.7 85.445312,27.787996,1892.8 85.445311,27.787998,1892.8 85.44531,27.787999,1892.8 85.445308,27.788002,1892.8 85.445306,27.788008,1892.8 85.445304,27.788012,1892.8 85.445302,27.788019,1892.8 85.445303,27.788026,1892.9 85.445307,27.788029,1892.9 85.445312,27.78803,1892.9 85.445314,27.788026,1892.9 85.445316,27.788023,1892.9 85.44532,27.788025,1892.9 85.445326,27.788029,1893 85.445331,27.788032,1893 85.445336,27.788037,1893 85.445337,27.788041,1893 85.44534,27.788048,1893.1 85.445344,27.788054,1893.1 85.445354,27.788061,1893.1 85.445361,27.788059,1893.2 85.445362,27.788054,1893.2 85.445363,27.788051,1893.2 85.445365,27.788047,1893.2 85.445366,27.788046,1893.2 85.445367,27.788046,1893.2 85.445367,27.788044,1893.2 85.445365,27.788042,1893.2 85.445364,27.78804,1893.2 85.445362,27.788038,1893.3 85.445361,27.788036,1893.3 85.44536,27.788035,1893.3 85.445359,27.788033,1893.3 85.445359,27.788032,1893.3 85.445359,27.788032,1893.3 85.445359,27.78803,1893.3 85.445358,27.78803,1893.3 85.445356,27.788031,1893.3 85.445356,27.788031,1893.3 85.445356,27.78803,1893.3 85.445355,27.788029,1893.3 85.445354,27.788029,1893.3 85.445353,27.788029,1893.3 85.445354,27.788029,1893.3 85.445354,27.788029,1893.3 85.445354,27.788029,1893.3 85.445354,27.788028,1893.3 85.445354,27.788028,1893.3 85.445354,27.788028,1893.3 85.445354,27.788028,1893.3 85.445354,27.788027,1893.3 85.445354,27.788027,1893.3 85.445354,27.788027,1893.3 85.445354,27.788027,1893.3 85.445354,27.788027,1893.3 85.445354,27.788026,1893.3 85.445355,27.788026,1893.3 85.445355,27.788026,1893.3 85.445355,27.788026,1893.3 85.445355,27.788025,1893.3 85.445356,27.788023,1893.3 85.445354,27.788019,1893.4 85.445351,27.788017,1893.4 85.445347,27.788016,1893.4 85.445343,27.788016,1893.4 85.445338,27.788015,1893.4 85.445331,27.788015,1893.4 85.44532,27.788014,1893.5 85.44531,27.788014,1893.5 85.445305,27.788015,1893.5 85.445304,27.788016,1893.6 85.445303,27.788017,1893.6 85.445302,27.788019,1893.6 85.445301,27.788026,1893.6 85.4453,27.788031,1893.6 85.445301,27.788044,1893.7 85.445302,27.788056,1893.7 85.445303,27.788069,1893.8 85.445308,27.788083,1893.9 85.445318,27.788089,1893.9 85.44533,27.788095,1894 85.445335,27.788103,1894.1 85.445336,27.788113,1894.1 85.445333,27.788125,1894.2 85.44533,27.788137,1894.3 85.44533,27.788147,1894.4 85.445327,27.788159,1894.4 85.445325,27.78817,1894.5 85.445324,27.788179,1894.6 85.445325,27.788186,1894.6 85.445328,27.788193,1894.7 85.445328,27.788198,1894.7 85.445328,27.788204,1894.8 85.44533,27.788211,1894.8 85.445333,27.78822,1894.9 85.445336,27.788232,1895 85.445338,27.78824,1895.1 85.445342,27.788247,1895.1 85.445347,27.788253,1895.2 85.445352,27.788258,1895.2 85.445356,27.788263,1895.3 85.445358,27.788271,1895.4 85.445357,27.788279,1895.4 85.445357,27.788289,1895.5 85.445355,27.788297,1895.6 85.445356,27.788305,1895.6 85.445358,27.788313,1895.7 85.44536,27.788321,1895.8 85.445366,27.788328,1895.9 85.445371,27.788336,1895.9 85.445379,27.788344,1896 85.445388,27.788353,1896.1 85.445395,27.788361,1896.2 85.445405,27.788371,1896.3 85.445411,27.78838,1896.4 85.44542,27.788387,1896.4 85.44543,27.788393,1896.5 85.44544,27.7884,1896.6 85.445446,27.788409,1896.6 85.445456,27.788416,1896.7 85.445468,27.788415,1896.8 85.44547,27.788409,1896.8 85.445468,27.788408,1896.8 85.445468,27.788407,1896.8 85.445467,27.788407,1896.8 85.445466,27.788407,1896.8 85.445467,27.78841,1896.8 85.445466,27.788413,1896.8 85.445468,27.788419,1896.9 85.445471,27.788425,1896.9 85.445474,27.78843,1896.9 85.445478,27.788436,1897 85.445486,27.78844,1897 85.445497,27.788444,1897 85.445512,27.788447,1897.1 85.44553,27.788448,1897.1 85.44554,27.788448,1897.1 85.445557,27.788444,1897.1 85.445571,27.788446,1897.2 85.44558,27.788448,1897.2 85.445589,27.788448,1897.2 85.4456,27.788446,1897.2 85.445611,27.788443,1897.2 85.445621,27.78844,1897.3 85.445631,27.788439,1897.3 85.445642,27.788436,1897.3 85.445652,27.788433,1897.3 85.445663,27.788431,1897.3 85.445675,27.78843,1897.4 85.445685,27.788427,1897.4 85.445695,27.788426,1897.4 85.445704,27.788425,1897.4 85.445713,27.788422,1897.4 85.445722,27.788421,1897.4 85.445731,27.78842,1897.4 85.445738,27.788416,1897.4 85.445745,27.788412,1897.4 85.445754,27.788408,1897.4 85.445763,27.788405,1897.4 85.445773,27.7884,1897.4 85.445782,27.788396,1897.4 85.445792,27.788388,1897.4 85.445801,27.788379,1897.4 85.445809,27.788372,1897.4 85.445818,27.788365,1897.4 85.445828,27.788362,1897.4 85.445837,27.78836,1897.4 85.445846,27.788358,1897.4 85.445855,27.788354,1897.4 85.445863,27.78835,1897.4 85.445871,27.788348,1897.4 85.445879,27.788346,1897.4 85.445887,27.788343,1897.4 85.445895,27.788342,1897.4 85.4459,27.788341,1897.4 85.445905,27.788338,1897.3 85.445911,27.788333,1897.3 85.445915,27.788327,1897.3 85.445921,27.788321,1897.3 85.445928,27.788315,1897.3 85.445936,27.788312,1897.3 85.445945,27.788309,1897.2 85.445953,27.788307,1897.2 85.445963,27.788307,1897.2 85.445972,27.788307,1897.2 85.445981,27.788305,1897.2 85.44599,27.788303,1897.1 85.445999,27.788299,1897.1 85.446007,27.788296,1897.1 85.446017,27.788291,1897.1 85.446024,27.788285,1897 85.446032,27.788279,1897 85.446038,27.788273,1897 85.446042,27.788266,1897 85.446046,27.788258,1896.9 85.446048,27.788249,1896.9 85.446051,27.78824,1896.9 85.446057,27.788232,1896.9 85.446066,27.788225,1896.8 85.446075,27.788217,1896.8 85.446086,27.788211,1896.8 85.446098,27.788207,1896.7 85.44611,27.788205,1896.7 85.446122,27.788204,1896.7 85.446136,27.788206,1896.6 85.446147,27.788207,1896.6 85.44616,27.788208,1896.6 85.446171,27.788208,1896.6 85.446183,27.788209,1896.5 85.446194,27.78821,1896.5 85.446205,27.788213,1896.5 85.446217,27.788215,1896.5 85.44623,27.78822,1896.5 85.446243,27.788223,1896.5 85.446254,27.788224,1896.4 85.446266,27.788226,1896.4 85.446278,27.788226,1896.4 85.446289,27.788224,1896.4 85.4463,27.788223,1896.4 85.446312,27.788222,1896.4 85.446324,27.788222,1896.4 85.446335,27.788221,1896.4 85.446347,27.788219,1896.4 85.446359,27.788219,1896.4 85.44637,27.788219,1896.4 85.446382,27.78822,1896.4 85.446394,27.788221,1896.4 85.446405,27.788222,1896.4 85.446416,27.788222,1896.4 85.446427,27.788224,1896.4 85.446438,27.788227,1896.4 85.44645,27.788229,1896.4 85.446462,27.78823,1896.5 85.446474,27.788232,1896.5 85.446485,27.788235,1896.5 85.446498,27.788237,1896.5 85.446511,27.78824,1896.6 85.446523,27.788243,1896.6 85.446533,27.788247,1896.6 85.446544,27.788252,1896.7 85.446554,27.788258,1896.7 85.446565,27.788264,1896.7 85.446577,27.78827,1896.8 85.446588,27.788276,1896.8 85.446599,27.788283,1896.9 85.446609,27.788289,1896.9 85.446619,27.788295,1897 85.446628,27.7883,1897.1 85.446638,27.788305,1897.1 85.446649,27.788311,1897.2 85.446659,27.788316,1897.2 85.446669,27.78832,1897.3 85.446678,27.788326,1897.4 85.446687,27.788332,1897.4 85.446698,27.788337,1897.5 85.446708,27.788342,1897.5 85.446719,27.788348,1897.6 85.446731,27.788352,1897.7 85.446741,27.788355,1897.8 85.446754,27.78836,1897.8 85.446765,27.788365,1897.9 85.446775,27.788368,1898 85.446786,27.788367,1898.1 85.446797,27.788364,1898.1 85.446809,27.788366,1898.2 85.446819,27.788371,1898.3 85.44683,27.788377,1898.4 85.446839,27.788382,1898.4 85.446847,27.788388,1898.5 85.446854,27.788395,1898.6 85.446861,27.788403,1898.6 85.446868,27.78841,1898.7 85.446876,27.788418,1898.8 85.446883,27.788425,1898.8 85.446889,27.788432,1898.9 85.446895,27.78844,1898.9 85.446902,27.788446,1899 85.446907,27.788451,1899 85.446913,27.788457,1899.1 85.446918,27.788462,1899.1 85.446927,27.788467,1899.2 85.446938,27.78847,1899.2 85.446947,27.788475,1899.3 85.446957,27.78848,1899.3 85.446966,27.788487,1899.4 85.446973,27.788493,1899.4 85.446982,27.788498,1899.4 85.446991,27.788503,1899.5 85.446998,27.788509,1899.5 85.447006,27.788514,1899.5 85.447013,27.788523,1899.5 85.447021,27.788529,1899.6 85.447029,27.788533,1899.6 85.447038,27.788538,1899.6 85.447046,27.788543,1899.6 85.447054,27.788548,1899.6 85.447061,27.788553,1899.7 85.447069,27.788559,1899.7 85.447078,27.788566,1899.7 85.447087,27.788573,1899.7 85.447097,27.78858,1899.7 85.447108,27.788584,1899.7 85.44712,27.788588,1899.7 85.44713,27.788593,1899.7 85.447138,27.788597,1899.7 85.447146,27.788603,1899.7 85.447154,27.788608,1899.7 85.447163,27.788612,1899.7 85.447171,27.788615,1899.7 85.447181,27.788618,1899.7 85.447192,27.788619,1899.8 85.447201,27.78862,1899.8 85.447211,27.788623,1899.8 85.447223,27.788624,1899.8 85.447236,27.788626,1899.8 85.447249,27.788627,1899.8 85.447261,27.788628,1899.8 85.447274,27.78863,1899.8 85.447286,27.788629,1899.8 85.447299,27.788629,1899.8 85.447311,27.788631,1899.8 85.447322,27.788633,1899.8 85.447332,27.788635,1899.8 85.447341,27.78864,1899.8 85.447351,27.788647,1899.8 85.44736,27.788652,1899.9 85.447367,27.788657,1899.9 85.447372,27.788664,1899.9 85.447378,27.788669,1899.9 85.447384,27.788673,1899.9 85.447391,27.788678,1900 85.4474,27.788683,1900 85.447411,27.788686,1900 85.447425,27.788689,1900.1 85.447438,27.788693,1900.2 85.447449,27.788698,1900.2 85.447458,27.788704,1900.3 85.447467,27.788712,1900.3 85.447477,27.78872,1900.4 85.447487,27.788727,1900.5 85.447495,27.788735,1900.5 85.447502,27.788742,1900.6 85.447509,27.788749,1900.7 85.447516,27.788754,1900.7 85.447522,27.788761,1900.8 85.44753,27.788767,1900.9 85.447539,27.788772,1900.9 85.447548,27.788778,1901 85.447556,27.788785,1901.1 85.447564,27.78879,1901.1 85.447571,27.788795,1901.2 85.447579,27.788803,1901.2 85.447585,27.78881,1901.3 85.447591,27.788815,1901.3 85.447598,27.788821,1901.4 85.447605,27.788828,1901.4 85.447611,27.788834,1901.4 85.447615,27.788841,1901.5 85.447619,27.788848,1901.5 85.447624,27.788856,1901.5 85.44763,27.788864,1901.6 85.447633,27.788873,1901.6 85.447639,27.788883,1901.6 85.447646,27.788892,1901.6 85.447653,27.7889,1901.6 85.447658,27.78891,1901.6 85.447664,27.788921,1901.6 85.44767,27.788932,1901.6 85.447676,27.788943,1901.6 85.44768,27.788955,1901.6 85.447683,27.788965,1901.5 85.447689,27.788976,1901.5 85.447698,27.788984,1901.4 85.447707,27.78899,1901.4 85.447716,27.788996,1901.4 85.447726,27.789001,1901.3 85.447736,27.789008,1901.3 85.447746,27.789014,1901.2 85.447758,27.78902,1901.2 85.447766,27.789028,1901.1 85.447772,27.789038,1901.1 85.447777,27.789049,1901 85.44778,27.78906,1901 85.447784,27.789071,1900.9 85.447789,27.789081,1900.9 85.447792,27.789091,1900.9 85.447793,27.789101,1900.8 85.447787,27.789111,1900.8 85.447783,27.789122,1900.8 85.447783,27.789134,1900.8 85.447787,27.789144,1900.8 85.447791,27.789155,1900.8 85.447795,27.789165,1900.8 85.4478,27.789176,1900.8 85.447806,27.789183,1900.8 85.44781,27.789192,1900.8 85.447814,27.789199,1900.8 85.44782,27.789205,1900.9 85.447828,27.789211,1900.9 85.447837,27.789217,1900.9 85.447848,27.789219,1900.9 85.447859,27.789222,1901 85.447868,27.789226,1901 85.447878,27.789229,1901 85.447888,27.789233,1901 85.447897,27.789236,1901.1 85.447904,27.78924,1901.1 85.44791,27.789245,1901.1 85.447915,27.78925,1901.2 85.447921,27.789255,1901.2 85.44793,27.789259,1901.2 85.447938,27.789261,1901.2 85.447945,27.789263,1901.3 85.447952,27.789266,1901.3 85.447958,27.789271,1901.3 85.447963,27.789276,1901.3 85.447968,27.789282,1901.4 85.447975,27.789287,1901.4 85.447982,27.789292,1901.4 85.447988,27.789297,1901.4 85.447995,27.789303,1901.5 85.448001,27.78931,1901.5 85.448004,27.789315,1901.5 85.448011,27.789319,1901.5 85.44802,27.789323,1901.6 85.448028,27.789328,1901.6 85.448036,27.789333,1901.6 85.448046,27.789337,1901.7 85.448056,27.789341,1901.7 85.448064,27.789346,1901.7 85.448073,27.789349,1901.7 85.448083,27.789353,1901.8 85.448092,27.789358,1901.8 85.448102,27.789363,1901.8 85.448113,27.789369,1901.9 85.448124,27.789373,1901.9 85.448133,27.789378,1902 85.448142,27.789384,1902 85.44815,27.789391,1902 85.448158,27.789396,1902.1 85.448166,27.789401,1902.1 85.448174,27.789405,1902.1 85.448183,27.789409,1902.2 85.448192,27.789413,1902.2 85.448201,27.789416,1902.3 85.448211,27.789419,1902.3 85.44822,27.789423,1902.3 85.448229,27.789428,1902.4 85.448239,27.789433,1902.4 85.448246,27.789439,1902.5 85.448253,27.789444,1902.5 85.448258,27.789453,1902.6 85.448264,27.789459,1902.6 85.448269,27.789468,1902.7 85.448277,27.789475,1902.7 85.448285,27.789481,1902.8 85.448293,27.789488,1902.8 85.448301,27.789494,1902.9 85.44831,27.789501,1902.9 85.448318,27.789508,1903 85.448325,27.789515,1903 85.448334,27.789522,1903.1 85.448344,27.789528,1903.1 85.448356,27.789535,1903.2 85.448364,27.789542,1903.2 85.448373,27.78955,1903.3 85.448383,27.789556,1903.3 85.448393,27.789562,1903.4 85.448401,27.789568,1903.4 85.448411,27.789573,1903.4 85.44842,27.78958,1903.5 85.448428,27.789587,1903.5 85.448437,27.789594,1903.6 85.448448,27.789599,1903.6 85.448459,27.789604,1903.7 85.44847,27.789608,1903.7 85.448479,27.789614,1903.7 85.448487,27.789622,1903.8 85.448491,27.789632,1903.8 85.448497,27.789641,1903.9 85.448503,27.789651,1903.9 85.448508,27.789663,1904 85.448512,27.789676,1904 85.448515,27.789688,1904.1 85.448519,27.7897,1904.2 85.448523,27.789713,1904.2 85.44853,27.789724,1904.3 85.448536,27.789735,1904.3 85.448542,27.789745,1904.4 85.448549,27.789755,1904.5 85.448556,27.789762,1904.5 85.448562,27.789769,1904.6 85.44857,27.789775,1904.6 85.448577,27.789782,1904.7 85.448582,27.789789,1904.7 85.448587,27.789796,1904.7 85.448593,27.789803,1904.8 85.448602,27.789809,1904.8 85.448611,27.789815,1904.9 85.44862,27.78982,1904.9 85.448627,27.789828,1905 85.448632,27.789834,1905 85.448638,27.789842,1905.1 85.448644,27.789848,1905.1 85.44865,27.789853,1905.2 85.448655,27.789858,1905.2 85.448661,27.789863,1905.2 85.448667,27.789869,1905.3 85.448673,27.789875,1905.3 85.448679,27.789881,1905.4 85.448686,27.789888,1905.4 85.448694,27.789893,1905.5 85.448702,27.789899,1905.5 85.44871,27.789903,1905.5 85.448718,27.789909,1905.6 85.448724,27.789913,1905.6 85.448731,27.789918,1905.7 85.448737,27.789922,1905.7 85.448744,27.789928,1905.7 85.44875,27.789932,1905.8 85.448757,27.789938,1905.8 85.448763,27.789945,1905.9 85.44877,27.789953,1905.9 85.448777,27.78996,1905.9 85.448784,27.789967,1906 85.448792,27.789974,1906 85.448799,27.789979,1906.1 85.448808,27.789985,1906.1 85.448817,27.789988,1906.2 85.448826,27.789991,1906.2 85.448834,27.789993,1906.3 85.448844,27.789994,1906.3 85.448852,27.789996,1906.4 85.448861,27.789997,1906.4 85.44887,27.79,1906.5 85.448878,27.790002,1906.5 85.448888,27.790004,1906.5 85.448896,27.790005,1906.6 85.448905,27.790006,1906.6 85.448913,27.790008,1906.7 85.448921,27.79001,1906.7 85.44893,27.790012,1906.8 85.448939,27.790014,1906.8 85.448948,27.790015,1906.9 85.448954,27.790017,1906.9 85.448962,27.790019,1906.9 85.448969,27.790024,1907 85.448975,27.79003,1907 85.448983,27.790034,1907 85.448988,27.79004,1907.1 85.448994,27.790045,1907.1 85.449001,27.790049,1907.1 85.449009,27.790054,1907.2 85.449017,27.790058,1907.2 85.449025,27.790061,1907.2 85.449034,27.790065,1907.3 85.449043,27.790068,1907.3 85.449051,27.790071,1907.3 85.449062,27.790074,1907.4 85.449072,27.790077,1907.4 85.449081,27.790081,1907.4 85.449091,27.790087,1907.4 85.449101,27.790094,1907.5 85.449109,27.790103,1907.5 85.449114,27.790114,1907.5 85.449115,27.790127,1907.5 85.449112,27.790139,1907.5 85.44911,27.790151,1907.5 85.449106,27.790165,1907.5 85.449102,27.790179,1907.5 85.449095,27.790193,1907.5 85.449088,27.790205,1907.5 85.449081,27.790217,1907.5 85.449073,27.790231,1907.5 85.449066,27.790244,1907.5 85.449061,27.790255,1907.5 85.449057,27.790268,1907.6 85.449052,27.790279,1907.6 85.449045,27.79029,1907.6 85.449043,27.790302,1907.6 85.449041,27.790314,1907.6 85.449038,27.790326,1907.6 85.449037,27.790338,1907.7 85.449037,27.790349,1907.7 85.449036,27.79036,1907.7 85.449036,27.790372,1907.8 85.449036,27.790383,1907.8 85.449035,27.790394,1907.8 85.449033,27.790405,1907.9 85.449029,27.790415,1907.9 85.449024,27.790427,1908 85.44902,27.790438,1908 85.449016,27.790447,1908.1 85.449011,27.790457,1908.1 85.449008,27.790466,1908.2 85.449003,27.790475,1908.2 85.448998,27.790485,1908.3 85.448994,27.790496,1908.4 85.448989,27.790504,1908.4 85.448984,27.790513,1908.5 85.44898,27.790523,1908.5 85.448976,27.790531,1908.6 85.448972,27.79054,1908.6 85.448969,27.790548,1908.7 85.448965,27.790557,1908.7 85.44896,27.790565,1908.8 85.448954,27.790574,1908.8 85.448948,27.790582,1908.9 85.448942,27.790591,1908.9 85.448938,27.790599,1909 85.448932,27.790607,1909 85.448927,27.790614,1909 85.448924,27.790623,1909.1 85.448921,27.79063,1909.1 85.448919,27.790639,1909.2 85.448918,27.790647,1909.2 85.448917,27.790656,1909.2 85.448917,27.790666,1909.3 85.448919,27.790677,1909.3 85.44892,27.790687,1909.3 85.448921,27.7907,1909.4 85.448922,27.790712,1909.4 85.448924,27.790724,1909.4 85.448924,27.790735,1909.4 85.448924,27.790746,1909.5 85.448927,27.79076,1909.5 85.448928,27.790773,1909.5 85.448928,27.790784,1909.5 85.448926,27.790799,1909.5 85.448923,27.790811,1909.6 85.448919,27.790825,1909.6 85.448914,27.790837,1909.6 85.448911,27.790847,1909.6 85.448908,27.790857,1909.6 85.448904,27.790868,1909.7 85.448901,27.790879,1909.7 85.448897,27.790889,1909.7 85.448891,27.790898,1909.7 85.448884,27.790907,1909.7 85.448878,27.790916,1909.8 85.448876,27.790925,1909.8 85.448873,27.790933,1909.8 85.448871,27.790943,1909.8 85.448869,27.79095,1909.8 85.448867,27.790959,1909.8 85.448863,27.790966,1909.9 85.448859,27.790975,1909.9 85.448856,27.790982,1909.9 85.448856,27.790989,1909.9 85.448855,27.790996,1909.9 85.448854,27.791005,1910 85.448853,27.791012,1910 85.44885,27.791018,1910 85.448846,27.791024,1909.9 85.448842,27.791031,1909.9 85.448837,27.791038,1909.9 85.448832,27.791044,1910 85.448826,27.79105,1910 85.44882,27.791057,1910 85.448811,27.791061,1910 85.448804,27.791068,1910.1 85.448797,27.791076,1910.1 85.448792,27.791084,1910.1 85.448788,27.791094,1910.1 85.448781,27.791104,1910.2 85.448773,27.791112,1910.2 85.448765,27.791121,1910.2 85.448761,27.791131,1910.3 85.448758,27.79114,1910.3 85.448755,27.791149,1910.3 85.448752,27.791158,1910.4 85.448751,27.791167,1910.4 85.44875,27.791177,1910.4 85.448751,27.791187,1910.4 85.448754,27.791196,1910.4 85.448756,27.791206,1910.5 85.448757,27.791214,1910.5 85.448758,27.791222,1910.5 85.448757,27.79123,1910.5 85.448757,27.791239,1910.5 85.448759,27.791249,1910.5 85.448759,27.791255,1910.5 85.448759,27.791264,1910.5 85.448758,27.791272,1910.5 85.448758,27.791281,1910.5 85.448756,27.79129,1910.6 85.448758,27.791299,1910.6 85.448758,27.791309,1910.6 85.448759,27.791319,1910.6 85.448761,27.79133,1910.6 85.448764,27.791342,1910.6 85.448767,27.791353,1910.6 85.448767,27.791364,1910.6 85.448765,27.791375,1910.6 85.448765,27.791385,1910.6 85.448766,27.791394,1910.7 85.448768,27.791405,1910.7 85.448771,27.791416,1910.7 85.448773,27.791425,1910.7 85.448775,27.791436,1910.7 85.448778,27.791444,1910.7 85.448781,27.791454,1910.8 85.448785,27.791462,1910.8 85.44879,27.791472,1910.7 85.448793,27.79148,1910.7 85.448793,27.791489,1910.8 85.448796,27.791497,1910.8 85.448801,27.791504,1910.8 85.448804,27.79151,1910.9 85.448807,27.791518,1910.9 85.448812,27.791522,1910.9 85.448819,27.791527,1910.9 85.448826,27.791532,1910.9 85.448832,27.791539,1910.9 85.44884,27.791545,1911 85.448847,27.791548,1911 85.448856,27.791551,1911 85.44886,27.791553,1911 85.448867,27.791554,1911 85.448875,27.791556,1910.9 85.448883,27.791556,1911 85.448892,27.791558,1911 85.448902,27.791563,1911 85.44891,27.791566,1911.1 85.448921,27.791568,1911.1 85.448928,27.791573,1911.1 85.448937,27.791577,1911.2 85.448946,27.791579,1911.2 85.448957,27.791581,1911.3 85.448964,27.791581,1911.3 85.448975,27.791583,1911.4 85.448983,27.791582,1911.4 85.448991,27.791583,1911.5 85.449,27.791584,1911.5 85.449012,27.791587,1911.6 85.449018,27.791589,1911.7 85.449026,27.791592,1911.7 85.449034,27.791594,1911.8 85.44904,27.791596,1911.8 85.449047,27.791598,1911.9 85.449051,27.791601,1911.9 85.449057,27.791603,1911.9 85.449064,27.791605,1912 85.449069,27.791609,1912 85.449078,27.791613,1912.1 85.449084,27.791614,1912.1 85.449093,27.791615,1912.2 85.449104,27.791616,1912.3 85.449116,27.791615,1912.3 85.449129,27.791614,1912.4 85.449141,27.791612,1912.5 85.449154,27.79161,1912.6 85.449165,27.791609,1912.6 85.449177,27.791608,1912.7 85.449188,27.791608,1912.8 85.449197,27.791607,1912.8 85.449206,27.791605,1912.8 85.449213,27.791602,1912.9 85.449219,27.7916,1912.9 85.449227,27.791597,1912.9 85.449236,27.791592,1913 85.449246,27.791588,1913 85.449252,27.791583,1913 85.44926,27.791578,1913.1 85.449269,27.791574,1913.1 85.449278,27.791571,1913.1 85.449285,27.791568,1913.1 85.449292,27.791562,1913.2 85.449298,27.791556,1913.2 85.449304,27.791549,1913.2 85.449313,27.791543,1913.2 85.44932,27.79154,1913.2 85.449328,27.791535,1913.3 85.449336,27.791531,1913.3 85.449345,27.791528,1913.3 85.449354,27.791524,1913.3 85.449361,27.791519,1913.3 85.449368,27.791514,1913.3 85.449377,27.791511,1913.4 85.449385,27.791508,1913.4 85.449393,27.791506,1913.4 85.449401,27.791502,1913.4 85.449408,27.791499,1913.4 85.449416,27.791497,1913.4 85.449426,27.791493,1913.5 85.449435,27.791491,1913.5 85.449445,27.79149,1913.5 85.449456,27.791491,1913.5 85.449467,27.791491,1913.6 85.449477,27.791491,1913.6 85.449487,27.79149,1913.6 85.449498,27.79149,1913.7 85.449509,27.79149,1913.7 85.449519,27.791488,1913.7 85.449529,27.791487,1913.8 85.449539,27.791486,1913.8 85.449549,27.791485,1913.9 85.44956,27.791484,1913.9 85.449568,27.791483,1914 85.449579,27.791481,1914 85.449588,27.79148,1914.1 85.449597,27.791478,1914.1 85.449607,27.791475,1914.2 85.449618,27.791472,1914.3 85.449629,27.791468,1914.3 85.449639,27.791465,1914.4 85.449649,27.791463,1914.5 85.449659,27.79146,1914.6 85.449668,27.791456,1914.7 85.449676,27.791452,1914.7 85.449686,27.791447,1914.8 85.449695,27.791442,1914.9 85.449705,27.791439,1915 85.449715,27.791437,1915.1 85.449727,27.791437,1915.2 85.449738,27.791436,1915.4 85.449748,27.791435,1915.5 85.449758,27.791434,1915.6 85.449768,27.791432,1915.7 85.449777,27.79143,1915.8 85.449786,27.791428,1915.9 85.449797,27.791426,1916 85.449807,27.791426,1916.2 85.449816,27.791424,1916.3 85.449825,27.791423,1916.4 85.449834,27.791422,1916.5 85.449842,27.79142,1916.6 85.449852,27.791419,1916.7 85.449859,27.791418,1916.8 85.449868,27.791415,1917 85.449876,27.791412,1917.1 85.449884,27.791408,1917.2 85.449893,27.791403,1917.4 85.4499,27.791398,1917.5 85.449906,27.791395,1917.6 85.449911,27.791392,1917.6 85.449916,27.791388,1917.7 85.449919,27.791384,1917.8 85.449923,27.791379,1917.9 85.449926,27.791374,1918 85.449929,27.79137,1918.1 85.44993,27.791366,1918.1 85.449932,27.791362,1918.2 85.449936,27.791356,1918.3 85.449939,27.791352,1918.4 85.449943,27.791348,1918.5 85.449947,27.791344,1918.5 85.44995,27.791344,1918.6 85.449952,27.791344,1918.6 85.449956,27.791342,1918.7 85.449961,27.79134,1918.7 85.449963,27.791339,1918.8 85.449967,27.791338,1918.8 85.449974,27.791335,1918.9 85.449977,27.791333,1919 85.449982,27.79133,1919.1 85.449989,27.791328,1919.2 85.449994,27.791327,1919.2 85.450002,27.791324,1919.4 85.450011,27.791322,1919.5 85.450017,27.791321,1919.6 85.450025,27.79132,1919.7 85.450033,27.791319,1919.8 85.450041,27.791319,1919.9 85.450049,27.791318,1920 85.45006,27.791317,1920.1 85.450069,27.791315,1920.3 85.45008,27.791314,1920.4 85.450089,27.791311,1920.5 85.450098,27.79131,1920.7 85.450105,27.791309,1920.8 85.450112,27.791307,1920.8 85.450119,27.791307,1920.9 85.450124,27.791307,1921 85.450131,27.791309,1921.1 85.450137,27.79131,1921.2 85.450145,27.79131,1921.3 85.450155,27.79131,1921.4 85.450163,27.791311,1921.5 85.450173,27.791312,1921.6 85.450184,27.791314,1921.8 85.450193,27.791315,1921.9 85.450204,27.791316,1922 85.450213,27.791317,1922.1 85.450222,27.791317,1922.2 85.450229,27.791318,1922.3 85.450237,27.79132,1922.4 85.450245,27.791321,1922.5 85.450252,27.791323,1922.6 85.450259,27.791323,1922.7 85.450266,27.791324,1922.8 85.450273,27.791325,1922.8 85.45028,27.791325,1922.9 85.450287,27.791325,1923 85.450294,27.791326,1923.1 85.450301,27.791326,1923.2 85.450309,27.791326,1923.3 85.450316,27.791326,1923.3 85.450325,27.791326,1923.5 85.450333,27.791326,1923.5 85.450343,27.791326,1923.7 85.450351,27.791327,1923.8 85.45036,27.791328,1923.9 85.450369,27.791328,1924 85.450379,27.791327,1924.1 85.450389,27.791325,1924.2 85.4504,27.791325,1924.3 85.45041,27.791325,1924.5 85.450417,27.791324,1924.5 85.450426,27.791321,1924.7 85.450434,27.791318,1924.8 85.450441,27.791316,1924.9 85.450446,27.791315,1924.9 85.450453,27.791313,1925 85.45046,27.791311,1925.1 85.450466,27.79131,1925.2 85.450474,27.79131,1925.3 85.450484,27.791309,1925.4 85.450493,27.791308,1925.5 85.450502,27.791308,1925.6 85.450511,27.791309,1925.7 85.450522,27.791311,1925.9 85.450532,27.791313,1926 85.450541,27.791317,1926.1 85.450551,27.791322,1926.2 85.450558,27.791328,1926.4 85.450563,27.791334,1926.5 85.450562,27.791341,1926.6 85.450561,27.791348,1926.7 85.450564,27.791354,1926.7 85.450568,27.791359,1926.8 85.450573,27.791364,1926.9 85.450577,27.79137,1927 85.450581,27.791373,1927.1 85.450585,27.791378,1927.2 85.45059,27.791382,1927.2 85.450594,27.791386,1927.3 85.450596,27.79139,1927.4 85.450598,27.791394,1927.4 85.450599,27.791398,1927.5 85.450602,27.791402,1927.5 85.450604,27.791408,1927.6 85.450607,27.791414,1927.7 85.450611,27.791423,1927.8 85.450617,27.791433,1927.9 85.450623,27.791442,1928 85.450629,27.79145,1928.1 85.450635,27.791456,1928.2 85.450641,27.791463,1928.3 85.450648,27.791469,1928.4 85.450655,27.791475,1928.5 85.450662,27.791479,1928.5 85.450671,27.791483,1928.6 85.45068,27.791486,1928.7 85.450689,27.79149,1928.8 85.450699,27.791494,1928.8 85.450707,27.791496,1928.9 85.450716,27.791499,1929 85.450726,27.7915,1929 85.450736,27.791501,1929.1 85.450746,27.791502,1929.1 85.450756,27.791502,1929.2 85.450768,27.791502,1929.2 85.450779,27.791502,1929.2 85.45079,27.791503,1929.3 85.450799,27.791506,1929.3 85.45081,27.791508,1929.3 85.450819,27.791514,1929.3 85.450828,27.79152,1929.3 85.450835,27.791528,1929.3 85.450841,27.791539,1929.3 85.450846,27.791549,1929.3 85.450853,27.791559,1929.3 85.45086,27.791568,1929.2 85.450867,27.79158,1929.2 85.450871,27.791592,1929.1 85.450878,27.791603,1929 85.450888,27.791611,1928.9 85.450897,27.79162,1928.9 85.450905,27.791629,1928.8 85.450914,27.791636,1928.7 85.45092,27.791642,1928.6 85.450929,27.791647,1928.5 85.450938,27.791652,1928.4 85.450947,27.791657,1928.3 85.450957,27.791662,1928.2 85.450965,27.791666,1928.1 85.450972,27.791673,1928 85.450977,27.791679,1927.9 85.450979,27.791688,1927.8 85.450979,27.791699,1927.7 85.450979,27.791709,1927.6 85.450978,27.791718,1927.5 85.450975,27.791727,1927.4 85.45097,27.791736,1927.3 85.450963,27.791744,1927.1 85.450953,27.791752,1927 85.450941,27.791759,1926.8 85.45093,27.791767,1926.7 85.45092,27.791776,1926.5 85.450907,27.791784,1926.4 85.450893,27.791789,1926.2 85.45088,27.791794,1926.1 85.450871,27.7918,1926 85.450864,27.791808,1925.9 85.450858,27.791818,1925.7 85.450858,27.791828,1925.6 85.450864,27.79184,1925.5 85.450872,27.79185,1925.4 85.450882,27.791859,1925.4 85.450894,27.791867,1925.3 85.450906,27.791872,1925.2 85.450918,27.791876,1925.2 85.45093,27.791877,1925.2 85.450942,27.791877,1925.2 85.450956,27.791877,1925.1 85.450969,27.791876,1925.2 85.450982,27.791874,1925.2 85.450994,27.791871,1925.2 85.451005,27.791867,1925.2 85.451015,27.791865,1925.3 85.451024,27.791861,1925.3 85.451034,27.791856,1925.4 85.451043,27.791852,1925.4 85.451053,27.791849,1925.5 85.451063,27.791847,1925.5 85.451074,27.791847,1925.6 85.451082,27.791842,1925.7 85.45108,27.791831,1925.8 85.451079,27.79182,1925.9 85.45108,27.791813,1925.9 85.451082,27.791809,1926 85.451087,27.791804,1926 85.451093,27.7918,1926.1 85.4511,27.791795,1926.2 85.451108,27.791791,1926.2 85.451117,27.791786,1926.3 85.451127,27.791782,1926.4 85.451139,27.79178,1926.5 85.451148,27.791775,1926.6 85.451157,27.791774,1926.7 85.451167,27.791773,1926.8 85.451175,27.791772,1926.8 85.451184,27.791775,1926.9 85.451195,27.791774,1927 85.451204,27.791779,1927.1 85.451215,27.791779,1927.2 85.451224,27.791783,1927.3 85.451236,27.791784,1927.4 85.451245,27.791791,1927.5 85.451254,27.791794,1927.6 85.451264,27.791795,1927.7 85.451271,27.791796,1927.7 85.451279,27.791797,1927.8 85.451287,27.791797,1927.9 85.451293,27.791799,1927.9 85.4513,27.791799,1928 85.451306,27.7918,1928 85.451314,27.791801,1928.1 85.451323,27.791799,1928.2 85.451329,27.791801,1928.3 85.451337,27.791802,1928.3 85.451344,27.791803,1928.4 85.451351,27.791802,1928.5 85.45136,27.791802,1928.5 85.451366,27.791802,1928.6 85.451374,27.791803,1928.7 85.451383,27.791804,1928.8 85.451392,27.791805,1928.8 85.451404,27.791805,1929 85.451412,27.791805,1929 85.451422,27.791803,1929.1 85.451431,27.791803,1929.2 85.45144,27.791805,1929.3 85.45145,27.791804,1929.4 85.451458,27.791803,1929.4 85.451466,27.791802,1929.5 85.451476,27.791801,1929.6 85.451486,27.7918,1929.7 85.451495,27.791798,1929.8 85.451506,27.791798,1929.8 85.451517,27.791798,1929.9 85.451522,27.791798,1930 85.451526,27.791796,1930 85.451528,27.791793,1930.1 85.451531,27.791791,1930.1 85.451535,27.791787,1930.1 85.45154,27.791783,1930.2 85.451546,27.791779,1930.2 85.451554,27.791775,1930.3 85.451561,27.791772,1930.4 85.451567,27.791768,1930.4 85.451574,27.791765,1930.5 85.451583,27.791762,1930.6 85.451591,27.791758,1930.6 85.451597,27.791757,1930.7 85.451604,27.791755,1930.7 85.45161,27.791752,1930.8 85.451616,27.79175,1930.9 85.451621,27.79175,1930.9 85.451628,27.791751,1930.9 85.451637,27.791752,1931 85.451646,27.791754,1931.1 85.451655,27.791756,1931.1 85.451664,27.791759,1931.2 85.451673,27.791763,1931.3 85.451682,27.791766,1931.3 85.451691,27.79177,1931.4 85.4517,27.791775,1931.5 85.451709,27.791779,1931.5 85.45172,27.791784,1931.6 85.45173,27.791789,1931.7 85.451738,27.791795,1931.7 85.451746,27.791801,1931.8 85.451754,27.791809,1931.9 85.451762,27.791816,1931.9 85.45177,27.791823,1932 85.451778,27.791829,1932 85.451786,27.791836,1932 85.451794,27.791843,1932 85.451801,27.79185,1932 85.451807,27.791858,1932.1 85.451812,27.791867,1932.1 85.451818,27.791877,1932.1 85.451824,27.791887,1932.1 85.451833,27.791895,1932.1 85.451843,27.791902,1932.1 85.451853,27.791909,1932 85.451861,27.791917,1932 85.45187,27.791923,1932 85.45188,27.791929,1932 85.451891,27.791935,1932 85.451901,27.79194,1931.9 85.451909,27.791946,1931.9 85.451918,27.791951,1931.9 85.45193,27.791955,1931.9 85.451942,27.791956,1931.8 85.451953,27.791957,1931.8 85.451965,27.791958,1931.8 85.451976,27.791961,1931.7 85.451986,27.791964,1931.7 85.451996,27.791969,1931.7 85.452003,27.791975,1931.6 85.45201,27.791983,1931.6 85.452017,27.791991,1931.5 85.452023,27.792,1931.5 85.45203,27.792008,1931.5 85.452035,27.792016,1931.4 85.45204,27.792025,1931.4 85.452042,27.792034,1931.4 85.452044,27.792044,1931.3 85.45205,27.792054,1931.3 85.452054,27.792065,1931.2 85.45206,27.792076,1931.2 85.452064,27.792087,1931.1 85.452067,27.792099,1931.1 85.452071,27.792112,1931 85.452077,27.792122,1931 85.452084,27.792132,1931 85.452093,27.792139,1930.9 85.452102,27.792147,1930.9 85.452115,27.79215,1930.9 85.452128,27.792152,1930.9 85.452141,27.792153,1930.9 85.452154,27.792153,1930.9 85.452165,27.792155,1930.9 85.452176,27.792156,1930.9 85.452186,27.792155,1930.9 85.452195,27.792153,1930.9 85.452204,27.792152,1930.9 85.452213,27.792152,1930.9 85.452221,27.792151,1930.9 85.45223,27.792153,1930.9 85.452237,27.792154,1930.9 85.452244,27.792157,1931 85.45225,27.792157,1931 85.452257,27.792157,1931 85.452264,27.792157,1931 85.452271,27.792156,1931 85.452278,27.792156,1931 85.452287,27.792155,1931.1 85.452295,27.792156,1931.1 85.452304,27.792157,1931.1 85.452314,27.792157,1931.1 85.452322,27.792157,1931.2 85.452333,27.792158,1931.2 85.452337,27.792164,1931.2 85.452342,27.792169,1931.2 85.45235,27.79217,1931.2 85.452357,27.792167,1931.3 85.452367,27.792166,1931.3 85.452375,27.79217,1931.3 85.452382,27.792177,1931.3 85.452387,27.792186,1931.3 85.45239,27.792194,1931.3 85.452401,27.792196,1931.3 85.452412,27.792195,1931.3 85.452424,27.792197,1931.3 85.452436,27.792198,1931.3 85.452448,27.792199,1931.3 85.45246,27.792199,1931.3 85.452471,27.792201,1931.3 85.452484,27.792202,1931.2 85.452496,27.792204,1931.2 85.452508,27.792207,1931.2 85.452514,27.792218,1931.1 85.452522,27.792227,1931 85.452537,27.792229,1931 85.452549,27.79223,1930.9 85.452561,27.792233,1930.9 85.452573,27.792236,1930.8 85.452582,27.792242,1930.7 85.452596,27.792248,1930.7 85.452609,27.792254,1930.6 85.452619,27.79226,1930.5 85.452632,27.792266,1930.4 85.452645,27.79227,1930.4 85.452655,27.792271,1930.3 85.452666,27.792272,1930.2 85.452678,27.792272,1930.2 85.45269,27.792271,1930.1 85.452703,27.79227,1930 85.452713,27.792268,1930 85.452724,27.792267,1929.9 85.452735,27.792269,1929.9 85.452745,27.792273,1929.8 85.452757,27.792275,1929.8 85.45277,27.792276,1929.7 85.452781,27.792279,1929.7 85.452792,27.792282,1929.7 85.452804,27.792282,1929.6 85.452814,27.792282,1929.6 85.452824,27.792284,1929.6 85.452835,27.792286,1929.5 85.452846,27.792288,1929.5 85.452857,27.79229,1929.5 85.452869,27.792292,1929.5 85.452877,27.792297,1929.4 85.452887,27.792305,1929.4 85.452893,27.792312,1929.4 85.4529,27.79232,1929.4 85.452905,27.792329,1929.4 85.452907,27.792338,1929.4 85.452909,27.792345,1929.4 85.452913,27.792353,1929.4 85.452916,27.792361,1929.4 85.452918,27.792369,1929.4 85.452917,27.792377,1929.4 85.452917,27.792385,1929.4 85.45292,27.792394,1929.4 85.452926,27.792402,1929.4 85.452935,27.792409,1929.4 85.452946,27.792417,1929.4 85.452958,27.792422,1929.4 85.452968,27.792427,1929.4 85.452979,27.792432,1929.4 85.45299,27.792438,1929.4 85.452998,27.792445,1929.4 85.453007,27.79245,1929.4 85.453018,27.792455,1929.5 85.45303,27.792457,1929.5 85.45304,27.792463,1929.5 85.453048,27.792469,1929.5 85.453056,27.792474,1929.5 85.453064,27.79248,1929.5 85.453069,27.792486,1929.6 85.453077,27.792489,1929.6 85.453086,27.79249,1929.6 85.453096,27.792491,1929.6 85.453105,27.792492,1929.6 85.453114,27.792495,1929.6 85.453124,27.792498,1929.7 85.453135,27.7925,1929.7 85.453144,27.792503,1929.7 85.453154,27.792507,1929.7 85.453164,27.79251,1929.7 85.453175,27.792511,1929.8 85.453184,27.792514,1929.8 85.453194,27.792518,1929.8 85.453204,27.792521,1929.9 85.453212,27.792524,1929.9 85.453219,27.79253,1929.9 85.453225,27.792537,1929.9 85.453233,27.792544,1930 85.453242,27.792549,1930 85.453249,27.792555,1930 85.453257,27.792561,1930.1 85.453266,27.792568,1930.1 85.453275,27.792574,1930.1 85.453284,27.792581,1930.2 85.453292,27.792589,1930.2 85.453299,27.792599,1930.2 85.453308,27.792608,1930.3 85.453316,27.792618,1930.4 85.453322,27.792627,1930.4 85.453329,27.792634,1930.5 85.453336,27.792643,1930.5 85.453341,27.792653,1930.6 85.453347,27.792661,1930.6 85.453351,27.792668,1930.7 85.453357,27.792673,1930.7 85.453364,27.792678,1930.8 85.453371,27.792683,1930.8 85.453379,27.792688,1930.9 85.453388,27.792693,1930.9 85.453398,27.792697,1931 85.453408,27.792701,1931 85.453417,27.792707,1931.1 85.453426,27.792712,1931.2 85.453436,27.792717,1931.2 85.453443,27.792721,1931.3 85.453451,27.792723,1931.3 85.45346,27.792726,1931.4 85.453466,27.792729,1931.4 85.453475,27.792729,1931.5 85.453482,27.792732,1931.5 85.453488,27.792735,1931.6 85.453493,27.792739,1931.6 85.4535,27.792743,1931.6 85.453506,27.792748,1931.7 85.453512,27.792755,1931.8 85.453516,27.792762,1931.8 85.453522,27.792769,1931.9 85.453527,27.792775,1931.9 85.453533,27.792783,1932 85.45354,27.79279,1932 85.453546,27.792798,1932.1 85.453551,27.792807,1932.2 85.453555,27.792815,1932.3 85.453561,27.792821,1932.3 85.453567,27.792828,1932.4 85.453573,27.792834,1932.5 85.453577,27.792839,1932.5 85.453584,27.792846,1932.6 85.453591,27.792852,1932.6 85.453599,27.792858,1932.7 85.453606,27.792867,1932.8 85.453615,27.792874,1932.9 85.453625,27.792882,1933 85.453634,27.792889,1933.1 85.453641,27.792895,1933.1 85.453649,27.792901,1933.2 85.453657,27.792907,1933.3 85.453663,27.792913,1933.3 85.453668,27.792919,1933.4 85.453673,27.792927,1933.4 85.453677,27.792934,1933.5 85.453681,27.792941,1933.5 85.453688,27.792948,1933.6 85.453693,27.792956,1933.7 85.453701,27.792964,1933.7 85.45371,27.792971,1933.8 85.453719,27.792976,1933.8 85.453728,27.792979,1933.9 85.453737,27.792982,1933.9 85.453747,27.792984,1934 85.453758,27.792985,1934 85.453767,27.792988,1934 85.453777,27.792991,1934.1 85.453788,27.79299,1934.1 85.453799,27.792992,1934.2 85.453812,27.792995,1934.2 85.453822,27.792996,1934.3 85.453832,27.792997,1934.3 85.453844,27.792999,1934.4 85.453855,27.793001,1934.4 85.453866,27.793005,1934.5 85.453879,27.793007,1934.5 85.453891,27.793009,1934.5 85.453902,27.793012,1934.6 85.453914,27.793016,1934.6 85.453922,27.793026,1934.7 85.45393,27.793035,1934.7 85.45394,27.793042,1934.8 85.453951,27.793047,1934.8 85.45396,27.793052,1934.8 85.45397,27.793056,1934.9 85.45398,27.79306,1934.9 85.453989,27.793065,1934.9 85.454,27.793069,1935 85.454013,27.793072,1935 85.454026,27.793075,1935 85.454038,27.79308,1935 85.45405,27.793086,1935 85.454059,27.793095,1935 85.45407,27.793099,1935.1 85.454082,27.793099,1935.1 85.454094,27.793098,1935 85.454106,27.793097,1935 85.454116,27.793098,1935 85.454125,27.793098,1935 85.454135,27.793099,1935 85.454145,27.793098,1935 85.454155,27.793097,1935 85.454164,27.793095,1935 85.454174,27.793095,1934.9 85.454183,27.793095,1934.9 85.454193,27.793097,1934.9 85.454204,27.793102,1934.9 85.454214,27.793108,1934.9 85.454224,27.793115,1934.8 85.45423,27.793126,1934.8 85.454238,27.793137,1934.8 85.454246,27.793146,1934.8 85.454254,27.793154,1934.7 85.454262,27.793161,1934.7 85.454271,27.793167,1934.7 85.454278,27.793173,1934.7 85.454285,27.79318,1934.7 85.454292,27.793185,1934.7 85.454302,27.793188,1934.7 85.454312,27.793191,1934.7 85.454322,27.793193,1934.7 85.454333,27.793196,1934.7 85.454344,27.793199,1934.7 85.454355,27.7932,1934.7 85.454364,27.793202,1934.7 85.454373,27.793204,1934.7 85.454383,27.793207,1934.7 85.454393,27.79321,1934.7 85.454403,27.793212,1934.7 85.454411,27.793213,1934.7 85.45442,27.793215,1934.7 85.454429,27.793217,1934.7 85.45444,27.793219,1934.7 85.454451,27.79322,1934.6 85.454461,27.793222,1934.6 85.454469,27.793225,1934.6 85.454477,27.793228,1934.6 85.454486,27.793232,1934.6 85.454495,27.793236,1934.6 85.454503,27.793239,1934.6 85.45451,27.793242,1934.6 85.454519,27.793242,1934.6 85.454529,27.793244,1934.6 85.45454,27.793246,1934.6 85.454552,27.793247,1934.6 85.454563,27.793248,1934.6 85.454575,27.793249,1934.6 85.454587,27.793251,1934.6 85.454598,27.793252,1934.6 85.45461,27.793251,1934.6 85.45462,27.793252,1934.6 85.45463,27.793258,1934.7 85.454642,27.793261,1934.7 85.454653,27.793261,1934.7 85.454664,27.793258,1934.7 85.454675,27.793257,1934.7 85.454686,27.793259,1934.8 85.454698,27.793264,1934.8 85.454708,27.793271,1934.8 85.454719,27.793275,1934.9 85.454729,27.79328,1934.9 85.45474,27.793285,1934.9 85.45475,27.79329,1935 85.454759,27.793294,1935 85.454768,27.793299,1935 85.454777,27.793305,1935.1 85.454788,27.793306,1935.1 85.454794,27.793298,1935.1 85.454802,27.793299,1935.1 85.45481,27.793305,1935.2 85.454817,27.793314,1935.2 85.454827,27.793323,1935.2 85.454835,27.793331,1935.3 85.454841,27.793339,1935.3 85.454845,27.793348,1935.3 85.454848,27.793356,1935.4 85.454854,27.793363,1935.4 85.454866,27.793368,1935.4 85.454878,27.793371,1935.5 85.454887,27.793375,1935.5 85.454898,27.793379,1935.6 85.454906,27.793386,1935.6 85.454914,27.793391,1935.6 85.454922,27.793395,1935.7 85.45493,27.793399,1935.7 85.454939,27.793403,1935.7 85.454947,27.793407,1935.8 85.454954,27.79341,1935.8 85.45496,27.793414,1935.8 85.454966,27.793419,1935.9 85.454971,27.793422,1935.9 85.454978,27.793423,1936 85.454985,27.793423,1936 85.454992,27.793424,1936 85.455002,27.793425,1936.1 85.455011,27.793428,1936.1 85.45502,27.793431,1936.2 85.45503,27.793435,1936.3 85.455039,27.793438,1936.3 85.455047,27.793441,1936.4 85.455055,27.793444,1936.5 85.455062,27.793447,1936.5 85.455071,27.793448,1936.6 85.455079,27.79345,1936.6 85.455087,27.793454,1936.7 85.455096,27.793457,1936.8 85.455104,27.793462,1936.9 85.455112,27.793467,1937 85.455119,27.793475,1937.1 85.455125,27.793484,1937.2 85.45513,27.793493,1937.4 85.455134,27.793505,1937.5 85.455138,27.793515,1937.7 85.455142,27.793526,1937.8 85.455145,27.793537,1938 85.455149,27.79355,1938.2 85.455154,27.793562,1938.3 85.455155,27.793574,1938.5 85.455152,27.793585,1938.7 85.45515,27.793597,1938.8 85.455152,27.793608,1939 85.455156,27.79362,1939.2 85.455161,27.793631,1939.3 85.455167,27.793641,1939.5 85.455176,27.793649,1939.6 85.455184,27.793655,1939.8 85.455189,27.793661,1939.8 85.455199,27.793666,1940 85.455209,27.793664,1940.1 85.45522,27.793662,1940.2 85.455228,27.793662,1940.3 85.455237,27.793662,1940.4 85.455247,27.793665,1940.4 85.455259,27.793668,1940.5 85.455272,27.793668,1940.6 85.455282,27.793669,1940.7 85.455293,27.79367,1940.8 85.455304,27.793673,1940.9 85.455312,27.793678,1941 85.45532,27.793682,1941 85.455329,27.793687,1941.1 85.455339,27.793693,1941.2 85.455347,27.793699,1941.2 85.455356,27.793705,1941.3 85.455364,27.793712,1941.4 85.455373,27.793718,1941.4 85.455381,27.793725,1941.5 85.455388,27.793731,1941.6 85.455398,27.793738,1941.6 85.455406,27.793744,1941.7 85.455414,27.79375,1941.7 85.455422,27.793755,1941.8 85.455431,27.793759,1941.8 85.455441,27.793764,1941.9 85.455452,27.793768,1941.9 85.455465,27.793772,1942 85.455475,27.793777,1942 85.455483,27.793784,1942.1 85.455491,27.793793,1942.1 85.455501,27.7938,1942.1 85.455511,27.793805,1942.2 85.455521,27.79381,1942.2 85.455531,27.793817,1942.2 85.455539,27.793824,1942.3 85.455548,27.79383,1942.3 85.455557,27.793836,1942.3 85.455567,27.793841,1942.3 85.455574,27.793843,1942.3 85.455583,27.79385,1942.3 85.455588,27.793854,1942.3 85.455593,27.79386,1942.4 85.455598,27.793867,1942.4 85.455601,27.793874,1942.4 85.455606,27.793881,1942.4 85.455609,27.79389,1942.4 85.455607,27.7939,1942.3 85.455605,27.79391,1942.3 85.455605,27.79392,1942.3 85.455606,27.793931,1942.3 85.455608,27.793941,1942.3 85.455609,27.793952,1942.3 85.45561,27.793963,1942.3 85.455609,27.793974,1942.3 85.455609,27.793985,1942.2 85.455607,27.793995,1942.2 85.455605,27.794005,1942.2 85.455602,27.794015,1942.2 85.4556,27.794025,1942.2 85.455599,27.794036,1942.2 85.4556,27.794047,1942.1 85.4556,27.794059,1942.1 85.455598,27.794069,1942.1 85.455594,27.794079,1942.1 85.455595,27.794091,1942.1 85.455601,27.794101,1942.1 85.455606,27.79411,1942.1 85.455611,27.794121,1942.1 85.455614,27.794132,1942.1 85.455615,27.794143,1942.1 85.455617,27.794153,1942.1 85.455618,27.794164,1942.1 85.455618,27.794174,1942.1 85.455618,27.794185,1942.1 85.455615,27.794195,1942.1 85.455612,27.794206,1942.1 85.455611,27.794217,1942.1 85.455613,27.794228,1942.1 85.455613,27.794238,1942.1 85.455618,27.794247,1942.1 85.455622,27.794257,1942.2 85.455625,27.794267,1942.2 85.455627,27.794277,1942.2 85.455629,27.794286,1942.2 85.45563,27.794296,1942.2 85.455634,27.794305,1942.2 85.455636,27.794315,1942.2 85.455639,27.794324,1942.2 85.455641,27.794334,1942.2 85.455643,27.794346,1942.2 85.455646,27.794356,1942.2 85.455648,27.794364,1942.2 85.455649,27.794371,1942.2 85.45565,27.79438,1942.2 85.45565,27.794389,1942.2 85.455651,27.794399,1942.2 85.455652,27.794411,1942.2 85.455656,27.79442,1942.2 85.45566,27.794429,1942.2 85.455663,27.79444,1942.2 85.455664,27.794449,1942.2 85.455665,27.794459,1942.2 85.455665,27.794469,1942.2 85.455666,27.794478,1942.2 85.455667,27.794488,1942.2 85.455667,27.794498,1942.2 85.455668,27.794508,1942.2 85.455666,27.794518,1942.2 85.455664,27.79453,1942.3 85.455666,27.794539,1942.3 85.455667,27.794547,1942.3 85.455672,27.794555,1942.3 85.455676,27.794563,1942.3 85.455679,27.794571,1942.3 85.45568,27.79458,1942.3 85.455683,27.794589,1942.3 85.455685,27.794599,1942.3 85.455687,27.794607,1942.3 85.45569,27.794617,1942.3 85.455694,27.794626,1942.3 85.455699,27.794634,1942.3 85.455704,27.794642,1942.4 85.45571,27.794651,1942.4 85.455712,27.794659,1942.4 85.455711,27.794668,1942.4 85.455711,27.794677,1942.4 85.455721,27.79468,1942.4 85.455726,27.79468,1942.4 85.455727,27.794688,1942.5 85.455721,27.794702,1942.5 85.455715,27.794717,1942.5 85.455709,27.794728,1942.5 85.455705,27.794738,1942.6 85.455705,27.794748,1942.6 85.455709,27.794759,1942.6 85.455713,27.794769,1942.7 85.45572,27.794778,1942.7 85.455726,27.794787,1942.8 85.455732,27.794795,1942.8 85.455739,27.794804,1942.8 85.455747,27.794813,1942.9 85.455752,27.794823,1943 85.455763,27.794833,1943 85.45577,27.794843,1943.1 85.455776,27.794854,1943.2 85.455783,27.794864,1943.2 85.455788,27.794873,1943.3 85.455793,27.794883,1943.4 85.455796,27.794894,1943.5 85.455798,27.794904,1943.5 85.455802,27.794913,1943.6 85.455807,27.794924,1943.7 85.455812,27.794934,1943.8 85.455817,27.794945,1943.9 85.455819,27.794956,1944 85.455822,27.794967,1944 85.455823,27.794977,1944.1 85.455825,27.79499,1944.2 85.45583,27.795001,1944.3 85.455837,27.795012,1944.5 85.455843,27.795021,1944.6 85.455852,27.79503,1944.7 85.455861,27.795037,1944.8 85.455872,27.795043,1944.9 85.45588,27.795049,1945 85.455889,27.795054,1945.1 85.455898,27.795058,1945.2 85.455907,27.795062,1945.3 85.455916,27.795066,1945.4 85.455926,27.795068,1945.5 85.455937,27.79507,1945.6 85.455947,27.795073,1945.7 85.455956,27.795076,1945.7 85.455967,27.795077,1945.8 85.455979,27.795077,1946 85.45599,27.795078,1946.1 85.456001,27.79508,1946.2 85.45601,27.795083,1946.3 85.456019,27.795086,1946.3 85.456028,27.795089,1946.4 85.456035,27.795093,1946.5 85.456041,27.7951,1946.6 85.456045,27.795108,1946.7 85.456049,27.795117,1946.8 85.456054,27.795125,1946.9 85.456062,27.795132,1947 85.456071,27.79514,1947.1 85.456077,27.795148,1947.2 85.456084,27.795156,1947.2 85.456092,27.795162,1947.3 85.456097,27.79517,1947.4 85.456101,27.795177,1947.5 85.456105,27.795187,1947.6 85.45611,27.795193,1947.6 85.456115,27.795188,1947.7 85.456121,27.79519,1947.7 85.456121,27.795198,1947.8 85.456121,27.795208,1947.9 85.45612,27.795221,1948 85.456117,27.795235,1948.1 85.456112,27.795247,1948.2 85.456109,27.795257,1948.3 85.456108,27.795266,1948.3 85.456108,27.795275,1948.4 85.456101,27.795286,1948.5 85.456101,27.795294,1948.6 85.456097,27.795308,1948.7 85.456095,27.79532,1948.8 85.456097,27.79533,1948.9 85.456099,27.795339,1949 85.456102,27.795348,1949.1 85.456106,27.795357,1949.1 85.456112,27.795366,1949.2 85.456117,27.795375,1949.3 85.456121,27.795382,1949.4 85.456127,27.795392,1949.5 85.456131,27.795402,1949.6 85.456133,27.79541,1949.7 85.456132,27.795424,1949.8 85.456135,27.795441,1950 85.456137,27.79545,1950 85.456142,27.795456,1950.1 85.456147,27.795463,1950.2 85.45616,27.795465,1950.3 85.456172,27.795468,1950.4 85.456184,27.795471,1950.5 85.456197,27.795474,1950.6 85.456208,27.795477,1950.6 85.45622,27.795481,1950.7 85.456233,27.795485,1950.8 85.456244,27.79549,1950.9 85.456261,27.795489,1951 85.456276,27.795489,1951.1 85.45629,27.795488,1951.2 85.456305,27.795483,1951.3 85.456323,27.795476,1951.4 85.456343,27.795463,1951.6 85.456362,27.795452,1951.8 85.456378,27.795443,1951.9 85.456393,27.795438,1952 85.456404,27.795436,1952.1 85.456417,27.795432,1952.2 85.456427,27.795433,1952.2 85.456435,27.795436,1952.3 85.456443,27.795441,1952.4 85.456449,27.795449,1952.4 85.456455,27.795461,1952.5 85.456459,27.795476,1952.7 85.456463,27.795493,1952.8 85.456467,27.79551,1953 85.456473,27.795525,1953.1 85.456479,27.795537,1953.2 85.456479,27.795557,1953.4 85.456477,27.795574,1953.5 85.456475,27.795588,1953.6 85.456476,27.795601,1953.7 85.456474,27.795617,1953.8 85.45647,27.795631,1953.9 85.456466,27.795643,1954 85.456463,27.795657,1954.1 85.45646,27.79567,1954.2 85.456457,27.795681,1954.2 85.456456,27.795693,1954.3 85.456456,27.795705,1954.4 85.456457,27.795716,1954.4 85.456457,27.795728,1954.5 85.456457,27.795741,1954.5 85.456456,27.795753,1954.5 85.456455,27.795763,1954.6 85.456452,27.795773,1954.6 85.456452,27.795784,1954.6 85.45645,27.795795,1954.7 85.45645,27.795807,1954.7 85.456447,27.795818,1954.7 85.456451,27.795828,1954.7 85.456451,27.795839,1954.7 85.456457,27.79585,1954.7 85.456461,27.795861,1954.7 85.456466,27.795874,1954.7 85.45647,27.795886,1954.7 85.456476,27.795897,1954.7 85.45649,27.795894,1954.7 85.456499,27.795886,1954.7 85.456505,27.795886,1954.7 85.456509,27.79589,1954.7 85.456509,27.795895,1954.7 85.456508,27.795897,1954.7 85.456505,27.7959,1954.7 85.456502,27.795902,1954.7 85.456501,27.795902,1954.7 85.456502,27.795903,1954.7 85.456507,27.795904,1954.6 85.45652,27.795909,1954.6 85.456541,27.795919,1954.6 85.456558,27.795928,1954.6 85.45657,27.795931,1954.5 85.456581,27.795937,1954.5 85.456588,27.795947,1954.5 85.456596,27.795954,1954.5 85.456606,27.795962,1954.4 85.456617,27.795971,1954.4 85.456629,27.795977,1954.4 85.456641,27.795983,1954.4 85.456656,27.795987,1954.4 85.456666,27.795994,1954.4 85.456679,27.795999,1954.4 85.45669,27.796005,1954.4 85.456702,27.796011,1954.4 85.45671,27.796019,1954.4 85.456718,27.796028,1954.4 85.456727,27.796038,1954.4 85.456734,27.796048,1954.4 85.456739,27.796058,1954.5 85.456741,27.79607,1954.5 85.456743,27.796082,1954.5 85.456746,27.796093,1954.6 85.456748,27.796105,1954.6 85.45675,27.796118,1954.7 85.45675,27.79613,1954.7 85.456755,27.796139,1954.8 85.456761,27.796142,1954.8 85.456763,27.796141,1954.8 85.456764,27.796137,1954.9 85.456765,27.79614,1954.9 85.456767,27.796146,1954.9 85.456767,27.796153,1955 85.456767,27.796164,1955 85.45677,27.796179,1955.1 85.45678,27.796188,1955.2 85.456787,27.796178,1955.3 85.456783,27.796166,1955.4 85.456777,27.796159,1955.5 85.456772,27.796157,1955.5 85.456768,27.796155,1955.6 85.456766,27.796154,1955.6 85.456766,27.796153,1955.6 85.456765,27.796153,1955.6 85.456764,27.796152,1955.6 85.456761,27.79615,1955.7 85.456759,27.796149,1955.7 85.456757,27.796147,1955.7 85.456755,27.796146,1955.7 85.456754,27.796145,1955.7 85.456754,27.796144,1955.7 85.456753,27.796143,1955.8 85.456751,27.796142,1955.8 85.456749,27.796141,1955.8 85.456749,27.79614,1955.8 85.456749,27.79614,1955.8 85.456748,27.796139,1955.8 85.456748,27.796138,1955.8 85.456748,27.796138,1955.8 85.456747,27.796137,1955.8 85.456746,27.796136,1955.8 85.456745,27.796135,1955.9 85.456744,27.796135,1955.9 85.456743,27.796135,1955.9 85.456742,27.796134,1955.9 85.456741,27.796134,1955.9 85.45674,27.796135,1955.9 85.456737,27.796135,1955.9 85.456732,27.796133,1956 85.456725,27.796121,1956.1 85.456723,27.79611,1956.2 85.456721,27.796105,1956.2 85.456718,27.796104,1956.3 85.456715,27.796105,1956.3 85.456713,27.796108,1956.3 85.456713,27.79611,1956.3 85.456714,27.796111,1956.4 85.456714,27.796111,1956.4 85.456714,27.796111,1956.4 85.456712,27.79611,1956.4 85.456709,27.796108,1956.4 85.456707,27.796106,1956.4 85.456706,27.796105,1956.4 85.456705,27.796106,1956.5 85.456703,27.796106,1956.5 85.456701,27.796107,1956.5 85.4567,27.796108,1956.5 85.456697,27.79611,1956.5 85.456696,27.796111,1956.5 85.456693,27.796112,1956.6 85.456691,27.796112,1956.6 85.456689,27.796113,1956.6 85.456687,27.796114,1956.6 85.456686,27.796114,1956.6 85.456685,27.796115,1956.6 85.456684,27.796117,1956.7 85.456682,27.796117,1956.7 85.45668,27.796117,1956.7 85.456679,27.796116,1956.7 85.456678,27.796117,1956.7 85.456678,27.796117,1956.7 85.456678,27.796117,1956.7 85.456678,27.796117,1956.7 85.456678,27.796118,1956.7 85.456679,27.796119,1956.7 85.456679,27.79612,1956.7 85.456679,27.79612,1956.7 85.456679,27.79612,1956.7 85.456679,27.796121,1956.8 85.456679,27.796121,1956.8 85.456679,27.79612,1956.8 85.456678,27.796121,1956.8 85.456677,27.796123,1956.8 85.456675,27.796124,1956.8 85.456675,27.796124,1956.8 85.456676,27.796124,1956.8 85.456677,27.796125,1956.8 85.456677,27.796126,1956.8 85.456676,27.796128,1956.8 85.456676,27.796129,1956.9 85.456675,27.79613,1956.9 85.456675,27.796131,1956.9 85.456676,27.79613,1956.9 85.456676,27.79613,1956.9 85.456677,27.79613,1956.9 85.456677,27.79613,1956.9 85.456678,27.796131,1956.9 85.456679,27.796132,1956.9 85.456679,27.796133,1956.9 85.456679,27.796134,1956.9 85.45668,27.796135,1956.9 85.45668,27.796135,1956.9 85.456681,27.796135,1956.9 85.45668,27.796135,1957 85.456681,27.796136,1957 85.456682,27.796137,1957 85.456683,27.796139,1957 85.456684,27.796143,1957 85.456682,27.796146,1957.1 85.456679,27.796146,1957.1 85.456679,27.796146,1957.1 85.45668,27.796147,1957.1 85.456681,27.796146,1957.1 85.456686,27.796149,1957.1 85.456687,27.796151,1957.2 85.456687,27.796154,1957.2 85.456687,27.796156,1957.2 85.456686,27.796157,1957.2 85.456685,27.796159,1957.2 85.456683,27.79616,1957.2 85.456682,27.796161,1957.3 85.456681,27.796161,1957.3 85.45668,27.796162,1957.3 85.456679,27.796164,1957.3 85.45668,27.796166,1957.3 85.45668,27.79617,1957.3 85.456679,27.796177,1957.4 85.45668,27.796188,1957.5 85.456681,27.796197,1957.6 85.456677,27.796207,1957.6 85.456674,27.796219,1957.7 85.456673,27.796229,1957.8 85.456675,27.796236,1957.8 85.456678,27.796241,1957.9 85.456668,27.796246,1958 85.45666,27.79625,1958 85.456654,27.796247,1958.1 85.456654,27.796241,1958.1 85.456656,27.796238,1958.1 85.45666,27.796239,1958.2 85.456662,27.79624,1958.2 85.456663,27.79624,1958.2 85.456664,27.796239,1958.2 85.456664,27.79624,1958.2 85.456665,27.79624,1958.2 85.456665,27.796239,1958.2 85.456665,27.79624,1958.2 85.456664,27.79624,1958.2 85.456663,27.796241,1958.2 85.456663,27.796242,1958.2 85.456663,27.796242,1958.2 85.456663,27.796242,1958.2 85.456663,27.796241,1958.2 85.456663,27.79624,1958.2 85.456664,27.796239,1958.3 85.456664,27.796239,1958.3 85.456664,27.79624,1958.3 85.456664,27.79624,1958.3 85.456665,27.79624,1958.3 85.456665,27.79624,1958.3 85.456665,27.796239,1958.3 85.456665,27.796239,1958.3 85.456665,27.796239,1958.3 85.456666,27.796238,1958.3 85.456666,27.796238,1958.3 85.456666,27.796237,1958.3 85.456666,27.796237,1958.3 85.456666,27.796236,1958.3 85.456666,27.796236,1958.3 85.456666,27.796236,1958.3 85.456666,27.796235,1958.3 85.456666,27.796235,1958.3 85.456666,27.796234,1958.3 85.456666,27.796234,1958.3 85.456666,27.796233,1958.3 85.456666,27.796233,1958.3 85.456667,27.796233,1958.3 85.456667,27.796232,1958.3 85.456666,27.796232,1958.3 85.456666,27.796232,1958.3 85.456666,27.796232,1958.3 85.456666,27.796232,1958.3 85.456666,27.796232,1958.3 85.456666,27.796232,1958.3 85.456666,27.796232,1958.3 85.456665,27.796232,1958.3 85.456665,27.796232,1958.3 85.456664,27.796232,1958.4 85.456664,27.796232,1958.4 85.456664,27.796233,1958.4 85.456664,27.796233,1958.4 85.456664,27.796233,1958.4 85.456665,27.796233,1958.4 85.456665,27.796234,1958.4 85.456665,27.796234,1958.4 85.456665,27.796234,1958.4 85.456666,27.796234,1958.4 85.456666,27.796235,1958.4 85.456666,27.796238,1958.4 85.456667,27.796241,1958.4 85.456668,27.796242,1958.4 85.45667,27.796245,1958.5 85.456674,27.796253,1958.5 85.456675,27.796259,1958.6 85.456681,27.796274,1958.7 85.456687,27.796288,1958.8 85.45669,27.796295,1958.9 85.456699,27.796302,1958.9 85.456704,27.796304,1959 85.456708,27.796307,1959 85.456712,27.796308,1959.1 85.456718,27.796314,1959.2 85.456728,27.796319,1959.4 85.456737,27.796324,1959.6 85.456746,27.796332,1959.7 85.456748,27.796346,1960 85.45674,27.796347,1960.1 85.456736,27.796343,1960.2 85.456733,27.796344,1960.2 85.45673,27.79635,1960.4 85.456728,27.796358,1960.5 85.456728,27.796363,1960.6 85.456731,27.796361,1960.6 85.456731,27.796365,1960.7 85.456734,27.796364,1960.8 85.456737,27.796365,1960.8 85.456739,27.796368,1960.9 85.456739,27.796373,1961 85.456738,27.79638,1961.1 85.456733,27.796383,1961.2 85.456729,27.796384,1961.3 85.456729,27.796382,1961.3 85.456732,27.796379,1961.4 85.456734,27.796377,1961.5 85.456735,27.796376,1961.5 85.456735,27.796376,1961.5 85.456734,27.796377,1961.5 85.456734,27.796379,1961.6 85.456735,27.796382,1961.6 85.456732,27.796394,1961.9 85.45673,27.796403,1962.1 85.456727,27.796413,1962.3 85.456725,27.796423,1962.6 85.456724,27.796433,1962.8 85.456722,27.796443,1963.1 85.456724,27.79645,1963.2 85.456728,27.796456,1963.4 85.456731,27.796464,1963.6 85.456735,27.796471,1963.8 85.456742,27.796472,1964 85.456747,27.796473,1964.1 85.456751,27.796478,1964.3 85.456752,27.796484,1964.5 85.456753,27.796489,1964.6 85.456751,27.796495,1964.8 85.456751,27.796501,1964.9 85.456753,27.796507,1965.1 85.456753,27.796513,1965.3 85.456756,27.796516,1965.4 85.456756,27.796517,1965.4 85.456757,27.79652,1965.5 85.456759,27.796523,1965.6 85.456758,27.796524,1965.7 85.456756,27.796523,1965.7 85.456753,27.796522,1965.8 85.456752,27.796522,1965.9 85.45675,27.796523,1965.9 85.45675,27.796524,1966 85.456749,27.796525,1966 85.456747,27.796526,1966.1 85.456747,27.796529,1966.2 85.456745,27.796533,1966.3 85.456739,27.796537,1966.5 85.456725,27.796547,1967 85.456715,27.796555,1967.4 85.456706,27.796562,1967.8 85.456704,27.796572,1968.2 85.456706,27.79658,1968.5 85.45671,27.796583,1968.7 85.456711,27.796582,1968.7 85.456712,27.796583,1968.8 85.456714,27.796583,1968.9 85.456714,27.796584,1968.9 85.456715,27.796585,1969 85.456715,27.796585,1969 85.456715,27.796587,1969 85.456715,27.796589,1969.1 85.456716,27.79659,1969.2 85.456716,27.796592,1969.2 85.456717,27.796594,1969.3 85.456718,27.796596,1969.4 85.456719,27.796598,1969.5 85.456721,27.796601,1969.6 85.456724,27.796604,1969.8 85.456727,27.796607,1969.9 85.45673,27.79661,1970.1 85.456732,27.796613,1970.2 85.456735,27.796617,1970.4 85.456737,27.796621,1970.6 85.456739,27.796626,1970.8 85.456741,27.79663,1971 85.456741,27.796633,1971.1 85.456743,27.796636,1971.3 85.456744,27.796641,1971.5 85.456745,27.796645,1971.6 85.456746,27.79665,1971.8 85.456748,27.796655,1972.1 85.456748,27.796663,1972.4 85.456748,27.796669,1972.6 85.45675,27.796673,1972.8 85.456752,27.796678,1973 85.456753,27.796681,1973.1 85.456754,27.796685,1973.3 85.456753,27.796688,1973.4 85.456751,27.796691,1973.6 85.456748,27.796696,1973.8 85.456745,27.796702,1974.1 85.456744,27.796706,1974.2 85.456743,27.796709,1974.4 85.456744,27.796711,1974.5 85.456744,27.796711,1974.5 85.456743,27.79671,1974.5 85.456741,27.796711,1974.6 85.45674,27.796712,1974.7 85.45674,27.796715,1974.8 85.456741,27.796718,1974.9 85.456742,27.796721,1975 85.456743,27.796723,1975.1 85.456744,27.796727,1975.2 85.456746,27.796731,1975.4 85.456747,27.796737,1975.6 85.456747,27.796742,1975.8 85.456747,27.796746,1975.9 85.456746,27.796748,1976 85.456745,27.796752,1976.1 85.456742,27.796758,1976.4 85.456741,27.796765,1976.6 85.456744,27.796768,1976.8 85.456747,27.796772,1976.9 85.456749,27.796774,1977 85.456749,27.796776,1977.1 85.456751,27.796779,1977.2 85.456753,27.79678,1977.2 85.456755,27.796781,1977.3 85.456757,27.796782,1977.4 85.456759,27.796783,1977.4 85.456764,27.796784,1977.6 85.456767,27.796786,1977.7 85.456772,27.796788,1977.8 85.456777,27.79679,1978 85.456782,27.796792,1978.1 85.456787,27.796794,1978.3 85.456792,27.796794,1978.4 85.456796,27.796793,1978.5 85.4568,27.796791,1978.7 85.456803,27.796791,1978.7 85.456805,27.796791,1978.8 85.456806,27.796791,1978.8 85.456807,27.796791,1978.8 85.456807,27.796791,1978.8 85.456809,27.79679,1978.9 85.456811,27.79679,1978.9 85.456812,27.79679,1979 85.456814,27.796789,1979 85.456815,27.796789,1979 85.456815,27.796789,1979 85.456816,27.796789,1979.1 85.456817,27.796789,1979.1 85.456818,27.796788,1979.1 85.456819,27.796788,1979.1 85.45682,27.796788,1979.2 85.456821,27.796788,1979.2 85.456823,27.796788,1979.2 85.456824,27.796787,1979.3 85.456826,27.796787,1979.3 85.456827,27.796785,1979.4 85.456827,27.796784,1979.4 85.456827,27.796784,1979.4 85.456827,27.796784,1979.4 85.456827,27.796783,1979.4 85.456828,27.796783,1979.5 85.45683,27.796784,1979.5 85.456833,27.796787,1979.6 85.456831,27.796789,1979.7 85.45683,27.796792,1979.8 85.456833,27.796794,1979.9 85.456833,27.796792,1979.9 85.456832,27.796791,1980 85.456834,27.79679,1980 85.456835,27.796793,1980.1 85.456836,27.796796,1980.2 85.456838,27.796799,1980.3 85.456842,27.796804,1980.4 85.456846,27.796808,1980.6 85.456852,27.796813,1980.7 85.456859,27.796817,1980.9 85.456863,27.796818,1981 85.45687,27.796822,1981.2 85.456879,27.796829,1981.5 85.456878,27.796833,1981.6 85.456877,27.79684,1981.7 85.456874,27.796848,1981.9 85.456872,27.796857,1982.1 85.456869,27.796863,1982.3 85.456867,27.796869,1982.4 85.45687,27.796874,1982.5 85.456874,27.796874,1982.6 85.456875,27.796874,1982.6 85.456877,27.796877,1982.7 85.456879,27.79688,1982.8 85.456881,27.796884,1982.9 85.456884,27.796886,1983 85.456886,27.79689,1983 85.45689,27.796894,1983.2 85.456899,27.796899,1983.4 85.45691,27.796905,1983.6 85.456922,27.796909,1983.8 85.45693,27.796913,1984 85.45694,27.796917,1984.2 85.456948,27.796921,1984.4 85.456954,27.796922,1984.4 85.456961,27.796924,1984.6 85.456967,27.796926,1984.7 85.456972,27.796928,1984.8 85.456978,27.796932,1984.9 85.456982,27.796934,1985 85.456986,27.796935,1985 85.456988,27.796936,1985.1 85.45699,27.796937,1985.1 85.45699,27.796939,1985.1 85.456993,27.796942,1985.2 85.456999,27.796944,1985.3 85.457004,27.796949,1985.4 85.457009,27.796954,1985.5 85.457013,27.796956,1985.6 85.457019,27.796957,1985.7 85.457027,27.796961,1985.8 85.457034,27.796964,1985.9 85.457041,27.796967,1986 85.457049,27.796968,1986.1 85.457055,27.79697,1986.2 85.457061,27.796972,1986.3 85.457066,27.796974,1986.4 85.457072,27.796977,1986.4 85.457075,27.796981,1986.5 85.457073,27.796985,1986.5 85.457071,27.796988,1986.6 85.45707,27.796989,1986.6 85.45707,27.79699,1986.6 85.457073,27.796991,1986.6 85.457075,27.79699,1986.7 85.457076,27.796989,1986.7 85.45708,27.796989,1986.7 85.457085,27.796992,1986.8 85.457089,27.796996,1986.9 85.457091,27.796999,1986.9 85.457093,27.797,1986.9 85.457096,27.797002,1987 85.457098,27.797004,1987 85.457101,27.797007,1987 85.457105,27.797012,1987.1 85.457107,27.797019,1987.2 85.457107,27.797027,1987.3 85.457109,27.797035,1987.3 85.457113,27.797042,1987.4 85.457116,27.797046,1987.5 85.457121,27.797056,1987.6 85.457127,27.797061,1987.6 85.457134,27.797066,1987.7 85.457141,27.797072,1987.8 85.457146,27.797077,1987.9 85.457152,27.797083,1987.9 85.457161,27.79709,1988 85.457169,27.797094,1988.1 85.457176,27.797098,1988.2 85.457184,27.797102,1988.3 85.457192,27.797106,1988.4 85.457198,27.797109,1988.4 85.457202,27.797113,1988.5 85.457204,27.797117,1988.5 85.457208,27.79712,1988.6 85.457211,27.797124,1988.6 85.457216,27.797129,1988.7 85.457218,27.797132,1988.7 85.457222,27.797134,1988.8 85.457222,27.797135,1988.8 85.457221,27.797137,1988.8 85.457222,27.797138,1988.8 85.457224,27.79714,1988.8 85.457225,27.797141,1988.8 85.457228,27.797143,1988.9 85.457232,27.797148,1988.9 85.457235,27.797151,1989 85.457238,27.797157,1989.1 85.457235,27.797163,1989.2 85.457231,27.797163,1989.2 85.457231,27.79716,1989.2 85.457231,27.797162,1989.3 85.457232,27.797166,1989.3 85.457235,27.797167,1989.3 85.457239,27.797168,1989.4 85.457245,27.797173,1989.5 85.457247,27.797176,1989.5 85.457248,27.797177,1989.5 85.457246,27.797178,1989.6 85.457247,27.797179,1989.6 85.457248,27.797181,1989.6 85.457247,27.797183,1989.6 85.457246,27.797188,1989.7 85.457243,27.79719,1989.7 85.457242,27.79719,1989.7 85.457243,27.797188,1989.8 85.457244,27.797189,1989.8 85.457246,27.79719,1989.8 85.457249,27.797191,1989.9 85.457253,27.797194,1989.9 85.457256,27.797198,1990 85.457256,27.797203,1990.1 85.457253,27.797205,1990.1 85.45725,27.797203,1990.1 85.457249,27.797202,1990.2 85.457248,27.7972,1990.2 85.457249,27.797197,1990.2 85.457249,27.797194,1990.3 85.457248,27.797193,1990.3 85.457247,27.797191,1990.3 85.457245,27.797188,1990.4 85.457244,27.797188,1990.4 85.457244,27.797188,1990.4 85.457244,27.797188,1990.4 85.457243,27.797188,1990.4 85.457244,27.797188,1990.4 85.457244,27.797188,1990.4 85.457244,27.797187,1990.4 85.457244,27.797186,1990.4 85.457243,27.797186,1990.4 85.457244,27.797185,1990.5 85.457245,27.797186,1990.5 85.457245,27.797186,1990.5 85.457245,27.797185,1990.5 85.457246,27.797185,1990.5 85.457247,27.797184,1990.5 85.457247,27.797184,1990.5 85.457248,27.797185,1990.5 85.457249,27.797187,1990.6 85.457248,27.797189,1990.6 85.457246,27.79719,1990.6 85.457245,27.797189,1990.7 85.457248,27.797188,1990.7 85.45725,27.797188,1990.7 85.457253,27.797188,1990.8 85.457255,27.797188,1990.8 85.457257,27.797187,1990.8 85.457259,27.797187,1990.9 85.45726,27.797188,1990.9 85.45726,27.797189,1990.9 85.457261,27.79719,1990.9 85.457262,27.79719,1990.9 85.457263,27.797189,1990.9 85.457263,27.797188,1991 85.457264,27.797188,1991 85.457264,27.797187,1991 85.457266,27.797188,1991 85.457266,27.797188,1991 85.457266,27.797187,1991 85.457266,27.797186,1991 85.457266,27.797186,1991 85.457266,27.797186,1991 85.457266,27.797186,1991 85.457266,27.797186,1991 85.457266,27.797186,1991 85.457266,27.797186,1991 85.457266,27.797187,1991.1 85.457267,27.79719,1991.1 85.457267,27.797191,1991.1 85.457267,27.797192,1991.1 85.457267,27.797192,1991.1 85.457268,27.797192,1991.2 85.457268,27.797193,1991.2 85.457268,27.797193,1991.2 85.457268,27.797193,1991.2 85.457269,27.797193,1991.2 85.457269,27.797193,1991.2 85.457269,27.797193,1991.2 85.45727,27.797193,1991.2 85.45727,27.797193,1991.2 85.45727,27.797192,1991.2 85.45727,27.797192,1991.2 85.45727,27.797192,1991.2 85.457271,27.797192,1991.2 85.457271,27.797192,1991.2 85.457271,27.797192,1991.2 85.457271,27.797192,1991.2 85.457271,27.797192,1991.2 85.457272,27.797192,1991.2 85.457272,27.797192,1991.2 85.457272,27.797193,1991.2 85.457272,27.797193,1991.2 85.457273,27.797193,1991.3 85.457273,27.797194,1991.3 85.457274,27.797194,1991.3 85.457274,27.797194,1991.3 85.457275,27.797194,1991.3 85.457275,27.797195,1991.3 85.457276,27.797195,1991.3 85.457278,27.797195,1991.4 85.457281,27.797194,1991.4 85.45728,27.797194,1991.4 85.45728,27.797195,1991.4 85.457279,27.797194,1991.5 85.457278,27.797192,1991.5 85.457277,27.797192,1991.5 85.457276,27.797192,1991.5 85.457276,27.797192,1991.5 85.457276,27.797192,1991.5 85.457276,27.797192,1991.5 85.457276,27.797192,1991.5 85.457276,27.797193,1991.5 85.457276,27.797192,1991.6 85.457276,27.797192,1991.6 85.457275,27.797192,1991.6 85.457274,27.797192,1991.6 85.457274,27.797192,1991.6 85.457272,27.797193,1991.6 85.45727,27.797192,1991.7 85.457269,27.797192,1991.7 85.457268,27.797192,1991.7 85.457266,27.797192,1991.7 85.457265,27.797191,1991.7 85.457264,27.797192,1991.8 85.457264,27.797191,1991.8 85.457264,27.797192,1991.8 85.457263,27.797193,1991.8 85.457262,27.797195,1991.8 85.457261,27.797197,1991.9 85.457259,27.797199,1991.9 85.457258,27.7972,1991.9 85.457255,27.7972,1992 85.457254,27.797202,1992 85.457254,27.797202,1992 85.457253,27.797202,1992 85.457253,27.797203,1992 85.457254,27.797201,1992.1 85.457253,27.797201,1992.1 85.457253,27.7972,1992.1 85.457252,27.797199,1992.1 85.457253,27.797197,1992.2 85.457252,27.797197,1992.2 85.457252,27.797197,1992.2 85.457252,27.797196,1992.2 85.457251,27.797195,1992.2 85.457251,27.797194,1992.2 85.45725,27.797193,1992.3 85.45725,27.797192,1992.3 85.45725,27.797192,1992.3 85.457249,27.797191,1992.3 85.457247,27.79719,1992.3 85.457246,27.797189,1992.4 85.457245,27.797188,1992.4 85.457244,27.797188,1992.4 85.457244,27.797188,1992.4 85.457244,27.797188,1992.4 85.457243,27.797187,1992.4 85.457243,27.797187,1992.4 85.457242,27.797187,1992.4 85.457242,27.797187,1992.4 85.457242,27.797188,1992.5 85.457241,27.797187,1992.5 85.457242,27.797187,1992.5 85.457243,27.797188,1992.5 85.457243,27.797188,1992.5 85.457243,27.797189,1992.5 85.457243,27.797188,1992.6 85.457243,27.797188,1992.6 85.457243,27.797188,1992.6 85.457242,27.797187,1992.6 85.457241,27.797184,1992.6 85.457241,27.797183,1992.6 85.457243,27.797182,1992.7 85.457247,27.797183,1992.7 85.457249,27.797184,1992.8 85.457251,27.797183,1992.8 85.457254,27.797186,1992.9 85.457259,27.797189,1993 85.457264,27.797193,1993.1 85.457271,27.797198,1993.2 85.457278,27.797203,1993.4 85.457287,27.797209,1993.5 85.457294,27.797216,1993.7 85.457301,27.797224,1993.9 85.457306,27.797231,1994 85.45731,27.797234,1994.1 85.457308,27.797233,1994.1 85.457302,27.797237,1994.2 85.457298,27.797243,1994.4 85.457295,27.797247,1994.4 85.457292,27.797251,1994.5 85.457289,27.797255,1994.6 85.457291,27.797258,1994.7 85.457287,27.797263,1994.8 85.457286,27.797271,1994.9 85.457287,27.797281,1995.1 85.457289,27.79729,1995.3 85.457294,27.797299,1995.4 85.457301,27.797307,1995.6 85.457309,27.797317,1995.8 85.457318,27.797326,1996.1 85.457326,27.797332,1996.2 85.457333,27.797337,1996.4 85.457339,27.797342,1996.5 85.457344,27.797347,1996.7 85.457346,27.797345,1996.7 85.457348,27.797343,1996.8 85.457347,27.797342,1996.8 85.457348,27.797343,1996.8 85.457345,27.797339,1996.9 85.457343,27.797337,1996.9 85.457345,27.797337,1997 85.457347,27.797338,1997 85.457349,27.797338,1997 85.457353,27.797337,1997.1 85.457359,27.797336,1997.2 85.457365,27.797336,1997.3 85.457374,27.797337,1997.5 85.457382,27.797339,1997.6 85.457387,27.797345,1997.8 85.457385,27.79735,1997.9 85.457383,27.797352,1997.9 85.457385,27.797355,1998 85.45739,27.797355,1998.1 85.457395,27.797354,1998.2 85.457399,27.797353,1998.2 85.457404,27.797352,1998.3 85.457408,27.797353,1998.4 85.457411,27.797353,1998.5 85.457414,27.797354,1998.5 85.457418,27.797355,1998.6 85.45742,27.797356,1998.6 85.457423,27.797356,1998.7 85.457428,27.797358,1998.8 85.457428,27.79736,1998.8 85.457429,27.797363,1998.9 85.457429,27.797368,1999 85.457426,27.797375,1999.2 85.457424,27.797381,1999.3 85.457424,27.797385,1999.4 85.457429,27.797391,1999.5 85.45743,27.797395,1999.6 85.457435,27.797399,1999.7 85.457441,27.797401,1999.8 85.457449,27.7974,2000 85.457456,27.797399,2000.1 85.457462,27.797397,2000.2 85.45747,27.797396,2000.4 85.457477,27.797394,2000.5 85.457482,27.797392,2000.6 85.457487,27.79739,2000.7 85.457492,27.797388,2000.8 85.457496,27.797387,2000.9 85.457501,27.797387,2001 85.457505,27.797387,2001 85.457508,27.797388,2001.1 85.45751,27.797389,2001.1 85.457511,27.797389,2001.2 85.457513,27.79739,2001.2 85.457517,27.797391,2001.3 85.457519,27.797391,2001.3 85.457521,27.797391,2001.3 85.457523,27.797391,2001.4 85.457528,27.797392,2001.5 85.457533,27.797392,2001.6 85.45754,27.797392,2001.7 85.457548,27.79739,2001.8 85.457557,27.797386,2002 85.457563,27.797387,2002.1 85.457573,27.797389,2002.3 85.457582,27.79739,2002.5 85.45759,27.79739,2002.6 85.457601,27.797393,2002.8 85.457614,27.797395,2003.1 85.457625,27.797394,2003.3 85.457635,27.797392,2003.5 85.457643,27.797393,2003.6 85.457652,27.797394,2003.8 85.457662,27.797393,2004 85.457669,27.797393,2004.1 85.457677,27.797394,2004.2 85.457682,27.797395,2004.3 85.457687,27.797398,2004.4 85.457693,27.797399,2004.5 85.457699,27.797399,2004.6 85.457707,27.797401,2004.8 85.457713,27.797403,2004.9 85.457717,27.797406,2005 85.457721,27.797411,2005.2 85.457724,27.797414,2005.3 85.457729,27.797419,2005.5 85.457731,27.797424,2005.6 85.457735,27.797429,2005.8 85.457738,27.797435,2006 85.457741,27.79744,2006.2 85.457742,27.797444,2006.3 85.457743,27.797448,2006.4 85.457744,27.797452,2006.5 85.457746,27.797456,2006.6 85.457747,27.797462,2006.8 85.457749,27.797469,2007 85.45775,27.797472,2007.1 85.457753,27.79748,2007.4 85.457755,27.797486,2007.5 85.457757,27.797494,2007.8 85.457757,27.797501,2008 85.457758,27.797506,2008.1 85.457757,27.797517,2008.4 85.457756,27.797525,2008.7 85.457755,27.797532,2008.9 85.457753,27.797539,2009.1 85.457751,27.797545,2009.3 85.457749,27.797551,2009.4 85.457747,27.797556,2009.6 85.457747,27.797561,2009.7 85.457747,27.797565,2009.8 85.457747,27.79757,2010 85.457747,27.797575,2010.1 85.457747,27.79758,2010.3 85.457747,27.797586,2010.4 85.457747,27.797588,2010.5 85.457747,27.797592,2010.6 85.457748,27.797596,2010.7 85.457751,27.7976,2010.8 85.457753,27.797603,2010.9 85.457755,27.797605,2011 85.457757,27.797607,2011.1 85.457761,27.797609,2011.2 85.457765,27.79761,2011.3 85.45777,27.797611,2011.4 85.457776,27.797611,2011.5 85.457783,27.79761,2011.7 85.45779,27.797609,2011.9 85.457796,27.797608,2012 85.457799,27.797608,2012.1 85.457802,27.79761,2012.2 85.457808,27.797612,2012.3 85.457815,27.797612,2012.5 85.457822,27.797616,2012.7 85.457827,27.79762,2012.8 85.457831,27.797622,2012.9 85.457834,27.79762,2013 85.457838,27.797618,2013.1 85.457842,27.79762,2013.2 85.457848,27.797624,2013.4 85.457855,27.797626,2013.6 85.457862,27.797628,2013.8 85.457869,27.797629,2013.9 85.457875,27.797629,2014.1 85.457878,27.797632,2014.2 85.457882,27.797634,2014.3 85.457887,27.797635,2014.4 85.457894,27.797634,2014.6 85.457899,27.797634,2014.7 85.457903,27.797635,2014.8 85.457903,27.797637,2014.8 85.457902,27.797638,2014.9 85.457902,27.79764,2014.9 85.457905,27.797643,2015 85.457908,27.797644,2015.1 85.457912,27.797644,2015.2 85.457916,27.797644,2015.3 85.457921,27.797645,2015.4 85.457926,27.797648,2015.6 85.45793,27.797649,2015.7 85.457936,27.797651,2015.8 85.457938,27.79765,2015.9 85.457939,27.79765,2015.9 85.457938,27.79765,2016 85.457937,27.797652,2016 85.457934,27.797654,2016.1 85.457931,27.797656,2016.2 85.45793,27.797658,2016.3 85.45793,27.79766,2016.3 85.457931,27.797662,2016.4 85.457931,27.797665,2016.5 85.457932,27.797668,2016.6 85.457932,27.797672,2016.7 85.457933,27.797676,2016.8 85.457933,27.797678,2016.9 85.457935,27.797684,2017.1 85.457936,27.797691,2017.3 85.457939,27.797698,2017.5 85.457943,27.797703,2017.7 85.457947,27.79771,2017.9 85.457952,27.797717,2018.2 85.457957,27.797724,2018.4 85.457963,27.797731,2018.7 85.457967,27.797736,2018.9 85.457975,27.797746,2019.3 85.45798,27.797755,2019.6 85.457985,27.797763,2019.9 85.457989,27.797768,2020.1 85.457993,27.797773,2020.3 85.457996,27.797778,2020.4 85.457998,27.797782,2020.6 85.457999,27.797789,2020.8 85.457998,27.797795,2021 85.457995,27.797801,2021.2 85.45799,27.797805,2021.4 85.457986,27.797812,2021.6 85.45798,27.797819,2021.9 85.457978,27.797832,2022.3 85.457986,27.797844,2022.7 85.457997,27.797851,2023.1 85.458011,27.797854,2023.4 85.458021,27.797854,2023.7 85.45803,27.797855,2023.9 85.458035,27.79786,2024.1 85.458034,27.797865,2024.2 85.458028,27.797871,2024.4 85.458023,27.797875,2024.6 85.458019,27.797878,2024.7 85.458011,27.797883,2025 85.458002,27.79789,2025.2 85.457995,27.797899,2025.5 85.457993,27.797909,2025.7 85.45799,27.797915,2025.9 85.457987,27.797922,2026.1 85.457981,27.797932,2026.3 85.457982,27.797942,2026.6 85.457992,27.797949,2026.8 85.458005,27.79795,2027 85.458013,27.797948,2027.2 85.458022,27.797947,2027.3 85.458026,27.797946,2027.4 85.458025,27.797947,2027.4 85.458023,27.797949,2027.5 85.45802,27.797952,2027.6 85.458014,27.797953,2027.7 85.45801,27.797948,2027.8 85.458007,27.797943,2027.9 85.458004,27.797939,2028 85.458001,27.797937,2028 85.457999,27.797936,2028.1 85.457998,27.797935,2028.1 85.457996,27.797934,2028.1 85.457994,27.797933,2028.2 85.457992,27.797933,2028.2 85.45799,27.797933,2028.2 85.457988,27.797933,2028.3 85.457986,27.797933,2028.3 85.457985,27.797933,2028.3 85.457983,27.797933,2028.4 85.457982,27.797932,2028.4 85.457982,27.797932,2028.4 85.457982,27.797932,2028.4 85.457982,27.797933,2028.4 85.457983,27.797932,2028.4 85.457985,27.797932,2028.5 85.457988,27.797933,2028.5 85.457992,27.797933,2028.6 85.457995,27.797933,2028.6 85.458,27.79793,2028.7 85.458003,27.797929,2028.8 85.458008,27.797932,2028.9 85.458009,27.797935,2028.9 85.458013,27.797937,2029 85.458019,27.797937,2029.1 85.458023,27.797935,2029.2 85.458024,27.797932,2029.2 85.458022,27.797931,2029.2 85.45802,27.797932,2029.3 85.458019,27.797933,2029.3 85.45802,27.797932,2029.3 85.45802,27.797932,2029.3 85.45802,27.797931,2029.3 85.458021,27.79793,2029.4 85.458021,27.797931,2029.4 85.458021,27.79793,2029.4 85.458021,27.79793,2029.4 85.458021,27.79793,2029.4 85.45802,27.797929,2029.4 85.45802,27.797929,2029.4 85.458022,27.797929,2029.5 85.458024,27.79793,2029.5 85.458027,27.797931,2029.5 85.45803,27.797932,2029.6 85.458032,27.797931,2029.6 85.458039,27.79793,2029.7 85.458049,27.79793,2029.9 85.458056,27.797932,2030 85.458068,27.797935,2030.2 85.45808,27.797935,2030.4 85.458083,27.797931,2030.5 85.458079,27.797931,2030.5 85.458078,27.797933,2030.6 85.458079,27.797936,2030.6 85.458081,27.797938,2030.7 85.458083,27.79794,2030.7 85.458087,27.797943,2030.8 85.458089,27.797945,2030.8 85.458097,27.797951,2031 85.458105,27.797954,2031.1 85.458112,27.797953,2031.2 85.458118,27.797954,2031.3 85.458123,27.797957,2031.4 85.458124,27.79796,2031.5 85.458131,27.797964,2031.6 85.458139,27.797968,2031.7 85.458146,27.797972,2031.9 85.458153,27.797976,2032 85.458157,27.797979,2032.1 85.458165,27.79798,2032.2 85.458169,27.797978,2032.3 85.458171,27.797975,2032.3 85.458173,27.797974,2032.3 85.458179,27.797976,2032.4 85.458183,27.797976,2032.5 85.458188,27.797977,2032.6 85.458192,27.797977,2032.6 85.458197,27.797979,2032.7 85.458202,27.797981,2032.8 85.45821,27.797983,2032.9 85.45822,27.797987,2033.1 85.458226,27.79799,2033.2 85.458238,27.797993,2033.3 85.458249,27.797995,2033.5 85.458257,27.797997,2033.6 85.458263,27.798,2033.7 85.458271,27.798005,2033.9 85.458277,27.798008,2034 85.458283,27.79801,2034 85.458288,27.798011,2034.1 85.45829,27.798012,2034.2 85.458297,27.798015,2034.3 85.458298,27.798016,2034.3 85.458301,27.798018,2034.4 85.458305,27.79802,2034.4 85.458312,27.798023,2034.5 85.458315,27.798026,2034.6 85.458318,27.798029,2034.7 85.458319,27.79803,2034.7 85.458324,27.798033,2034.8 85.458328,27.798034,2034.9 85.458331,27.798034,2034.9 85.458334,27.798034,2035 85.458339,27.798034,2035 85.458343,27.798034,2035.1 85.458346,27.798034,2035.1 85.458349,27.798035,2035.2 85.45835,27.798037,2035.2 85.458351,27.798039,2035.3 85.458353,27.798041,2035.3 85.458356,27.798043,2035.4 85.458361,27.798045,2035.5 85.458365,27.798048,2035.5 85.458369,27.798049,2035.6 85.458371,27.798048,2035.6 85.458373,27.798048,2035.7 85.458376,27.79805,2035.7 85.458379,27.798052,2035.8 85.458382,27.798055,2035.9 85.458388,27.79806,2036 85.458393,27.798064,2036.1 85.458398,27.798069,2036.2 85.458405,27.798076,2036.4 85.458412,27.798082,2036.5 85.458417,27.798085,2036.6 85.458423,27.798086,2036.6 85.458426,27.798086,2036.7 85.458426,27.798086,2036.7 85.458427,27.798087,2036.7 85.458429,27.798088,2036.7 85.458435,27.798088,2036.8 85.45844,27.79809,2036.9 85.458446,27.798091,2037 85.458451,27.798089,2037 85.458453,27.798087,2037.1 85.458456,27.798086,2037.1 85.458459,27.798086,2037.2 85.458461,27.798086,2037.2 85.458462,27.798087,2037.2 85.458464,27.798088,2037.2 85.458466,27.79809,2037.3 85.458468,27.798091,2037.3 85.458468,27.798092,2037.3 85.458469,27.798093,2037.3 85.45847,27.798093,2037.3 85.458471,27.798094,2037.3 85.458471,27.798095,2037.3 85.458472,27.798097,2037.4 85.458475,27.7981,2037.4 85.458478,27.798104,2037.5 85.458482,27.798107,2037.5 85.458484,27.79811,2037.5 85.458483,27.798113,2037.6 85.458477,27.798116,2037.6 85.458475,27.798117,2037.7 85.458476,27.798118,2037.7 85.45848,27.79812,2037.7 85.458483,27.798121,2037.7 85.458485,27.798123,2037.8 85.458486,27.798125,2037.8 85.458486,27.798125,2037.8 85.458487,27.798125,2037.8 85.458488,27.798126,2037.8 85.458488,27.798126,2037.8 85.458488,27.798127,2037.8 85.458488,27.798127,2037.8 85.458488,27.798127,2037.8 85.458487,27.798127,2037.8 85.458487,27.798128,2037.9 85.458487,27.798128,2037.9 85.458488,27.798131,2037.9 85.458489,27.798133,2037.9 85.458488,27.798138,2037.9 85.458484,27.798139,2038 85.458479,27.798139,2038 85.458477,27.798138,2038 85.45848,27.798137,2038 85.458485,27.798136,2038.1 85.458488,27.798136,2038.1 85.45849,27.798137,2038.1 85.458491,27.798137,2038.1 85.458492,27.798137,2038.1 85.458492,27.798138,2038.1 85.458492,27.798138,2038.1 85.458491,27.798138,2038.1 85.458491,27.798138,2038.1 85.458489,27.798138,2038.1 85.458488,27.798139,2038.1 85.458488,27.798139,2038.1 85.458485,27.79814,2038.2 85.458482,27.79814,2038.2 85.45848,27.79814,2038.2 85.458478,27.79814,2038.2 85.458476,27.798142,2038.2 85.458475,27.798143,2038.2 85.458473,27.798144,2038.3 85.458471,27.798144,2038.3 85.458469,27.798145,2038.3 85.458468,27.798147,2038.3 85.458466,27.798147,2038.3 85.458462,27.798148,2038.3 85.458459,27.798149,2038.4 85.458456,27.798149,2038.4 85.458453,27.79815,2038.4 85.458452,27.798149,2038.4 85.458449,27.79815,2038.4 85.458448,27.79815,2038.4 85.458445,27.798151,2038.4 85.458442,27.798151,2038.5 85.458439,27.798151,2038.5 85.458437,27.798151,2038.5 85.458435,27.798151,2038.5 85.458433,27.798151,2038.5 85.458432,27.798152,2038.5 85.458431,27.798152,2038.5 85.458431,27.798153,2038.5 85.45843,27.798154,2038.5 85.45843,27.798154,2038.5 85.45843,27.798155,2038.5 85.458429,27.798155,2038.6 85.458429,27.798155,2038.6 85.458428,27.798155,2038.6 85.458428,27.798155,2038.6 85.458428,27.798155,2038.6 85.458427,27.798155,2038.6 85.458425,27.798155,2038.6 85.458424,27.798155,2038.6 85.458422,27.798155,2038.6 85.458421,27.798155,2038.6 85.458418,27.798156,2038.6 85.458417,27.798156,2038.6 85.458416,27.798157,2038.6 85.458416,27.798157,2038.6 85.458415,27.798157,2038.6 85.458414,27.798158,2038.6 85.458413,27.798158,2038.6 85.458414,27.798159,2038.7 85.458417,27.798159,2038.7 85.458419,27.79816,2038.7 85.458419,27.79816,2038.7 85.45842,27.79816,2038.7 85.45842,27.79816,2038.7 85.458421,27.79816,2038.7 85.458421,27.798161,2038.7 85.458421,27.798161,2038.7 85.458423,27.798161,2038.7 85.458424,27.798162,2038.7 85.458424,27.798162,2038.7 85.458424,27.798163,2038.7 85.458424,27.798162,2038.7 85.458425,27.798163,2038.7 85.458426,27.798163,2038.8 85.458425,27.798163,2038.8 85.458425,27.798163,2038.8 85.458425,27.798163,2038.8 85.458426,27.798163,2038.8 85.458426,27.798163,2038.8 85.458426,27.798163,2038.8 85.458426,27.798163,2038.8 85.458425,27.798163,2038.8 85.458424,27.798163,2038.8 85.458424,27.798163,2038.8 85.458423,27.798163,2038.8 85.458423,27.798163,2038.8 85.458422,27.798162,2038.8 85.458422,27.798162,2038.8 85.458422,27.798161,2038.8 85.458421,27.798161,2038.8 85.458421,27.798161,2038.8 85.45842,27.798161,2038.8 85.458419,27.798162,2038.8 85.458419,27.798163,2038.8 85.458419,27.798164,2038.8 85.458418,27.798164,2038.8 85.458419,27.798164,2038.8 85.458418,27.798164,2038.8 85.458418,27.798164,2038.8 85.458418,27.798164,2038.8 85.458418,27.798164,2038.8 85.458418,27.798164,2038.8 85.458419,27.798165,2038.9 85.458419,27.798164,2038.9 85.458419,27.798163,2038.9 85.458419,27.798163,2038.9 85.458419,27.798163,2038.9 85.458419,27.798163,2038.9 85.458419,27.798162,2038.9 85.458419,27.798162,2038.9 85.458419,27.798162,2038.9 85.458419,27.798162,2038.9 85.458419,27.798162,2038.9 85.458419,27.798162,2038.9 85.458419,27.798162,2038.9 85.45842,27.798162,2038.9 85.45842,27.798162,2038.9 85.45842,27.798163,2038.9 85.45842,27.798163,2038.9 85.458419,27.798163,2038.9 85.45842,27.798162,2038.9 85.458421,27.798161,2038.9 85.458421,27.798162,2038.9 85.458422,27.798162,2038.9 85.458422,27.798162,2038.9 85.458423,27.798163,2038.9 85.458424,27.798163,2038.9 85.458424,27.798164,2038.9 85.458425,27.798166,2039 85.458427,27.798168,2039 85.458427,27.798168,2039 85.458427,27.798167,2039 85.458425,27.798167,2039 85.458424,27.798167,2039 85.458424,27.798166,2039 85.458424,27.798166,2039 85.458424,27.798166,2039 85.458424,27.798166,2039 85.458424,27.798166,2039 85.458424,27.798166,2039 85.458424,27.798166,2039 85.458423,27.798166,2039 85.458423,27.798166,2039 85.458424,27.798167,2039 85.458424,27.798166,2039 85.458425,27.798166,2039 85.458425,27.798165,2039 85.458425,27.798164,2039 85.458425,27.798163,2039 85.458425,27.798163,2039 85.458425,27.798163,2039 85.458426,27.798163,2039 85.458426,27.798163,2039 85.458426,27.798162,2039.1 85.458426,27.798163,2039.1 85.458426,27.798163,2039.1 85.458427,27.798162,2039.1 85.458427,27.798162,2039.1 85.458427,27.798162,2039.1 85.458427,27.798162,2039.1 85.458428,27.798163,2039.1 85.458427,27.798163,2039.1 85.458427,27.798162,2039.1 85.458428,27.798161,2039.1 85.458428,27.79816,2039.1 85.458428,27.798159,2039.1 85.458429,27.798159,2039.1 85.458431,27.798158,2039.1 85.458432,27.798158,2039.1 85.458432,27.798158,2039.1 85.458434,27.798157,2039.1 85.458437,27.798156,2039.2 85.458439,27.798156,2039.2 85.458445,27.798155,2039.2 85.45845,27.798155,2039.3 85.458455,27.798155,2039.3 85.458459,27.798156,2039.3 85.458463,27.798159,2039.3 85.458474,27.798162,2039.4 85.458483,27.798164,2039.5 85.458489,27.798165,2039.5 85.458496,27.798167,2039.6 85.4585,27.79817,2039.6 85.458506,27.798173,2039.6 85.458515,27.798176,2039.7 85.458527,27.798178,2039.8 85.458537,27.798181,2039.8 85.458546,27.798182,2039.9 85.458555,27.798184,2040 85.458564,27.798186,2040 85.458574,27.798188,2040.1 85.458583,27.79819,2040.1 85.458591,27.798195,2040.2 85.458599,27.798201,2040.2 85.458609,27.798206,2040.3 85.458617,27.798213,2040.4 85.458624,27.79822,2040.4 85.458629,27.798227,2040.5 85.458632,27.798234,2040.5 85.458635,27.798243,2040.5 85.458633,27.798251,2040.6 85.458634,27.798253,2040.6 85.458629,27.798257,2040.6 85.458625,27.798262,2040.7 85.458621,27.798269,2040.7 85.458616,27.798279,2040.8 85.458612,27.798289,2040.8 85.458613,27.798298,2040.8 85.458618,27.798306,2040.9 85.458621,27.798313,2040.9 85.45862,27.798319,2040.9 85.458618,27.798327,2040.9 85.458614,27.798336,2041 85.458612,27.798346,2041 85.458609,27.798357,2041 85.458605,27.798365,2041.1 85.458605,27.798378,2041.1 85.458609,27.798393,2041.1 85.458603,27.798396,2041.2 85.458598,27.7984,2041.2 85.458592,27.7984,2041.2 85.458583,27.798401,2041.2 85.458575,27.798401,2041.2 85.458565,27.798405,2041.2 85.458555,27.798406,2041.2 85.458549,27.798409,2041.2 85.458542,27.798414,2041.2 85.458534,27.798419,2041.2 85.458524,27.798423,2041.2 85.458516,27.798431,2041.2 85.458512,27.798438,2041.2 85.458506,27.798446,2041.3 85.458501,27.798453,2041.3 85.4585,27.798461,2041.3 85.458501,27.79847,2041.3 85.458496,27.798478,2041.3 85.458486,27.798483,2041.3 85.458477,27.798488,2041.3 85.458474,27.798495,2041.3 85.458471,27.798503,2041.3 85.458462,27.798506,2041.3 85.458451,27.798506,2041.3 85.458443,27.798508,2041.3 85.458441,27.798515,2041.3 85.45844,27.798521,2041.3 85.45843,27.798524,2041.3 85.45842,27.798528,2041.3 85.458409,27.798529,2041.3 85.4584,27.798529,2041.3 85.458394,27.798534,2041.4 85.458389,27.798539,2041.4 85.458382,27.798542,2041.4 85.458376,27.798549,2041.5 85.458377,27.798554,2041.5 85.458381,27.798561,2041.5 85.45839,27.798563,2041.5 85.458395,27.798567,2041.6 85.458396,27.798573,2041.6 85.458406,27.798573,2041.6 85.458415,27.798572,2041.7 85.458416,27.798577,2041.7 85.458416,27.798584,2041.8 85.458416,27.79859,2041.8 85.458417,27.798599,2041.9 85.458419,27.798605,2041.9 85.458426,27.798608,2042 85.458432,27.798612,2042 85.458433,27.79862,2042.1 85.458436,27.798626,2042.2 85.45844,27.798634,2042.3 85.458444,27.798638,2042.4 85.458449,27.798644,2042.4 85.458457,27.798649,2042.5 85.458465,27.798652,2042.6 85.458472,27.798658,2042.7 85.458476,27.79866,2042.8 85.458482,27.798663,2042.8 85.458489,27.798664,2042.9 85.458492,27.798668,2043 85.458493,27.798675,2043.1 85.458494,27.798683,2043.2 85.458495,27.798686,2043.2 85.458495,27.798688,2043.3 85.458493,27.798693,2043.3 85.458491,27.798699,2043.4 85.458494,27.798701,2043.5 85.458499,27.798705,2043.6 85.4585,27.798709,2043.6 85.4585,27.798715,2043.7 85.458503,27.798719,2043.8 85.458505,27.798726,2043.9 85.458505,27.798734,2044 85.458504,27.798742,2044.2 85.458504,27.798749,2044.3 85.458506,27.798757,2044.4 85.458511,27.798763,2044.5 85.458513,27.79877,2044.6 85.458513,27.798779,2044.8 85.458513,27.798787,2044.9 85.458513,27.798795,2045 85.458515,27.798803,2045.1 85.458516,27.798808,2045.2 85.458518,27.79881,2045.3 85.458523,27.798809,2045.3 85.458526,27.798808,2045.4 85.458529,27.798809,2045.4 85.458532,27.798811,2045.5 85.458534,27.798814,2045.5 85.458536,27.798818,2045.6 85.45854,27.798822,2045.7 85.458546,27.798826,2045.8 85.458552,27.798826,2045.9 85.458554,27.798824,2045.9 85.458555,27.798826,2045.9 85.458556,27.798832,2046 85.458558,27.798838,2046.1 85.458561,27.798844,2046.2 85.458564,27.798851,2046.3 85.458567,27.798861,2046.5 85.458567,27.798873,2046.6 85.458564,27.798885,2046.8 85.458554,27.798896,2047 85.458544,27.798904,2047.1 85.458534,27.798911,2047.3 85.458523,27.798914,2047.4 85.458513,27.798915,2047.5 85.458504,27.798916,2047.6 85.458498,27.798922,2047.7 85.4585,27.79893,2047.8 85.458504,27.798938,2048 85.458508,27.798944,2048 85.458507,27.79895,2048.1 85.458503,27.798954,2048.2 85.458495,27.798957,2048.3 85.458487,27.798962,2048.4 85.458477,27.798967,2048.5 85.458469,27.798973,2048.7 85.458461,27.798981,2048.8 85.458454,27.79899,2048.9 85.458449,27.799001,2049.1 85.458441,27.79901,2049.2 85.45843,27.799018,2049.4 85.458419,27.799027,2049.6 85.458413,27.799037,2049.7 85.458405,27.799046,2049.8 85.458396,27.799049,2049.9 85.458389,27.799056,2050 85.458386,27.799064,2050.1 85.458379,27.799071,2050.2 85.458371,27.799076,2050.3 85.458363,27.799081,2050.4 85.458357,27.79909,2050.5 85.458353,27.799098,2050.5 85.458346,27.799107,2050.6 85.458337,27.799118,2050.7 85.458331,27.799126,2050.8 85.458326,27.799133,2050.9 85.458326,27.799141,2050.9 85.458329,27.79915,2051 85.45833,27.799159,2051.1 85.458332,27.799167,2051.1 85.458333,27.799176,2051.2 85.458331,27.799183,2051.2 85.458326,27.799189,2051.3 85.458319,27.799194,2051.3 85.45831,27.7992,2051.4 85.458303,27.799205,2051.4 85.458297,27.799209,2051.4 85.458291,27.799215,2051.5 85.458281,27.799221,2051.6 85.458266,27.799222,2051.6 85.458252,27.799215,2051.7 85.458241,27.799209,2051.8 85.458233,27.79921,2051.8 85.458232,27.799214,2051.9 85.458232,27.799218,2051.9 85.458226,27.799221,2051.9 85.458219,27.799221,2052 85.458212,27.799222,2052 85.458206,27.799226,2052 85.458198,27.799228,2052.1 85.458189,27.799229,2052.1 85.458198,27.79924,2052.2 85.458207,27.79925,2052.3 85.458209,27.799259,2052.4 85.458209,27.799266,2052.4 85.458207,27.799271,2052.5 85.458216,27.799277,2052.5 85.458217,27.799283,2052.6 85.458206,27.79928,2052.6 85.458192,27.799274,2052.7 85.45818,27.799268,2052.8 85.458169,27.799261,2052.9 85.458158,27.799256,2052.9 85.458147,27.799251,2053 85.458135,27.799248,2053 85.458122,27.799244,2053.1 85.45811,27.799237,2053.2 85.4581,27.79923,2053.2 85.45809,27.799228,2053.2 85.458083,27.799228,2053.2 85.458077,27.79923,2053.2 85.458068,27.799236,2053.2 85.458057,27.799241,2053.2 85.458049,27.799252,2053.2 85.458041,27.79926,2053.2 85.458034,27.799268,2053.1 85.458031,27.799273,2053.1 85.458025,27.799282,2053 85.458022,27.799291,2053 85.45802,27.7993,2053 85.458021,27.799305,2052.9 85.45802,27.799311,2052.9 85.458019,27.79932,2052.8 85.458023,27.799327,2052.8 85.458026,27.799336,2052.7 85.458027,27.799346,2052.7 85.458026,27.799355,2052.6 85.458024,27.799363,2052.5 85.458024,27.799369,2052.5 85.458022,27.799376,2052.4 85.458019,27.799381,2052.4 85.458016,27.799387,2052.3 85.458013,27.799392,2052.3 85.45801,27.799398,2052.3 85.458007,27.799404,2052.2 85.458003,27.799411,2052.2 85.457999,27.799417,2052.1 85.457994,27.799425,2052 85.457992,27.799431,2052 85.457996,27.799437,2052 85.457991,27.799442,2051.9 85.457978,27.799443,2051.9 85.457964,27.799444,2051.8 85.45795,27.799446,2051.8 85.457939,27.799448,2051.7 85.457929,27.799449,2051.7 85.45792,27.799451,2051.7 85.457912,27.799453,2051.6 85.457902,27.799454,2051.6 85.457897,27.799458,2051.6 85.45789,27.799465,2051.6 85.457882,27.799471,2051.5 85.457876,27.799476,2051.5 85.457873,27.799487,2051.5 85.457868,27.799495,2051.5 85.45786,27.799502,2051.4 85.457854,27.799511,2051.4 85.457843,27.799519,2051.4 85.457835,27.799529,2051.3 85.457836,27.79954,2051.3 85.45784,27.799546,2051.3 85.457833,27.799551,2051.3 85.457824,27.799559,2051.2 85.457815,27.799564,2051.2 85.457808,27.799573,2051.2 85.4578,27.799581,2051.2 85.457794,27.799587,2051.1 85.457788,27.799592,2051.1 85.457781,27.799598,2051.1 85.457777,27.799601,2051.1 85.457773,27.799608,2051 85.457767,27.799612,2051 85.457759,27.799616,2051 85.457757,27.799625,2051 85.457752,27.799633,2050.9 85.457742,27.799638,2050.9 85.45773,27.799641,2050.8 85.457721,27.799646,2050.8 85.457714,27.799654,2050.8 85.457702,27.799655,2050.7 85.457691,27.799657,2050.7 85.457681,27.79966,2050.6 85.457672,27.799663,2050.6 85.457661,27.799666,2050.6 85.457651,27.799669,2050.5 85.457641,27.799672,2050.5 85.457631,27.799675,2050.5 85.457624,27.799678,2050.4 85.457617,27.799686,2050.4 85.457611,27.799695,2050.4 85.457605,27.799705,2050.3 85.457598,27.799714,2050.3 85.457594,27.799731,2050.3 85.457589,27.799744,2050.2 85.457586,27.799761,2050.2 85.457581,27.799776,2050.1 85.457575,27.799791,2050.1 85.457574,27.799805,2050.1 85.457579,27.799815,2050.1 85.457577,27.799822,2050.1 85.457572,27.799829,2050.1 85.457568,27.799834,2050.1 85.457565,27.79984,2050.1 85.457563,27.799846,2050.1 85.457559,27.799855,2050.1 85.457559,27.799864,2050.1 85.457559,27.799874,2050.1 85.45756,27.799886,2050.1 85.457561,27.799898,2050.1 85.45756,27.799908,2050.1 85.45756,27.799917,2050.2 85.457561,27.799928,2050.2 85.457562,27.799935,2050.2 85.457564,27.799942,2050.3 85.457566,27.799949,2050.3 85.45757,27.799958,2050.3 85.457574,27.799966,2050.4 85.457577,27.799974,2050.4 85.457582,27.799979,2050.4 85.457587,27.799988,2050.5 85.457593,27.799993,2050.5 85.457598,27.8,2050.6 85.457603,27.800009,2050.6 85.457608,27.800018,2050.7 85.457615,27.800024,2050.7 85.457624,27.800029,2050.8 85.457633,27.800033,2050.8 85.457643,27.800038,2050.9 85.457651,27.800044,2050.9 85.457659,27.800051,2051 85.457666,27.800058,2051 85.457672,27.800062,2051.1 85.457677,27.800067,2051.1 85.457683,27.800073,2051.2 85.457687,27.800079,2051.2 85.457693,27.800082,2051.2 85.457699,27.800084,2051.2 85.457704,27.800085,2051.3 85.457705,27.800085,2051.3 85.457703,27.800086,2051.3 85.457698,27.800091,2051.3 85.457692,27.800095,2051.3 85.457688,27.800103,2051.4 85.457687,27.800113,2051.4 85.457684,27.800117,2051.4 85.457677,27.800118,2051.5 85.457669,27.800121,2051.5 85.457663,27.800127,2051.5 85.457659,27.800129,2051.5 85.457653,27.800133,2051.6 85.457648,27.800141,2051.6 85.457645,27.800146,2051.6 85.45764,27.800151,2051.6 85.457634,27.800155,2051.7 85.457627,27.800159,2051.7 85.45762,27.800163,2051.7 85.457612,27.800165,2051.7 85.457604,27.800167,2051.8 85.457596,27.800169,2051.8 85.457591,27.800174,2051.8 85.457586,27.800177,2051.8 85.45758,27.800177,2051.9 85.457573,27.800177,2051.9 85.457566,27.800178,2051.9 85.45756,27.800183,2051.9 85.457554,27.800191,2051.9 85.457545,27.800194,2052 85.457535,27.800196,2052 85.457527,27.800203,2052 85.457521,27.800212,2052.1 85.457513,27.800217,2052.1 85.457502,27.800221,2052.1 85.45749,27.800225,2052.2 85.457479,27.800228,2052.2 85.457469,27.800231,2052.2 85.457459,27.800232,2052.3 85.457449,27.800235,2052.3 85.457439,27.800239,2052.3 85.457429,27.800243,2052.3 85.457418,27.800244,2052.3 85.457406,27.800244,2052.4 85.457394,27.800245,2052.4 85.457384,27.800246,2052.4 85.457373,27.800247,2052.4 85.457361,27.800247,2052.4 85.45735,27.800247,2052.4 85.457339,27.800247,2052.4 85.457326,27.800247,2052.3 85.457314,27.800249,2052.3 85.457303,27.800253,2052.3 85.457294,27.800259,2052.2 85.457283,27.800262,2052.2 85.457273,27.800266,2052.2 85.457264,27.800273,2052.1 85.457255,27.800282,2052.1 85.457247,27.800292,2052 85.45724,27.800303,2051.9 85.457235,27.800314,2051.9 85.457234,27.800323,2051.8 85.45723,27.800331,2051.7 85.457226,27.800338,2051.6 85.457221,27.800348,2051.5 85.457219,27.800358,2051.4 85.457217,27.800364,2051.4 85.457213,27.800371,2051.3 85.457205,27.800378,2051.2 85.457199,27.800384,2051.1 85.45719,27.800392,2051 85.457181,27.8004,2050.8 85.457173,27.800405,2050.7 85.457164,27.800412,2050.6 85.457149,27.800415,2050.4 85.457134,27.800416,2050.2 85.457122,27.800421,2050 85.457112,27.800429,2049.8 85.457101,27.800436,2049.7 85.457095,27.800442,2049.5 85.45709,27.800452,2049.4 85.457089,27.800462,2049.2 85.457088,27.800472,2049 85.457088,27.800482,2048.9 85.457092,27.80049,2048.7 85.457102,27.800494,2048.6 85.4571,27.8005,2048.5 85.457097,27.800509,2048.3 85.457097,27.800521,2048.1 85.457096,27.800532,2047.9 85.457093,27.800546,2047.7 85.457089,27.800558,2047.5 85.457083,27.800571,2047.3 85.457077,27.800582,2047.1 85.457074,27.800595,2046.9 85.457069,27.800609,2046.7 85.457063,27.80062,2046.5 85.457056,27.800629,2046.4 85.457048,27.800634,2046.3 85.45704,27.800639,2046.2 85.457029,27.800642,2046 85.457022,27.800646,2046 85.457015,27.800653,2045.8 85.457005,27.800659,2045.7 85.456998,27.800665,2045.6 85.456994,27.800674,2045.5 85.456988,27.800672,2045.4 85.456988,27.800678,2045.4 85.456994,27.800687,2045.3 85.457002,27.800691,2045.2 85.457008,27.800697,2045.1 85.457016,27.800702,2045 85.457025,27.800709,2045 85.457032,27.800714,2044.9 85.457036,27.800723,2044.8 85.457041,27.800731,2044.8 85.457045,27.80074,2044.7 85.457046,27.800748,2044.7 85.457046,27.800756,2044.6 85.457045,27.800766,2044.6 85.457047,27.800774,2044.6 85.457051,27.80078,2044.6 85.457058,27.800787,2044.6 85.45707,27.800791,2044.6 85.457084,27.800792,2044.5 85.4571,27.800786,2044.6 85.457114,27.800777,2044.6 85.45713,27.800773,2044.6 85.457144,27.800769,2044.6 85.457156,27.80076,2044.7 85.457168,27.800753,2044.7 85.457181,27.800747,2044.8 85.457194,27.800743,2044.8 85.457204,27.800739,2044.8 85.457215,27.800738,2044.9 85.457222,27.800742,2044.9 85.45723,27.80075,2044.9 85.457232,27.80076,2044.9 85.457231,27.800771,2045 85.457226,27.800781,2045 85.457217,27.800793,2045 85.457212,27.800804,2045 85.457201,27.800812,2045 85.457189,27.800816,2045.1 85.457177,27.800819,2045.1 85.457166,27.800821,2045.1 85.457155,27.800821,2045.1 85.457144,27.800821,2045.1 85.457134,27.800819,2045 85.457126,27.800816,2045 85.457116,27.800816,2045 85.457106,27.800814,2045 85.457098,27.800813,2045 85.457092,27.80081,2045 85.457083,27.800808,2045 85.457075,27.800807,2045 85.457066,27.800807,2045 85.457056,27.800808,2045 85.457045,27.800808,2045 85.457038,27.800806,2045 85.457028,27.800806,2045 85.457019,27.800807,2045 85.457013,27.800807,2045 85.457006,27.800808,2045 85.456997,27.800809,2045 85.45699,27.80081,2045 85.456982,27.800812,2045 85.456975,27.800816,2045 85.456964,27.800819,2045 85.456957,27.800823,2045 85.45695,27.800829,2045 85.456943,27.800836,2045.1 85.456936,27.800841,2045.1 85.456928,27.800844,2045.1 85.456921,27.800847,2045.1 85.456914,27.800849,2045.1 85.456907,27.80085,2045.1 85.456899,27.800853,2045.2 85.456889,27.800855,2045.2 85.456877,27.800857,2045.3 85.456865,27.800858,2045.3 85.456855,27.800859,2045.4 85.456843,27.800863,2045.4 85.456833,27.800868,2045.5 85.456823,27.800874,2045.6 85.456813,27.800883,2045.7 85.456807,27.80089,2045.7 85.456799,27.800898,2045.8 85.456793,27.800908,2045.9 85.456785,27.800916,2046 85.456779,27.800927,2046 85.456772,27.800935,2046.1 85.45677,27.800946,2046.2 85.456777,27.800948,2046.2 85.456783,27.80095,2046.3 85.456785,27.800953,2046.3 85.456786,27.800956,2046.3 85.456792,27.800958,2046.4 85.456792,27.800964,2046.4 85.456795,27.800968,2046.4 85.4568,27.800973,2046.5 85.456803,27.800978,2046.5 85.456807,27.800984,2046.6 85.45681,27.800992,2046.6 85.456809,27.801002,2046.7 85.456808,27.801014,2046.7 85.456808,27.801024,2046.8 85.456795,27.801039,2046.9 85.456792,27.801051,2046.9 85.456789,27.801061,2047 85.456794,27.801057,2047 85.456789,27.801066,2047 85.456781,27.801079,2047.1 85.456771,27.801091,2047.1 85.456761,27.801102,2047.2 85.45675,27.801111,2047.2 85.456741,27.801121,2047.2 85.456732,27.801127,2047.3 85.456723,27.80113,2047.3 85.456713,27.801137,2047.3 85.456708,27.801143,2047.3 85.456696,27.80116,2047.4 85.456695,27.801181,2047.5 85.456696,27.801198,2047.5 85.4567,27.801215,2047.5 85.456706,27.801229,2047.6 85.456715,27.801243,2047.6 85.456724,27.801255,2047.7 85.45673,27.801268,2047.7 85.456735,27.80128,2047.7 85.45674,27.801291,2047.8 85.456747,27.8013,2047.8 85.456756,27.801307,2047.8 85.456766,27.801313,2047.8 85.456776,27.801318,2047.9 85.456784,27.801325,2047.9 85.456793,27.801327,2047.9 85.456801,27.80133,2047.9 85.45681,27.801333,2047.9 85.456816,27.801339,2048 85.456826,27.801337,2048 85.456834,27.801339,2048 85.456838,27.801343,2048 85.45684,27.801346,2048 85.456843,27.80135,2048 85.456846,27.801354,2048 85.456846,27.801359,2048 85.456839,27.801372,2048 85.456836,27.801376,2048 85.456838,27.801379,2048.1 85.456834,27.801386,2048.1 85.456831,27.801391,2048.1 85.456823,27.801403,2048.1 85.456817,27.801421,2048.1 85.456822,27.801414,2048.1 85.456827,27.801412,2048.1 85.456833,27.801415,2048.1 85.456828,27.801416,2048.1 85.456817,27.801416,2048.1 85.456806,27.801416,2048.1 85.456794,27.801417,2048.2 85.456783,27.801419,2048.2 85.456774,27.801422,2048.2 85.456763,27.801425,2048.2 85.45675,27.801428,2048.2 85.456736,27.80143,2048.2 85.456725,27.801431,2048.3 85.456713,27.801431,2048.3 85.4567,27.801432,2048.3 85.456688,27.801434,2048.4 85.456675,27.801436,2048.4 85.456661,27.801438,2048.4 85.456645,27.801441,2048.5 85.45663,27.801445,2048.5 85.456617,27.80145,2048.5 85.456604,27.801457,2048.6 85.45659,27.801465,2048.6 85.45658,27.801476,2048.6 85.456571,27.801485,2048.7 85.456563,27.801495,2048.7 85.456555,27.801506,2048.7 85.456548,27.801518,2048.7 85.456544,27.80153,2048.7 85.456541,27.80154,2048.7 85.456536,27.801548,2048.7 85.456531,27.801554,2048.7 85.456524,27.80156,2048.7 85.456518,27.801568,2048.7 85.456512,27.801574,2048.7 85.456506,27.801582,2048.7 85.456503,27.801589,2048.7 85.456499,27.801595,2048.7 85.456494,27.801603,2048.7 85.456492,27.801609,2048.7 85.456492,27.801617,2048.7 85.456492,27.801621,2048.7 85.456495,27.801628,2048.7 85.456499,27.801634,2048.6 85.456502,27.801641,2048.6 85.456508,27.801645,2048.6 85.456513,27.801649,2048.6 85.45652,27.801654,2048.6 85.456526,27.801661,2048.6 85.456533,27.801666,2048.6 85.456537,27.801673,2048.5 85.45654,27.80168,2048.5 85.456543,27.801688,2048.5 85.456543,27.801698,2048.5 85.456541,27.801708,2048.4 85.45654,27.801717,2048.4 85.456545,27.801727,2048.4 85.456547,27.801737,2048.4 85.456545,27.801747,2048.3 85.456544,27.801756,2048.3 85.456542,27.801765,2048.3 85.45654,27.801773,2048.3 85.456539,27.801783,2048.3 85.456537,27.801791,2048.2 85.456535,27.801799,2048.2 85.456533,27.801806,2048.2 85.456529,27.801814,2048.2 85.456526,27.801822,2048.1 85.456522,27.801828,2048.1 85.456519,27.801835,2048.1 85.456513,27.80184,2048.1 85.456506,27.801847,2048.1 85.456498,27.801853,2048 85.456491,27.801861,2048 85.456486,27.801871,2048 85.456478,27.801882,2048 85.456472,27.801893,2047.9 85.456461,27.801903,2047.9 85.456452,27.801913,2047.9 85.456446,27.801923,2047.9 85.456444,27.801935,2047.8 85.456448,27.801948,2047.8 85.456447,27.801961,2047.8 85.456445,27.801973,2047.7 85.456446,27.801984,2047.7 85.456447,27.801995,2047.7 85.456446,27.802004,2047.7 85.456445,27.802008,2047.7 85.456443,27.802013,2047.7 85.456443,27.802018,2047.7 85.456445,27.802019,2047.7 85.456446,27.802022,2047.7 85.456446,27.802027,2047.6 85.456444,27.802034,2047.6 85.456443,27.802042,2047.6 85.456443,27.80205,2047.6 85.456441,27.802059,2047.6 85.45644,27.802068,2047.6 85.456438,27.802076,2047.6 85.45643,27.802082,2047.6 85.456417,27.802082,2047.6 85.456404,27.802082,2047.6 85.456392,27.802085,2047.6 85.456379,27.802084,2047.5 85.45637,27.802087,2047.5 85.45636,27.802089,2047.5 85.456351,27.802087,2047.6 85.456346,27.802083,2047.6 85.456341,27.802077,2047.6 85.456337,27.802072,2047.6 85.456333,27.802069,2047.6 85.45633,27.802065,2047.6 85.456328,27.802062,2047.6 85.456324,27.802062,2047.6 85.45632,27.802061,2047.6 85.456318,27.802059,2047.6 85.456314,27.802057,2047.6 85.45631,27.802054,2047.6 85.456304,27.80205,2047.6 85.456299,27.802046,2047.6 85.456292,27.802044,2047.6 85.456283,27.802043,2047.6 85.456271,27.802042,2047.7 85.456254,27.802044,2047.7 85.456243,27.802048,2047.7 85.45623,27.802052,2047.8 85.456217,27.802055,2047.8 85.456205,27.80205,2047.8 85.456195,27.802046,2047.9 85.456185,27.802041,2047.9 85.456175,27.802033,2048 85.456167,27.802025,2048 85.456164,27.802012,2048.1 85.456158,27.802002,2048.1 85.456149,27.801994,2048.2 85.45614,27.801986,2048.2 85.456129,27.801985,2048.3 85.45612,27.80199,2048.3 85.456111,27.801997,2048.4 85.456108,27.802007,2048.4 85.456105,27.802016,2048.5 85.456101,27.802024,2048.5 85.456096,27.802031,2048.5 85.456095,27.802038,2048.6 85.456095,27.802047,2048.6 85.456095,27.802056,2048.6 85.4561,27.802065,2048.7 85.456106,27.802073,2048.7 85.456109,27.802082,2048.8 85.456112,27.802087,2048.8 85.456117,27.802092,2048.8 85.456125,27.802096,2048.8 85.456133,27.8021,2048.9 85.456144,27.802099,2048.9 85.456154,27.802097,2048.9 85.456164,27.802096,2049 85.456173,27.802099,2049 85.45618,27.802105,2049 85.456179,27.802112,2049 85.456183,27.802117,2049.1 85.45619,27.802119,2049.1 85.456196,27.802119,2049.1 85.456202,27.802121,2049.1 85.456205,27.802126,2049.1 85.456209,27.802126,2049.2 85.456212,27.802127,2049.2 85.456214,27.802134,2049.2 85.456212,27.802139,2049.2 85.456208,27.802144,2049.2 85.456206,27.802151,2049.3 85.456205,27.802159,2049.3 85.456206,27.802167,2049.4 85.456206,27.802175,2049.4 85.456204,27.802183,2049.4 85.456201,27.80219,2049.5 85.456196,27.802195,2049.5 85.456191,27.8022,2049.5 85.456183,27.802205,2049.6 85.456174,27.802207,2049.6 85.456165,27.80221,2049.7 85.456154,27.802211,2049.8 85.456143,27.802212,2049.8 85.456134,27.802216,2049.9 85.456123,27.802222,2049.9 85.456115,27.802228,2050 85.456107,27.802233,2050.1 85.456099,27.802236,2050.1 85.456094,27.802241,2050.2 85.45609,27.802246,2050.2 85.456085,27.802251,2050.2 85.456079,27.802255,2050.3 85.456073,27.802259,2050.3 85.456067,27.802263,2050.4 85.456062,27.802266,2050.4 85.456055,27.80227,2050.5 85.456049,27.802275,2050.5 85.45604,27.802277,2050.6 85.456033,27.802282,2050.6 85.456026,27.802287,2050.7 85.45602,27.802295,2050.7 85.456014,27.802302,2050.8 85.456008,27.802309,2050.8 85.456001,27.802315,2050.9 85.455994,27.802322,2051 85.455986,27.802327,2051 85.455979,27.802334,2051.1 85.455974,27.802342,2051.1 85.455971,27.802351,2051.2 85.455966,27.802358,2051.2 85.455961,27.802365,2051.2 85.455956,27.802373,2051.3 85.455949,27.802379,2051.3 85.455942,27.802384,2051.4 85.455934,27.80239,2051.4 85.455924,27.802396,2051.5 85.455913,27.802403,2051.6 85.455904,27.80241,2051.6 85.4559,27.802418,2051.7 85.455896,27.802426,2051.7 85.45589,27.802433,2051.7 85.45588,27.802436,2051.8 85.45587,27.802441,2051.9 85.455861,27.80245,2051.9 85.455851,27.802459,2052 85.455844,27.802467,2052.1 85.455837,27.802477,2052.2 85.455837,27.802482,2052.2 85.455836,27.802488,2052.2 85.455834,27.802494,2052.3 85.455833,27.802498,2052.3 85.455832,27.802501,2052.4 85.45583,27.802504,2052.4 85.455823,27.802513,2052.5 85.455823,27.80252,2052.5 85.455821,27.802527,2052.6 85.455817,27.802534,2052.7 85.455813,27.802536,2052.7 85.455811,27.80254,2052.7 85.455808,27.802547,2052.8 85.455807,27.802549,2052.8 85.455804,27.802552,2052.9 85.455802,27.802557,2052.9 85.4558,27.802559,2052.9 85.455799,27.802565,2053 85.455797,27.802572,2053.1 85.455796,27.80258,2053.1 85.455797,27.802589,2053.2 85.455799,27.802598,2053.3 85.455803,27.802606,2053.4 85.455806,27.802613,2053.5 85.455808,27.802621,2053.6 85.455811,27.802629,2053.6 85.455814,27.802636,2053.7 85.455816,27.802642,2053.8 85.455816,27.802648,2053.8 85.455816,27.802653,2053.9 85.455816,27.802658,2053.9 85.455816,27.802664,2054 85.455816,27.802672,2054.1 85.455816,27.802681,2054.2 85.455812,27.802688,2054.3 85.455808,27.802695,2054.4 85.455808,27.802701,2054.4 85.455808,27.802708,2054.5 85.455806,27.802715,2054.6 85.455803,27.802722,2054.7 85.455804,27.802728,2054.7 85.455805,27.802735,2054.8 85.455805,27.802741,2054.9 85.455803,27.802747,2055 85.4558,27.802752,2055 85.455801,27.802758,2055.1 85.455801,27.802763,2055.2 85.4558,27.802771,2055.3 85.455802,27.802774,2055.3 85.455806,27.802781,2055.4 85.455806,27.802787,2055.5 85.455805,27.802791,2055.6 85.455803,27.802796,2055.6 85.455804,27.802803,2055.7 85.455808,27.802806,2055.8 85.45581,27.802812,2055.9 85.455807,27.80282,2056 85.455803,27.802826,2056.1 85.455796,27.802832,2056.2 85.455791,27.802836,2056.3 85.455789,27.802842,2056.4 85.455791,27.80285,2056.5 85.455797,27.802854,2056.6 85.455809,27.802852,2056.8 85.455814,27.802845,2056.9 85.455815,27.802842,2056.9 85.455815,27.802842,2056.9 85.455817,27.802843,2057 85.455819,27.802843,2057 85.455822,27.802846,2057.1 85.455824,27.802848,2057.1 85.455827,27.802851,2057.1 85.45583,27.802856,2057.2 85.455831,27.802864,2057.4 85.455829,27.802871,2057.5 85.455826,27.802878,2057.6 85.455822,27.802884,2057.7 85.455817,27.80289,2057.8 85.455808,27.802903,2058 85.455804,27.802915,2058.2 85.455806,27.802924,2058.3 85.455806,27.802932,2058.4 85.455798,27.802939,2058.6 85.455788,27.802943,2058.7 85.455781,27.802948,2058.8 85.455775,27.802951,2058.9 85.455769,27.802956,2059 85.455764,27.80296,2059.1 85.455758,27.802964,2059.2 85.455755,27.802969,2059.2 85.455753,27.802974,2059.3 85.455753,27.802979,2059.4 85.455754,27.802984,2059.4 85.455756,27.802991,2059.5 85.455757,27.802998,2059.6 85.45576,27.803006,2059.7 85.455766,27.80301,2059.8 85.455769,27.803012,2059.9 85.455772,27.803015,2059.9 85.455775,27.803018,2060 85.455778,27.803022,2060 85.455781,27.803027,2060.1 85.455786,27.80303,2060.2 85.45579,27.803032,2060.2 85.455792,27.803031,2060.2 85.455794,27.803033,2060.3 85.455796,27.803037,2060.3 85.455796,27.803041,2060.4 85.455796,27.803048,2060.5 85.455797,27.803056,2060.6 85.455798,27.803062,2060.7 85.455799,27.80307,2060.8 85.455801,27.80308,2060.9 85.455805,27.803089,2061 85.455811,27.803093,2061.1 85.455817,27.80309,2061.2 85.45582,27.803086,2061.3 85.455824,27.803088,2061.3 85.455826,27.803092,2061.4 85.455829,27.803096,2061.4 85.45583,27.803098,2061.5 85.455835,27.8031,2061.5 85.455839,27.803104,2061.6 85.455845,27.80311,2061.7 85.455851,27.803117,2061.8 85.455855,27.803121,2061.9 85.455861,27.803125,2062 85.455867,27.803131,2062.1 85.455872,27.803137,2062.2 85.455876,27.80314,2062.3 85.455879,27.803138,2062.3 85.455876,27.803134,2062.4 85.455874,27.803135,2062.4 85.455874,27.803139,2062.5 85.455874,27.803145,2062.6 85.455873,27.803152,2062.7 85.455873,27.803161,2062.8 85.455874,27.803171,2062.9 85.455877,27.803183,2063.1 85.455883,27.803191,2063.3 85.455888,27.803198,2063.4 85.45589,27.803206,2063.5 85.45589,27.803213,2063.6 85.455892,27.803222,2063.8 85.455894,27.803229,2063.9 85.455894,27.803236,2064 85.455892,27.803246,2064.2 85.455891,27.803256,2064.3 85.455892,27.803266,2064.5 85.455894,27.803276,2064.7 85.455899,27.803286,2064.9 85.455902,27.803294,2065 85.455909,27.803303,2065.2 85.455911,27.803312,2065.4 85.455918,27.803323,2065.6 85.455924,27.803331,2065.8 85.455928,27.80334,2065.9 85.455931,27.803348,2066.1 85.455936,27.803352,2066.2 85.455941,27.803353,2066.3 85.455946,27.803356,2066.4 85.455949,27.803361,2066.5 85.455947,27.803364,2066.5 85.455945,27.803367,2066.6 85.455941,27.803375,2066.7 85.455929,27.803377,2066.9 85.455922,27.803381,2067.1 85.455919,27.803388,2067.2 85.455916,27.803392,2067.3 85.45591,27.803396,2067.4 85.455902,27.803399,2067.5 85.455898,27.803405,2067.6 85.455901,27.803411,2067.7 85.455905,27.803415,2067.8 85.455905,27.803419,2067.9 85.455902,27.80342,2067.9 85.4559,27.803413,2068.1 85.4559,27.803406,2068.2 85.455899,27.8034,2068.3 85.455895,27.803401,2068.3 85.455889,27.803403,2068.4 85.455884,27.803407,2068.5 85.455883,27.80341,2068.6 85.455874,27.803411,2068.7 85.455862,27.803413,2068.9 85.455852,27.803416,2069 85.455842,27.803418,2069.1 85.455834,27.803422,2069.3 85.455826,27.803427,2069.4 85.45582,27.803432,2069.5 85.455813,27.803437,2069.6 85.455807,27.803446,2069.7 85.455802,27.803453,2069.8 85.455796,27.803459,2069.9 85.455789,27.803464,2070 85.455782,27.803466,2070.1 85.455783,27.803474,2070.2 85.455784,27.80348,2070.3 85.455782,27.803485,2070.3 85.455781,27.803491,2070.4 85.455777,27.803496,2070.5 85.45577,27.803502,2070.5 85.455767,27.803507,2070.6 85.455772,27.803513,2070.7 85.455776,27.803517,2070.7 85.455777,27.803517,2070.7 85.455776,27.803514,2070.8 85.455776,27.803512,2070.8 85.455777,27.80351,2070.8 85.455777,27.803508,2070.8 85.455779,27.803508,2070.9 85.455781,27.80351,2070.9 85.455783,27.803512,2070.9 85.455786,27.803517,2071 85.455787,27.80352,2071 85.455786,27.80352,2071 85.455786,27.803521,2071 85.455786,27.803524,2071 85.455786,27.803527,2071 85.455786,27.803528,2071.1 85.455789,27.803531,2071.1 85.455792,27.803535,2071.1 85.455795,27.803539,2071.2 85.455801,27.803545,2071.2 85.455809,27.803553,2071.3 85.455816,27.803559,2071.4 85.455825,27.803563,2071.4 85.455834,27.803569,2071.5 85.45584,27.803574,2071.6 85.455849,27.803581,2071.6 85.455856,27.803589,2071.7 85.455862,27.803595,2071.7 85.45587,27.8036,2071.8 85.455872,27.803609,2071.9 85.455874,27.803617,2071.9 85.455877,27.803623,2071.9 85.45588,27.803626,2072 85.455881,27.803631,2072 85.455881,27.803638,2072 85.455882,27.803644,2072.1 85.455885,27.803651,2072.1 85.455886,27.80366,2072.2 85.455888,27.803668,2072.2 85.455889,27.803676,2072.3 85.455892,27.803683,2072.3 85.455898,27.80369,2072.4 85.455902,27.803695,2072.4 85.455905,27.803702,2072.5 85.455909,27.803708,2072.5 85.455915,27.803715,2072.6 85.455921,27.803721,2072.7 85.455929,27.803729,2072.7 85.455937,27.803735,2072.8 85.455943,27.803741,2072.9 85.455955,27.803744,2073 85.455966,27.803747,2073.1 85.455976,27.803749,2073.1 85.455984,27.803752,2073.2 85.455992,27.803754,2073.3 85.456002,27.803756,2073.4 85.456011,27.803761,2073.5 85.456026,27.803767,2073.6 85.456041,27.803773,2073.8 85.456049,27.803779,2073.9 85.456054,27.803783,2073.9 85.45606,27.803787,2074 85.456065,27.803794,2074.1 85.456069,27.803801,2074.2 85.456071,27.803808,2074.2 85.456072,27.803815,2074.3 85.456074,27.803822,2074.4 85.456078,27.803828,2074.4 85.456078,27.803835,2074.5 85.456078,27.80384,2074.5 85.456075,27.803849,2074.6 85.456076,27.803858,2074.7 85.456078,27.803862,2074.8 85.456075,27.803862,2074.8 85.456068,27.803861,2074.8 85.456064,27.803864,2074.9 85.456051,27.803868,2075 85.456042,27.803872,2075.1 85.456035,27.80388,2075.1 85.456031,27.803888,2075.2 85.456027,27.803896,2075.3 85.45602,27.803904,2075.4 85.456014,27.803915,2075.5 85.456011,27.803927,2075.5 85.456008,27.803938,2075.6 85.456001,27.803947,2075.7 85.455995,27.803957,2075.8 85.455989,27.803966,2075.8 85.455987,27.803975,2075.9 85.455984,27.803983,2076 85.455978,27.80399,2076 85.455972,27.803997,2076.1 85.455968,27.804005,2076.1 85.455968,27.804015,2076.2 85.455966,27.804024,2076.3 85.455961,27.804033,2076.3 85.455959,27.804044,2076.4 85.455958,27.804052,2076.4 85.455959,27.80406,2076.5 85.455962,27.804069,2076.6 85.455964,27.804077,2076.6 85.455966,27.804086,2076.7 85.455968,27.804095,2076.7 85.45597,27.804104,2076.8 85.45597,27.804112,2076.9 85.455967,27.804119,2076.9 85.455964,27.804126,2077 85.45596,27.804134,2077 85.45596,27.804141,2077.1 85.45596,27.804149,2077.2 85.455963,27.804152,2077.2 85.455963,27.804156,2077.2 85.455961,27.804159,2077.2 85.455955,27.804165,2077.3 85.455955,27.804171,2077.4 85.455955,27.804179,2077.4 85.45596,27.804187,2077.5 85.455961,27.804195,2077.6 85.455965,27.804204,2077.7 85.455969,27.804214,2077.7 85.455971,27.804226,2077.9 85.455972,27.804237,2078 85.455973,27.804247,2078.1 85.455972,27.804254,2078.1 85.455967,27.804262,2078.2 85.45596,27.804271,2078.3 85.455955,27.80428,2078.4 85.455956,27.804293,2078.5 85.455961,27.804297,2078.6 85.455962,27.804302,2078.6 85.455963,27.804307,2078.7 85.455965,27.804311,2078.7 85.45597,27.804313,2078.8 85.455976,27.804314,2078.8 85.455982,27.804308,2078.9 85.455984,27.804305,2078.9 85.455985,27.804307,2078.9 85.455987,27.804311,2079 85.455989,27.804316,2079 85.455993,27.804322,2079.1 85.455998,27.80433,2079.2 85.455999,27.804335,2079.2 85.456001,27.804338,2079.2 85.456002,27.804346,2079.3 85.456,27.804358,2079.4 85.455997,27.804371,2079.5 85.455989,27.80438,2079.6 85.455978,27.804388,2079.7 85.455966,27.804394,2079.8 85.455954,27.804399,2079.9 85.455941,27.804401,2080 85.455926,27.804401,2080 85.455913,27.804403,2080.1 85.455903,27.804406,2080.2 85.455889,27.804406,2080.3 85.455878,27.8044,2080.3 85.455868,27.804397,2080.4 85.455862,27.804394,2080.4 85.455858,27.804391,2080.4 85.455849,27.804386,2080.5 85.455843,27.804382,2080.5 85.455841,27.804379,2080.5 85.455842,27.804376,2080.5 85.455839,27.804372,2080.6 85.455835,27.804367,2080.6 85.455831,27.80436,2080.6 85.455824,27.804352,2080.7 85.45581,27.804344,2080.7 85.455801,27.804348,2080.8 85.455796,27.804353,2080.8 85.455783,27.804355,2080.8 85.45577,27.804355,2080.9 85.455762,27.804353,2080.9 85.455754,27.804352,2080.9 85.455742,27.804354,2080.9 85.455734,27.804356,2081 85.455728,27.80436,2081 85.455721,27.804364,2081 85.455714,27.804371,2081 85.455711,27.804381,2081.1 85.455714,27.804389,2081.1 85.455722,27.804394,2081.1 85.455728,27.804396,2081.2 85.45573,27.804395,2081.2 85.455728,27.804396,2081.2 85.455724,27.804398,2081.2 85.455714,27.804402,2081.2 85.455705,27.804405,2081.2 85.455697,27.804409,2081.3 85.455693,27.804418,2081.3 85.455693,27.804427,2081.3 85.455697,27.804436,2081.4 85.455696,27.804443,2081.4 85.455687,27.804448,2081.4 85.455676,27.804449,2081.4 85.45567,27.804456,2081.5 85.455674,27.804462,2081.5 85.455676,27.804469,2081.5 85.455679,27.804477,2081.5 85.455684,27.804485,2081.6 85.45569,27.804494,2081.6 85.455693,27.804502,2081.6 85.455691,27.804511,2081.7 85.45569,27.804514,2081.7 85.455691,27.804514,2081.7 85.455693,27.804511,2081.7 85.455693,27.804507,2081.7 85.455688,27.804508,2081.7 85.455676,27.804506,2081.7 85.455662,27.804506,2081.8 85.455649,27.80451,2081.8 85.455636,27.804517,2081.8 85.455627,27.804526,2081.9 85.455621,27.804538,2081.9 85.455619,27.804553,2081.9 85.455612,27.804568,2081.9 85.455602,27.804585,2082 85.455597,27.804602,2082 85.455599,27.80462,2082 85.455611,27.804636,2082.3 85.455626,27.804648,2082.3 85.45564,27.804656,2082.6 85.455652,27.804661,2083.1 85.455662,27.804663,2083.1 85.45567,27.804665,2083.1 85.455676,27.804667,2083.1 85.455682,27.80467,2083.1 85.455686,27.804672,2083.1 85.455695,27.804677,2083.6 85.455694,27.804677,2083.1 85.455694,27.80468,2083 85.455695,27.804686,2083.6 85.455696,27.804688,2083.6 85.4557,27.804689,2083.6 85.455704,27.804688,2083.6 85.455707,27.804684,2083.6 85.455709,27.804679,2083.6 85.455712,27.804675,2083.6 85.455712,27.804672,2083.6 85.455714,27.804669,2083.6 85.45572,27.804668,2083.6 85.455726,27.804665,2083.6 85.455729,27.804663,2083.6 85.455732,27.804659,2083.6 85.455734,27.804656,2083.6 85.455738,27.804654,2084.2 85.455741,27.804654,2084.2 85.455741,27.804655,2084.2 85.45574,27.804656,2084.2 85.45574,27.804658,2084.2 85.455736,27.804659,2083.6 85.455734,27.804659,2083.6 85.455736,27.804661,2083.6 85.455738,27.804665,2084.2 85.455738,27.804669,2084.2 85.455738,27.804675,2084.2 85.455742,27.804684,2084.2 85.45575,27.804694,2084.5 85.455757,27.804704,2084.5 85.455766,27.804711,2084.5 85.455775,27.804717,2084.5 85.455781,27.804722,2085.3 85.455788,27.804727,2085.3 85.455791,27.804732,2085.8 85.455799,27.804737,2085.8 85.455807,27.804743,2085.8 85.45581,27.804751,2085.8 85.455813,27.80476,2085.8 85.455821,27.804767,2086.3 85.455828,27.804772,2087.2 85.455837,27.804771,2087.2 85.455838,27.804761,2086.6 85.455831,27.804756,2086.6 85.455824,27.804754,2086.6 85.45582,27.804752,2085.7 85.455819,27.804751,2085.7 85.455818,27.804751,2085.7 85.455818,27.80475,2085.7 85.455818,27.804751,2085.7 85.45582,27.804752,2085.7 85.455822,27.804752,2085.7 85.455825,27.804754,2086.6 85.455828,27.804756,2086.6 85.455834,27.804761,2086.6 85.455843,27.804767,2087.1 85.455858,27.80478,2087.1 85.455867,27.804791,2088.1 85.455873,27.804806,2088.6 85.455881,27.804815,2088.5 85.455894,27.80482,2088.5 85.455902,27.804827,2088.5 85.455907,27.804838,2088.5 85.455914,27.804847,2089.7 85.455923,27.804854,2089.7 85.455933,27.804861,2089.7 85.455943,27.804867,2089.7 85.455954,27.80487,2090.4 85.455961,27.804876,2090.4 85.455968,27.804882,2090.8 85.455974,27.804885,2090.8 85.455982,27.804887,2090.8 85.455988,27.80489,2090.8 85.455995,27.804896,2091.4 85.456002,27.804901,2091.4 85.456006,27.804904,2091.4 85.456008,27.804909,2091.4 85.456009,27.80491,2091.4 85.45601,27.804908,2091.4 85.456012,27.804906,2091.4 85.456013,27.804903,2091.4 85.456017,27.804904,2091.4 85.45602,27.804905,2091.4 85.45602,27.804904,2091.4 85.456025,27.804905,2091.4 85.45603,27.804907,2091.4 85.456032,27.804909,2091.4 85.456034,27.804912,2091.4 85.456035,27.804914,2091.4 85.456037,27.804915,2091.4 85.456038,27.804916,2092 85.456039,27.804916,2092 85.45604,27.804916,2092 85.456041,27.804917,2092 85.456044,27.804917,2092 85.456047,27.804917,2092 85.456049,27.804918,2092.3 85.456053,27.80492,2092.3 85.456056,27.804923,2092.3 85.45606,27.804923,2092.3 85.456064,27.804924,2092.3 85.456068,27.804926,2092.3 85.456074,27.804927,2092.2 85.456078,27.804927,2092.2 85.456081,27.804926,2092.9 85.456085,27.804925,2092.9 85.456092,27.804926,2092.9 85.456098,27.804927,2092.9 85.456106,27.804928,2092.9 85.456112,27.804932,2092.9 85.456115,27.804936,2092.9 85.45612,27.804939,2092.9 85.456126,27.804943,2093.5 85.456131,27.804945,2093.5 85.456135,27.804946,2093.5 85.456137,27.804948,2093.5 85.45614,27.804951,2093.5 85.456145,27.804955,2093.5 85.456147,27.804959,2093.7 85.456148,27.804962,2093.7 85.456152,27.804965,2093.7 85.456157,27.804967,2093.7 85.45616,27.80497,2093.7 85.456163,27.804972,2093.7 85.456167,27.804978,2094.5 85.456172,27.804984,2094.5 85.456178,27.804992,2094.5 85.45618,27.805,2094.9 85.456179,27.805006,2094.9 85.456182,27.80501,2094.9 85.456187,27.805014,2094.8 85.456192,27.805021,2094.8 85.456196,27.805026,2094.8 85.456201,27.805032,2095.3 85.456202,27.805041,2095.3 85.456196,27.805047,2095.3 85.456195,27.805057,2095.3 85.456201,27.805066,2095.3 85.456208,27.805074,2095.8 85.456214,27.805084,2097 85.45622,27.805094,2097 85.456224,27.805103,2097 85.456227,27.80511,2097.6 85.456227,27.805115,2097.6 85.45623,27.805121,2097.6 85.456233,27.80513,2097.6 85.456231,27.805141,2097.6 85.456226,27.805149,2098 85.456222,27.805157,2098 85.456221,27.805164,2098 85.456221,27.805167,2098 85.456219,27.805173,2098 85.456218,27.805181,2098 85.456216,27.805191,2098.3 85.456219,27.805198,2098.3 85.456221,27.805204,2098.3 85.456221,27.805211,2098.3 85.45622,27.805218,2098.3 85.45622,27.805225,2098.5 85.456221,27.805232,2098.5 85.456223,27.80524,2098.5 85.456226,27.805247,2098.5 85.456227,27.805256,2098.5 85.45623,27.805264,2098.7 85.456235,27.805272,2098.7 85.456241,27.805278,2098.7 85.456248,27.805283,2098.7 85.456255,27.80529,2100.3 85.45626,27.805296,2100.3 85.456264,27.805303,2100.5 85.456266,27.805312,2100.5 85.456268,27.805319,2100.5 85.456273,27.805327,2100.5 85.456279,27.805334,2100.5 85.456285,27.80534,2100.7 85.456291,27.805344,2100.7 85.456295,27.805347,2100.7 85.4563,27.805354,2102.2 85.456304,27.805358,2102.2 85.456309,27.805363,2102.2 85.456315,27.80537,2102.2 85.456321,27.805376,2102.2 85.456325,27.805384,2102.2 85.456323,27.805395,2102.2 85.456319,27.805406,2102.2 85.456317,27.805416,2102.3 85.456313,27.805429,2102.3 85.456308,27.805441,2102.3 85.456305,27.805451,2102.3 85.456301,27.805461,2102.3 85.456299,27.805471,2102.3 85.456295,27.805482,2101.1 85.456291,27.805494,2101.1 85.456285,27.805505,2101.1 85.456276,27.805515,2101.1 85.456267,27.805526,2101 85.456259,27.805535,2101 85.456248,27.805541,2099.7 85.456237,27.805547,2099.7 85.456226,27.805553,2099.7 85.456214,27.805559,2099.7 85.456205,27.805567,2098.4 85.456199,27.805574,2098.4 85.456196,27.805584,2098.4 85.456198,27.805593,2098.4 85.456196,27.805602,2098.4 85.456187,27.805607,2098.4 85.456176,27.805612,2098.4 85.456165,27.805618,2097.2 85.456155,27.805625,2097.2 85.456145,27.805632,2097.2 85.456135,27.805638,2097.2 85.456125,27.805644,2097.1 85.456115,27.805649,2095.8 85.456104,27.805652,2095.8 85.456093,27.805653,2095.8 85.456087,27.805653,2095.8 85.456081,27.805652,2095.8 85.456075,27.805646,2094.5 85.456072,27.80564,2094.5 85.456072,27.805638,2094.6 85.456073,27.805638,2094.6 85.456072,27.805639,2094.4 85.45607,27.80564,2094.4 85.456069,27.805641,2094.4 85.45607,27.80564,2094.4 85.45607,27.80564,2094.4 85.45607,27.80564,2094.4 85.456069,27.805641,2094.4 85.456069,27.805642,2094.4 85.456069,27.805642,2094.4 85.456069,27.805643,2094.4 85.456069,27.805643,2094.4 85.45607,27.805643,2094.4 85.45607,27.805643,2094.4 85.45607,27.805643,2094.4 85.45607,27.805643,2094.4 85.456071,27.805643,2094.4 85.456071,27.805643,2094.4 85.456071,27.805643,2094.4 85.45607,27.805643,2094.4 85.45607,27.805643,2094.4 85.456069,27.805641,2094.4 85.456068,27.805642,2094.4 85.456068,27.805642,2094.4 85.456068,27.805643,2094.4 85.456069,27.805643,2094.4 85.456069,27.805643,2094.4 85.456069,27.805642,2094.4 85.45607,27.805642,2094.4 85.45607,27.805642,2094.4 85.456072,27.805642,2094.4 85.456075,27.805643,2094.4 85.456078,27.805645,2094.4 85.45608,27.805646,2094.4 85.45608,27.805645,2094.4 85.456082,27.805647,2095.7 85.456083,27.805648,2095.7 85.456083,27.805649,2095.7 85.456083,27.80565,2095.7 85.456084,27.805652,2095.7 85.456084,27.805653,2095.7 85.456085,27.805654,2095.7 85.456085,27.805654,2095.7 85.456086,27.805654,2095.7 85.456086,27.805655,2095.7 85.456086,27.805655,2095.7 85.456086,27.805655,2095.7 85.456086,27.805656,2095.7 85.456086,27.805657,2095.7 85.456087,27.805657,2095.7 85.456087,27.805657,2095.7 85.456087,27.805657,2095.7 85.456088,27.805658,2095.7 85.456088,27.805658,2095.7 85.456087,27.805658,2095.7 85.456087,27.805658,2095.7 85.456087,27.805658,2095.7 85.456087,27.805657,2095.7 85.456087,27.805657,2095.7 85.456086,27.805656,2095.7 85.456086,27.805655,2095.7 85.456084,27.805654,2095.7 85.456084,27.805655,2095.7 85.456084,27.805655,2095.7 85.456084,27.805654,2095.7 85.456085,27.805653,2095.7 85.456086,27.805653,2095.7 85.456086,27.805653,2095.7 85.456086,27.805653,2095.6 85.456086,27.805654,2095.6 85.456086,27.805654,2095.6 85.456086,27.805654,2095.6 85.456086,27.805654,2095.6 85.456087,27.805654,2095.6 85.456088,27.805655,2095.6 85.456088,27.805655,2095.6 85.456087,27.805655,2095.6 85.456087,27.805655,2095.6 85.456088,27.805655,2095.6 85.456088,27.805655,2095.6 85.456089,27.805655,2095.6 85.456089,27.805655,2095.6 85.456089,27.805655,2095.6 85.456089,27.805654,2095.6 85.456089,27.805654,2095.6 85.456089,27.805655,2095.6 85.456089,27.805655,2095.6 85.45609,27.805655,2095.6 85.45609,27.805655,2095.6 85.456089,27.805656,2095.6 85.456089,27.805656,2095.6 85.456089,27.805656,2095.6 85.456088,27.805656,2095.6 85.456088,27.805656,2095.6 85.456089,27.805656,2095.6 85.456089,27.805656,2095.6 85.456089,27.805656,2095.6 85.456089,27.805656,2095.6 85.456089,27.805656,2095.6 85.45609,27.805657,2095.6 85.456089,27.805656,2095.6 85.456089,27.805657,2095.6 85.456089,27.805657,2095.6 85.456089,27.805657,2095.6 85.456089,27.805657,2095.6 85.456089,27.805657,2095.6 85.456089,27.805657,2095.6 85.456089,27.805657,2095.6 85.456089,27.805657,2095.6 85.456089,27.805657,2095.6 85.456089,27.805657,2095.5 85.456089,27.805657,2095.5 85.456089,27.805657,2095.5 85.456088,27.805657,2095.5 85.456088,27.805657,2095.5 85.456088,27.805657,2095.5 85.456088,27.805657,2095.5 85.456088,27.805657,2095.5 85.456088,27.805657,2095.5 85.456088,27.805657,2095.5 85.456088,27.805657,2095.5 85.456088,27.805657,2095.5 85.456088,27.805657,2095.5 85.456088,27.805657,2095.5 85.456089,27.805657,2095.5 85.456089,27.805657,2095.5 85.456089,27.805657,2095.5 85.456089,27.805657,2095.5 85.456089,27.805657,2095.5 85.456089,27.805657,2095.5 85.456089,27.805657,2095.5 85.45609,27.805656,2095.5 85.45609,27.805657,2095.5 85.45609,27.805656,2095.5 85.45609,27.805656,2095.5 85.45609,27.805656,2095.5 85.456089,27.805656,2095.5 85.456089,27.805656,2095.5 85.45609,27.805656,2095.5 85.456089,27.805656,2095.5 85.456089,27.805656,2095.5 85.456089,27.805656,2095.5 85.456089,27.805656,2095.5 85.456089,27.805656,2095.5 85.456089,27.805656,2095.5 85.456089,27.805656,2095.5 85.456089,27.805656,2095.5 85.456089,27.805656,2095.5 85.456089,27.805656,2095.5 85.456089,27.805656,2095.5 85.456089,27.805656,2095.5 85.456089,27.805656,2095.5 85.456089,27.805656,2095.5 85.45609,27.805656,2095.4 85.45609,27.805656,2095.4 85.45609,27.805656,2095.4 85.45609,27.805656,2095.4 85.45609,27.805656,2095.4 85.45609,27.805656,2095.4 85.45609,27.805656,2095.4 85.45609,27.805656,2095.4 85.45609,27.805656,2095.4 85.45609,27.805657,2095.4 85.45609,27.805657,2095.4 85.45609,27.805657,2095.4 85.45609,27.805657,2095.4 85.45609,27.805657,2095.4 85.45609,27.805657,2095.4 85.45609,27.805657,2095.4 85.45609,27.805657,2095.4 85.45609,27.805657,2095.4 85.45609,27.805657,2095.4 85.45609,27.805657,2095.4 85.45609,27.805657,2095.4 85.45609,27.805657,2095.4 85.45609,27.805657,2095.4 85.45609,27.805657,2095.4 85.456091,27.805658,2095.4 85.456091,27.805658,2095.4 85.456091,27.805657,2095.4 85.456091,27.805657,2095.4 85.456091,27.805657,2095.4 85.456091,27.805657,2095.4 85.456091,27.805657,2095.4 85.456091,27.805657,2095.4 85.456092,27.805657,2095.4 85.456092,27.805657,2095.4 85.456092,27.805657,2095.4 85.456092,27.805658,2095.4 85.456092,27.805658,2095.4 85.456092,27.805658,2095.4 85.456092,27.805658,2095.4 85.456093,27.805658,2095.4 85.456093,27.805658,2095.4 85.456093,27.805658,2095.4 85.456093,27.805658,2095.3 85.456093,27.805658,2095.3 85.456093,27.805658,2095.3 85.456093,27.805658,2095.3 85.456093,27.805658,2095.3 85.456093,27.805658,2095.3 85.456093,27.805659,2095.3 85.456093,27.805659,2095.3 85.456093,27.805659,2095.3 85.456093,27.805659,2095.3 85.456093,27.805659,2095.3 85.456093,27.805659,2095.3 85.456093,27.805659,2095.3 85.456092,27.805659,2095.3 85.456092,27.805659,2095.3 85.456092,27.805659,2095.3 85.456092,27.805659,2095.3 85.456092,27.805659,2095.3 85.456092,27.805659,2095.3 85.456092,27.805659,2095.3 85.456092,27.805659,2095.3 85.456092,27.805659,2095.3 85.456092,27.805659,2095.3 85.456092,27.805659,2095.3 85.456092,27.805659,2095.3 85.456092,27.805659,2095.3 85.456092,27.805659,2095.3 85.456092,27.805659,2095.3 85.456092,27.805659,2095.3 85.456093,27.805659,2095.3 85.456093,27.805659,2095.3 85.456094,27.805659,2095.3 85.456094,27.805659,2095.3 85.456098,27.805651,2095.3 85.456076,27.805642,2093.9 85.456057,27.805638,2094.1 85.456052,27.805638,2094.1 85.456057,27.805638,2094.1 85.456061,27.805638,2094.1 85.456065,27.805638,2094.1 85.456067,27.805638,2094.1 85.456068,27.805637,2094.1 85.456069,27.805637,2094.1 85.456069,27.805636,2094.1 85.456069,27.805636,2094.1 85.456068,27.805636,2094.1 85.45607,27.805637,2094.1 85.456071,27.805638,2094.1 85.456072,27.805638,2094.1 85.456073,27.805638,2094.1 85.456074,27.805638,2094.1 85.456075,27.805638,2094.1 85.456076,27.805638,2094.1 85.456077,27.805638,2094.1 85.456078,27.805638,2094.1 85.456079,27.805638,2094.1 85.456079,27.805638,2094 85.45608,27.805639,2093.9 85.456081,27.805639,2095.2 85.456082,27.805639,2095.2 85.456083,27.805639,2095.2 85.456086,27.805639,2095.2 85.456087,27.805639,2095.2 85.456088,27.80564,2095.2 85.456089,27.805642,2095.2 85.45609,27.805642,2095.2 85.456091,27.805643,2095.2 85.456092,27.805643,2095.2 85.456093,27.805644,2095.2 85.456093,27.805644,2095.2 85.456094,27.805644,2095.2 85.456095,27.805644,2095.2 85.456096,27.805644,2095.2 85.456096,27.805642,2095.2 85.456099,27.805636,2095.3 85.456101,27.805634,2095.3 85.456103,27.805635,2095.3 85.456106,27.805636,2095.3 85.456109,27.805641,2095.2 85.456109,27.805651,2095.2 85.456106,27.805664,2095.2 85.456102,27.805673,2095.2 85.456096,27.805689,2095 85.456097,27.805701,2095 85.456102,27.805709,2095 85.456106,27.805714,2095 85.456109,27.805717,2094.7 85.45611,27.805718,2094.7 85.45611,27.805719,2094.7 85.456111,27.80572,2094.7 85.456111,27.80572,2094.7 85.456111,27.80572,2094.7 85.456111,27.80572,2094.7 85.45611,27.805719,2094.7 85.456109,27.805719,2094.7 85.456109,27.805719,2094.7 85.456108,27.805719,2094.7 85.456108,27.805719,2094.7 85.456108,27.805719,2094.7 85.456108,27.805719,2094.7 85.456109,27.805719,2094.7 85.456109,27.805719,2094.7 85.456109,27.805719,2094.7 85.456109,27.805719,2094.7 85.456109,27.805719,2094.7 85.456109,27.805719,2094.7 85.456109,27.80572,2094.7 85.456109,27.80572,2094.7 85.456109,27.80572,2094.7 85.456109,27.80572,2094.7 85.456109,27.80572,2094.7 85.456109,27.80572,2094.7 85.456109,27.80572,2094.7 85.456109,27.80572,2094.7 85.456109,27.80572,2094.7 85.456106,27.805723,2094.7 85.456101,27.805718,2094.7 85.456103,27.805711,2094.9 85.456107,27.805694,2094.9 85.456107,27.805681,2094.9 85.456104,27.805668,2095.1 85.456102,27.805658,2095.1 85.456101,27.805651,2095.1 85.456102,27.80565,2095.1 85.456099,27.805652,2095.1 85.456098,27.805652,2095.1 85.456098,27.805653,2095.1 85.456098,27.805653,2095.1 85.456097,27.805653,2095 85.456095,27.805654,2095 85.456093,27.805654,2095 85.456093,27.805654,2095 85.456093,27.805654,2095 85.456092,27.805654,2095 85.456092,27.805654,2095 85.456093,27.805654,2095 85.456092,27.805654,2095 85.456093,27.805654,2095 85.456093,27.805653,2095 85.456093,27.805653,2095 85.456094,27.805653,2095 85.456094,27.805653,2095 85.456094,27.805654,2095 85.456094,27.805653,2095 85.456094,27.805653,2095 85.456093,27.805653,2095 85.456093,27.805653,2095 85.456092,27.805653,2095 85.456092,27.805653,2095 85.456092,27.805653,2095 85.456091,27.805653,2095 85.456091,27.805653,2095 85.45609,27.805653,2095 85.45609,27.805652,2095 85.45609,27.805652,2095 85.456089,27.805652,2095 85.456089,27.805652,2095 85.456089,27.805652,2095 85.456089,27.805652,2095 85.456088,27.805652,2095 85.456088,27.805652,2095 85.456088,27.805652,2095 85.456088,27.805652,2095 85.456088,27.805652,2095 85.456087,27.805652,2095 85.456087,27.805652,2095 85.456087,27.805652,2095 85.456086,27.805653,2095 85.456086,27.805653,2095 85.456086,27.805653,2095 85.456086,27.805653,2094.9 85.456087,27.805653,2094.9 85.456087,27.805653,2094.9 85.456087,27.805654,2094.9 85.456087,27.805654,2094.9 85.456087,27.805654,2094.9 85.456087,27.805654,2094.9 85.456087,27.805655,2094.9 85.456087,27.805655,2094.9 85.456087,27.805655,2094.9 85.456088,27.805656,2094.9 85.456088,27.805656,2094.9 85.456088,27.805656,2094.9 85.456088,27.805657,2094.9 85.456089,27.805657,2094.9 85.456089,27.805657,2094.9 85.456089,27.805657,2094.9 85.456089,27.805657,2094.9 85.45609,27.805658,2094.9 85.45609,27.805658,2094.9 85.45609,27.805658,2094.9 85.456091,27.805658,2094.9 85.456091,27.805658,2094.9 85.456091,27.805658,2094.9 85.456092,27.805658,2094.9 85.456092,27.805659,2094.9 85.456092,27.805659,2094.9 85.456092,27.805659,2094.9 85.456092,27.805659,2094.9 85.456092,27.805659,2094.9 85.456092,27.805659,2094.9 85.456092,27.805659,2094.9 85.456093,27.805659,2094.9 85.456093,27.805659,2094.9 85.456093,27.805659,2094.9 85.456093,27.805659,2094.9 85.456093,27.805659,2094.9 85.456093,27.805659,2094.9 85.456093,27.805659,2094.9 85.456094,27.805659,2094.9 85.456095,27.80566,2094.9 85.456095,27.80566,2094.9 85.456095,27.80566,2094.9 85.456096,27.805661,2094.8 85.456096,27.805661,2094.8 85.456097,27.805661,2094.8 85.456097,27.805661,2094.8 85.456098,27.805662,2094.8 85.456098,27.805662,2094.8 85.456098,27.805662,2094.8 85.456098,27.805662,2094.8 85.456098,27.805662,2094.8 85.456099,27.805662,2094.8 85.456099,27.805662,2094.8 85.456099,27.805663,2094.8 85.456099,27.805663,2094.8 85.456099,27.805663,2094.8 85.456099,27.805663,2094.8 85.456099,27.805663,2094.8 85.456099,27.805663,2094.8 85.456099,27.805663,2094.8 85.456099,27.805663,2094.8 85.456099,27.805663,2094.8 85.456099,27.805663,2094.8 85.456099,27.805663,2094.8 85.456099,27.805663,2094.8 85.456099,27.805662,2094.8 85.456099,27.805662,2094.8 85.456099,27.805662,2094.8 85.456099,27.805662,2094.8 85.456099,27.805662,2094.8 85.456099,27.805662,2094.8 85.456099,27.805662,2094.8 85.456099,27.805662,2094.8 85.456099,27.805662,2094.8 85.456099,27.805662,2094.8 85.456099,27.805661,2094.8 85.456099,27.805661,2094.8 85.456099,27.805661,2094.8 85.456099,27.805661,2094.8 85.456099,27.805661,2094.8 85.456098,27.805661,2094.8 85.456098,27.805661,2094.8 85.456098,27.805662,2094.8 85.456098,27.805662,2094.8 85.456098,27.805662,2094.7 85.456098,27.805662,2094.7 85.456098,27.805662,2094.7 85.456098,27.805662,2094.7 85.456097,27.805662,2094.7 85.456097,27.805662,2094.7 85.456097,27.805662,2094.7 85.456097,27.805662,2094.7 85.456097,27.805662,2094.7 85.456096,27.805662,2094.7 85.456096,27.805662,2094.7 85.456096,27.805662,2094.7 85.456096,27.805662,2094.7 85.456096,27.805662,2094.7 85.456096,27.805662,2094.7 85.456096,27.805662,2094.7 85.456096,27.805662,2094.7 85.456096,27.805662,2094.7 85.456096,27.805662,2094.7 85.456096,27.805662,2094.7 85.456096,27.805662,2094.7 85.456096,27.805662,2094.7 85.456096,27.805661,2094.7 85.456095,27.805661,2094.7 85.456096,27.80566,2094.7 85.456096,27.805661,2094.7 85.456097,27.805661,2094.7 85.456097,27.805661,2094.7 85.456097,27.805661,2094.7 85.456097,27.805662,2094.7 85.456097,27.805662,2094.7 85.456097,27.805663,2094.7 85.456097,27.805663,2094.7 85.456097,27.805663,2094.7 85.456097,27.805664,2094.7 85.456097,27.805664,2094.7 85.456097,27.805664,2094.7 85.456097,27.805664,2094.7 85.456096,27.805664,2094.7 85.456096,27.805664,2094.7 85.456096,27.805664,2094.7 85.456096,27.805664,2094.7 85.456096,27.805664,2094.7 85.456096,27.805664,2094.6 85.456096,27.805664,2094.6 85.456096,27.805664,2094.6 85.456095,27.805664,2094.6 85.456095,27.805665,2094.6 85.456095,27.805665,2094.6 85.456095,27.805665,2094.6 85.456094,27.805665,2094.6 85.456094,27.805665,2094.6 85.456094,27.805665,2094.6 85.456094,27.805665,2094.6 85.456094,27.805665,2094.6 85.456094,27.805665,2094.6 85.456093,27.805665,2094.6 85.456093,27.805664,2094.6 85.456093,27.805664,2094.6 85.456093,27.805664,2094.6 85.456093,27.805664,2094.6 85.456093,27.805664,2094.6 85.456092,27.805664,2094.6 85.456092,27.805664,2094.6 85.456092,27.805664,2094.6 85.456092,27.805664,2094.6 85.456092,27.805664,2094.6 85.456092,27.805664,2094.6 85.456092,27.805664,2094.6 85.456092,27.805663,2094.6 85.456092,27.805663,2094.6 85.456092,27.805664,2094.6 85.456092,27.805663,2094.6 85.456092,27.805663,2094.6 85.456092,27.805663,2094.6 85.456092,27.805663,2094.6 85.456092,27.805663,2094.6 85.456092,27.805663,2094.6 85.456092,27.805663,2094.6 85.456092,27.805663,2094.6 85.456092,27.805663,2094.6 85.456092,27.805663,2094.6 85.456092,27.805663,2094.6 85.456092,27.805663,2094.6 85.456092,27.805663,2094.6 85.456092,27.805663,2094.5 85.456092,27.805663,2094.5 85.456092,27.805663,2094.5 85.456092,27.805663,2094.5 85.456092,27.805663,2094.5 85.456092,27.805662,2094.5 85.456092,27.805662,2094.5 85.456091,27.805662,2094.5 85.456092,27.805662,2094.5 85.456092,27.805662,2094.5 85.456092,27.805662,2094.5 85.456092,27.805662,2094.5 85.456092,27.805662,2094.5 85.456092,27.805662,2094.5 85.456092,27.805662,2094.5 85.456092,27.805662,2094.5 85.456092,27.805662,2094.5 85.456092,27.805662,2094.5 85.456092,27.805662,2094.5 85.456092,27.805662,2094.5 85.456092,27.805662,2094.5 85.456093,27.805663,2094.5 85.456093,27.805663,2094.5 85.456093,27.805663,2094.5 85.456093,27.805663,2094.5 85.456093,27.805663,2094.5 85.456093,27.805663,2094.5 85.456093,27.805663,2094.5 85.456093,27.805663,2094.5 85.456093,27.805663,2094.5 85.456093,27.805663,2094.5 85.456094,27.805663,2094.5 85.456094,27.805663,2094.5 85.456094,27.805663,2094.5 85.456094,27.805663,2094.5 85.456094,27.805663,2094.5 85.456094,27.805663,2094.5 85.456094,27.805663,2094.5 85.456095,27.805663,2094.5 85.456095,27.805663,2094.5 85.456094,27.805663,2094.5 85.456094,27.805663,2094.5 85.456094,27.805663,2094.5 85.456094,27.805663,2094.4 85.456094,27.805663,2094.4 85.456094,27.805663,2094.4 85.456094,27.805663,2094.4 85.456094,27.805663,2094.4 85.456094,27.805663,2094.4 85.456095,27.805663,2094.4 85.456095,27.805663,2094.4 85.456095,27.805663,2094.4 85.456095,27.805663,2094.4 85.456095,27.805663,2094.4 85.456095,27.805663,2094.4 85.456095,27.805663,2094.4 85.456095,27.805663,2094.4 85.456095,27.805663,2094.4 85.456095,27.805663,2094.4 85.456095,27.805663,2094.4 85.456095,27.805663,2094.4 85.456095,27.805663,2094.4 85.456095,27.805663,2094.4 85.456095,27.805663,2094.4 85.456095,27.805663,2094.4 85.456096,27.805663,2094.4 85.456096,27.805663,2094.4 85.456096,27.805663,2094.4 85.456096,27.805663,2094.4 85.456096,27.805663,2094.4 85.456096,27.805663,2094.4 85.456096,27.805663,2094.4 85.456096,27.805663,2094.4 85.456096,27.805663,2094.4 85.456096,27.805663,2094.4 85.456096,27.805663,2094.4 85.456096,27.805663,2094.4 85.456096,27.805663,2094.4 85.456096,27.805663,2094.4 85.456096,27.805663,2094.4 85.456096,27.805663,2094.4 85.456096,27.805663,2094.4 85.456095,27.805663,2094.4 85.456096,27.805663,2094.4 85.456096,27.805663,2094.4 85.456097,27.805662,2094.3 85.456097,27.805662,2094.3 85.456098,27.805662,2094.3 85.456099,27.805661,2094.3 85.456099,27.805661,2094.3 85.456099,27.805661,2094.3 85.4561,27.805661,2094.3 85.4561,27.805661,2094.3 85.456101,27.805661,2094.3 85.456101,27.805661,2094.3 85.456102,27.805661,2094.3 85.456102,27.805661,2094.3 85.456102,27.805661,2094.3 85.456103,27.80566,2094.3 85.456103,27.805659,2094.3 85.456103,27.805659,2094.3 85.456103,27.805659,2094.3 85.456103,27.805659,2094.3 85.456103,27.805659,2094.3 85.456103,27.805658,2094.3 85.456103,27.805658,2094.3 85.456103,27.805658,2094.3 85.456103,27.805658,2094.3 85.456103,27.805658,2094.3 85.456103,27.805658,2094.3 85.456104,27.805658,2094.3 85.456104,27.805658,2094.3 85.456104,27.805658,2094.3 85.456104,27.805658,2094.3 85.456104,27.805658,2094.3 85.456104,27.805658,2094.3 85.456104,27.805658,2094.3 85.456104,27.805659,2094.3 85.456104,27.805659,2094.3 85.456104,27.805659,2094.3 85.456104,27.805659,2094.3 85.456104,27.805659,2094.3 85.456104,27.805659,2094.3 85.456104,27.805659,2094.3 85.456104,27.805659,2094.3 85.456104,27.805658,2094.3 85.456104,27.805658,2094.3 85.456104,27.805659,2094.3 85.456104,27.805659,2094.2 85.456104,27.805659,2094.2 85.456104,27.805659,2094.2 85.456103,27.805659,2094.2 85.456103,27.805659,2094.2 85.456103,27.80566,2094.2 85.456103,27.80566,2094.2 85.456104,27.80566,2094.2 85.456103,27.80566,2094.2 85.456103,27.80566,2094.2 85.456103,27.80566,2094.2 85.456103,27.80566,2094.2 85.456103,27.80566,2094.2 85.456103,27.80566,2094.2 85.456103,27.80566,2094.2 85.456103,27.80566,2094.2 85.456103,27.80566,2094.2 85.456103,27.805661,2094.2 85.456103,27.805661,2094.2 85.456103,27.805661,2094.2 85.456103,27.805661,2094.2 85.456103,27.805661,2094.2 85.456103,27.805661,2094.2 85.456103,27.805661,2094.2 85.456103,27.805661,2094.2 85.456103,27.805661,2094.2 85.456103,27.805661,2094.2 85.456103,27.805661,2094.2 85.456103,27.805661,2094.2 85.456102,27.805661,2094.2 85.456102,27.805661,2094.2 85.456102,27.805661,2094.2 85.456102,27.805661,2094.2 85.456102,27.805661,2094.2 85.456102,27.805661,2094.2 85.456102,27.805661,2094.2 85.456102,27.805661,2094.2 85.456102,27.805661,2094.2 85.456102,27.805661,2094.2 85.456102,27.805661,2094.2 85.456101,27.805661,2094.2 85.456101,27.805661,2094.2 85.456101,27.805661,2094.1 85.456101,27.805661,2094.1 85.456101,27.805661,2094.1 85.456101,27.805662,2094.1 85.456101,27.805662,2094.1 85.456101,27.805662,2094.1 85.4561,27.805662,2094.1 85.4561,27.805662,2094.1 85.456101,27.805662,2094.1 85.456101,27.805662,2094.1 85.456101,27.805662,2094.1 85.456101,27.805662,2094.1 85.456101,27.805662,2094.1 85.456101,27.805662,2094.1 85.456101,27.805662,2094.1 85.456101,27.805662,2094.1 85.456101,27.805662,2094.1 85.456101,27.805662,2094.1 85.456101,27.805662,2094.1 85.456102,27.805662,2094.1 85.456102,27.805662,2094.1 85.456102,27.805663,2094.1 85.456102,27.805663,2094.1 85.456102,27.805663,2094.1 85.456102,27.805663,2094.1 85.456102,27.805663,2094.1 85.456102,27.805663,2094.1 85.456102,27.805663,2094.1 85.456102,27.805663,2094.1 85.456102,27.805663,2094.1 85.456102,27.805663,2094.1 85.456103,27.805663,2094.1 85.456103,27.805663,2094.1 85.456102,27.805663,2094.1 85.456102,27.805663,2094.1 85.456102,27.805663,2094.1 85.456102,27.805663,2094.1 85.456102,27.805663,2094.1 85.456102,27.805663,2094.1 85.456102,27.805663,2094.1 85.456102,27.805664,2094.1 85.456102,27.805664,2094.1 85.456102,27.805664,2094.1 85.456102,27.805664,2094 85.456102,27.805663,2094 85.456102,27.805663,2094 85.456102,27.805663,2094 85.456102,27.805663,2094 85.456102,27.805663,2094 85.456102,27.805662,2094 85.456102,27.805662,2094 85.456102,27.805662,2094 85.456102,27.805662,2094 85.456102,27.805662,2094 85.456102,27.805662,2094 85.456102,27.805661,2094 85.456102,27.805661,2094 85.456102,27.805661,2094 85.456102,27.805661,2094 85.456102,27.805661,2094 85.456102,27.805661,2094 85.456102,27.805661,2094 85.456102,27.805661,2094 85.456102,27.805661,2094 85.456102,27.805661,2094 85.456102,27.805661,2094 85.456102,27.805661,2094 85.456102,27.805661,2094 85.456102,27.80566,2094 85.456102,27.80566,2094 85.456102,27.80566,2094 85.456101,27.80566,2094 85.456102,27.80566,2094 85.456102,27.80566,2094 85.456102,27.80566,2094 85.456102,27.80566,2094 85.456102,27.80566,2094 85.456102,27.80566,2094 85.456102,27.80566,2094 85.456102,27.80566,2094 85.456102,27.80566,2094 85.456102,27.80566,2094 85.456102,27.80566,2094 85.456102,27.80566,2094 85.456102,27.80566,2094 85.456101,27.80566,2093.9 85.456101,27.80566,2093.9 85.456101,27.80566,2093.9 85.456101,27.80566,2093.9 85.456101,27.80566,2093.9 85.456101,27.80566,2093.9 85.456101,27.80566,2093.9 85.456101,27.80566,2093.9 85.456101,27.80566,2093.9 85.456101,27.805661,2093.9 85.456101,27.805661,2093.9 85.456101,27.805661,2093.9 85.456101,27.805661,2093.9 85.456101,27.805661,2093.9 85.456101,27.805661,2093.9 85.456101,27.805661,2093.9 85.456101,27.805661,2093.9 85.456102,27.805661,2093.9 85.456102,27.805661,2093.9 85.456102,27.805662,2093.9 85.456101,27.805662,2093.9 85.456101,27.805662,2093.9 85.456101,27.805662,2093.9 85.456101,27.805662,2093.9 85.456101,27.805662,2093.9 85.456101,27.805663,2093.9 85.456101,27.805663,2093.9 85.456101,27.805663,2093.9 85.456101,27.805663,2093.9 85.456101,27.805663,2093.9 85.456101,27.805663,2093.9 85.4561,27.805663,2093.9 85.4561,27.805663,2093.9 85.4561,27.805663,2093.9 85.4561,27.805663,2093.9 85.4561,27.805663,2093.9 85.4561,27.805663,2093.9 85.4561,27.805663,2093.9 85.4561,27.805663,2093.9 85.4561,27.805663,2093.9 85.4561,27.805663,2093.9 85.4561,27.805663,2093.9 85.4561,27.805663,2093.9 85.4561,27.805663,2093.8 85.4561,27.805663,2093.8 85.4561,27.805663,2093.8 85.4561,27.805663,2093.8 85.4561,27.805663,2093.8 85.456099,27.805663,2093.8 85.456099,27.805663,2093.8 85.456099,27.805663,2093.8 85.456099,27.805663,2093.8 85.456099,27.805663,2093.8 85.456099,27.805663,2093.8 85.456099,27.805663,2093.8 85.456099,27.805663,2093.8 85.456099,27.805663,2093.8 85.456099,27.805664,2093.8 85.456099,27.805664,2093.8 85.456099,27.805664,2093.8 85.456099,27.805664,2093.8 85.456099,27.805664,2093.8 85.456099,27.805664,2093.8 85.456099,27.805664,2093.8 85.456099,27.805664,2093.8 85.456099,27.805664,2093.8 85.456099,27.805664,2093.8 85.456099,27.805664,2093.8 85.456098,27.805664,2093.8 85.456098,27.805664,2093.8 85.456098,27.805664,2093.8 85.456099,27.805664,2093.8 85.456099,27.805664,2093.8 85.456099,27.805664,2093.8 85.456099,27.805664,2093.8 85.456099,27.805664,2093.8 85.456099,27.805663,2093.8 85.456099,27.805663,2093.8 85.456099,27.805663,2093.8 85.456099,27.805663,2093.8 85.4561,27.805662,2093.8 85.4561,27.805662,2093.8 85.4561,27.805662,2093.8 85.456101,27.805662,2093.8 85.456101,27.805662,2093.8 85.456101,27.805662,2093.7 85.456102,27.805662,2093.7 85.456102,27.805662,2093.7 85.456102,27.805663,2093.7 85.456102,27.805663,2093.7 85.456102,27.805663,2093.7 85.456102,27.805663,2093.7 85.456102,27.805663,2093.7 85.456102,27.805663,2093.7 85.456102,27.805663,2093.7 85.456103,27.805663,2093.7 85.456103,27.805663,2093.7 85.456103,27.805663,2093.7 85.456103,27.805663,2093.7 85.456103,27.805663,2093.7 85.456104,27.805663,2093.7 85.456104,27.805663,2093.7 85.456103,27.805663,2093.7 85.456103,27.805663,2093.7 85.456103,27.805663,2093.7 85.456103,27.805663,2093.7 85.456103,27.805663,2093.7 85.456103,27.805663,2093.7 85.456103,27.805663,2093.7 85.456103,27.805663,2093.7 85.456103,27.805662,2093.7 85.456102,27.805662,2093.7 85.456102,27.805662,2093.7 85.456102,27.805662,2093.7 85.456102,27.805663,2093.7 85.456102,27.805663,2093.7 85.456102,27.805663,2093.7 85.456102,27.805663,2093.7 85.456102,27.805663,2093.7 85.456102,27.805663,2093.7 85.456102,27.805663,2093.7 85.456102,27.805663,2093.7 85.456102,27.805663,2093.7 85.456102,27.805663,2093.7 85.456102,27.805663,2093.7 85.456102,27.805663,2093.7 85.456102,27.805663,2093.7 85.456102,27.805663,2093.7 85.456102,27.805663,2093.6 85.456102,27.805663,2093.6 85.456102,27.805663,2093.6 85.456102,27.805663,2093.6 85.456103,27.805663,2093.6 85.456103,27.805663,2093.6 85.456102,27.805663,2093.6 85.456102,27.805663,2093.6 85.456102,27.805663,2093.6 85.456102,27.805663,2093.6 85.456102,27.805663,2093.6 85.456102,27.805663,2093.6 85.456102,27.805663,2093.6 85.456102,27.805663,2093.6 85.456102,27.805663,2093.6 85.456102,27.805663,2093.6 85.456102,27.805663,2093.6 85.456102,27.805663,2093.6 85.456102,27.805663,2093.6 85.456102,27.805663,2093.6 85.456102,27.805663,2093.6 85.456102,27.805663,2093.6 85.456102,27.805664,2093.6 85.456102,27.805664,2093.6 85.456102,27.805664,2093.6 85.456102,27.805664,2093.6 85.456102,27.805664,2093.6 85.456102,27.805664,2093.6 85.456102,27.805664,2093.6 85.456102,27.805664,2093.6 85.456102,27.805664,2093.6 85.456102,27.805664,2093.6 85.456102,27.805664,2093.6 85.456102,27.805664,2093.6 85.456102,27.805664,2093.6 85.456102,27.805664,2093.6 85.456102,27.805664,2093.6 85.456102,27.805664,2093.6 85.456102,27.805664,2093.6 85.456102,27.805664,2093.6 85.456102,27.805664,2093.6 85.456102,27.805664,2093.6 85.456102,27.805664,2093.5 85.456102,27.805664,2093.5 85.456102,27.805664,2093.5 85.456102,27.805664,2093.5 85.456102,27.805664,2093.5 85.456102,27.805664,2093.5 85.456102,27.805664,2093.5 85.456102,27.805664,2093.5 85.456102,27.805664,2093.5 85.456102,27.805664,2093.5 85.456101,27.805664,2093.5 85.456101,27.805664,2093.5 85.456101,27.805664,2093.5 85.456101,27.805664,2093.5 85.456101,27.805664,2093.5 85.456101,27.805663,2093.5 85.456101,27.805663,2093.5 85.456101,27.805663,2093.5 85.456101,27.805663,2093.5 85.456101,27.805663,2093.5 85.456101,27.805663,2093.5 85.456101,27.805663,2093.5 85.4561,27.805663,2093.5 85.4561,27.805663,2093.5 85.4561,27.805663,2093.5 85.4561,27.805663,2093.5 85.4561,27.805663,2093.5 85.4561,27.805663,2093.5 85.4561,27.805663,2093.5 85.456099,27.805663,2093.5 85.4561,27.805663,2093.5 85.4561,27.805663,2093.5 85.456099,27.805663,2093.5 85.456099,27.805663,2093.5 85.4561,27.805663,2093.5 85.4561,27.805663,2093.5 85.4561,27.805663,2093.5 85.4561,27.805663,2093.5 85.4561,27.805663,2093.5 85.4561,27.805663,2093.5 85.4561,27.805663,2093.5 85.4561,27.805663,2093.5 85.4561,27.805663,2093.5 85.4561,27.805663,2093.4 85.4561,27.805663,2093.4 85.4561,27.805663,2093.4 85.4561,27.805663,2093.4 85.4561,27.805663,2093.4 85.4561,27.805663,2093.4 85.4561,27.805663,2093.4 85.4561,27.805663,2093.4 85.4561,27.805663,2093.4 85.4561,27.805663,2093.4 85.4561,27.805663,2093.4 85.4561,27.805663,2093.4 85.456101,27.805663,2093.4 85.456101,27.805663,2093.4 85.456101,27.805663,2093.4 85.456101,27.805663,2093.4 85.456101,27.805663,2093.4 85.456101,27.805662,2093.4 85.456101,27.805662,2093.4 85.456101,27.805662,2093.4 85.456101,27.805663,2093.4 85.4561,27.805663,2093.4 85.4561,27.805663,2093.4 85.4561,27.805663,2093.4 85.4561,27.805663,2093.4 85.4561,27.805663,2093.4 85.4561,27.805663,2093.4 85.4561,27.805663,2093.4 85.4561,27.805663,2093.4 85.4561,27.805663,2093.4 85.4561,27.805664,2093.4 85.4561,27.805664,2093.4 85.4561,27.805664,2093.4 85.4561,27.805664,2093.4 85.456099,27.805663,2093.4 85.456099,27.805663,2093.4 85.456099,27.805663,2093.4 85.456099,27.805663,2093.4 85.456099,27.805663,2093.4 85.456099,27.805663,2093.4 85.456099,27.805663,2093.4 85.456099,27.805663,2093.4 85.456099,27.805663,2093.3 85.456099,27.805663,2093.3 85.456099,27.805663,2093.3 85.456099,27.805663,2093.3 85.456099,27.805663,2093.3 85.456099,27.805663,2093.3 85.456098,27.805663,2093.3 85.456098,27.805663,2093.3 85.456098,27.805663,2093.3 85.456098,27.805663,2093.3 85.456098,27.805663,2093.3 85.456098,27.805663,2093.3 85.456097,27.805664,2093.3 85.456097,27.805664,2093.3 85.456097,27.805663,2093.3 85.456097,27.805664,2093.3 85.456097,27.805664,2093.3 85.456097,27.805664,2093.3 85.456097,27.805664,2093.3 85.456097,27.805664,2093.3 85.456097,27.805664,2093.3 85.456097,27.805664,2093.3 85.456097,27.805664,2093.3 85.456097,27.805664,2093.3 85.456097,27.805664,2093.3 85.456097,27.805664,2093.3 85.456097,27.805664,2093.3 85.456097,27.805664,2093.3 85.456098,27.805664,2093.3 85.456098,27.805664,2093.3 85.456098,27.805664,2093.3 85.456098,27.805664,2093.3 85.456098,27.805663,2093.3 85.456098,27.805663,2093.3 85.456098,27.805663,2093.3 85.456098,27.805663,2093.3 85.456099,27.805663,2093.3 85.456099,27.805663,2093.3 85.456099,27.805663,2093.3 85.456099,27.805663,2093.3 85.456099,27.805663,2093.3 85.456099,27.805663,2093.3 85.456099,27.805663,2093.3 85.4561,27.805663,2093.2 85.4561,27.805663,2093.2 85.4561,27.805662,2093.2 85.4561,27.805663,2093.2 85.4561,27.805663,2093.2 85.4561,27.805663,2093.2 85.4561,27.805663,2093.2 85.4561,27.805663,2093.2 85.4561,27.805663,2093.2 85.456101,27.805663,2093.2 85.456101,27.805663,2093.2 85.456101,27.805663,2093.2 85.456101,27.805663,2093.2 85.456101,27.805663,2093.2 85.456101,27.805663,2093.2 85.456101,27.805664,2093.2 85.456101,27.805664,2093.2 85.456101,27.805664,2093.2 85.456101,27.805664,2093.2 85.456101,27.805664,2093.2 85.456101,27.805664,2093.2 85.456101,27.805664,2093.2 85.456101,27.805664,2093.2 85.456101,27.805664,2093.2 85.456101,27.805664,2093.2 85.456101,27.805665,2093.2 85.456101,27.805665,2093.2 85.456101,27.805665,2093.2 85.456101,27.805665,2093.2 85.456101,27.805665,2093.2 85.456101,27.805665,2093.2 85.456101,27.805665,2093.2 85.456101,27.805665,2093.2 85.456101,27.805665,2093.2 85.456101,27.805665,2093.2 85.456101,27.805665,2093.2 85.456101,27.805665,2093.2 85.456101,27.805665,2093.2 85.456101,27.805665,2093.2 85.456101,27.805665,2093.2 85.456101,27.805665,2093.2 85.456101,27.805665,2093.2 85.456101,27.805665,2093.1 85.456101,27.805665,2093.1 85.456101,27.805665,2093.1 85.456101,27.805665,2093.1 85.456101,27.805665,2093.1 85.456101,27.805665,2093.1 85.456101,27.805665,2093.1 85.456101,27.805665,2093.1 85.456101,27.805665,2093.1 85.456101,27.805665,2093.1 85.456102,27.805665,2093.1 85.456102,27.805665,2093.1 85.456102,27.805665,2093.1 85.456102,27.805665,2093.1 85.456101,27.805664,2093.1 85.456102,27.805664,2093.1 85.456102,27.805664,2093.1 85.456102,27.805664,2093.1 85.456102,27.805664,2093.1 85.456102,27.805664,2093.1 85.456102,27.805664,2093.1 85.456102,27.805664,2093.1 85.456102,27.805664,2093.1 85.456102,27.805664,2093.1 85.456102,27.805664,2093.1 85.456102,27.805664,2093.1 85.456102,27.805664,2093.1 85.456102,27.805664,2093.1 85.456102,27.805664,2093.1 85.456102,27.805664,2093.1 85.456102,27.805663,2093.1 85.456102,27.805663,2093.1 85.456102,27.805663,2093.1 85.456102,27.805663,2093.1 85.456102,27.805663,2093.1 85.456101,27.805663,2093.1 85.456101,27.805663,2093.1 85.456101,27.805663,2093.1 85.456101,27.805663,2093.1 85.456101,27.805663,2093.1 85.456101,27.805663,2093.1 85.456101,27.805663,2093.1 85.456101,27.805663,2093.1 85.456101,27.805663,2093 85.456101,27.805663,2093 85.456101,27.805663,2093 85.456101,27.805663,2093 85.456101,27.805664,2093 85.4561,27.805664,2093 85.456101,27.805664,2093 85.456101,27.805664,2093 85.4561,27.805664,2093 85.4561,27.805664,2093 85.4561,27.805664,2093 85.4561,27.805664,2093 85.4561,27.805664,2093 85.4561,27.805664,2093 85.4561,27.805664,2093 85.4561,27.805663,2093 85.4561,27.805663,2093 85.4561,27.805663,2093 85.4561,27.805663,2093 85.4561,27.805663,2093 85.4561,27.805663,2093 85.4561,27.805663,2093 85.4561,27.805663,2093 85.4561,27.805663,2093 85.4561,27.805663,2093 85.4561,27.805663,2093 85.4561,27.805663,2093 85.4561,27.805663,2093 85.4561,27.805663,2093 85.456099,27.805663,2093 85.456099,27.805663,2093 85.456099,27.805663,2093 85.456099,27.805663,2093 85.456098,27.805662,2093 85.456098,27.805662,2093 85.456098,27.805662,2093 85.456097,27.805662,2093 85.456097,27.805662,2093 85.456097,27.805662,2093 85.456096,27.805662,2093 85.456096,27.805662,2093 85.456096,27.805662,2093 85.456096,27.805662,2092.9 85.456096,27.805662,2092.9 85.456095,27.805662,2092.9 85.456095,27.805662,2092.9 85.456095,27.805662,2092.9 85.456095,27.805662,2092.9 85.456095,27.805662,2092.9 85.456095,27.805662,2092.9 85.456095,27.805662,2092.9 85.456095,27.805662,2092.9 85.456095,27.805662,2092.9 85.456095,27.805662,2092.9 85.456095,27.805662,2092.9 85.456095,27.805662,2092.9 85.456095,27.805662,2092.9 85.456095,27.805662,2092.9 85.456095,27.805662,2092.9 85.456095,27.805662,2092.9 85.456095,27.805662,2092.9 85.456095,27.805662,2092.9 85.456095,27.805662,2092.9 85.456095,27.805662,2092.9 85.456095,27.805662,2092.9 85.456095,27.805662,2092.9 85.456095,27.805662,2092.9 85.456095,27.805662,2092.9 85.456095,27.805662,2092.9 85.456095,27.805662,2092.9 85.456095,27.805662,2092.9 85.456095,27.805662,2092.9 85.456094,27.805662,2092.9 85.456094,27.805662,2092.9 85.456094,27.805662,2092.9 85.456094,27.805662,2092.9 85.456094,27.805662,2092.9 85.456094,27.805663,2092.9 85.456094,27.805663,2092.9 85.456094,27.805663,2092.9 85.456094,27.805662,2092.9 85.456094,27.805662,2092.9 85.456094,27.805661,2092.9 85.456094,27.805661,2092.9 85.456093,27.80566,2092.9 85.456093,27.80566,2092.8 85.456093,27.80566,2092.8 85.456093,27.80566,2092.8 85.456093,27.80566,2092.8 85.456093,27.80566,2092.8 85.456093,27.805659,2092.8 85.456093,27.805659,2092.8 85.456093,27.805659,2092.8 85.456093,27.805659,2092.8 85.456093,27.805659,2092.8 85.456093,27.805659,2092.8 85.456093,27.805659,2092.8 85.456093,27.805659,2092.8 85.456092,27.805659,2092.8 85.456092,27.805659,2092.8 85.456092,27.805659,2092.8 85.456092,27.805659,2092.8 85.456092,27.805659,2092.8 85.456092,27.805659,2092.8 85.456092,27.805659,2092.8 85.456092,27.805658,2092.8 85.456092,27.805658,2092.8 85.456092,27.805658,2092.8 85.456093,27.805658,2092.8 85.456093,27.805658,2092.8 85.456093,27.805657,2092.8 85.456093,27.805657,2092.8 85.456093,27.805657,2092.8 85.456093,27.805657,2092.8 85.456093,27.805657,2092.8 85.456093,27.805657,2092.8 85.456093,27.805657,2092.8 85.456092,27.805656,2092.8 85.456092,27.805656,2092.8 85.456092,27.805656,2092.8 85.456092,27.805656,2092.8 85.456092,27.805656,2092.8 85.456092,27.805656,2092.8 85.456092,27.805656,2092.8 85.456092,27.805656,2092.8 85.456092,27.805656,2092.8 85.456092,27.805656,2092.8 85.456093,27.805656,2092.7 85.456093,27.805656,2092.7 85.456092,27.805656,2092.7 85.456092,27.805656,2092.7 85.456092,27.805656,2092.7 85.456092,27.805657,2092.7 85.456092,27.805657,2092.7 85.456092,27.805657,2092.7 85.456092,27.805657,2092.7 85.456092,27.805657,2092.7 85.456092,27.805658,2092.7 85.456092,27.805658,2092.7 85.456092,27.805658,2092.7 85.456092,27.805658,2092.7 85.456092,27.805658,2092.7 85.456092,27.805658,2092.7 85.456092,27.805658,2092.7 85.456092,27.805658,2092.7 85.456092,27.805658,2092.7 85.456092,27.805659,2092.7 85.456092,27.805659,2092.7 85.456092,27.805659,2092.7 85.456091,27.805659,2092.7 85.456091,27.805659,2092.7 85.456091,27.805659,2092.7 85.456091,27.805659,2092.7 85.456092,27.805659,2092.7 85.456092,27.805659,2092.7 85.456092,27.805659,2092.7 85.456092,27.805659,2092.7 85.456092,27.805659,2092.7 85.456092,27.805659,2092.7 85.456092,27.805659,2092.7 85.456092,27.805659,2092.7 85.456092,27.805659,2092.7 85.456092,27.805659,2092.7 85.456092,27.805659,2092.7 85.456092,27.805659,2092.7 85.456092,27.805659,2092.7 85.456092,27.805659,2092.7 85.456092,27.80566,2092.7 85.456092,27.80566,2092.7 85.456092,27.805659,2092.7 85.456092,27.805659,2092.6 85.456092,27.80566,2092.6 85.456092,27.80566,2092.6 85.456092,27.80566,2092.6 85.456092,27.80566,2092.6 85.456092,27.80566,2092.6 85.456092,27.80566,2092.6 85.456092,27.80566,2092.6 85.456092,27.805661,2092.6 85.456092,27.805661,2092.6 85.456091,27.805661,2092.6 85.456091,27.805661,2092.6 85.456091,27.805661,2092.6 85.456091,27.805661,2092.6 85.456091,27.805661,2092.6 85.456091,27.805662,2092.6 85.456091,27.805662,2092.6 85.456091,27.805662,2092.6 85.456091,27.805662,2092.6 85.456091,27.805662,2092.6 85.456091,27.805662,2092.6 85.456091,27.805662,2092.6 85.456091,27.805662,2092.6 85.456091,27.805662,2092.6 85.456091,27.805662,2092.6 85.456091,27.805662,2092.6 85.456091,27.805662,2092.6 85.456091,27.805662,2092.6 85.456091,27.805662,2092.6 85.456091,27.805662,2092.6 85.456091,27.805663,2092.6 85.456091,27.805663,2092.6 85.456091,27.805663,2092.6 85.456091,27.805663,2092.6 85.456091,27.805663,2092.6 85.456091,27.805663,2092.6 85.456091,27.805663,2092.6 85.456091,27.805663,2092.6 85.456091,27.805663,2092.6 85.456091,27.805663,2092.6 85.456091,27.805663,2092.6 85.456091,27.805663,2092.6 85.456091,27.805663,2092.5 85.456091,27.805663,2092.5 85.456091,27.805664,2092.5 85.456091,27.805664,2092.5 85.456091,27.805664,2092.5 85.456091,27.805664,2092.5 85.456091,27.805664,2092.5 85.456091,27.805664,2092.5 85.456092,27.805664,2092.5 85.456092,27.805664,2092.5 85.456092,27.805664,2092.5 85.456092,27.805664,2092.5 85.456092,27.805664,2092.5 85.456092,27.805664,2092.5 85.456092,27.805664,2092.5 85.456092,27.805664,2092.5 85.456092,27.805664,2092.5 85.456092,27.805664,2092.5 85.456092,27.805664,2092.5 85.456092,27.805664,2092.5 85.456092,27.805664,2092.5 85.456092,27.805664,2092.5 85.456092,27.805664,2092.5 85.456092,27.805663,2092.5 85.456092,27.805663,2092.5 85.456092,27.805663,2092.5 85.456092,27.805663,2092.5 85.456092,27.805663,2092.5 85.456092,27.805663,2092.5 85.456091,27.805663,2092.5 85.456091,27.805663,2092.5 85.456091,27.805663,2092.5 85.456091,27.805662,2092.5 85.456091,27.805662,2092.5 85.456091,27.805662,2092.5 85.456091,27.805662,2092.5 85.456091,27.805662,2092.5 85.456091,27.805662,2092.5 85.456091,27.805662,2092.5 85.456091,27.805662,2092.5 85.456091,27.805662,2092.5 85.456091,27.805662,2092.5 85.456091,27.805662,2092.5 85.456091,27.805662,2092.4 85.456091,27.805661,2092.4 85.456091,27.805661,2092.4 85.456091,27.805661,2092.4 85.456092,27.805661,2092.4 85.456092,27.805661,2092.4 85.456092,27.805661,2092.4 85.456092,27.805661,2092.4 85.456092,27.805661,2092.4 85.456092,27.805661,2092.4 85.456092,27.805661,2092.4 85.456092,27.805661,2092.4 85.456092,27.805661,2092.4 85.456092,27.805661,2092.4 85.456092,27.805662,2092.4 85.456092,27.805662,2092.4 85.456092,27.805662,2092.4 85.456092,27.805662,2092.4 85.456091,27.805662,2092.4 85.456091,27.805662,2092.4 85.456091,27.805662,2092.4 85.456091,27.805662,2092.4 85.456091,27.805662,2092.4 85.456091,27.805661,2092.4 85.456091,27.805661,2092.4 85.456091,27.805661,2092.4 85.456091,27.805661,2092.4 85.456091,27.805661,2092.4 85.456091,27.805661,2092.4 85.456091,27.805661,2092.4 85.456091,27.805661,2092.4 85.456091,27.805661,2092.4 85.456091,27.805661,2092.4 85.456091,27.805661,2092.4 85.456091,27.805661,2092.4 85.456091,27.805661,2092.4 85.456091,27.805661,2092.4 85.456091,27.805661,2092.4 85.456091,27.805661,2092.4 85.456091,27.805661,2092.4 85.456091,27.805661,2092.4 85.456091,27.805661,2092.4 85.456091,27.805661,2092.3 85.456091,27.805661,2092.3 85.456091,27.805661,2092.3 85.456091,27.805661,2092.3 85.456091,27.805661,2092.3 85.45609,27.80566,2092.3 85.456091,27.80566,2092.3 85.456091,27.80566,2092.3 85.456091,27.80566,2092.3 85.456091,27.80566,2092.3 85.456091,27.80566,2092.3 85.456091,27.80566,2092.3 85.456091,27.80566,2092.3 85.456092,27.80566,2092.3 85.456092,27.805661,2092.3 85.456092,27.80566,2092.3 85.456092,27.80566,2092.3 85.456092,27.805661,2092.3 85.456092,27.805661,2092.3 85.456092,27.805661,2092.3 85.456092,27.805661,2092.3 85.456092,27.805661,2092.3 85.456092,27.805661,2092.3 85.456092,27.805661,2092.3 85.456092,27.805661,2092.3 85.456093,27.805661,2092.3 85.456093,27.805661,2092.3 85.456093,27.805661,2092.3 85.456093,27.805661,2092.3 85.456093,27.805661,2092.3 85.456093,27.805661,2092.3 85.456093,27.805661,2092.3 85.456093,27.805661,2092.3 85.456093,27.805661,2092.3 85.456093,27.805661,2092.3 85.456094,27.805661,2092.3 85.456094,27.805661,2092.3 85.456094,27.805661,2092.3 85.456094,27.805661,2092.3 85.456094,27.805661,2092.3 85.456094,27.805661,2092.3 85.456094,27.805661,2092.3 85.456094,27.805661,2092.3 85.456094,27.805661,2092.2 85.456094,27.805662,2092.2 85.456094,27.805662,2092.2 85.456094,27.805662,2092.2 85.456093,27.805662,2092.2 85.456093,27.805662,2092.2 85.456094,27.805662,2092.2 85.456094,27.805662,2092.2 85.456094,27.805662,2092.2 85.456094,27.805662,2092.2 85.456094,27.805662,2092.2 85.456094,27.805662,2092.2 85.456094,27.805662,2092.2 85.456094,27.805662,2092.2 85.456094,27.805662,2092.2 85.456094,27.805662,2092.2 85.456094,27.805662,2092.2 85.456094,27.805662,2092.2 85.456094,27.805662,2092.2 85.456094,27.805662,2092.2 85.456094,27.805662,2092.2 85.456094,27.805662,2092.2 85.456094,27.805662,2092.2 85.456094,27.805662,2092.2 85.456094,27.805662,2092.2 85.456094,27.805662,2092.2 85.456094,27.805662,2092.2 85.456094,27.805662,2092.2 85.456094,27.805662,2092.2 85.456094,27.805662,2092.2 85.456094,27.805662,2092.2 85.456094,27.805661,2092.2 85.456094,27.805661,2092.2 85.456094,27.805661,2092.2 85.456094,27.805661,2092.2 85.456094,27.805661,2092.2 85.456094,27.805661,2092.2 85.456094,27.805661,2092.2 85.456094,27.80566,2092.2 85.456094,27.80566,2092.2 85.456093,27.80566,2092.2 85.456093,27.80566,2092.2 85.456093,27.80566,2092.1 85.456093,27.80566,2092.1 85.456093,27.80566,2092.1 85.456093,27.805659,2092.1 85.456092,27.805659,2092.1 85.456092,27.805659,2092.1 85.456092,27.805659,2092.1 85.456092,27.805659,2092.1 85.456092,27.805659,2092.1 85.456092,27.805659,2092.1 85.456092,27.805659,2092.1 85.456091,27.805659,2092.1 85.456091,27.805659,2092.1 85.456091,27.805659,2092.1 85.456091,27.805659,2092.1 85.456091,27.805659,2092.1 85.456091,27.805659,2092.1 85.45609,27.805659,2092.1 85.45609,27.805659,2092.1 85.45609,27.805659,2092.1 85.45609,27.805659,2092.1 85.45609,27.805659,2092.1 85.45609,27.805659,2092.1 85.45609,27.805659,2092.1 85.45609,27.805659,2092.1 85.45609,27.805659,2092.1 85.456091,27.805659,2092.1 85.456091,27.805659,2092.1 85.456091,27.805659,2092.1 85.456091,27.80566,2092.1 85.456091,27.80566,2092.1 85.456091,27.80566,2092.1 85.45609,27.80566,2092.1 85.456089,27.80566,2092.1 85.45609,27.80566,2092.1 85.45609,27.80566,2092.1 85.45609,27.80566,2092.1 85.45609,27.80566,2092.1 85.45609,27.80566,2092.1 85.45609,27.80566,2092.1 85.45609,27.80566,2092.1 85.45609,27.805659,2092.1 85.45609,27.805659,2092.1 85.45609,27.805659,2092 85.45609,27.805659,2092 85.456091,27.805659,2092 85.456091,27.805659,2092 85.456091,27.805659,2092 85.456091,27.805659,2092 85.456091,27.80566,2092 85.456091,27.80566,2092 85.456091,27.80566,2092 85.456091,27.80566,2092 85.456092,27.805659,2092 85.456092,27.805659,2092 85.456092,27.805659,2092 85.456092,27.805659,2092 85.456092,27.805659,2092 85.456092,27.805659,2092 85.456092,27.805659,2092 85.456092,27.805659,2092 85.456092,27.805659,2092 85.456092,27.805659,2092 85.456092,27.805658,2092 85.456092,27.805658,2092 85.456092,27.805658,2092 85.456092,27.805658,2092 85.456093,27.805658,2092 85.456093,27.805658,2092 85.456093,27.805658,2092 85.456093,27.805658,2092 85.456093,27.805658,2092 85.456093,27.805658,2092 85.456093,27.805658,2092 85.456093,27.805658,2092 85.456093,27.805658,2092 85.456093,27.805658,2092 85.456093,27.805658,2092 85.456093,27.805658,2092 85.456093,27.805658,2092 85.456093,27.805659,2092 85.456093,27.805659,2092 85.456093,27.805659,2092 85.456093,27.805659,2092 85.456092,27.805659,2092 85.456092,27.805659,2091.9 85.456092,27.805659,2091.9 85.456092,27.80566,2091.9 85.456092,27.80566,2091.9 85.456092,27.80566,2091.9 85.456093,27.80566,2091.9 85.456093,27.80566,2091.9 85.456093,27.80566,2091.9 85.456093,27.80566,2091.9 85.456093,27.80566,2091.9 85.456093,27.805659,2091.9 85.456093,27.805659,2091.9 85.456093,27.80566,2091.9 85.456093,27.80566,2091.9 85.456093,27.80566,2091.9 85.456093,27.805659,2091.9 85.456093,27.805659,2091.9 85.456093,27.805659,2091.9 85.456094,27.805659,2091.9 85.456094,27.805659,2091.9 85.456094,27.80566,2091.9 85.456094,27.80566,2091.9 85.456093,27.80566,2091.9 85.456093,27.805661,2091.9 85.456093,27.805661,2091.9 85.456093,27.805661,2091.9 85.456092,27.805661,2091.9 85.456092,27.805662,2091.9 85.456092,27.805662,2091.9 85.456092,27.805662,2091.9 85.456092,27.805662,2091.9 85.456092,27.805662,2091.9 85.456091,27.805662,2091.9 85.456091,27.805662,2091.9 85.456091,27.805662,2091.9 85.456091,27.805662,2091.9 85.456091,27.805662,2091.9 85.456091,27.805662,2091.9 85.456091,27.805662,2091.9 85.456091,27.805662,2091.9 85.456091,27.805662,2091.9 85.456091,27.805662,2091.9 85.456091,27.805662,2091.9 85.45609,27.805662,2091.8 85.45609,27.805662,2091.8 85.45609,27.805662,2091.8 85.45609,27.805662,2091.8 85.45609,27.805662,2091.8 85.45609,27.805662,2091.8 85.45609,27.805662,2091.8 85.45609,27.805661,2091.8 85.45609,27.805661,2091.8 85.45609,27.805661,2091.8 85.45609,27.805661,2091.8 85.45609,27.805661,2091.8 85.45609,27.805661,2091.8 85.45609,27.805661,2091.8 85.45609,27.805661,2091.8 85.45609,27.805661,2091.8 85.45609,27.805661,2091.8 85.45609,27.80566,2091.8 85.45609,27.80566,2091.8 85.45609,27.80566,2091.8 85.45609,27.80566,2091.8 85.45609,27.80566,2091.8 85.45609,27.805661,2091.8 85.45609,27.805661,2091.8 85.45609,27.805661,2091.8 85.45609,27.805661,2091.8 85.45609,27.805661,2091.8 85.45609,27.805661,2091.8 85.45609,27.805661,2091.8 85.45609,27.805661,2091.8 85.45609,27.805661,2091.8 85.45609,27.805661,2091.8 85.456091,27.805661,2091.8 85.456091,27.805661,2091.8 85.45609,27.805661,2091.8 85.456091,27.805661,2091.8 85.456091,27.805661,2091.8 85.456091,27.805661,2091.8 85.456091,27.805661,2091.8 85.456091,27.805661,2091.8 85.45609,27.805661,2091.8 85.45609,27.805661,2091.8 85.456091,27.805661,2091.7 85.456091,27.805661,2091.7 85.456091,27.805661,2091.7 85.456091,27.805661,2091.7 85.456091,27.805661,2091.7 85.456091,27.805661,2091.7 85.456091,27.805661,2091.7 85.456091,27.805661,2091.7 85.456091,27.805661,2091.7 85.456091,27.805661,2091.7 85.456091,27.805661,2091.7 85.456091,27.805661,2091.7 85.456091,27.805661,2091.7 85.456091,27.805661,2091.7 85.456091,27.805662,2091.7 85.456091,27.805662,2091.7 85.456091,27.805662,2091.7 85.456091,27.805662,2091.7 85.456091,27.805662,2091.7 85.456091,27.805662,2091.7 85.456091,27.805662,2091.7 85.456091,27.805662,2091.7 85.456091,27.805661,2091.7 85.456091,27.805662,2091.7 85.456091,27.805661,2091.7 85.456091,27.805661,2091.7 85.456091,27.805661,2091.7 85.456091,27.805661,2091.7 85.45609,27.805661,2091.7 85.456091,27.805661,2091.7 85.456091,27.805661,2091.7 85.45609,27.805661,2091.7 85.45609,27.805661,2091.7 85.45609,27.805661,2091.7 85.45609,27.805661,2091.7 85.45609,27.805661,2091.7 85.45609,27.805661,2091.7 85.45609,27.805661,2091.7 85.45609,27.805661,2091.7 85.45609,27.805661,2091.7 85.45609,27.805661,2091.7 85.45609,27.805661,2091.7 85.45609,27.805661,2091.7 85.45609,27.805661,2091.6 85.45609,27.805661,2091.6 85.45609,27.805661,2091.6 85.45609,27.805661,2091.6 85.45609,27.805661,2091.6 85.45609,27.805661,2091.6 85.45609,27.805661,2091.6 85.45609,27.805661,2091.6 85.45609,27.805661,2091.6 85.45609,27.805661,2091.6 85.45609,27.805661,2091.6 85.45609,27.805661,2091.6 85.45609,27.805662,2091.6 85.45609,27.805662,2091.6 85.45609,27.805662,2091.6 85.45609,27.805662,2091.6 85.45609,27.805662,2091.6 85.45609,27.805662,2091.6 85.45609,27.805662,2091.6 85.456091,27.805662,2091.6 85.456091,27.805662,2091.6 85.456091,27.805662,2091.6 85.456091,27.805662,2091.6 85.456091,27.805662,2091.6 85.456091,27.805662,2091.6 85.456091,27.805662,2091.6 85.456091,27.805662,2091.6 85.456091,27.805662,2091.6 85.456091,27.805662,2091.6 85.456091,27.805662,2091.6 85.456091,27.805662,2091.6 85.456091,27.805663,2091.6 85.456091,27.805663,2091.6 85.456091,27.805663,2091.6 85.456091,27.805663,2091.6 85.456091,27.805663,2091.6 85.456091,27.805663,2091.6 85.456091,27.805663,2091.6 85.456091,27.805663,2091.6 85.456091,27.805663,2091.6 85.456091,27.805663,2091.6 85.456091,27.805663,2091.6 85.456091,27.805663,2091.5 85.456091,27.805663,2091.5 85.456091,27.805663,2091.5 85.456091,27.805663,2091.5 85.456091,27.805662,2091.5 85.456091,27.805662,2091.5 85.456091,27.805662,2091.5 85.456091,27.805662,2091.5 85.456091,27.805662,2091.5 85.456091,27.805662,2091.5 85.456091,27.805661,2091.5 85.456091,27.805661,2091.5 85.456091,27.805661,2091.5 85.456091,27.805661,2091.5 85.456091,27.805661,2091.5 85.456091,27.805661,2091.5 85.456091,27.805661,2091.5 85.456092,27.805661,2091.5 85.456092,27.805661,2091.5 85.456092,27.805662,2091.5 85.456092,27.805662,2091.5 85.456092,27.805662,2091.5 85.456092,27.805662,2091.5 85.456092,27.805662,2091.5 85.456092,27.805662,2091.5 85.456092,27.805662,2091.5 85.456092,27.805662,2091.5 85.456092,27.805662,2091.5 85.456092,27.805662,2091.5 85.456091,27.805662,2091.5 85.456091,27.805662,2091.5 85.456092,27.805662,2091.5 85.456092,27.805662,2091.5 85.456092,27.805662,2091.5 85.456092,27.805662,2091.5 85.456092,27.805662,2091.5 85.456092,27.805662,2091.5 85.456092,27.805662,2091.5 85.456092,27.805662,2091.5 85.456092,27.805662,2091.5 85.456092,27.805662,2091.5 85.456092,27.805662,2091.5 85.456092,27.805662,2091.5 85.456092,27.805663,2091.4 85.456092,27.805663,2091.4 85.456093,27.805663,2091.4 85.456093,27.805663,2091.4 85.456093,27.805663,2091.4 85.456093,27.805663,2091.4 85.456093,27.805663,2091.4 85.456093,27.805663,2091.4 85.456093,27.805663,2091.4 85.456093,27.805663,2091.4 85.456093,27.805663,2091.4 85.456093,27.805663,2091.4 85.456093,27.805663,2091.4 85.456092,27.805663,2091.4 85.456092,27.805663,2091.4 85.456092,27.805663,2091.4 85.456092,27.805663,2091.4 85.456092,27.805663,2091.4 85.456092,27.805663,2091.4 85.456092,27.805663,2091.4 85.456092,27.805663,2091.4 85.456092,27.805663,2091.4 85.456092,27.805663,2091.4 85.456092,27.805663,2091.4 85.456092,27.805663,2091.4 85.456092,27.805663,2091.4 85.456092,27.805663,2091.4 85.456093,27.805662,2091.4 85.456093,27.805662,2091.4 85.456093,27.805662,2091.4 85.456093,27.805662,2091.4 85.456093,27.805662,2091.4 85.456094,27.805662,2091.4 85.456094,27.805662,2091.4 85.456094,27.805662,2091.4 85.456094,27.805662,2091.4 85.456094,27.805662,2091.4 85.456094,27.805662,2091.4 85.456094,27.805662,2091.4 85.456094,27.805662,2091.4 85.456094,27.805662,2091.4 85.456094,27.805662,2091.4 85.456094,27.805662,2091.3 85.456094,27.805662,2091.3 85.456095,27.805662,2091.3 85.456094,27.805662,2091.3 85.456094,27.805662,2091.3 85.456094,27.805662,2091.3 85.456094,27.805662,2091.3 85.456094,27.805662,2091.3 85.456094,27.805662,2091.3 85.456094,27.805662,2091.3 85.456094,27.805662,2091.3 85.456094,27.805661,2091.3 85.456094,27.805661,2091.3 85.456094,27.805661,2091.3 85.456094,27.805661,2091.3 85.456094,27.805661,2091.3 85.456094,27.805661,2091.3 85.456094,27.805661,2091.3 85.456094,27.805661,2091.3 85.456094,27.805661,2091.3 85.456094,27.805661,2091.3 85.456094,27.805661,2091.3 85.456093,27.805661,2091.3 85.456093,27.805661,2091.3 85.456093,27.805661,2091.3 85.456093,27.805661,2091.3 85.456092,27.805661,2091.3 85.456092,27.805661,2091.3 85.456092,27.80566,2091.3 85.456092,27.80566,2091.3 85.456092,27.80566,2091.3 85.456092,27.80566,2091.3 85.456092,27.80566,2091.3 85.456092,27.80566,2091.3 85.456092,27.80566,2091.3 85.456092,27.80566,2091.3 85.456092,27.80566,2091.3 85.456092,27.80566,2091.3 85.456092,27.80566,2091.3 85.456092,27.80566,2091.3 85.456092,27.80566,2091.3 85.456092,27.80566,2091.3 85.456092,27.80566,2091.3 85.456092,27.80566,2091.2 85.456092,27.80566,2091.2 85.456093,27.80566,2091.2 85.456093,27.80566,2091.2 85.456093,27.80566,2091.2 85.456093,27.80566,2091.2 85.456093,27.80566,2091.2 85.456093,27.80566,2091.2 85.456093,27.80566,2091.2 85.456093,27.80566,2091.2 85.456093,27.805661,2091.2 85.456093,27.805661,2091.2 85.456093,27.805661,2091.2 85.456093,27.805661,2091.2 85.456093,27.805661,2091.2 85.456093,27.805661,2091.2 85.456093,27.805661,2091.2 85.456093,27.805661,2091.2 85.456093,27.80566,2091.2 85.456093,27.80566,2091.2 85.456093,27.80566,2091.2 85.456093,27.80566,2091.2 85.456093,27.80566,2091.2 85.456093,27.80566,2091.2 85.456093,27.80566,2091.2 85.456093,27.80566,2091.2 85.456093,27.80566,2091.2 85.456093,27.80566,2091.2 85.456093,27.80566,2091.2 85.456093,27.80566,2091.2 85.456093,27.80566,2091.2 85.456093,27.80566,2091.2 85.456093,27.80566,2091.2 85.456093,27.80566,2091.2 85.456093,27.80566,2091.2 85.456093,27.80566,2091.2 85.456093,27.80566,2091.2 85.456093,27.80566,2091.2 85.456093,27.80566,2091.2 85.456093,27.80566,2091.2 85.456093,27.80566,2091.2 85.456093,27.80566,2091.2 85.456093,27.80566,2091.1 85.456093,27.80566,2091.1 85.456093,27.80566,2091.1 85.456093,27.80566,2091.1 85.456093,27.80566,2091.1 85.456093,27.80566,2091.1 85.456093,27.80566,2091.1 85.456093,27.80566,2091.1 85.456093,27.80566,2091.1 85.456093,27.80566,2091.1 85.456093,27.80566,2091.1 85.456093,27.80566,2091.1 85.456093,27.80566,2091.1 85.456093,27.80566,2091.1 85.456093,27.80566,2091.1 85.456093,27.80566,2091.1 85.456093,27.80566,2091.1 85.456093,27.80566,2091.1 85.456093,27.80566,2091.1 85.456093,27.80566,2091.1 85.456093,27.80566,2091.1 85.456093,27.80566,2091.1 85.456093,27.805661,2091.1 85.456093,27.805661,2091.1 85.456093,27.805661,2091.1 85.456094,27.805661,2091.1 85.456094,27.805661,2091.1 85.456094,27.805661,2091.1 85.456094,27.805661,2091.1 85.456094,27.805661,2091.1 85.456094,27.805661,2091.1 85.456094,27.805661,2091.1 85.456094,27.805661,2091.1 85.456094,27.805661,2091.1 85.456094,27.805661,2091.1 85.456094,27.805661,2091.1 85.456094,27.805661,2091.1 85.456094,27.805661,2091.1 85.456094,27.805661,2091.1 85.456094,27.805662,2091.1 85.456094,27.805662,2091.1 85.456094,27.805662,2091.1 85.456094,27.805662,2091.1 85.456094,27.805662,2091 85.456094,27.805662,2091 85.456094,27.805662,2091 85.456094,27.805662,2091 85.456094,27.805662,2091 85.456094,27.805662,2091 85.456094,27.805662,2091 85.456094,27.805662,2091 85.456094,27.805662,2091 85.456094,27.805662,2091 85.456094,27.805662,2091 85.456093,27.805662,2091 85.456093,27.805663,2091 85.456093,27.805662,2091 85.456093,27.805663,2091 85.456093,27.805663,2091 85.456093,27.805663,2091 85.456093,27.805663,2091 85.456093,27.805663,2091 85.456093,27.805663,2091 85.456092,27.805663,2091 85.456093,27.805663,2091 85.456092,27.805663,2091 85.456092,27.805663,2091 85.456092,27.805663,2091 85.456092,27.805663,2091 85.456092,27.805663,2091 85.456092,27.805663,2091 85.456092,27.805663,2091 85.456092,27.805663,2091 85.456092,27.805663,2091 85.456092,27.805663,2091 85.456092,27.805663,2091 85.456092,27.805663,2091 85.456092,27.805663,2091 85.456092,27.805662,2091 85.456092,27.805662,2091 85.456091,27.805662,2091 85.456091,27.805662,2091 85.456091,27.805662,2091 85.456091,27.805662,2091 85.456091,27.805662,2091 85.456091,27.805662,2090.9 85.456091,27.805662,2090.9 85.456091,27.805662,2090.9 85.456091,27.805662,2090.9 85.456091,27.805663,2090.9 85.456091,27.805663,2090.9 85.45609,27.805663,2090.9 85.45609,27.805663,2090.9 85.45609,27.805663,2090.9 85.45609,27.805663,2090.9 85.45609,27.805663,2090.9 85.45609,27.805663,2090.9 85.456091,27.805663,2090.9 85.456091,27.805663,2090.9 85.456091,27.805663,2090.9 85.456091,27.805663,2090.9 85.456092,27.805663,2090.9 85.456092,27.805663,2090.9 85.456092,27.805663,2090.9 85.456092,27.805663,2090.9 85.456092,27.805663,2090.9 85.456092,27.805663,2090.9 85.456092,27.805663,2090.9 85.456092,27.805663,2090.9 85.456093,27.805663,2090.9 85.456093,27.805663,2090.9 85.456093,27.805663,2090.9 85.456093,27.805663,2090.9 85.456093,27.805663,2090.9 85.456093,27.805663,2090.9 85.456093,27.805663,2090.9 85.456093,27.805663,2090.9 85.456093,27.805663,2090.9 85.456093,27.805663,2090.9 85.456093,27.805663,2090.9 85.456093,27.805664,2090.9 85.456093,27.805663,2090.9 85.456093,27.805663,2090.9 85.456093,27.805663,2090.9 85.456093,27.805663,2090.9 85.456093,27.805663,2090.9 85.456094,27.805663,2090.9 85.456094,27.805663,2090.9 85.456093,27.805663,2090.8 85.456093,27.805663,2090.8 85.456093,27.805663,2090.8 85.456094,27.805664,2090.8 85.456094,27.805663,2090.8 85.456094,27.805663,2090.8 85.456093,27.805663,2090.8 85.456093,27.805663,2090.8 85.456093,27.805663,2090.8 85.456093,27.805663,2090.8 85.456093,27.805662,2090.8 85.456093,27.805662,2090.8 85.456093,27.805662,2090.8 85.456092,27.805662,2090.8 85.456093,27.805662,2090.8 85.456093,27.805662,2090.8 85.456093,27.805662,2090.8 85.456093,27.805662,2090.8 85.456093,27.805662,2090.8 85.456093,27.805662,2090.8 85.456094,27.805662,2090.8 85.456094,27.805662,2090.8 85.456094,27.805662,2090.8 85.456094,27.805662,2090.8 85.456094,27.805662,2090.8 85.456094,27.805662,2090.8 85.456094,27.805662,2090.8 85.456095,27.805662,2090.8 85.456095,27.805662,2090.8 85.456095,27.805662,2090.8 85.456095,27.805662,2090.8 85.456095,27.805662,2090.8 85.456095,27.805662,2090.8 85.456095,27.805662,2090.8 85.456095,27.805662,2090.8 85.456096,27.805662,2090.8 85.456096,27.805662,2090.8 85.456096,27.805662,2090.8 85.456096,27.805662,2090.8 85.456096,27.805662,2090.8 85.456096,27.805662,2090.8 85.456096,27.805662,2090.8 85.456096,27.805662,2090.7 85.456096,27.805662,2090.7 85.456096,27.805662,2090.7 85.456096,27.805662,2090.7 85.456096,27.805662,2090.7 85.456096,27.805662,2090.7 85.456096,27.805662,2090.7 85.456096,27.805662,2090.7 85.456096,27.805662,2090.7 85.456096,27.805662,2090.7 85.456096,27.805662,2090.7 85.456096,27.805662,2090.7 85.456096,27.805662,2090.7 85.456097,27.805662,2090.7 85.456097,27.805662,2090.7 85.456097,27.805662,2090.7 85.456097,27.805662,2090.7 85.456097,27.805662,2090.7 85.456097,27.805662,2090.7 85.456097,27.805662,2090.7 85.456097,27.805662,2090.7 85.456097,27.805662,2090.7 85.456097,27.805662,2090.7 85.456098,27.805662,2090.7 85.456098,27.805661,2090.7 85.456098,27.805661,2090.7 85.456098,27.805661,2090.7 85.456098,27.805661,2090.7 85.456098,27.805661,2090.7 85.456098,27.805661,2090.7 85.456098,27.805661,2090.7 85.456098,27.805661,2090.7 85.456098,27.805661,2090.7 85.456098,27.805661,2090.7 85.456097,27.805661,2090.7 85.456097,27.805661,2090.7 85.456097,27.805661,2090.7 85.456097,27.805661,2090.7 85.456097,27.805661,2090.7 85.456097,27.805661,2090.7 85.456097,27.805661,2090.7 85.456097,27.805661,2090.7 85.456097,27.805661,2090.7 85.456097,27.805661,2090.6 85.456096,27.80566,2090.6 85.456096,27.80566,2090.6 85.456097,27.805661,2090.6 85.456097,27.805661,2090.6 85.456097,27.805661,2090.6 85.456097,27.805661,2090.6 85.456097,27.805661,2090.6 85.456097,27.805661,2090.6 85.456097,27.805661,2090.6 85.456097,27.805661,2090.6 85.456097,27.805661,2090.6 85.456097,27.805661,2090.6 85.456097,27.805661,2090.6 85.456096,27.805661,2090.6 85.456096,27.805661,2090.6 85.456096,27.805661,2090.6 85.456096,27.805661,2090.6 85.456096,27.805661,2090.6 85.456096,27.805661,2090.6 85.456096,27.80566,2090.6 85.456095,27.80566,2090.6 85.456095,27.805661,2090.6 85.456095,27.805661,2090.6 85.456095,27.805661,2090.6 85.456095,27.805661,2090.6 85.456095,27.805661,2090.6 85.456095,27.805661,2090.6 85.456095,27.805661,2090.6 85.456095,27.805661,2090.6 85.456094,27.805661,2090.6 85.456094,27.805661,2090.6 85.456094,27.805661,2090.6 85.456094,27.805661,2090.6 85.456094,27.805661,2090.6 85.456094,27.805661,2090.6 85.456094,27.805661,2090.6 85.456094,27.805661,2090.6 85.456094,27.805661,2090.6 85.456094,27.805662,2090.6 85.456094,27.805662,2090.6 85.456094,27.805662,2090.6 85.456094,27.805662,2090.6 85.456093,27.805662,2090.5 85.456093,27.805662,2090.5 85.456093,27.805662,2090.5 85.456093,27.805662,2090.5 85.456093,27.805662,2090.5 85.456093,27.805662,2090.5 85.456093,27.805662,2090.5 85.456093,27.805662,2090.5 85.456093,27.805662,2090.5 85.456094,27.805663,2090.5 85.456094,27.805663,2090.5 85.456094,27.805663,2090.5 85.456094,27.805663,2090.5 85.456094,27.805663,2090.5 85.456094,27.805663,2090.5 85.456094,27.805663,2090.5 85.456094,27.805663,2090.5 85.456094,27.805663,2090.5 85.456094,27.805663,2090.5 85.456094,27.805662,2090.5 85.456094,27.805662,2090.5 85.456094,27.805662,2090.5 85.456094,27.805662,2090.5 85.456094,27.805662,2090.5 85.456094,27.805662,2090.5 85.456094,27.805662,2090.5 85.456094,27.805662,2090.5 85.456094,27.805662,2090.5 85.456094,27.805662,2090.5 85.456094,27.805662,2090.5 85.456093,27.805663,2090.5 85.456093,27.805663,2090.5 85.456093,27.805663,2090.5 85.456093,27.805663,2090.5 85.456093,27.805663,2090.5 85.456093,27.805663,2090.5 85.456093,27.805663,2090.5 85.456093,27.805662,2090.5 85.456093,27.805662,2090.5 85.456093,27.805662,2090.5 85.456093,27.805662,2090.5 85.456093,27.805662,2090.5 85.456092,27.805662,2090.4 85.456092,27.805662,2090.4 85.456092,27.805661,2090.4 85.456092,27.805661,2090.4 85.456092,27.805661,2090.4 85.456092,27.805661,2090.4 85.456092,27.805661,2090.4 85.456093,27.805661,2090.4 85.456093,27.805661,2090.4 85.456093,27.805661,2090.4 85.456093,27.805661,2090.4 85.456092,27.805661,2090.4 85.456093,27.805661,2090.4 85.456093,27.805661,2090.4 85.456093,27.805661,2090.4 85.456093,27.805661,2090.4 85.456092,27.805661,2090.4 85.456092,27.805661,2090.4 85.456093,27.805661,2090.4 85.456093,27.805661,2090.4 85.456093,27.805661,2090.4 85.456093,27.805661,2090.4 85.456093,27.805661,2090.4 85.456093,27.805661,2090.4 85.456093,27.805661,2090.4 85.456093,27.805661,2090.4 85.456093,27.805661,2090.4 85.456093,27.805662,2090.4 85.456093,27.805662,2090.4 85.456093,27.805661,2090.4 85.456093,27.805661,2090.4 85.456093,27.805661,2090.4 85.456093,27.805661,2090.4 85.456093,27.805661,2090.4 85.456093,27.805661,2090.4 85.456093,27.805661,2090.4 85.456093,27.805661,2090.4 85.456093,27.805661,2090.4 85.456093,27.805662,2090.4 85.456093,27.805662,2090.4 85.456093,27.805662,2090.4 85.456093,27.805662,2090.4 85.456092,27.805661,2090.4 85.456092,27.805662,2090.3 85.456092,27.805662,2090.3 85.456091,27.805663,2090.3 85.456091,27.805662,2090.3 85.45609,27.805662,2090.3 85.45609,27.805662,2090.3 85.45609,27.805662,2090.3 85.456089,27.805662,2090.3 85.456089,27.805662,2090.3 85.456089,27.805662,2090.3 85.456089,27.805662,2090.3 85.456089,27.805662,2090.3 85.456089,27.805662,2090.3 85.456089,27.805662,2090.3 85.456089,27.805662,2090.3 85.456089,27.805662,2090.3 85.456089,27.805662,2090.3 85.456089,27.805662,2090.3 85.456088,27.805663,2090.3 85.456088,27.805663,2090.3 85.456088,27.805662,2090.3 85.456088,27.805662,2090.3 85.456088,27.805662,2090.3 85.456088,27.805662,2090.3 85.456088,27.805662,2090.3 85.456088,27.805662,2090.3 85.456088,27.805662,2090.3 85.456088,27.805662,2090.3 85.456088,27.805662,2090.3 85.456088,27.805662,2090.3 85.456088,27.805662,2090.3 85.456088,27.805662,2090.3 85.456088,27.805662,2090.3 85.456088,27.805662,2090.3 85.456088,27.805662,2090.3 85.456089,27.805662,2090.3 85.456089,27.805662,2090.3 85.456089,27.805662,2090.3 85.456089,27.805662,2090.3 85.456089,27.805662,2090.3 85.456089,27.805662,2090.3 85.456089,27.805662,2090.3 85.456089,27.805662,2090.2 85.456089,27.805662,2090.2 85.456089,27.805662,2090.2 85.456089,27.805663,2090.2 85.456089,27.805663,2090.2 85.456089,27.805663,2090.2 85.456089,27.805663,2090.2 85.456089,27.805665,2090.2 85.456089,27.805666,2090.2 85.456088,27.805666,2090.2 85.456087,27.805667,2090.2 85.456087,27.805667,2090.2 85.456087,27.805668,2090.2 85.456087,27.805667,2090.2 85.456087,27.805667,2090.2 85.456087,27.805667,2090.2 85.456087,27.805666,2090.2 85.456087,27.805666,2090.2 85.456087,27.805666,2090.2 85.456086,27.805665,2090.2 85.456086,27.805665,2090.2 85.456085,27.805666,2090.2 85.456085,27.805666,2090.2 85.456085,27.805666,2090.2 85.456086,27.805666,2090.2 85.456086,27.805666,2090.2 85.456086,27.805665,2090.2 85.456086,27.805665,2090.2 85.456086,27.805665,2090.2 85.456086,27.805665,2090.2 85.456086,27.805665,2090.2 85.456085,27.805665,2090.2 85.456085,27.805666,2090.2 85.456085,27.805666,2090.2 85.456085,27.805666,2090.2 85.456085,27.805666,2090.2 85.456085,27.805666,2090.2 85.456085,27.805666,2090.2 85.456084,27.805666,2090.2 85.456084,27.805666,2090.2 85.456084,27.805666,2090.2 85.456084,27.805666,2090.2 85.456084,27.805666,2090.2 85.456084,27.805666,2090.1 85.456084,27.805666,2090.1 85.456084,27.805666,2090.1 85.456083,27.805666,2090.1 85.456083,27.805666,2090.1 85.456083,27.805666,2090.1 85.456083,27.805666,2090.1 85.456083,27.805666,2090.1 85.456083,27.805666,2090.1 85.456083,27.805666,2090.1 85.456083,27.805666,2090.1 85.456083,27.805666,2090.1 85.456084,27.805666,2090.1 85.456084,27.805666,2090.1 85.456084,27.805666,2090.1 85.456084,27.805666,2090.1 85.456084,27.805666,2090.1 85.456083,27.805665,2090.1 85.456083,27.805665,2090.1 85.456084,27.805665,2090.1 85.456084,27.805665,2090.1 85.456084,27.805665,2090.1 85.456084,27.805665,2090.1 85.456084,27.805665,2090.1 85.456084,27.805665,2090.1 85.456084,27.805665,2090.1 85.456084,27.805665,2090.1 85.456085,27.805665,2090.1 85.456085,27.805665,2090.1 85.456085,27.805665,2090.1 85.456085,27.805664,2090.1 85.456085,27.805665,2090.1 85.456085,27.805665,2090.1 85.456085,27.805665,2090.1 85.456085,27.805666,2090.1 85.456086,27.805667,2090.1 85.456085,27.805668,2090.1 85.456084,27.805669,2090.1 85.456084,27.80567,2090.1 85.456084,27.805669,2090.1 85.456082,27.805669,2090.1 85.456081,27.805668,2090.1 85.45608,27.805668,2088.7 85.456079,27.805667,2088.7 85.456077,27.805666,2088.7 85.456076,27.805666,2088.7 85.456075,27.805666,2088.7 85.456074,27.805666,2088.7 85.456074,27.805666,2088.7 85.456074,27.805666,2088.7 85.456074,27.805667,2088.7 85.456074,27.805667,2088.7 85.456074,27.805667,2088.7 85.456074,27.805667,2088.7 85.456074,27.805666,2088.7 85.456074,27.805666,2088.7 85.456074,27.805666,2088.7 85.456074,27.805667,2088.7 85.456074,27.805668,2088.7 85.456074,27.805668,2088.7 85.456074,27.805669,2088.7 85.456073,27.80567,2088.6 85.456072,27.80567,2088.6 85.456072,27.80567,2088.6 85.456072,27.80567,2088.6 85.456072,27.80567,2088.6 85.456072,27.80567,2088.6 85.456072,27.80567,2088.6 85.456072,27.80567,2088.6 85.456072,27.80567,2088.6 85.456072,27.80567,2088.6 85.456072,27.80567,2088.6 85.456071,27.80567,2088.6 85.456071,27.80567,2088.6 85.456071,27.80567,2088.6 85.456071,27.80567,2088.6 85.456071,27.80567,2088.6 85.456071,27.80567,2088.6 85.456071,27.80567,2088.6 85.456071,27.80567,2088.6 85.456071,27.80567,2088.6 85.456071,27.80567,2088.6 85.456071,27.80567,2088.6 85.456071,27.80567,2088.6 85.456071,27.80567,2088.6 85.456071,27.80567,2088.6 85.456071,27.805671,2088.6 85.456071,27.80567,2088.6 85.456072,27.80567,2088.6 85.456072,27.80567,2088.6 85.456072,27.805671,2088.6 85.456072,27.805671,2088.6 85.456072,27.805671,2088.6 85.456072,27.805671,2088.6 85.456072,27.805671,2088.6 85.456073,27.805671,2088.6 85.456073,27.805671,2088.6 85.456073,27.805671,2088.6 85.456073,27.805671,2088.6 85.456074,27.805671,2088.6 85.456074,27.805671,2088.6 85.456074,27.805671,2088.6 85.456074,27.805671,2088.6 85.456074,27.805671,2088.5 85.456074,27.805671,2088.5 85.456074,27.805671,2088.5 85.456074,27.805671,2088.5 85.456074,27.805671,2088.5 85.456074,27.805671,2088.5 85.456074,27.80567,2088.5 85.456075,27.80567,2088.5 85.456076,27.805671,2088.5 85.456076,27.805671,2088.5 85.456075,27.805672,2088.5 85.456075,27.805672,2088.5 85.456075,27.805672,2088.5 85.456075,27.805672,2088.5 85.456075,27.805672,2088.5 85.456075,27.805672,2088.5 85.456075,27.805672,2088.5 85.456075,27.805672,2088.5 85.456075,27.805672,2088.5 85.456075,27.805672,2088.5 85.456075,27.805672,2088.5 85.456075,27.805672,2088.5 85.456075,27.805672,2088.5 85.456075,27.805673,2088.5 85.456075,27.805673,2088.5 85.456075,27.805673,2088.5 85.456075,27.805673,2088.5 85.456075,27.805673,2088.5 85.456075,27.805673,2088.5 85.456075,27.805673,2088.5 85.456075,27.805673,2088.5 85.456075,27.805673,2088.5 85.456075,27.805674,2088.5 85.456075,27.805674,2088.5 85.456075,27.805674,2088.5 85.456075,27.805674,2088.5 85.456075,27.805674,2088.5 85.456075,27.805674,2088.5 85.456075,27.805674,2088.5 85.456075,27.805674,2088.5 85.456075,27.805674,2088.5 85.456075,27.805674,2088.5 85.456075,27.805674,2088.5 85.456075,27.805674,2088.4 85.456075,27.805674,2088.4 85.456075,27.805674,2088.4 85.456075,27.805674,2088.4 85.456075,27.805674,2088.4 85.456075,27.805674,2088.4 85.456075,27.805673,2088.4 85.456075,27.805673,2088.4 85.456075,27.805673,2088.4 85.456074,27.805672,2088.4 85.456074,27.805672,2088.4 85.456074,27.805672,2088.4 85.456074,27.805671,2088.4 85.456074,27.805671,2088.4 85.456074,27.805671,2088.4 85.456074,27.805671,2088.4 85.456073,27.805671,2088.4 85.456073,27.805671,2088.4 85.456073,27.805671,2088.4 85.456072,27.805671,2088.4 85.456072,27.805671,2088.4 85.456072,27.805671,2088.4 85.456072,27.805671,2088.4 85.456072,27.80567,2088.4 85.456071,27.80567,2088.4 85.456071,27.80567,2088.4 85.456071,27.80567,2088.4 85.456071,27.80567,2088.4 85.45607,27.80567,2088.4 85.45607,27.80567,2088.4 85.45607,27.80567,2088.4 85.45607,27.80567,2088.4 85.456069,27.80567,2088.4 85.456069,27.80567,2088.4 85.456069,27.80567,2088.4 85.456069,27.80567,2088.4 85.456069,27.80567,2088.4 85.456068,27.80567,2088.4 85.456068,27.805669,2088.4 85.456068,27.805669,2088.4 85.456068,27.805669,2088.4 85.456068,27.805669,2088.4 85.456068,27.805669,2088.4 85.456068,27.805669,2088.3 85.456068,27.805669,2088.3 85.456068,27.805669,2088.3 85.456067,27.80567,2088.3 85.456067,27.80567,2088.3 85.456068,27.80567,2088.3 85.456068,27.805669,2088.3 85.456069,27.805669,2088.3 85.456069,27.80567,2088.3 85.45607,27.80567,2088.3 85.45607,27.80567,2088.3 85.45607,27.80567,2088.3 85.45607,27.805671,2088.3 85.45607,27.805671,2088.3 85.45607,27.805672,2088.3 85.45607,27.805672,2088.3 85.45607,27.805673,2088.3 85.456069,27.805673,2088.3 85.456068,27.805674,2088.3 85.456068,27.805674,2088.3 85.456067,27.805675,2088.3 85.456067,27.805676,2088.3 85.456067,27.805677,2088 85.456067,27.805677,2088 85.456067,27.805678,2088 85.456067,27.805678,2088 85.456067,27.805679,2088 85.456067,27.805679,2088 85.456068,27.805679,2088 85.456068,27.805679,2088 85.456068,27.805679,2088 85.456067,27.805679,2088 85.456067,27.805679,2088 85.456068,27.805679,2088 85.456068,27.80568,2088 85.456067,27.80568,2088 85.456067,27.80568,2088 85.456067,27.80568,2088 85.456067,27.80568,2088 85.456067,27.80568,2088 85.456067,27.80568,2088 85.456067,27.80568,2088 85.456067,27.80568,2088 85.456066,27.805679,2088 85.456066,27.805679,2088 85.456066,27.80568,2088 85.456065,27.80568,2088 85.456065,27.80568,2087.9 85.456065,27.80568,2087.9 85.456066,27.80568,2087.9 85.456065,27.805679,2087.9 85.456064,27.805678,2087.9 85.456065,27.805678,2087.9 85.456065,27.805677,2087.9 85.456065,27.805677,2087.9 85.456065,27.805677,2087.9 85.456065,27.805676,2088.2 85.456066,27.805676,2088.2 85.456066,27.805675,2088.2 85.456067,27.805675,2088.2 85.456067,27.805674,2088.2 85.456067,27.805674,2088.2 85.456067,27.805674,2088.2 85.456068,27.805674,2088.2 85.456068,27.805674,2088.2 85.456069,27.805673,2088.2 85.456069,27.805673,2088.2 85.456069,27.805672,2088.2 85.456069,27.805672,2088.2 85.45607,27.805672,2088.2 85.456071,27.80567,2088.2 85.456072,27.805669,2088.2 85.456073,27.805668,2088.2 85.456073,27.805668,2088.2 85.456074,27.805667,2088.2 85.456074,27.805667,2088.2 85.456075,27.805667,2088.2 85.456075,27.805667,2088.2 85.456076,27.805666,2088.2 85.456076,27.805666,2088.2 85.456076,27.805666,2088.2 85.456077,27.805666,2088.2 85.456077,27.805666,2088.2 85.456077,27.805665,2088.2 85.456078,27.805665,2088.2 85.456078,27.805665,2088.1 85.456078,27.805665,2088.1 85.456078,27.805665,2088.1 85.456078,27.805665,2088.1 85.456078,27.805664,2088.1 85.456079,27.805664,2088.1 85.456079,27.805664,2088.1 85.456079,27.805664,2088.1 85.456079,27.805664,2088.1 85.456079,27.805664,2088.1 85.456079,27.805664,2088.1 85.456079,27.805664,2088.1 85.45608,27.805664,2088.1 85.45608,27.805664,2088.1 85.45608,27.805664,2088.1 85.45608,27.805664,2088.1 85.45608,27.805664,2088.1 85.45608,27.805664,2088.1 85.45608,27.805664,2088.1 85.456081,27.805664,2089.5 85.456081,27.805664,2089.5 85.456081,27.805664,2089.5 85.456081,27.805664,2089.5 85.456081,27.805664,2089.4 85.456081,27.805664,2089.4 85.456081,27.805663,2089.4 85.45608,27.805663,2088.1 85.45608,27.805663,2088.1 85.456081,27.805663,2089.4 85.456081,27.805663,2089.4 85.456081,27.805663,2089.4 85.45608,27.805663,2088.1 85.45608,27.805664,2088.1 85.45608,27.805664,2088.1 85.45608,27.805664,2088.1 85.45608,27.805664,2088.1 85.45608,27.805664,2088.1 85.45608,27.805664,2088.1 85.45608,27.805663,2088.1 85.45608,27.805663,2088.1 85.45608,27.805663,2088.1 85.45608,27.805663,2088.1 85.45608,27.805663,2088 85.45608,27.805663,2088 85.456081,27.805663,2089.4 85.456082,27.805665,2089.4 85.45608,27.805667,2088 85.456077,27.80567,2088 85.456074,27.805671,2088 85.456073,27.805671,2088 85.456072,27.80567,2088 85.456071,27.80567,2088 85.45607,27.80567,2088 85.456069,27.80567,2088 85.456068,27.80567,2088 85.456068,27.80567,2088 85.456068,27.805669,2088 85.456068,27.805668,2088 85.456069,27.805668,2088 85.456069,27.805668,2088 85.45607,27.805666,2088 85.456071,27.805666,2088 85.456073,27.805665,2088 85.456074,27.805664,2088 85.456075,27.805663,2088 85.456075,27.805662,2088 85.456076,27.805662,2088 85.456076,27.805662,2088 85.456077,27.805661,2088 85.456077,27.805661,2088 85.456078,27.805661,2088 85.456079,27.805661,2088 85.45608,27.80566,2088 85.456081,27.80566,2089.3 85.456083,27.805659,2089.3 85.456082,27.805659,2089.3 85.456081,27.805659,2089.3 85.456081,27.805659,2089.3 85.456081,27.805659,2089.3 85.456081,27.805659,2089.3 85.45608,27.80566,2088 85.45608,27.805661,2088 85.456081,27.805661,2089.3 85.456081,27.805662,2089.3 85.456081,27.805662,2089.3 85.456081,27.805663,2089.3 85.456081,27.805664,2089.3 85.456081,27.805666,2089.3 85.45608,27.805668,2087.9 85.45608,27.805671,2087.9 85.45608,27.805674,2087.9 85.456079,27.805679,2087.6 85.45608,27.805682,2087.6 85.45608,27.805684,2087.6 85.45608,27.805685,2087.6 85.456081,27.805686,2089.1 85.456081,27.805685,2089.1 85.456082,27.805685,2089.1 85.456081,27.805684,2089.1 85.456082,27.805685,2089.1 85.456082,27.805686,2089.1 85.456082,27.805686,2089.1 85.456082,27.805686,2089.1 85.456082,27.805686,2089.1 85.456083,27.805685,2089.1 85.456083,27.805684,2089.1 85.456084,27.805683,2089.1 85.456085,27.805682,2089.1 85.456084,27.805681,2089.1 85.456084,27.80568,2089.1 85.456084,27.805679,2089.1 85.456084,27.805678,2089.1 85.456084,27.805677,2089.1 85.456083,27.805677,2089 85.456083,27.805677,2089 85.456082,27.805677,2089 85.456082,27.805677,2089 85.456081,27.805677,2089 85.456081,27.805677,2089 85.456081,27.805677,2089 85.456081,27.805679,2089 85.45608,27.805679,2087.6 85.456078,27.805682,2087.6 85.456078,27.805683,2087.6 85.456077,27.805684,2087.6 85.456077,27.805685,2087.6 85.456077,27.805685,2087.6 85.456077,27.805685,2087.6 85.456076,27.805685,2087.6 85.456076,27.805686,2087.6 85.456076,27.805686,2087.6 85.456076,27.805686,2087.6 85.456076,27.805686,2087.5 85.456076,27.805687,2087.5 85.456076,27.805687,2087.5 85.456076,27.805687,2087.5 85.456075,27.805687,2087.5 85.456075,27.805688,2087.5 85.456075,27.805688,2087.5 85.456075,27.805688,2087.5 85.456075,27.805688,2087.5 85.456075,27.805688,2087.5 85.456075,27.805688,2087.5 85.456075,27.805688,2087.5 85.456075,27.805688,2087.5 85.456075,27.805688,2087.5 85.456075,27.805688,2087.5 85.456075,27.805689,2087.5 85.456075,27.805688,2087.5 85.456075,27.805688,2087.5 85.456075,27.805688,2087.5 85.456075,27.805688,2087.5 85.456075,27.805688,2087.5 85.456074,27.805687,2087.5 85.456074,27.805687,2087.5 85.456074,27.805687,2087.5 85.456074,27.805687,2087.5 85.456074,27.805687,2087.5 85.456074,27.805686,2087.5 85.456074,27.805686,2087.5 85.456074,27.805686,2087.5 85.456074,27.805686,2087.5 85.456074,27.805686,2087.5 85.456074,27.805685,2087.5 85.456074,27.805685,2087.5 85.456074,27.805685,2087.5 85.456074,27.805685,2087.5 85.456074,27.805685,2087.5 85.456074,27.805685,2087.5 85.456074,27.805685,2087.5 85.456074,27.805685,2087.5 85.456074,27.805684,2087.5 85.456074,27.805684,2087.5 85.456074,27.805684,2087.5 85.456074,27.805684,2087.4 85.456074,27.805684,2087.4 85.456074,27.805684,2087.4 85.456074,27.805683,2087.4 85.456074,27.805683,2087.4 85.456074,27.805683,2087.4 85.456074,27.805683,2087.4 85.456074,27.805683,2087.4 85.456074,27.805683,2087.4 85.456073,27.805683,2087.4 85.456073,27.805683,2087.4 85.456073,27.805682,2087.4 85.456073,27.805682,2087.4 85.456073,27.805682,2087.4 85.456073,27.805682,2087.4 85.456073,27.805682,2087.4 85.456072,27.805682,2087.4 85.456072,27.805681,2087.4 85.456072,27.805681,2087.4 85.456072,27.805681,2087.4 85.456072,27.805681,2087.4 85.456072,27.805681,2087.4 85.456072,27.805681,2087.4 85.456072,27.80568,2087.4 85.456072,27.80568,2087.4 85.456072,27.805679,2087.4 85.456073,27.805679,2087.4 85.456075,27.805679,2087.4 85.456075,27.805682,2087.4 85.456076,27.805687,2087.4 85.456077,27.805695,2087.4 85.456078,27.805697,2087.4 85.456078,27.805706,2087.4 85.456078,27.805713,2087.4 85.456076,27.80572,2087.1 85.456072,27.805726,2087.1 85.45607,27.80573,2087.1 85.456069,27.805734,2087.1 85.456069,27.805738,2087.1 85.456069,27.805743,2087.1 85.456072,27.805748,2087.1 85.456074,27.805753,2086.9 85.456076,27.805754,2086.9 85.456079,27.805753,2086.9 85.45608,27.805751,2087.1 85.45608,27.80575,2087.1 85.456081,27.805749,2088.6 85.456081,27.805749,2088.6 85.456081,27.805749,2088.6 85.45608,27.805749,2087 85.45608,27.80575,2087 85.45608,27.80575,2087 85.456079,27.80575,2087 85.456079,27.80575,2087 85.456078,27.80575,2087 85.456079,27.80575,2087 85.45608,27.80575,2087 85.456081,27.805749,2088.6 85.456082,27.805749,2088.6 85.456082,27.80575,2088.6 85.456083,27.805751,2088.6 85.456084,27.805753,2088.4 85.456087,27.805758,2088.4 85.456088,27.805757,2088.4 85.456089,27.805757,2088.4 85.456089,27.805757,2088.4 85.456089,27.805758,2088.4 85.456089,27.805759,2088.4 85.456089,27.805759,2088.4 85.456089,27.805759,2088.4 85.456089,27.805759,2088.4 85.456089,27.80576,2088.4 85.456089,27.80576,2088.4 85.456088,27.805761,2088.4 85.456088,27.805761,2088.3 85.456087,27.805761,2088.3 85.456087,27.805761,2088.3 85.456087,27.805762,2088.3 85.456087,27.805763,2088.3 85.456086,27.805763,2088.3 85.456086,27.805762,2088.3 85.456086,27.805761,2088.3 85.456086,27.805759,2088.3 85.456086,27.805757,2088.3 85.456087,27.805756,2088.3 85.456087,27.805755,2088.3 85.456088,27.805754,2088.3 85.456088,27.805754,2088.3 85.456089,27.805753,2088.3 85.456089,27.805753,2088.3 85.456089,27.805753,2088.3 85.456089,27.805753,2088.3 85.456088,27.805753,2088.3 85.456088,27.805753,2088.3 85.456088,27.805753,2088.3 85.456089,27.805752,2088.5 85.456089,27.805752,2088.5 85.456089,27.805752,2088.5 85.456088,27.805752,2088.5 85.456088,27.805752,2088.5 85.456088,27.805752,2088.5 85.456088,27.805751,2088.5 85.456089,27.805751,2088.5 85.456089,27.805751,2088.5 85.45609,27.805751,2088.5 85.45609,27.80575,2088.4 85.456091,27.80575,2088.4 85.456091,27.80575,2088.4 85.456087,27.805751,2088.4 85.456084,27.805749,2088.4 85.456083,27.805745,2088.4 85.456083,27.805744,2088.4 85.456081,27.805744,2088.4 85.45608,27.805744,2086.9 85.456078,27.805745,2086.9 85.456076,27.805747,2086.9 85.456077,27.805748,2086.9 85.456077,27.805748,2086.9 85.456076,27.805748,2086.9 85.456071,27.805748,2086.9 85.456063,27.805753,2086.7 85.456056,27.805762,2086.7 85.456051,27.805771,2086.7 85.456039,27.805784,2086.7 85.456027,27.805792,2085.2 85.456015,27.805798,2085.2 85.456005,27.805802,2085.2 85.455997,27.805807,2085.2 85.45599,27.805809,2084 85.455986,27.805804,2084 85.455989,27.805798,2084 85.455989,27.805797,2083.9 85.45599,27.805797,2083.9 85.45599,27.805797,2083.9 85.455988,27.805797,2083.9 85.455988,27.805796,2083.9 85.455988,27.805795,2083.9 85.455989,27.805795,2083.9 85.455989,27.805795,2083.9 85.455989,27.805795,2083.9 85.455988,27.805794,2083.9 85.455987,27.805794,2083.9 85.455986,27.805796,2083.9 85.455982,27.805798,2083.9 85.455979,27.805799,2083.9 85.455978,27.8058,2083.9 85.455978,27.805802,2083.9 85.455978,27.805805,2083.9 85.455978,27.805807,2083.9 85.455978,27.805811,2083.9 85.45598,27.805813,2083.9 85.455981,27.805813,2083.9 85.455981,27.805813,2083.9 85.455981,27.805814,2083.9 85.455984,27.805815,2083.9 85.455985,27.805816,2083.9 85.455988,27.805817,2083.9 85.45599,27.805817,2083.9 85.455991,27.805818,2083.9 85.455993,27.805819,2083.9 85.455995,27.805821,2085.1 85.455999,27.805821,2085.1 85.456001,27.805823,2085.1 85.456002,27.805823,2085.1 85.456002,27.805824,2085.1 85.456003,27.805825,2085.1 85.456004,27.805826,2085.1 85.456004,27.805827,2085.1 85.456005,27.805827,2085.1 85.456005,27.805828,2085.1 85.456005,27.805828,2085.1 85.456006,27.805827,2085.1 85.456006,27.805828,2085.1 85.456006,27.805828,2085.1 85.456007,27.805828,2085.1 85.456007,27.805828,2085.1 85.456007,27.805828,2085.1 85.456007,27.805828,2085.1 85.456007,27.805828,2085.1 85.456007,27.805827,2085.1 85.456007,27.805827,2085.1 85.456007,27.805827,2085.1 85.456007,27.805827,2085.1 85.456007,27.805827,2085.1 85.456007,27.805827,2085.1 85.456007,27.805827,2085.1 85.456008,27.805826,2085.1 85.456012,27.805822,2085.1 85.456017,27.805818,2085.1 85.456018,27.805814,2085.1 85.456019,27.805812,2085.1 85.456022,27.80581,2085.1 85.456021,27.805809,2085 85.456021,27.805806,2085 85.456021,27.805804,2085 85.456019,27.805805,2085 85.456017,27.805807,2085 85.456016,27.805806,2085 85.456016,27.805805,2085 85.456016,27.805803,2085 85.456016,27.805803,2085 85.456016,27.805801,2085 85.456016,27.805801,2085 85.456016,27.805801,2085 85.456016,27.8058,2085 85.456016,27.8058,2085 85.456016,27.805799,2085 85.456016,27.805799,2085 85.456016,27.805799,2085 85.456016,27.805799,2085 85.456016,27.805799,2085 85.456016,27.805799,2085 85.456015,27.805799,2085 85.456015,27.805799,2085 85.456015,27.805799,2085 85.456015,27.805798,2085 85.456015,27.805798,2085 85.456016,27.805798,2085 85.456016,27.805798,2085 85.456016,27.805797,2085 85.456016,27.805797,2085 85.456016,27.805797,2085 85.456016,27.805797,2085 85.456016,27.805796,2085 85.456016,27.805796,2085 85.456016,27.805796,2085 85.456016,27.805796,2085 85.456016,27.805796,2085 85.456016,27.805795,2085 85.456016,27.805795,2085 85.456016,27.805795,2085 85.456016,27.805795,2085 85.456016,27.805794,2085 85.456015,27.805794,2085 85.456015,27.805794,2084.9 85.456015,27.805794,2084.9 85.456015,27.805794,2084.9 85.456015,27.805794,2084.9 85.456015,27.805793,2084.9 85.456015,27.805793,2084.9 85.456015,27.805794,2084.9 85.456015,27.805794,2084.9 85.456015,27.805794,2084.9 85.456015,27.805794,2084.9 85.456015,27.805795,2084.9 85.456015,27.805795,2084.9 85.456015,27.805795,2084.9 85.456015,27.805795,2084.9 85.456014,27.805795,2084.9 85.456014,27.805795,2084.9 85.456014,27.805795,2084.9 85.456014,27.805795,2084.9 85.456014,27.805795,2084.9 85.456014,27.805795,2084.9 85.456014,27.805795,2084.9 85.456014,27.805795,2084.9 85.456013,27.805795,2084.9 85.456013,27.805794,2084.9 85.456013,27.805794,2084.9 85.456013,27.805794,2084.9 85.456013,27.805794,2084.9 85.456013,27.805794,2084.9 85.456013,27.805794,2084.9 85.456013,27.805794,2084.9 85.456013,27.805794,2084.9 85.456013,27.805794,2084.9 85.456013,27.805794,2084.9 85.456013,27.805794,2084.9 85.456013,27.805794,2084.9 85.456013,27.805794,2084.9 85.456013,27.805794,2084.9 85.456013,27.805794,2084.9 85.456012,27.805793,2084.9 85.456006,27.805794,2084.9 85.455997,27.805797,2084.9 85.455982,27.805807,2083.6 85.455974,27.805814,2083.6 85.455965,27.805822,2083.6 85.455959,27.805828,2083.6 85.455959,27.80583,2083.8 85.455959,27.805826,2083.6 85.455957,27.805825,2083.6 85.455954,27.805826,2083.6 85.455952,27.805827,2083.6 85.45595,27.805828,2082.5 85.45595,27.805828,2082.5 85.455949,27.805828,2082.5 85.455949,27.805828,2082.5 85.455948,27.805828,2082.5 85.455948,27.805828,2082.4 85.455948,27.80583,2082.7 85.455945,27.805835,2082.7 85.455941,27.805839,2082.7 85.455937,27.805843,2082.7 85.455927,27.805852,2082.7 85.455916,27.805856,2082.7 85.455908,27.805857,2081.7 85.455899,27.805859,2081.7 85.45589,27.805862,2081.7 85.455884,27.80587,2082 85.455883,27.80588,2082 85.455883,27.805891,2081.9 85.455881,27.8059,2081.9 85.455877,27.805907,2082.1 85.455868,27.805913,2082.1 85.455859,27.805917,2081.1 85.45585,27.805921,2081.1 85.455843,27.805927,2081.1 85.455836,27.805934,2081.1 85.45583,27.805941,2081.1 85.455825,27.805951,2081.2 85.455822,27.805954,2080.2 85.455815,27.805956,2080.2 85.455809,27.80596,2080.2 85.455801,27.805966,2080.2 85.45579,27.805973,2080.2 85.455785,27.805978,2080.2 85.455777,27.805986,2079.6 85.455771,27.805993,2079.6 85.455765,27.805999,2079.6 85.455755,27.806007,2079.6 85.45575,27.806012,2079.6 85.455744,27.806019,2079.9 85.455736,27.806025,2079.4 85.455728,27.80603,2079.4 85.45572,27.806036,2079.4 85.455711,27.806039,2079.4 85.455702,27.806044,2079.4 85.455697,27.806049,2079.4 85.455692,27.806055,2079.1 85.455687,27.806062,2079.5 85.455682,27.80607,2079.5 85.455675,27.806076,2079.5 85.455667,27.806081,2079.5 85.45566,27.806088,2079.5 85.455652,27.806096,2079.6 85.455644,27.806101,2079.9 85.455635,27.806105,2079.9 85.455625,27.806111,2079.9 85.455615,27.806119,2079.9 85.455607,27.806125,2080.6 85.455601,27.806133,2081.1 85.455592,27.80614,2081.1 85.455584,27.806144,2081.1 85.455569,27.806149,2081.1 85.455564,27.806153,2082.4 85.455557,27.80616,2082.4 85.45555,27.806168,2082.3 85.455543,27.806176,2083 85.455536,27.806183,2083 85.455531,27.806192,2083 85.455525,27.8062,2083 85.455518,27.806208,2085.4 85.455511,27.806214,2085.4 85.455503,27.806221,2085.4 85.455492,27.806228,2085.4 85.455486,27.806233,2085.4 85.455477,27.806238,2087 85.455468,27.806246,2087.8 85.455463,27.806252,2087.8 85.455457,27.806263,2087.8 85.455451,27.806266,2087.8 85.455441,27.806268,2087.8 85.455431,27.806273,2089.5 85.455423,27.806277,2089.5 85.455413,27.806285,2090.3 85.455403,27.806291,2090.3 85.455395,27.806299,2090.3 85.455387,27.806306,2092 85.455379,27.806312,2092 85.45537,27.806318,2092 85.455363,27.806325,2092.8 85.455356,27.806333,2092.8 85.455348,27.806339,2094.5 85.45534,27.806345,2094.5 85.455332,27.80635,2094.5 85.455324,27.806357,2094.5 85.45532,27.806367,2095.3 85.455312,27.806376,2095.3 85.455305,27.806384,2096.9 85.455301,27.806394,2096.9 85.455296,27.806404,2097.6 85.455289,27.806414,2097.6 85.45528,27.80642,2097.6 85.455273,27.806427,2097.6 85.455269,27.806437,2098.3 85.455263,27.806445,2099.7 85.455253,27.806451,2099.7 85.455243,27.806459,2099.7 85.455234,27.806467,2099.7 85.455226,27.806475,2100.3 85.455219,27.806483,2101.4 85.455212,27.806492,2101.4 85.455204,27.8065,2101.4 85.455195,27.806508,2101.4 85.455189,27.806516,2101.9 85.455183,27.806525,2101.9 85.455175,27.806532,2102.7 85.455166,27.806539,2102.7 85.455158,27.806547,2102.7 85.455151,27.806556,2103.2 85.455143,27.806564,2103.2 85.455135,27.806573,2103.9 85.45513,27.806584,2103.9 85.455125,27.806594,2104.5 85.45512,27.806602,2104.5 85.455115,27.80661,2104.5 85.455109,27.806619,2104.5 85.455101,27.806626,2105.1 85.455095,27.806634,2105.1 85.45509,27.806641,2105.9 85.455085,27.80665,2105.9 85.455081,27.806659,2105.9 85.455078,27.806667,2106.6 85.455077,27.806676,2106.6 85.455074,27.806685,2106.6 85.455071,27.806694,2106.6 85.455071,27.806703,2107.4 85.45507,27.806712,2107.4 85.455068,27.806722,2107.4 85.455066,27.806732,2107.4 85.455064,27.806741,2108.1 85.455064,27.80675,2108.1 85.455066,27.806758,2108.1 85.455065,27.806766,2108.1 85.455059,27.806774,2108.1 85.455053,27.806783,2108.8 85.455046,27.806791,2109.4 85.455042,27.806801,2109.4 85.455038,27.80681,2109.4 85.455032,27.806816,2109.5 85.455024,27.806818,2109.5 85.455013,27.806821,2109.5 85.455002,27.806822,2109.5 85.454993,27.80682,2109.6 85.454986,27.806821,2109.6 85.454986,27.806826,2109.6 85.454993,27.806832,2109.6 85.455001,27.806832,2109.6 85.455008,27.806832,2109.7 85.455009,27.806837,2109.7 85.455008,27.806844,2109.7 85.455012,27.806848,2109.7 85.45502,27.806849,2109.7 85.455027,27.80685,2109.7 85.455033,27.806851,2109.8 85.455039,27.806857,2109.8 85.455044,27.806863,2109.8 85.45505,27.806865,2109.8 85.45506,27.806868,2109.9 85.455067,27.806873,2109.9 85.455076,27.806875,2109.9 85.455086,27.806877,2109.9 85.455094,27.806879,2109.9 85.455103,27.806882,2110 85.455113,27.806883,2110 85.455121,27.806884,2110 85.455131,27.806887,2110 85.45514,27.80689,2110.1 85.455148,27.806894,2110.1 85.455157,27.806899,2110.1 85.455165,27.806903,2110.1 85.455173,27.806908,2110.2 85.455179,27.806915,2110.2 85.455185,27.806922,2110.2 85.455191,27.806931,2110.3 85.455193,27.806939,2110.3 85.455197,27.806947,2110.3 85.455201,27.806955,2110.3 85.455205,27.806964,2110.4 85.455209,27.806972,2110.4 85.455214,27.80698,2110.4 85.455218,27.806987,2110.4 85.455223,27.806995,2110.5 85.455227,27.807003,2110.5 85.455231,27.80701,2110.5 85.455234,27.807019,2110.5 85.455238,27.807027,2110.6 85.455241,27.807036,2110.6 85.455244,27.807047,2110.6 85.455247,27.807056,2110.7 85.455249,27.807065,2110.7 85.455252,27.807073,2110.7 85.455254,27.807082,2110.7 85.455253,27.807092,2110.8 85.455251,27.807102,2110.8 85.45525,27.807112,2110.8 85.455248,27.807122,2110.9 85.455246,27.80713,2110.9 85.455243,27.807139,2110.9 85.45524,27.807148,2110.9 85.455238,27.80716,2111 85.455236,27.807166,2111 85.455233,27.807176,2111 85.455232,27.807184,2111 85.455232,27.807194,2111.1 85.455231,27.807204,2111.1 85.455233,27.807213,2111.1 85.455235,27.807223,2111.2 85.455239,27.807232,2111.2 85.455245,27.80724,2111.2 85.455253,27.807246,2111.2 85.455263,27.807253,2111.3 85.455274,27.807257,2111.3 85.455287,27.807261,2111.3 85.455299,27.807265,2111.4 85.45531,27.807269,2111.4 85.455322,27.807274,2111.4 85.455332,27.807277,2111.5 85.455343,27.807279,2111.5 85.455355,27.807281,2111.5 85.455366,27.80728,2111.6 85.455377,27.807278,2111.6 85.455388,27.807275,2111.6 85.455399,27.807272,2111.6 85.455408,27.807269,2111.7 85.455419,27.807267,2111.7 85.45543,27.807264,2111.7 85.455439,27.80726,2111.8 85.455449,27.807256,2111.8 85.455459,27.807252,2111.8 85.455467,27.807248,2111.8 85.455474,27.807243,2111.9 85.455483,27.807238,2111.9 85.455492,27.807232,2111.9 85.455501,27.807227,2111.9 85.455509,27.807222,2112 85.455518,27.807215,2112 85.455524,27.807209,2112 85.455531,27.807203,2112.1 85.455539,27.807197,2112.1 85.455545,27.807191,2112.1 85.45555,27.807184,2112.1 85.455555,27.807177,2112.2 85.455557,27.807169,2112.2 85.455561,27.807161,2112.2 85.455565,27.807153,2112.2 85.455569,27.807144,2112.3 85.455572,27.807134,2112.3 85.455575,27.807124,2112.3 85.455579,27.807115,2112.3 85.455582,27.807107,2112.4 85.455587,27.807098,2112.4 85.45559,27.80709,2112.4 85.455592,27.80708,2112.5 85.455595,27.807071,2112.5 85.455597,27.807062,2112.5 85.455598,27.807054,2112.5 85.455602,27.807046,2112.6 85.455608,27.807037,2112.6 85.455614,27.80703,2112.6 85.45562,27.807023,2112.6 85.455628,27.807015,2112.7 85.455636,27.807009,2112.7 85.455646,27.807004,2112.7 85.455658,27.807001,2112.8 85.455673,27.806999,2112.8 85.455687,27.806997,2112.8 85.4557,27.806996,2112.9 85.455713,27.806998,2112.9 85.455724,27.807003,2112.9 85.455735,27.807006,2113 85.455747,27.807009,2113 85.455759,27.807016,2113 85.455768,27.807024,2113.1 85.455778,27.807034,2113.1 85.455782,27.807041,2113.1 85.455791,27.807048,2113.2 85.4558,27.807057,2113.2 85.455808,27.807064,2113.2 85.455817,27.807074,2113.3 85.455822,27.807079,2113.3 85.455829,27.807087,2113.3 85.455838,27.807093,2113.4 85.455846,27.807098,2113.4 85.455854,27.807103,2113.4 85.455864,27.807109,2113.4 85.455871,27.807114,2113.5 85.455878,27.80712,2113.5 85.455887,27.807125,2113.5 85.455898,27.807127,2113.5 85.455907,27.807132,2113.6 85.455914,27.807137,2113.6 85.455924,27.807141,2113.6 85.455933,27.807146,2113.6 85.455942,27.807151,2113.7 85.455954,27.807156,2113.7 85.455958,27.807161,2113.7 85.455965,27.807166,2113.8 85.455974,27.807172,2113.8 85.455984,27.807178,2113.8 85.455997,27.807188,2113.9 85.456002,27.807193,2113.9 85.456009,27.807201,2113.9 85.456016,27.80721,2113.9 85.456023,27.80722,2114 85.456028,27.807229,2114 85.456033,27.80724,2114 85.456034,27.80725,2114.1 85.456033,27.807261,2114.1 85.45603,27.807271,2114.1 85.456025,27.80728,2114.2 85.456018,27.807292,2114.2 85.456016,27.807298,2114.2 85.456011,27.807305,2114.2 85.456005,27.807313,2114.3 85.456001,27.807321,2114.3 85.455995,27.807327,2114.3 85.45599,27.807334,2114.3 85.455984,27.807341,2114.4 85.455977,27.807348,2114.4 85.455972,27.807355,2114.4 85.455968,27.807362,2114.4 85.455961,27.80737,2114.5 85.455952,27.807377,2114.5 85.455946,27.807386,2114.5 85.455947,27.807397,2114.6 85.455951,27.807404,2114.6 85.455943,27.807409,2114.6 85.455928,27.807412,2114.7 85.455915,27.807415,2114.7 85.455903,27.807418,2114.7 85.455893,27.80742,2114.8 85.455884,27.807423,2114.8 85.455873,27.807426,2114.8 85.455864,27.807429,2114.8 85.455853,27.807434,2114.9 85.455845,27.807437,2114.9 85.455837,27.807438,2114.9 85.455831,27.807443,2114.9 85.455825,27.807451,2115 85.455815,27.80746,2115 85.455803,27.807468,2115 85.455795,27.807477,2115.1 85.455787,27.807486,2115.1 85.455786,27.807497,2115.1 85.455783,27.807505,2115.2 85.455778,27.807511,2115.2 85.455773,27.807518,2115.2 85.455768,27.807526,2115.2 85.455763,27.807532,2115.3 85.455758,27.807539,2115.3 85.455752,27.807546,2115.3 85.455748,27.807554,2115.3 85.455743,27.807563,2115.4 85.45574,27.807572,2115.4 85.455738,27.807583,2115.4 85.455737,27.807593,2115.5 85.455739,27.807603,2115.5 85.455742,27.807612,2115.5 85.455745,27.807621,2115.5 85.455747,27.807631,2115.6 85.455751,27.807639,2115.6 85.455757,27.807647,2115.6 85.455765,27.807653,2115.6 85.45577,27.807657,2115.7 85.455771,27.807664,2115.7 85.455769,27.807669,2115.7 85.455774,27.807672,2115.7 85.455782,27.807675,2115.7 85.455789,27.807679,2115.8 85.455798,27.807681,2115.8 85.455806,27.807684,2115.8 85.45581,27.80769,2115.8 85.455816,27.807696,2115.9 85.455825,27.8077,2115.9 85.455835,27.807704,2115.9 85.455845,27.807707,2115.9 85.455855,27.80771,2116 85.455864,27.807714,2116 85.455874,27.807716,2116 85.455883,27.807719,2116 85.455891,27.807722,2116.1 85.455901,27.807726,2116.1 85.455911,27.80773,2116.1 85.455922,27.807733,2116.2 85.455933,27.807737,2116.2 85.455944,27.807741,2116.2 85.455955,27.807743,2116.2 85.455967,27.807743,2116.3 85.455978,27.807746,2116.3 85.455989,27.80775,2116.3 85.456001,27.807754,2116.4 85.456013,27.807759,2116.4 85.456022,27.807764,2116.4 85.456028,27.807773,2116.5 85.456034,27.807783,2116.5 85.456038,27.807792,2116.5 85.456044,27.807801,2116.6 85.456047,27.80781,2116.6 85.456046,27.807821,2116.6 85.456044,27.807831,2116.6 85.456041,27.807841,2116.7 85.456037,27.807851,2116.7 85.456033,27.80786,2116.7 85.456027,27.807867,2116.8 85.456021,27.807874,2116.8 85.456014,27.807881,2116.8 85.456009,27.807889,2116.8 85.456006,27.807896,2116.9 85.456003,27.807905,2116.9 85.456,27.807914,2116.9 85.455995,27.807923,2116.9 85.455993,27.807934,2117 85.455991,27.807945,2117 85.455992,27.807956,2117 85.455993,27.807967,2117.1 85.455995,27.807977,2117.1 85.455995,27.807988,2117.1 85.455998,27.807998,2117.2 85.456004,27.808007,2117.2 85.456014,27.808014,2117.2 85.456025,27.80802,2117.3 85.456035,27.808025,2117.3 85.456045,27.80803,2117.3 85.456054,27.808036,2117.4 85.456065,27.80804,2117.4 85.456074,27.808046,2117.4 85.456083,27.808051,2117.4 85.456091,27.808057,2117.5 85.456099,27.808065,2117.5 85.456107,27.808072,2117.5 85.456116,27.808078,2117.6 85.456121,27.808086,2117.6 85.456124,27.808096,2117.6 85.456129,27.808105,2117.7 85.456136,27.808112,2117.7 85.456141,27.808121,2117.7 85.456144,27.808135,2117.8 85.45615,27.808145,2117.8 85.456158,27.808158,2117.8 85.456167,27.808169,2117.9 85.456174,27.80818,2117.9 85.45618,27.808191,2117.9 85.456184,27.808202,2118 85.456189,27.808211,2118 85.456197,27.808216,2118 85.456205,27.808219,2118 85.456214,27.808222,2118 85.456221,27.808225,2118.1 85.45623,27.808229,2118.1 85.456239,27.808231,2118.1 85.456249,27.808233,2118.1 85.456258,27.808234,2118.1 85.456268,27.808234,2118.1 85.456276,27.808234,2118.1 85.456285,27.808231,2118.2 85.456294,27.808227,2118.2 85.456303,27.808223,2118.2 85.456313,27.808218,2118.2 85.456323,27.808213,2118.2 85.456332,27.808207,2118.2 85.456341,27.808202,2118.3 85.456349,27.808198,2118.3 85.456359,27.808194,2118.3 85.456368,27.808191,2118.3 85.456378,27.808188,2118.3 85.456389,27.808183,2118.3 85.4564,27.808179,2118.3 85.45641,27.808174,2118.4 85.456422,27.808169,2118.4 85.456433,27.808166,2118.4 85.456444,27.808163,2118.4 85.456449,27.808156,2118.4 85.456444,27.808148,2118.4 85.456435,27.808142,2118.4 85.456425,27.808138,2118.4 85.456414,27.808132,2118.4 85.456411,27.808123,2118.4 85.45642,27.808116,2118.4 85.456433,27.808116,2118.4 85.456446,27.808117,2118.4 85.456457,27.808115,2118.4 85.456467,27.808111,2118.4 85.456478,27.808105,2118.4 85.456489,27.8081,2118.4 85.4565,27.808099,2118.4 85.456511,27.808095,2118.4 85.456522,27.808087,2118.4 85.456532,27.80808,2118.4 85.456542,27.808072,2118.4 85.45655,27.808063,2118.4 85.456555,27.808053,2118.4 85.456561,27.808042,2118.4 85.456563,27.808032,2118.4 85.456565,27.808021,2118.4 85.456565,27.80801,2118.4 85.456565,27.807999,2118.4 85.456566,27.80799,2118.4 85.45657,27.80798,2118.4 85.456574,27.807972,2118.4 85.456578,27.807963,2118.4 85.45658,27.807954,2118.4 85.456584,27.807946,2118.4 85.456592,27.80794,2118.4 85.456603,27.807941,2118.4 85.456614,27.807946,2118.4 85.456618,27.807949,2118.4 85.456621,27.807948,2118.4 85.456621,27.807947,2118.4 85.456622,27.807948,2118.4 85.456622,27.807949,2118.4 85.456624,27.807949,2118.4 85.456628,27.807949,2118.4 85.45663,27.807949,2118.4 85.456634,27.807949,2118.4 85.456642,27.807943,2118.4 85.456647,27.807933,2118.4 85.456645,27.807925,2118.4 85.456638,27.807923,2118.4 85.456631,27.807924,2118.4 85.456626,27.807923,2118.4 85.456623,27.80792,2118.4 85.456622,27.807918,2118.4 85.456623,27.807919,2118.3 85.456625,27.807921,2118.3 85.456625,27.807921,2118.3 85.456626,27.807921,2118.3 85.456626,27.807921,2118.3 85.456626,27.80792,2118.3 85.456627,27.807921,2118.3 85.456628,27.807922,2118.3 85.456629,27.807924,2118.3 85.456629,27.807924,2118.3 85.456629,27.807927,2118.3 85.456626,27.807934,2118.3 85.456624,27.807938,2118.3 85.456622,27.807942,2118.3 85.456619,27.807947,2118.3 85.456618,27.807949,2118.3 85.456616,27.807953,2118.3 85.456614,27.807956,2118.3 85.456611,27.807958,2118.3 85.456609,27.807962,2118.3 85.456607,27.807966,2118.3 85.456607,27.807969,2118.3 85.456607,27.807971,2118.3 85.456607,27.807972,2118.3 85.456607,27.807974,2118.3 85.456606,27.807975,2118.3 85.456606,27.807975,2118.3 85.456606,27.807975,2118.3 85.456605,27.807975,2118.3 85.456604,27.807973,2118.3 85.456601,27.80797,2118.3 85.456598,27.807968,2118.3 85.456597,27.807967,2118.3 85.456597,27.807966,2118.3 85.456596,27.807965,2118.3 85.456595,27.807965,2118.3 85.456594,27.807964,2118.3 85.456594,27.807963,2118.3 85.456593,27.807962,2118.3 85.456593,27.807961,2118.3 85.456593,27.80796,2118.3 85.456594,27.80796,2118.3 85.456595,27.807961,2118.3 85.456597,27.807962,2118.3 85.456598,27.807964,2118.3 85.456599,27.807965,2118.3 85.4566,27.807966,2118.3 85.456601,27.807968,2118.3 85.456602,27.80797,2118.3 85.456602,27.807974,2118.3 85.456601,27.807978,2118.3 85.4566,27.807983,2118.3 85.456597,27.807993,2118.2 85.456598,27.807996,2118.2 85.456595,27.80801,2118.2 85.456589,27.808021,2118.2 85.456581,27.80803,2118.2 85.456571,27.80804,2118.2 85.456565,27.808048,2118.2 85.456555,27.808065,2118.2 85.456547,27.808079,2118.2 85.456545,27.808091,2118.2 85.456547,27.808102,2118.2 85.456548,27.808113,2118.3 85.456552,27.808123,2118.3 85.456561,27.808135,2118.3 85.456568,27.808138,2118.3 85.456576,27.808145,2118.3 85.456583,27.808151,2118.3 85.456589,27.808159,2118.3 85.456591,27.808165,2118.3 85.456588,27.80817,2118.3 85.456581,27.808173,2118.4 85.456569,27.808171,2118.4 85.456557,27.808169,2118.4 85.456545,27.808166,2118.4 85.456533,27.808161,2118.4 85.456525,27.808156,2118.4 85.456522,27.808152,2118.4 85.456518,27.808151,2118.4 85.456513,27.808156,2118.5 85.456511,27.808165,2118.5 85.456511,27.808169,2118.5 85.456507,27.808171,2118.5 85.456503,27.808173,2118.5 85.456499,27.80817,2118.5 85.45649,27.808166,2118.5 85.456491,27.808165,2118.5 85.456494,27.808166,2118.5 85.456496,27.808166,2118.5 85.456496,27.808166,2118.5 85.456496,27.808167,2118.5 85.456496,27.808167,2118.5 85.456495,27.808168,2118.5 85.456494,27.808168,2118.5 85.456494,27.808168,2118.5 85.456494,27.808169,2118.5 85.456494,27.808169,2118.5 85.456495,27.808169,2118.5 85.456496,27.808169,2118.5 85.456496,27.808169,2118.5 85.456497,27.808169,2118.5 85.456498,27.808169,2118.5 85.4565,27.808169,2118.5 85.456502,27.808169,2118.5 85.456504,27.808169,2118.5 85.456505,27.808169,2118.5 85.456506,27.808169,2118.5 85.456506,27.808169,2118.5 85.456507,27.808168,2118.5 85.456508,27.808167,2118.5 85.45651,27.808168,2118.5 85.456511,27.808169,2118.5 85.456511,27.80817,2118.5 85.456511,27.80817,2118.5 85.456512,27.80817,2118.5 85.456513,27.808171,2118.5 85.456518,27.808172,2118.5 85.456523,27.808177,2118.5 85.45653,27.808186,2118.5 85.456537,27.808196,2118.5 85.456545,27.808207,2118.5 85.456549,27.808219,2118.5 85.456552,27.808231,2118.5 85.456555,27.808242,2118.5 85.456558,27.808253,2118.5 85.45656,27.808264,2118.5 85.456561,27.808273,2118.5 85.456567,27.808282,2118.5 85.456568,27.808287,2118.5 85.456562,27.808294,2118.5 85.456547,27.808291,2118.4 85.456538,27.808281,2118.4 85.456538,27.80827,2118.4 85.456543,27.808259,2118.4 85.456547,27.80825,2118.4 85.456547,27.80824,2118.4 85.456548,27.808229,2118.4 85.45655,27.80822,2118.4 85.456551,27.808211,2118.4 85.456551,27.808201,2118.4 85.456552,27.808193,2118.4 85.456554,27.808186,2118.4 85.456555,27.808181,2118.4 85.456556,27.808175,2118.4 85.456557,27.80817,2118.4 85.456561,27.808165,2118.4 85.456565,27.808161,2118.4 85.456569,27.808158,2118.4 85.456574,27.808159,2118.5 85.456575,27.808161,2118.5 85.456576,27.808162,2118.5 85.456576,27.808161,2118.5 85.456576,27.808162,2118.5 85.456574,27.808162,2118.5 85.456572,27.808164,2118.5 85.456571,27.808164,2118.5 85.45657,27.808166,2118.5 85.456569,27.808167,2118.5 85.456564,27.808171,2118.5 85.456563,27.808177,2118.5 85.456564,27.808179,2118.5 85.456566,27.808178,2118.5 85.456565,27.808176,2118.5 85.456562,27.808176,2118.5 85.456561,27.808176,2118.5 85.456557,27.808175,2118.5 85.456553,27.808174,2118.5 85.45655,27.808172,2118.5 85.456549,27.80817,2118.5 85.45655,27.808168,2118.5 85.456552,27.808167,2118.5 85.456558,27.808165,2118.6 85.45656,27.808164,2118.6 85.456562,27.808163,2118.6 85.456564,27.808163,2118.6 85.456564,27.808162,2118.6 85.456566,27.80816,2118.6 85.456567,27.808159,2118.6 85.456569,27.808158,2118.6 85.456573,27.808157,2118.6 85.456576,27.808155,2118.6 85.456578,27.808155,2118.6 85.45658,27.808156,2118.6 85.456581,27.808156,2118.6 85.456585,27.808156,2118.6 85.456588,27.808155,2118.6 85.45659,27.808155,2118.6 85.456592,27.808155,2118.6 85.456593,27.808155,2118.6 85.456595,27.808155,2118.6 85.456596,27.808154,2118.6 85.456598,27.808154,2118.6 85.456599,27.808155,2118.6 85.456602,27.808154,2118.6 85.456603,27.808155,2118.6 85.456604,27.808155,2118.6 85.456605,27.808154,2118.6 85.456606,27.808155,2118.6 85.456607,27.808155,2118.6 85.456608,27.808155,2118.6 85.456609,27.808154,2118.6 85.456609,27.808154,2118.6 85.456609,27.808154,2118.6 85.456608,27.808155,2118.6 85.456608,27.808155,2118.6 85.456608,27.808155,2118.6 85.456607,27.808155,2118.6 85.456607,27.808155,2118.6 85.456607,27.808155,2118.6 85.456607,27.808155,2118.6 85.456607,27.808155,2118.6 85.456607,27.808155,2118.6 85.456605,27.808155,2118.6 85.456605,27.808155,2118.6 85.456605,27.808155,2118.6 85.456605,27.808155,2118.6 85.456606,27.808155,2118.6 85.456606,27.808156,2118.6 85.456606,27.808156,2118.6 85.456606,27.808156,2118.6 85.456607,27.808156,2118.6 85.456607,27.808156,2118.6 85.456607,27.808156,2118.6 85.456607,27.808157,2118.6 85.456606,27.808157,2118.6 85.456605,27.808156,2118.6 85.456605,27.808157,2118.6 85.456605,27.808158,2118.6 85.456605,27.808158,2118.6 85.456605,27.808159,2118.6 85.456606,27.808159,2118.7 85.456606,27.808159,2118.7 85.456606,27.80816,2118.7 85.456605,27.80816,2118.7 85.456604,27.80816,2118.7 85.456603,27.80816,2118.7 85.456602,27.80816,2118.7 85.456601,27.80816,2118.7 85.4566,27.80816,2118.7 85.4566,27.80816,2118.7 85.456601,27.80816,2118.7 85.456601,27.80816,2118.7 85.456602,27.808161,2118.7 85.456602,27.808161,2118.7 85.456602,27.808162,2118.7 85.456602,27.808163,2118.7 85.456601,27.808162,2118.7 85.4566,27.808162,2118.7 85.4566,27.808162,2118.7 85.456603,27.808164,2118.7 85.456606,27.808165,2118.7 85.456607,27.808168,2118.7 85.456606,27.80817,2118.7 85.456605,27.80817,2118.7 85.456605,27.80817,2118.7 85.456605,27.80817,2118.7 85.456606,27.808169,2118.7 85.456605,27.808169,2118.7 85.456605,27.80817,2118.7 85.456605,27.80817,2118.7 85.456605,27.808169,2118.7 85.456605,27.80817,2118.7 85.456606,27.808171,2118.7 85.456606,27.808172,2118.7 85.456604,27.808176,2118.7 85.456603,27.808182,2118.7 85.456604,27.808189,2118.7 85.456605,27.808198,2118.7 85.456605,27.808204,2118.7 85.456605,27.80821,2118.7 85.456605,27.808219,2118.7 85.456604,27.80823,2118.7 85.4566,27.808242,2118.7 85.456595,27.808253,2118.7 85.456589,27.808263,2118.7 85.456584,27.80827,2118.7 85.456582,27.808277,2118.7 85.45658,27.808281,2118.7 85.456579,27.808286,2118.7 85.456576,27.808292,2118.7 85.456567,27.808295,2118.7 85.456561,27.808299,2118.6 85.456566,27.808305,2118.6 85.456571,27.808306,2118.6 85.456572,27.808309,2118.6 85.456571,27.808313,2118.6 85.456568,27.808315,2118.6 85.456563,27.808318,2118.6 85.456558,27.808323,2118.6 85.456558,27.808327,2118.6 85.456552,27.808333,2118.6 85.456548,27.808339,2118.6 85.456545,27.808344,2118.5 85.456541,27.808351,2118.5 85.456539,27.808355,2118.5 85.456535,27.80836,2118.5 85.456532,27.808366,2118.5 85.456529,27.80837,2118.5 85.456527,27.808376,2118.4 85.456525,27.808382,2118.4 85.456524,27.808388,2118.4 85.456522,27.808395,2118.4 85.456522,27.8084,2118.4 85.456521,27.808407,2118.3 85.456522,27.808413,2118.3 85.456523,27.80842,2118.3 85.456528,27.808427,2118.3 85.456531,27.808432,2118.2 85.456532,27.80844,2118.2 85.456534,27.808447,2118.2 85.456534,27.808454,2118.1 85.456537,27.808461,2118.1 85.45654,27.808467,2118.1 85.456542,27.808475,2118 85.456543,27.808481,2118 85.456544,27.808489,2118 85.456544,27.808498,2117.9 85.456544,27.808504,2117.9 85.456546,27.808508,2117.9 85.45655,27.808513,2117.8 85.456553,27.808519,2117.8 85.456555,27.808526,2117.8 85.456556,27.808534,2117.7 85.456557,27.808542,2117.7 85.45656,27.808549,2117.6 85.456558,27.808554,2117.6 85.456555,27.808562,2117.5 85.456554,27.80857,2117.5 85.456554,27.808576,2117.4 85.456554,27.808584,2117.4 85.456553,27.808592,2117.3 85.456553,27.808598,2117.3 85.456555,27.808608,2117.2 85.456555,27.808613,2117.1 85.456557,27.808618,2117.1 85.456562,27.808626,2117 85.456565,27.808634,2116.9 85.456568,27.808642,2116.8 85.456573,27.80865,2116.7 85.456575,27.808658,2116.6 85.456582,27.808665,2116.5 85.456587,27.808668,2116.5 85.456592,27.808674,2116.4 85.456595,27.808683,2116.3 85.456598,27.808691,2116.2 85.456604,27.808698,2116.1 85.456612,27.808704,2116 85.456617,27.808711,2115.9 85.456618,27.808721,2115.8 85.45662,27.808729,2115.7 85.45662,27.808738,2115.6 85.456622,27.808747,2115.5 85.456625,27.808755,2115.4 85.456628,27.808762,2115.3 85.456631,27.80877,2115.2 85.456633,27.808777,2115.1 85.456638,27.808783,2115.1 85.456644,27.808787,2115 85.456649,27.808793,2114.9 85.45665,27.808799,2114.9 85.45665,27.808807,2114.8 85.45665,27.808813,2114.7 85.456648,27.80882,2114.7 85.456644,27.808828,2114.6 85.456643,27.808836,2114.5 85.456646,27.808844,2114.4 85.456651,27.80885,2114.4 85.456655,27.808856,2114.3 85.456657,27.808863,2114.2 85.45666,27.808871,2114.2 85.456664,27.808879,2114.1 85.456666,27.808881,2114.1 85.456675,27.808889,2114 85.45668,27.808888,2113.9 85.456682,27.808901,2113.8 85.456681,27.808914,2113.7 85.456681,27.808925,2113.6 85.456683,27.808937,2113.5 85.456685,27.808948,2113.4 85.456687,27.80896,2113.3 85.45669,27.808971,2113.2 85.456692,27.808981,2113.1 85.456694,27.80899,2113 85.456697,27.808997,2113 85.456699,27.809005,2112.9 85.456697,27.809012,2112.9 85.456695,27.809021,2112.8 85.456692,27.80903,2112.7 85.456688,27.809037,2112.7 85.456683,27.809044,2112.6 85.456678,27.809052,2112.6 85.456673,27.809059,2112.5 85.456667,27.809065,2112.5 85.456662,27.809072,2112.4 85.45666,27.809078,2112.4 85.456665,27.809084,2112.4 85.456667,27.80909,2112.3 85.456667,27.809095,2112.3 85.456665,27.8091,2112.3 85.456661,27.809105,2112.3 85.456653,27.809109,2112.2 85.456645,27.809114,2112.2 85.456635,27.809122,2112.1 85.456627,27.809125,2112.1 85.456615,27.809126,2112.1 85.456604,27.809129,2112.1 85.456594,27.809133,2112 85.456584,27.809137,2112 85.456575,27.809136,2112 85.456569,27.809133,2111.9 85.456562,27.809133,2111.9 85.456553,27.809136,2111.9 85.456546,27.80914,2111.9 85.456539,27.809146,2111.8 85.456536,27.80915,2111.8 85.456531,27.809154,2111.8 85.456528,27.809157,2111.8 85.456523,27.80916,2111.7 85.456515,27.809166,2111.7 85.456512,27.809167,2111.7 85.456509,27.809172,2111.6 85.456503,27.809178,2111.6 85.456495,27.809181,2111.6 85.456488,27.809184,2111.5 85.456482,27.809188,2111.5 85.45648,27.809192,2111.4 85.45648,27.809197,2111.4 85.456481,27.809197,2111.4 85.456478,27.809197,2111.4 85.456474,27.809197,2111.3 85.456468,27.809198,2111.3 85.45646,27.8092,2111.3 85.456451,27.809202,2111.2 85.456441,27.809206,2111.1 85.45643,27.80921,2111 85.45642,27.809207,2111 85.456408,27.809207,2110.9 85.456398,27.809211,2110.8 85.456393,27.809217,2110.8 85.456386,27.809224,2110.7 85.456376,27.809222,2110.6 85.456363,27.809214,2110.5 85.456357,27.809213,2110.5 85.456347,27.809214,2110.4 85.45634,27.809221,2110.3 85.45633,27.809227,2110.3 85.456319,27.809233,2110.2 85.456308,27.809237,2110.1 85.456299,27.809243,2110.1 85.456288,27.809254,2110 85.456284,27.809258,2109.9 85.456276,27.809265,2109.9 85.456268,27.809271,2109.8 85.456259,27.809275,2109.8 85.456249,27.809278,2109.7 85.456239,27.809281,2109.7 85.456229,27.809285,2109.6 85.456211,27.809289,2109.5 85.456202,27.809283,2109.5 85.456189,27.809282,2109.4 85.456177,27.809287,2109.3 85.45617,27.809295,2109.3 85.456161,27.8093,2109.2 85.456148,27.809302,2109.2 85.456136,27.809304,2109.1 85.456123,27.809307,2109.1 85.456113,27.80931,2109 85.456101,27.809314,2109 85.456091,27.809319,2108.9 85.456082,27.809325,2108.8 85.45607,27.809329,2108.8 85.456063,27.809333,2108.7 85.456055,27.80934,2108.7 85.456044,27.809347,2108.6 85.456036,27.809353,2108.6 85.456026,27.80936,2108.5 85.456015,27.809367,2108.5 85.456004,27.809373,2108.4 85.455991,27.809378,2108.3 85.455978,27.809383,2108.2 85.455966,27.809388,2108.2 85.455951,27.809395,2108.1 85.455942,27.809399,2108 85.45593,27.809404,2108 85.455916,27.809407,2107.9 85.455903,27.809411,2107.8 85.45589,27.809413,2107.7 85.455876,27.809417,2107.7 85.455864,27.809421,2107.6 85.455852,27.809425,2107.5 85.45584,27.809428,2107.5 85.45583,27.809433,2107.4 85.455825,27.809444,2107.3 85.45582,27.809454,2107.3 85.455811,27.809462,2107.2 85.455804,27.809471,2107.1 85.455799,27.809485,2107 85.455798,27.809491,2107 85.455798,27.809501,2107 85.455801,27.809511,2106.9 85.455805,27.809521,2106.9 85.455807,27.809531,2106.8 85.455808,27.809541,2106.7 85.455811,27.809552,2106.7 85.45582,27.809564,2106.6 85.455823,27.809569,2106.6 85.455829,27.809576,2106.5 85.455837,27.809584,2106.5 85.455843,27.809592,2106.4 85.455851,27.809599,2106.4 85.455855,27.809606,2106.4 85.45586,27.809614,2106.3 85.455869,27.809624,2106.2 85.455874,27.809629,2106.2 85.45588,27.809635,2106.2 85.455884,27.809644,2106.1 85.455889,27.809654,2106.1 85.455894,27.809661,2106 85.455899,27.809669,2106 85.455903,27.809676,2105.9 85.455911,27.809687,2105.9 85.455915,27.809692,2105.8 85.455921,27.8097,2105.8 85.455925,27.809709,2105.7 85.455931,27.809717,2105.7 85.455938,27.809725,2105.6 85.455944,27.809733,2105.6 85.455951,27.809741,2105.5 85.455959,27.809748,2105.4 85.455968,27.809753,2105.4 85.455977,27.809754,2105.4 85.455986,27.809757,2105.3 85.455992,27.809763,2105.3 85.455998,27.809771,2105.2 85.456003,27.809778,2105.2 85.456011,27.809785,2105.2 85.456016,27.809793,2105.1 85.456014,27.809801,2105.1 85.456017,27.809809,2105.1 85.456028,27.809814,2105.1 85.456036,27.80982,2105 85.456043,27.80983,2105 85.456049,27.80984,2105 85.456052,27.809852,2105 85.456053,27.809862,2104.9 85.456057,27.80987,2104.9 85.45606,27.809878,2104.9 85.456067,27.809885,2104.9 85.456078,27.809888,2104.9 85.456088,27.809893,2104.9 85.456096,27.809899,2104.9 85.456105,27.809905,2104.9 85.456114,27.809912,2104.9 85.456124,27.809917,2104.9 85.456132,27.809923,2104.9 85.456141,27.809927,2104.8 85.45615,27.809932,2104.8 85.456158,27.809938,2104.8 85.456167,27.809944,2104.8 85.456174,27.80995,2104.8 85.456183,27.809957,2104.8 85.456192,27.809962,2104.8 85.456202,27.809967,2104.8 85.456211,27.809973,2104.8 85.45622,27.809978,2104.8 85.456231,27.809984,2104.8 85.456241,27.809989,2104.8 85.45625,27.809995,2104.8 85.456256,27.810002,2104.8 85.456265,27.810011,2104.9 85.456275,27.810016,2104.9 85.456286,27.810016,2104.9 85.456294,27.810012,2104.9 85.456303,27.810013,2104.9 85.456312,27.810012,2104.9 85.456317,27.810015,2104.9 85.456322,27.810021,2104.9 85.45633,27.81003,2104.9 85.456339,27.810039,2104.9 85.456346,27.810053,2104.9 85.456349,27.810069,2105 85.456356,27.810084,2105 85.456367,27.810097,2105 85.45638,27.810108,2105 85.456394,27.810117,2105 85.456405,27.810126,2105 85.456414,27.810136,2105 85.456423,27.810145,2105 85.456433,27.810152,2105 85.456442,27.810159,2105.1 85.456451,27.810166,2105.1 85.456459,27.810176,2105.1 85.456465,27.810185,2105.1 85.456472,27.810196,2105.1 85.45648,27.81021,2105.2 85.456486,27.810218,2105.2 85.456494,27.810227,2105.3 85.456504,27.810235,2105.3 85.456513,27.810242,2105.3 85.456521,27.810254,2105.4 85.456525,27.810261,2105.4 85.456532,27.81027,2105.5 85.456539,27.81028,2105.5 85.456545,27.810289,2105.6 85.456551,27.810298,2105.7 85.456558,27.810307,2105.7 85.456566,27.810315,2105.8 85.456573,27.810324,2105.9 85.456578,27.810333,2105.9 85.456592,27.810345,2106 85.456596,27.810348,2106.1 85.456606,27.810354,2106.1 85.456617,27.810359,2106.2 85.456625,27.810366,2106.3 85.456637,27.810376,2106.3 85.456643,27.81038,2106.4 85.456653,27.810386,2106.4 85.456663,27.810392,2106.5 85.456673,27.810397,2106.6 85.456682,27.810405,2106.6 85.456691,27.810413,2106.7 85.456701,27.810421,2106.7 85.456712,27.81043,2106.8 85.456723,27.810438,2106.8 85.456736,27.810445,2106.9 85.45675,27.81045,2106.9 85.456763,27.810457,2107 85.456772,27.810468,2107 85.456779,27.81048,2107 85.456788,27.810489,2107.1 85.456796,27.810502,2107.1 85.456803,27.810513,2107.2 85.456809,27.810524,2107.2 85.456814,27.810536,2107.3 85.456816,27.810548,2107.3 85.456819,27.810561,2107.3 85.456819,27.810574,2107.4 85.456816,27.810587,2107.4 85.456802,27.810596,2107.5 85.45678,27.81059,2107.6 85.456767,27.810573,2107.7 85.456763,27.810563,2107.7 85.456756,27.810555,2107.7 85.456746,27.810549,2107.8 85.456731,27.810542,2107.8 85.456717,27.810536,2107.9 85.456702,27.81053,2107.9 85.456682,27.810522,2107.9 85.456673,27.810519,2108 85.456661,27.810517,2108 85.456648,27.810516,2108 85.456634,27.810516,2108 85.456621,27.810512,2108 85.456618,27.810508,2108 85.456617,27.810508,2108 85.456619,27.81051,2108 85.456622,27.810511,2108 85.456625,27.810511,2108.1 85.456627,27.810512,2108.1 85.456626,27.810511,2108.1 85.456625,27.810509,2108.1 85.456623,27.810507,2108.1 85.456621,27.810506,2108.1 85.45662,27.810504,2108.1 85.456621,27.810501,2108.1 85.456626,27.810498,2108.1 85.456634,27.810493,2108.1 85.45664,27.810491,2108.1 85.45664,27.810491,2108.1 85.456637,27.810489,2108.1 85.456634,27.810489,2108.1 85.456636,27.810492,2108.1 85.456643,27.810497,2108.1 85.456656,27.810501,2108.1 85.456664,27.810498,2108.1 85.456675,27.810492,2108.1 85.456688,27.810494,2108.2 85.456696,27.8105,2108.2 85.456724,27.810517,2108.2 85.456732,27.810521,2108.2 85.456759,27.810535,2108.3 85.456779,27.810546,2108.3 85.456796,27.810557,2108.4 85.456811,27.810569,2108.4 85.45682,27.810577,2108.5 85.45683,27.810586,2108.5 85.456838,27.810596,2108.5 85.456844,27.810604,2108.6 85.456849,27.810617,2108.6 85.456851,27.810622,2108.6 85.456855,27.810631,2108.7 85.456857,27.810641,2108.7 85.456856,27.810652,2108.7 85.456855,27.810668,2108.8 85.456855,27.810675,2108.8 85.456858,27.810685,2108.8 85.45686,27.810696,2108.8 85.456862,27.810707,2108.9 85.456864,27.810716,2108.9 85.456866,27.81073,2108.9 85.456867,27.81074,2108.9 85.456868,27.810751,2108.9 85.456869,27.810762,2108.9 85.456869,27.810772,2109 85.45687,27.810783,2109 85.456869,27.810791,2109 85.456865,27.810801,2109 85.456856,27.810808,2109 85.456845,27.810811,2109 85.456841,27.810821,2109 85.456852,27.810822,2109 85.456862,27.810824,2109.1 85.45687,27.810828,2109.1 85.456874,27.810836,2109.1 85.45687,27.810847,2109.1 85.456866,27.810855,2109.1 85.456862,27.810863,2109.1 85.456858,27.81087,2109.1 85.456856,27.810878,2109.1 85.456856,27.810889,2109.1 85.456856,27.810894,2109.1 85.456856,27.810902,2109.1 85.456854,27.81091,2109.1 85.456849,27.810917,2109.1 85.45684,27.810924,2109.1 85.456832,27.81093,2109.1 85.456825,27.810937,2109 85.456818,27.810945,2109 85.456811,27.810951,2109 85.456805,27.810958,2109 85.4568,27.810965,2109 85.456794,27.810972,2109 85.456788,27.810977,2109 85.456781,27.810984,2108.9 85.456775,27.810991,2108.9 85.456765,27.810997,2108.9 85.456756,27.811002,2108.9 85.456749,27.811008,2108.8 85.456743,27.811015,2108.8 85.456738,27.811022,2108.8 85.456729,27.811028,2108.8 85.456724,27.811035,2108.8 85.456719,27.811044,2108.7 85.456716,27.811051,2108.7 85.456712,27.81106,2108.7 85.456711,27.811067,2108.7 85.45671,27.811075,2108.7 85.456709,27.811083,2108.6 85.456706,27.811092,2108.6 85.456702,27.8111,2108.6 85.4567,27.811108,2108.6 85.456696,27.811115,2108.6 85.456691,27.811122,2108.5 85.456686,27.811128,2108.5 85.456681,27.811134,2108.5 85.456679,27.811142,2108.5 85.456681,27.811148,2108.5 85.456684,27.811156,2108.5 85.456688,27.811163,2108.5 85.456692,27.811169,2108.5 85.456699,27.811176,2108.4 85.456704,27.811179,2108.4 85.456712,27.811185,2108.4 85.456715,27.81119,2108.4 85.456717,27.811199,2108.4 85.456711,27.811206,2108.4 85.456709,27.811216,2108.4 85.456714,27.811225,2108.4 85.456718,27.811229,2108.4 85.456726,27.811234,2108.4 85.456733,27.811239,2108.4 85.456742,27.811244,2108.4 85.456753,27.811249,2108.4 85.456759,27.811251,2108.4 85.456768,27.811254,2108.4 85.456778,27.811256,2108.4 85.456788,27.811257,2108.3 85.456798,27.811257,2108.3 85.456809,27.811256,2108.3 85.456818,27.811255,2108.3 85.456827,27.811253,2108.3 85.456834,27.811251,2108.3 85.456842,27.811249,2108.3 85.456852,27.811247,2108.3 85.456858,27.811244,2108.3 85.456865,27.811242,2108.3 85.456873,27.81124,2108.3 85.45688,27.811239,2108.3 85.456893,27.811236,2108.3 85.456896,27.811237,2108.3 85.456905,27.811238,2108.3 85.456915,27.811238,2108.3 85.456925,27.81124,2108.3 85.456941,27.811241,2108.3 85.456946,27.811242,2108.3 85.456956,27.811242,2108.3 85.456967,27.811241,2108.3 85.456978,27.811241,2108.4 85.456992,27.811242,2108.4 85.457001,27.811243,2108.4 85.457011,27.81124,2108.4 85.457021,27.811236,2108.4 85.457032,27.811235,2108.5 85.45705,27.811238,2108.5 85.457057,27.811239,2108.5 85.45707,27.811239,2108.6 85.457082,27.811238,2108.6 85.457094,27.811236,2108.6 85.457112,27.81123,2108.7 85.45712,27.811226,2108.7 85.457132,27.811222,2108.7 85.457142,27.811215,2108.8 85.457144,27.811204,2108.8 85.457125,27.811197,2108.9 85.457117,27.811196,2108.9 85.457112,27.811194,2108.9 85.457115,27.811188,2108.9 85.457122,27.811183,2109 85.457133,27.811181,2109 85.457146,27.81118,2109 85.457163,27.81118,2109.1 85.45718,27.811182,2109.1 85.457197,27.811186,2109.1 85.457214,27.811188,2109.1 85.457233,27.811186,2109.2 85.45725,27.811183,2109.2 85.457264,27.811182,2109.2 85.457278,27.811181,2109.2 85.457291,27.811183,2109.2 85.457302,27.811189,2109.1 85.457313,27.811197,2109.1 85.457324,27.811206,2109.1 85.457337,27.811216,2109.1 85.457351,27.811224,2109 85.457365,27.811231,2109 85.457377,27.811239,2108.9 85.457387,27.811246,2108.9 85.457401,27.811245,2108.8 85.457413,27.811241,2108.7 85.457426,27.811245,2108.7 85.457435,27.811252,2108.6 85.457442,27.811262,2108.6 85.457448,27.811271,2108.5 85.457457,27.811279,2108.5 85.457467,27.811287,2108.4 85.457476,27.811295,2108.3 85.457485,27.811303,2108.3 85.457497,27.811309,2108.2 85.457509,27.811315,2108.1 85.457519,27.811322,2108.1 85.457527,27.81133,2108 85.457534,27.811339,2108 85.45754,27.811348,2107.9 85.457547,27.811358,2107.9 85.457553,27.811367,2107.8 85.45756,27.811379,2107.8 85.457562,27.811391,2107.7 85.457562,27.811402,2107.7 85.457562,27.811414,2107.6 85.45756,27.811427,2107.6 85.45756,27.811439,2107.5 85.457561,27.81145,2107.5 85.457561,27.81146,2107.5 85.457564,27.811473,2107.4 85.457567,27.811485,2107.4 85.457569,27.811496,2107.4 85.457573,27.811507,2107.4 85.457577,27.811517,2107.4 85.45758,27.811528,2107.4 85.457577,27.811538,2107.4 85.457574,27.811548,2107.4 85.457573,27.811558,2107.4 85.457571,27.811569,2107.4 85.457568,27.811579,2107.4 85.457567,27.81159,2107.4 85.457571,27.811601,2107.4 85.457574,27.811611,2107.4 85.457576,27.811621,2107.4 85.457578,27.811632,2107.4 85.457579,27.811643,2107.5 85.45758,27.811653,2107.5 85.457579,27.811663,2107.5 85.457578,27.811674,2107.6 85.457577,27.811683,2107.6 85.457577,27.811694,2107.6 85.457577,27.811706,2107.7 85.457576,27.811717,2107.7 85.457574,27.811729,2107.7 85.457572,27.81174,2107.8 85.457568,27.811751,2107.8 85.457561,27.811763,2107.9 85.457552,27.811773,2107.9 85.457543,27.811781,2108 85.457534,27.811788,2108 85.457523,27.811793,2108.1 85.457511,27.811796,2108.1 85.4575,27.811801,2108.2 85.457488,27.811805,2108.2 85.457477,27.811808,2108.3 85.457465,27.81181,2108.3 85.457452,27.811812,2108.4 85.457438,27.811812,2108.4 85.457425,27.811812,2108.5 85.457413,27.811812,2108.5 85.457402,27.811812,2108.5 85.457388,27.811812,2108.6 85.457374,27.81181,2108.6 85.457359,27.811811,2108.6 85.457346,27.811811,2108.6 85.457333,27.811811,2108.6 85.45732,27.811812,2108.6 85.457307,27.811814,2108.6 85.457295,27.811816,2108.6 85.457282,27.811821,2108.6 85.45727,27.811825,2108.6 85.457261,27.811828,2108.6 85.45725,27.811831,2108.6 85.457241,27.811834,2108.6 85.457229,27.811836,2108.6 85.457217,27.811839,2108.6 85.457205,27.811842,2108.6 85.457195,27.811845,2108.6 85.457184,27.811849,2108.6 85.457172,27.811855,2108.5 85.457159,27.81186,2108.5 85.457149,27.811865,2108.5 85.457141,27.81187,2108.5 85.457133,27.811875,2108.5 85.457127,27.811882,2108.5 85.457121,27.811889,2108.5 85.457114,27.811897,2108.5 85.457107,27.811904,2108.5 85.4571,27.811913,2108.4 85.457096,27.811922,2108.4 85.457092,27.811932,2108.4 85.45709,27.811942,2108.4 85.457089,27.811953,2108.4 85.457088,27.811962,2108.4 85.457088,27.811971,2108.4 85.45709,27.81198,2108.4 85.457094,27.811989,2108.4 85.457095,27.811995,2108.3 85.457097,27.812003,2108.3 85.4571,27.812011,2108.3 85.457102,27.812018,2108.3 85.457106,27.812027,2108.3 85.457112,27.812036,2108.3 85.457117,27.812046,2108.3 85.457122,27.812054,2108.3 85.457127,27.812064,2108.3 85.45713,27.812074,2108.3 85.457134,27.812083,2108.3 85.457138,27.812092,2108.3 85.457144,27.812101,2108.3 85.45715,27.812109,2108.3 85.457155,27.812119,2108.3 85.457163,27.812127,2108.3 85.457172,27.812133,2108.3 85.457183,27.812139,2108.3 85.457192,27.812145,2108.3 85.457201,27.812152,2108.3 85.457211,27.812159,2108.3 85.457221,27.812165,2108.2 85.457233,27.812171,2108.2 85.457235,27.81217,2108.2 85.457245,27.812174,2108.2 85.457243,27.81217,2108.2 85.457247,27.812172,2108.2 85.45726,27.812176,2108.2 85.457273,27.812183,2108.2 85.45729,27.812189,2108.2 85.457306,27.812194,2108.2 85.45732,27.812197,2108.2 85.457335,27.812201,2108.2 85.457349,27.812206,2108.2 85.457363,27.812211,2108.2 85.457376,27.812218,2108.2 85.457388,27.812225,2108.2 85.457401,27.812233,2108.3 85.457414,27.812239,2108.3 85.457426,27.812244,2108.3 85.457438,27.81225,2108.3 85.45745,27.812256,2108.3 85.45746,27.812264,2108.3 85.45747,27.81227,2108.3 85.457482,27.812274,2108.3 85.457494,27.812278,2108.3 85.457506,27.812282,2108.4 85.457516,27.812286,2108.4 85.457528,27.812291,2108.4 85.457538,27.812299,2108.4 85.457547,27.812307,2108.4 85.457554,27.812315,2108.4 85.457562,27.812323,2108.4 85.45757,27.812333,2108.4 85.457576,27.812342,2108.3 85.457583,27.812352,2108.3 85.45759,27.812362,2108.3 85.457596,27.812372,2108.3 85.457602,27.812383,2108.3 85.457605,27.812393,2108.3 85.457611,27.812404,2108.3 85.45762,27.812416,2108.3 85.457631,27.812427,2108.3 85.457638,27.812437,2108.3 85.457644,27.812447,2108.3 85.457648,27.812456,2108.3 85.457653,27.812464,2108.3 85.457657,27.812473,2108.3 85.45766,27.812481,2108.3 85.457664,27.81249,2108.3 85.457668,27.812499,2108.3 85.457672,27.812508,2108.3 85.457673,27.812518,2108.3 85.457675,27.812527,2108.3 85.457674,27.812537,2108.2 85.457672,27.812548,2108.2 85.457671,27.812558,2108.2 85.457668,27.81257,2108.2 85.457666,27.812581,2108.2 85.457664,27.812594,2108.2 85.457661,27.812605,2108.1 85.457658,27.812616,2108.1 85.457655,27.812628,2108.1 85.457653,27.81264,2108.1 85.457648,27.812651,2108 85.457644,27.812662,2108 85.457639,27.812671,2108 85.457634,27.812681,2108 85.457629,27.812691,2107.9 85.457619,27.8127,2107.9 85.457609,27.812708,2107.9 85.457596,27.812714,2107.9 85.457584,27.812718,2107.8 85.457567,27.81272,2107.8 85.457554,27.812725,2107.8 85.457542,27.812732,2107.7 85.457531,27.812742,2107.7 85.45752,27.812752,2107.6 85.457511,27.812761,2107.6 85.457502,27.81277,2107.6 85.457492,27.812781,2107.5 85.457488,27.81279,2107.5 85.457481,27.812799,2107.4 85.457475,27.81281,2107.4 85.45747,27.812821,2107.3 85.457465,27.812832,2107.3 85.457459,27.812843,2107.2 85.457455,27.812852,2107.2 85.45745,27.812863,2107.1 85.457447,27.812872,2107.1 85.457445,27.812884,2107 85.457443,27.812895,2107 85.457445,27.812907,2106.9 85.45745,27.812917,2106.9 85.457455,27.812926,2106.8 85.457461,27.812934,2106.8 85.457468,27.812942,2106.7 85.457479,27.812952,2106.7 85.457485,27.812956,2106.6 85.457493,27.812962,2106.6 85.457504,27.81297,2106.5 85.457513,27.812974,2106.5 85.457523,27.812981,2106.5 85.457535,27.812988,2106.4 85.457545,27.81299,2106.3 85.457557,27.812995,2106.3 85.457568,27.812999,2106.2 85.457578,27.813005,2106.2 85.45759,27.813012,2106.1 85.457601,27.813019,2106 85.457612,27.813027,2106 85.457623,27.813035,2105.9 85.457632,27.813042,2105.8 85.457643,27.813048,2105.8 85.457653,27.813055,2105.7 85.457663,27.813063,2105.6 85.457671,27.81307,2105.6 85.457684,27.813081,2105.4 85.457685,27.813085,2105.4 85.457689,27.813092,2105.4 85.457696,27.813098,2105.3 85.457704,27.813104,2105.2 85.457713,27.813109,2105.2 85.457721,27.813115,2105.1 85.45773,27.813122,2105 85.457739,27.813129,2105 85.457751,27.813136,2104.9 85.457759,27.813143,2104.8 85.457769,27.813149,2104.7 85.457781,27.813154,2104.6 85.45779,27.81316,2104.6 85.4578,27.813166,2104.5 85.457816,27.813169,2104.4 85.457826,27.813171,2104.3 85.457838,27.813173,2104.2 85.45785,27.813176,2104.1 85.457861,27.813182,2104.1 85.457871,27.813189,2104 85.457884,27.813198,2103.9 85.457891,27.813204,2103.8 85.457898,27.813212,2103.7 85.457901,27.813224,2103.7 85.4579,27.813235,2103.6 85.457902,27.813245,2103.5 85.457908,27.813254,2103.5 85.457918,27.813262,2103.4 85.457933,27.813264,2103.3 85.457945,27.813262,2103.3 85.45796,27.813259,2103.2 85.457969,27.813259,2103.1 85.457978,27.813259,2103.1 85.457987,27.813262,2103.1 85.457992,27.813268,2103 85.457991,27.813278,2103.1 85.457986,27.81329,2103.2 85.457976,27.813295,2103.3 85.457963,27.8133,2103.3 85.457958,27.813304,2103.4 85.457951,27.813311,2103.4 85.457943,27.813317,2103.5 85.457934,27.813324,2103.6 85.457926,27.813326,2103.6 85.457919,27.813329,2103.7 85.457916,27.813335,2103.7 85.457918,27.813343,2103.8 85.457917,27.813351,2103.8 85.457914,27.813359,2103.9 85.45791,27.813366,2103.9 85.457904,27.813375,2104 85.4579,27.813378,2104 85.457894,27.813383,2104.1 85.45789,27.813391,2104.2 85.457886,27.8134,2104.3 85.457879,27.813406,2104.3 85.457869,27.813408,2104.4 85.457861,27.813415,2104.5 85.457859,27.813424,2104.6 85.457856,27.813432,2104.7 85.457851,27.813438,2104.7 85.457848,27.813445,2104.8 85.457853,27.813449,2104.9 85.457865,27.813449,2105 85.457872,27.813457,2105.1 85.457865,27.813468,2105.2 85.457857,27.813476,2105.3 85.457849,27.813484,2105.4 85.457842,27.813491,2105.5 85.45783,27.813497,2105.7 85.457822,27.813504,2105.8 85.457815,27.813512,2105.9 85.457809,27.813519,2106 85.457801,27.813526,2106.1 85.457793,27.813533,2106.3 85.457785,27.81354,2106.4 85.457776,27.813547,2106.5 85.457768,27.813555,2106.6 85.45776,27.813562,2106.7 85.457751,27.81357,2106.8 85.457741,27.813579,2106.9 85.457731,27.813587,2107.1 85.457722,27.813595,2107.2 85.457714,27.813603,2107.3 85.457713,27.813611,2107.4 85.457715,27.813617,2107.4 85.457711,27.813619,2107.5 85.457715,27.813626,2107.6 85.457722,27.813638,2107.7 85.457729,27.813654,2107.9 85.457734,27.81367,2108.1 85.457733,27.813681,2108.2 85.457726,27.813699,2108.4 85.45771,27.813705,2108.6 85.457698,27.813707,2108.7 85.457688,27.813715,2108.9 85.457682,27.813726,2109 85.457677,27.813731,2109.1 85.457672,27.813739,2109.2 85.457664,27.81374,2109.2 85.457656,27.813741,2109.3 85.45765,27.813745,2109.4 85.457645,27.813749,2109.5 85.457638,27.813752,2109.5 85.45763,27.813756,2109.6 85.457624,27.813761,2109.7 85.45762,27.813766,2109.8 85.457615,27.813775,2109.9 85.45761,27.81378,2110 85.457607,27.813786,2110 85.457604,27.813792,2110.1 85.457601,27.813798,2110.2 85.457598,27.813807,2110.3 85.457596,27.813813,2110.3 85.457593,27.813819,2110.4 85.457591,27.813826,2110.5 85.45759,27.813832,2110.5 85.45759,27.813837,2110.6 85.457592,27.813843,2110.6 85.457593,27.813851,2110.7 85.457593,27.813859,2110.8 85.457593,27.813867,2110.8 85.457595,27.813875,2110.9 85.457597,27.813883,2111 85.457597,27.81389,2111 85.457597,27.813897,2111.1 85.457598,27.813903,2111.2 85.457597,27.813908,2111.2 85.457596,27.813916,2111.3 85.457592,27.813922,2111.3 85.457589,27.81393,2111.4 85.457591,27.813939,2111.4 85.457592,27.813949,2111.5 85.457585,27.813958,2111.6 85.457577,27.813967,2111.7 85.457568,27.813977,2111.8 85.457559,27.813986,2111.9 85.45755,27.813994,2111.9 85.457539,27.814,2112 85.457527,27.814003,2112.1 85.457519,27.814007,2112.1 85.457516,27.814015,2112.2 85.457514,27.814024,2112.3 85.457512,27.814034,2112.3 85.457508,27.814041,2112.4 85.457501,27.814047,2112.5 85.457494,27.814054,2112.5 85.457486,27.814062,2112.6 85.457479,27.814068,2112.7 85.457469,27.814074,2112.7 85.457462,27.814081,2112.8 85.45745,27.814088,2112.9 85.457439,27.814094,2113 85.457429,27.814099,2113.1 85.457418,27.814104,2113.2 85.457404,27.814106,2113.3 85.457391,27.81411,2113.4 85.45738,27.814113,2113.5 85.457367,27.814118,2113.6 85.457357,27.814119,2113.7 85.457345,27.814121,2113.8 85.457334,27.814121,2113.9 85.457322,27.814122,2114 85.457311,27.814125,2114.1 85.457297,27.814132,2114.2 85.457285,27.814137,2114.4 85.457271,27.814144,2114.5 85.457257,27.814152,2114.7 85.457246,27.81416,2114.8 85.457234,27.81417,2115 85.457223,27.814178,2115.1 85.457215,27.814187,2115.3 85.457208,27.814197,2115.4 85.457199,27.814207,2115.6 85.45719,27.814216,2115.7 85.457181,27.814222,2115.9 85.457172,27.814229,2116 85.457165,27.814238,2116.2 85.457155,27.814245,2116.3 85.457145,27.814253,2116.5 85.457134,27.814256,2116.6 85.457122,27.814257,2116.8 85.457119,27.814251,2116.9 85.457115,27.814247,2116.9 85.45711,27.814246,2117 85.457102,27.814247,2117.1 85.457092,27.81425,2117.2 85.457081,27.814255,2117.4 85.457071,27.814257,2117.5 85.45706,27.814261,2117.7 85.457048,27.814267,2117.8 85.457033,27.81427,2118.1 85.45702,27.814271,2118.2 85.457007,27.814274,2118.4 85.456995,27.814278,2118.6 85.456983,27.814281,2118.8 85.45697,27.814282,2119 85.456958,27.814284,2119.2 85.456946,27.814288,2119.4 85.456935,27.814297,2119.6 85.456924,27.814304,2119.8 85.456915,27.814305,2119.9 85.456903,27.814301,2120.1 85.456892,27.814298,2120.3 85.456878,27.814298,2120.5 85.456863,27.814302,2120.7 85.456848,27.814308,2121 85.456832,27.814313,2121.2 85.456815,27.814317,2121.5 85.456797,27.814319,2121.8 85.456778,27.81432,2122 85.45676,27.81432,2122.3 85.456746,27.814319,2122.5 85.456732,27.81432,2122.7 85.456719,27.814324,2122.9 85.456705,27.814328,2123 85.456691,27.814333,2123.2 85.456678,27.814337,2123.4 85.456663,27.81434,2123.6 85.456651,27.814336,2123.7 85.456639,27.814333,2123.9 85.456631,27.81433,2124 85.456622,27.814331,2124.1 85.456615,27.814334,2124.2 85.456606,27.814341,2124.3 85.456604,27.814346,2124.4 85.456595,27.814351,2124.5 85.456593,27.814357,2124.6 85.45659,27.814364,2124.7 85.456585,27.814369,2124.7 85.456578,27.814376,2124.9 85.456569,27.814378,2124.9 85.456564,27.814376,2125 85.45656,27.814372,2125.1 85.456556,27.814368,2125.1 85.456551,27.814366,2125.2 85.456543,27.814362,2125.3 85.456547,27.814351,2125.4 85.456545,27.814342,2125.5 85.456538,27.814336,2125.6 85.45653,27.81433,2125.7 85.456523,27.814322,2125.8 85.456516,27.814315,2125.9 85.456507,27.814311,2125.9 85.456498,27.814309,2126 85.456489,27.814307,2126.1 85.456479,27.814307,2126.2 85.456469,27.814308,2126.3 85.45646,27.814311,2126.4 85.45645,27.814314,2126.4 85.45644,27.814317,2126.5 85.45643,27.814319,2126.6 85.45642,27.814321,2126.7 85.456411,27.814325,2126.8 85.456401,27.814329,2126.9 85.456391,27.814338,2127 85.456381,27.814346,2127.1 85.456371,27.814356,2127.2 85.456359,27.814365,2127.4 85.456349,27.814374,2127.5 85.456339,27.814381,2127.6 85.456328,27.814388,2127.7 85.456318,27.814393,2127.8 85.456306,27.814398,2127.9 85.456293,27.814402,2128.1 85.456279,27.814401,2128.2 85.456264,27.814402,2128.3 85.456251,27.814405,2128.4 85.456239,27.814408,2128.6 85.456224,27.814409,2128.7 85.456211,27.81441,2128.8 85.456199,27.814411,2128.9 85.456187,27.814411,2129.1 85.456181,27.814409,2129.1 85.456172,27.814408,2129.2 85.456164,27.814407,2129.3 85.456158,27.814407,2129.4 85.456151,27.814403,2129.4 85.456145,27.814398,2129.5 85.456139,27.814394,2129.6 85.456131,27.814393,2129.7 85.456121,27.814393,2129.8 85.456111,27.814394,2129.9 85.456101,27.814393,2130 85.456091,27.81439,2130.1 85.456083,27.814387,2130.2 85.456076,27.814383,2130.3 85.456067,27.814379,2130.4 85.456057,27.814376,2130.4 85.456048,27.814376,2130.5 85.456038,27.814378,2130.6 85.456026,27.814379,2130.7 85.456017,27.814382,2130.8 85.456007,27.81438,2130.9 85.455999,27.814375,2131 85.45599,27.814371,2131.1 85.455977,27.814366,2131.2 85.455964,27.814364,2131.3 85.455952,27.81436,2131.4 85.455939,27.814357,2131.5 85.455925,27.814354,2131.6 85.455912,27.814351,2131.7 85.455901,27.814347,2131.8 85.455891,27.814343,2131.9 85.455882,27.814342,2132 85.455873,27.814341,2132 85.455864,27.814339,2132.1 85.455855,27.814336,2132.2 85.455844,27.814335,2132.3 85.455832,27.814337,2132.3 85.45582,27.814339,2132.4 85.45581,27.814342,2132.5 85.455799,27.814346,2132.6 85.455787,27.814352,2132.7 85.455775,27.814359,2132.8 85.455767,27.814368,2132.9 85.455758,27.814376,2133 85.455748,27.814387,2133.1 85.455744,27.814397,2133.2 85.455741,27.814408,2133.2 85.455745,27.81442,2133.3 85.455749,27.814432,2133.4 85.455751,27.814444,2133.5 85.455754,27.814457,2133.6 85.455759,27.814468,2133.7 85.455764,27.814479,2133.7 85.455766,27.814491,2133.8 85.455764,27.814506,2133.9 85.455761,27.81452,2134 85.455758,27.814533,2134 85.455758,27.814547,2134.1 85.455755,27.814562,2134.2 85.455752,27.814577,2134.2 85.455747,27.814591,2134.3 85.455741,27.814605,2134.4 85.455737,27.814618,2134.4 85.455732,27.814632,2134.5 85.455728,27.814644,2134.6 85.455724,27.814656,2134.6 85.455723,27.814669,2134.7 85.45572,27.814681,2134.7 85.455715,27.814691,2134.8 85.455711,27.814701,2134.8 85.455705,27.81471,2134.9 85.455703,27.814718,2134.9 85.455697,27.814726,2135 85.455689,27.814733,2135 85.455681,27.81474,2135.1 85.45567,27.814747,2135.2 85.45566,27.814751,2135.2 85.455649,27.814758,2135.3 85.455637,27.814766,2135.3 85.455622,27.814772,2135.4 85.45561,27.81478,2135.5 85.455596,27.814791,2135.6 85.455585,27.814799,2135.6 85.455568,27.814807,2135.7 85.455549,27.814813,2135.8 85.455533,27.814823,2135.9 85.455513,27.814827,2136 85.455496,27.814835,2136.1 85.45548,27.814847,2136.2 85.455469,27.814859,2136.3 85.455461,27.814873,2136.3 85.455454,27.814886,2136.4 85.455447,27.814898,2136.4 85.455442,27.814907,2136.5 85.455439,27.814918,2136.5 85.455435,27.814928,2136.6 85.455431,27.814937,2136.6 85.455427,27.814945,2136.6 85.455423,27.814953,2136.6 85.45542,27.814962,2136.7 85.455417,27.814972,2136.7 85.455412,27.81498,2136.7 85.455407,27.81499,2136.7 85.455403,27.815,2136.7 85.455398,27.815009,2136.8 85.455392,27.815018,2136.8 85.455384,27.815027,2136.8 85.455377,27.815037,2136.8 85.455372,27.815045,2136.8 85.455362,27.815053,2136.8 85.455355,27.815061,2136.8 85.455342,27.815069,2136.8 85.455332,27.815077,2136.8 85.455322,27.815085,2136.8 85.455314,27.815092,2136.8 85.455303,27.8151,2136.9 85.455292,27.815108,2136.9 85.455281,27.815116,2136.9 85.455271,27.815124,2136.9 85.455262,27.815132,2136.9 85.455253,27.81514,2136.9 85.455245,27.815148,2136.9 85.455238,27.815157,2136.9 85.455231,27.815166,2136.9 85.455224,27.815175,2136.9 85.455216,27.815184,2136.9 85.45521,27.815191,2136.9 85.455205,27.8152,2136.9 85.455201,27.815209,2136.9 85.455201,27.815216,2136.9 85.455202,27.815226,2136.9 85.455203,27.815236,2136.9 85.455207,27.815246,2136.9 85.455215,27.815256,2136.9 85.455226,27.815264,2136.9 85.455235,27.815273,2136.9 85.455249,27.815278,2137 85.455263,27.815282,2137 85.455278,27.815284,2137 85.455293,27.815283,2137 85.455308,27.81528,2137 85.45532,27.815276,2137 85.455332,27.815268,2137 85.455343,27.815261,2137 85.455356,27.815255,2137 85.455366,27.815249,2137 85.455377,27.815242,2137 85.455389,27.815235,2137 85.455399,27.81523,2136.9 85.455407,27.815222,2136.9 85.455416,27.815214,2136.9 85.455425,27.815208,2136.9 85.455432,27.8152,2136.9 85.455442,27.815194,2136.9 85.455451,27.815187,2136.8 85.455457,27.81518,2136.8 85.455469,27.815174,2136.8 85.455478,27.815169,2136.8 85.45549,27.815165,2136.8 85.455502,27.81516,2136.7 85.455516,27.81516,2136.7 85.455531,27.815161,2136.7 85.455547,27.815162,2136.7 85.45556,27.815164,2136.6 85.455573,27.81517,2136.6 85.455586,27.815177,2136.6 85.455598,27.815183,2136.6 85.45561,27.815192,2136.5 85.455623,27.815199,2136.5 85.455635,27.815208,2136.5 85.455647,27.81522,2136.5 85.455652,27.815226,2136.5 85.455662,27.815233,2136.5 85.45567,27.815243,2136.4 85.455676,27.815254,2136.4 85.455684,27.815264,2136.4 85.455694,27.815274,2136.4 85.455705,27.815282,2136.4 85.455716,27.815291,2136.4 85.455726,27.8153,2136.4 85.455737,27.815308,2136.4 85.45575,27.815315,2136.4 85.455762,27.815322,2136.4 85.455771,27.81533,2136.4 85.455779,27.815339,2136.4 85.455787,27.815349,2136.4 85.455798,27.81536,2136.4 85.455807,27.815364,2136.4 85.455818,27.815368,2136.4 85.455829,27.815371,2136.4 85.45584,27.815376,2136.4 85.455851,27.81538,2136.4 85.455863,27.815382,2136.4 85.455876,27.815386,2136.4 85.45589,27.815394,2136.4 85.4559,27.815398,2136.4 85.455911,27.815401,2136.4 85.455922,27.815404,2136.4 85.455934,27.815407,2136.4 85.455944,27.815408,2136.4 85.455957,27.815408,2136.4 85.45597,27.815409,2136.3 85.455983,27.815408,2136.3 85.455994,27.815409,2136.3 85.456006,27.815408,2136.3 85.456018,27.815405,2136.3 85.45603,27.815403,2136.3 85.456041,27.8154,2136.3 85.456053,27.815397,2136.3 85.456065,27.815396,2136.2 85.456077,27.815395,2136.2 85.456088,27.815393,2136.2 85.4561,27.815391,2136.2 85.456111,27.815389,2136.2 85.456123,27.815388,2136.2 85.456136,27.815387,2136.1 85.456149,27.815386,2136.1 85.456167,27.815383,2136 85.456174,27.815382,2136 85.456186,27.81538,2136 85.456199,27.815379,2135.9 85.456215,27.815382,2135.9 85.456229,27.815386,2135.8 85.456242,27.815389,2135.8 85.456255,27.815391,2135.8 85.456273,27.815394,2135.7 85.456281,27.815395,2135.7 85.456293,27.815397,2135.6 85.456307,27.815399,2135.6 85.456321,27.815399,2135.5 85.456335,27.815399,2135.5 85.456349,27.815401,2135.4 85.456362,27.815405,2135.4 85.456377,27.815411,2135.3 85.456387,27.815416,2135.2 85.456395,27.815422,2135.2 85.456404,27.815429,2135.1 85.456414,27.815436,2135.1 85.456421,27.815447,2135 85.456426,27.815456,2135 85.456431,27.815467,2134.9 85.456436,27.815479,2134.9 85.456439,27.815488,2134.8 85.456441,27.815498,2134.8 85.456444,27.815508,2134.7 85.456446,27.815517,2134.7 85.456449,27.815526,2134.6 85.456451,27.815537,2134.5 85.45645,27.815547,2134.5 85.456451,27.815559,2134.4 85.456452,27.815568,2134.4 85.456452,27.815577,2134.3 85.456453,27.815588,2134.3 85.456455,27.815599,2134.2 85.456457,27.81561,2134.2 85.456459,27.815623,2134.1 85.456462,27.815633,2134 85.456466,27.815647,2134 85.456467,27.815657,2133.9 85.456468,27.815669,2133.9 85.456472,27.81568,2133.8 85.456477,27.815692,2133.7 85.45648,27.815704,2133.7 85.456486,27.815715,2133.6 85.456492,27.815727,2133.5 85.456498,27.815738,2133.5 85.456504,27.815748,2133.4 85.456509,27.815758,2133.4 85.456514,27.815769,2133.3 85.456519,27.81578,2133.3 85.456524,27.81579,2133.2 85.456531,27.815801,2133.1 85.456539,27.815818,2133.1 85.456542,27.815825,2133 85.456547,27.815836,2133 85.456553,27.815846,2132.9 85.456559,27.815857,2132.9 85.456566,27.815867,2132.8 85.456571,27.815878,2132.8 85.456576,27.81589,2132.7 85.456582,27.815907,2132.6 85.456584,27.815914,2132.6 85.456589,27.815925,2132.6 85.456593,27.815937,2132.5 85.456597,27.815949,2132.5 85.456603,27.815961,2132.4 85.456607,27.815972,2132.4 85.45661,27.815983,2132.3 85.456614,27.815995,2132.3 85.456616,27.816008,2132.2 85.456619,27.816024,2132.1 85.456621,27.816035,2132.1 85.456625,27.816046,2132.1 85.456628,27.816057,2132 85.456629,27.816069,2132 85.45663,27.816081,2131.9 85.45663,27.816094,2131.9 85.456628,27.816104,2131.9 85.456625,27.816116,2131.8 85.45662,27.816127,2131.8 85.456617,27.816139,2131.7 85.456615,27.816151,2131.7 85.456612,27.816162,2131.6 85.45661,27.816173,2131.6 85.456608,27.816186,2131.6 85.456606,27.816197,2131.5 85.456606,27.816207,2131.5 85.456606,27.816218,2131.4 85.456606,27.816231,2131.4 85.456606,27.816243,2131.3 85.456603,27.816255,2131.3 85.456601,27.816267,2131.2 85.456597,27.81628,2131.1 85.456596,27.816291,2131.1 85.456595,27.816303,2131 85.456596,27.816313,2131 85.456596,27.816324,2131 85.456596,27.816336,2130.9 85.456598,27.816347,2130.9 85.4566,27.816359,2130.8 85.456603,27.816372,2130.7 85.456605,27.816383,2130.6 85.456607,27.816395,2130.5 85.456608,27.816407,2130.4 85.456608,27.816419,2130.3 85.456608,27.816431,2130.3 85.456605,27.816443,2130.2 85.456602,27.81646,2130 85.4566,27.816468,2130.1 85.456597,27.81648,2130 85.456592,27.816491,2129.9 85.456585,27.816502,2129.8 85.456578,27.816513,2129.7 85.456572,27.816524,2129.6 85.456565,27.816535,2129.6 85.456559,27.816545,2129.5 85.456553,27.816556,2129.4 85.456547,27.816566,2129.3 85.456543,27.816577,2129.3 85.456539,27.816588,2129.2 85.456535,27.816599,2129.2 85.456533,27.816611,2129.1 85.45653,27.816623,2129 85.456526,27.816636,2129 85.456522,27.816648,2128.9 85.456521,27.816661,2128.9 85.456519,27.816673,2128.8 85.456516,27.816683,2128.8 85.456515,27.816694,2128.7 85.456515,27.816704,2128.7 85.456516,27.816716,2128.6 85.456517,27.816727,2128.6 85.456518,27.816739,2128.5 85.456518,27.816751,2128.5 85.456519,27.816763,2128.4 85.45652,27.816775,2128.4 85.456519,27.816786,2128.5 85.456517,27.816798,2128.4 85.456516,27.81681,2128.4 85.456511,27.816821,2128.3 85.456504,27.816832,2128.3 85.456495,27.816843,2128.2 85.456488,27.816853,2128.2 85.456483,27.816864,2128.1 85.456478,27.816876,2128.1 85.456471,27.816887,2128 85.456462,27.816896,2127.9 85.456449,27.816903,2127.9 85.456435,27.81691,2127.8 85.456416,27.816916,2127.8 85.456403,27.816921,2127.7 85.456389,27.816927,2127.6 85.456375,27.816931,2127.6 85.456361,27.816934,2127.5 85.456348,27.816936,2127.4 85.456333,27.816938,2127.3 85.45632,27.816941,2127.4 85.456306,27.816943,2127.3 85.456292,27.816946,2127.2 85.456279,27.816949,2127.1 85.456265,27.816953,2127.1 85.456256,27.816958,2127 85.456246,27.816964,2126.9 85.456233,27.81697,2126.9 85.456224,27.816977,2126.8 85.456213,27.816984,2126.7 85.456204,27.816989,2126.7 85.456194,27.816996,2126.6 85.456185,27.817003,2126.6 85.456176,27.817012,2126.5 85.456168,27.817021,2126.4 85.456158,27.81703,2126.3 85.456149,27.817041,2126.3 85.456144,27.817051,2126.2 85.456138,27.817061,2126.2 85.456131,27.817071,2126.1 85.456125,27.817081,2126.1 85.45612,27.817092,2126 85.456114,27.817103,2126 85.456108,27.817114,2125.9 85.456099,27.81713,2125.8 85.456095,27.817138,2125.7 85.456092,27.817149,2125.6 85.456087,27.81716,2125.6 85.456083,27.817171,2125.5 85.456079,27.817181,2125.4 85.456075,27.817192,2125.3 85.456069,27.817201,2125.3 85.456062,27.817213,2125.2 85.456057,27.817222,2125.1 85.45605,27.817232,2125.1 85.456046,27.817243,2125 85.456043,27.817255,2124.9 85.456042,27.817267,2124.8 85.456041,27.817279,2124.8 85.456041,27.81729,2124.7 85.456042,27.817302,2124.6 85.456043,27.817311,2124.5 85.456044,27.817322,2124.5 85.456045,27.817332,2124.4 85.456047,27.817342,2124.3 85.45605,27.817352,2124.3 85.45605,27.817362,2124.2 85.45605,27.817373,2124.1 85.45605,27.817385,2124.1 85.45605,27.817395,2124 85.456047,27.817404,2123.9 85.456042,27.817414,2123.9 85.456035,27.817425,2123.8 85.456026,27.817435,2123.7 85.456017,27.817443,2123.6 85.456007,27.817452,2123.5 85.455994,27.817461,2123.4 85.455983,27.817468,2123.3 85.45597,27.817476,2123.2 85.455957,27.817483,2123.1 85.455942,27.817489,2123 85.45593,27.817494,2123 85.455918,27.8175,2122.9 85.455905,27.817506,2122.8 85.45589,27.817512,2122.7 85.455883,27.817518,2122.7 85.455874,27.817525,2122.6 85.455865,27.817532,2122.5 85.455857,27.817541,2122.5 85.45585,27.817551,2122.4 85.455845,27.817561,2122.3 85.455841,27.817572,2122.3 85.455835,27.817583,2122.2 85.45583,27.817594,2122.1 85.455828,27.817606,2122.1 85.455827,27.817618,2122 85.455829,27.81763,2121.9 85.455831,27.817642,2121.9 85.455833,27.817654,2121.8 85.455836,27.817666,2121.7 85.455839,27.817678,2121.7 85.455841,27.817689,2121.6 85.455844,27.817701,2121.5 85.455846,27.817712,2121.5 85.455849,27.817724,2121.4 85.455851,27.817735,2121.3 85.455853,27.817746,2121.3 85.455856,27.817757,2121.2 85.455857,27.817768,2121.1 85.455858,27.81778,2121.1 85.45586,27.817792,2121 85.45586,27.817805,2120.9 85.45586,27.817817,2120.8 85.45586,27.817829,2120.7 85.455861,27.817841,2120.6 85.455861,27.817852,2120.5 85.455861,27.817866,2120.4 85.455858,27.817872,2120.3 85.455854,27.817882,2120.3 85.455849,27.817893,2120.2 85.455845,27.817905,2120.1 85.455843,27.817916,2120 85.45584,27.817927,2119.9 85.455835,27.817937,2119.8 85.455829,27.817949,2119.7 85.455826,27.817959,2119.6 85.455822,27.817969,2119.5 85.455817,27.81798,2119.4 85.455814,27.817991,2119.3 85.455811,27.818001,2119.2 85.455809,27.818012,2119.1 85.455806,27.818024,2118.9 85.455801,27.818034,2118.8 85.455798,27.818044,2118.7 85.455795,27.818054,2118.6 85.455788,27.818064,2118.5 85.455781,27.818073,2118.4 85.455776,27.818083,2118.3 85.455771,27.818093,2118.2 85.455766,27.818108,2118 85.455765,27.818115,2118 85.455765,27.818126,2117.9 85.455763,27.818137,2117.8 85.455764,27.818149,2117.6 85.455764,27.818161,2117.5 85.455763,27.81817,2117.4 85.45576,27.818181,2117.3 85.455755,27.818197,2117.1 85.455753,27.818201,2117.1 85.455749,27.818212,2117 85.455745,27.818223,2116.9 85.455742,27.818235,2116.8 85.45574,27.818246,2116.7 85.455736,27.818257,2116.6 85.455732,27.818269,2116.4 85.455728,27.818281,2116.3 85.455724,27.81829,2116.2 85.455719,27.818302,2116.1 85.455717,27.818312,2116 85.455713,27.818323,2115.9 85.455708,27.818334,2115.8 85.455702,27.818344,2115.7 85.455697,27.818355,2115.6 85.455691,27.818365,2115.5 85.455688,27.818375,2115.4 85.455686,27.818387,2115.3 85.455683,27.818399,2115.2 85.455677,27.81841,2115.1 85.455673,27.818421,2115 85.45567,27.818432,2114.9 85.455665,27.818442,2114.8 85.455657,27.818454,2114.6 85.455651,27.818462,2114.5 85.455643,27.818472,2114.4 85.455634,27.818482,2114.3 85.455627,27.818492,2114.1 85.45562,27.818502,2114 85.455616,27.818514,2113.9 85.455613,27.818524,2113.8 85.455614,27.818536,2113.6 85.455617,27.818543,2113.5 85.455623,27.818553,2113.4 85.455628,27.818563,2113.3 85.455633,27.818574,2113.2 85.455637,27.818582,2113.1 85.45564,27.818593,2112.9 85.455644,27.818602,2112.8 85.455652,27.81861,2112.7 85.455659,27.818617,2112.6 85.455668,27.818624,2112.5 85.455675,27.81863,2112.4 85.455685,27.818636,2112.2 85.455694,27.818642,2112.1 85.455701,27.818649,2112 85.455715,27.818659,2111.8 85.455722,27.818662,2111.8 85.455732,27.818668,2111.6 85.455741,27.818673,2111.5 85.455751,27.818679,2111.4 85.455761,27.818685,2111.3 85.455771,27.818688,2111.1 85.455781,27.81869,2111 85.455798,27.818693,2110.8 85.455804,27.818697,2110.8 85.455817,27.818702,2110.6 85.455831,27.818688,2110.4 85.45583,27.818676,2110.2 85.455834,27.818668,2110.1 85.455849,27.818679,2109.9 85.455861,27.818691,2109.7 85.455866,27.818698,2109.5 85.455867,27.818701,2109.5 85.455866,27.818704,2109.5 85.455863,27.818706,2109.4 85.455861,27.818707,2109.4 85.45586,27.818707,2109.4 85.45586,27.818709,2109.3 85.455863,27.818712,2109.3 85.455869,27.818717,2109.2 85.45588,27.818724,2109 85.455892,27.818727,2108.9 85.455898,27.818723,2108.8 85.455896,27.818724,2108.8 85.455892,27.818724,2108.7 85.455887,27.818725,2108.6 85.455887,27.818726,2108.6 85.455888,27.818727,2108.6 85.455895,27.818734,2108.5 85.455904,27.818736,2108.4 85.455914,27.818738,2108.2 85.455925,27.818742,2108.1 85.455934,27.818745,2107.9 85.455946,27.818751,2107.8 85.455955,27.818757,2107.6 85.455964,27.818757,2107.5 85.455975,27.818756,2107.4 85.455985,27.818756,2107.2 85.455996,27.818758,2107.1 85.456008,27.818762,2106.9 85.456019,27.818766,2106.7 85.456029,27.81877,2106.6 85.456038,27.81877,2106.5 85.456049,27.818769,2106.3 85.456061,27.818773,2106.2 85.456071,27.818779,2106 85.456081,27.818784,2105.9 85.456092,27.81879,2105.7 85.456105,27.818793,2105.5 85.456119,27.818794,2105.3 85.456129,27.818794,2105.2 85.456139,27.818799,2105 85.45615,27.818802,2104.9 85.456162,27.818804,2104.7 85.456173,27.818805,2104.6 85.456184,27.818808,2104.4 85.456202,27.818812,2104.2 85.456204,27.818813,2104.2 85.456212,27.818815,2104.1 85.456221,27.818817,2104 85.456228,27.818823,2103.8 85.456235,27.818831,2103.7 85.456243,27.818839,2103.6 85.45625,27.818849,2103.4 85.456247,27.818865,2103.2 85.456246,27.818871,2103.2 85.456249,27.818882,2103 85.456252,27.818892,2102.9 85.456257,27.818902,2102.8 85.456262,27.818912,2102.7 85.456267,27.818924,2102.5 85.456272,27.818933,2102.4 85.456282,27.818944,2102.3 85.456289,27.818951,2102.2 85.456291,27.818963,2102.1 85.456294,27.818974,2102 85.456302,27.818983,2101.8 85.456311,27.818993,2101.7 85.45632,27.819001,2101.6 85.456331,27.819009,2101.5 85.456341,27.819015,2101.4 85.45635,27.819021,2101.3 85.45636,27.819028,2101.2 85.456371,27.819034,2101.1 85.45638,27.81904,2101 85.456389,27.819046,2100.9 85.456398,27.819053,2100.8 85.456408,27.81906,2100.7 85.456417,27.819068,2100.7 85.456426,27.819075,2100.6 85.45643,27.819085,2100.5 85.456437,27.819094,2100.4 85.456445,27.819103,2100.3 85.456451,27.819112,2100.2 85.456459,27.819122,2100.2 85.456466,27.819132,2100.1 85.45647,27.819143,2100 85.456475,27.819154,2100 85.456479,27.819163,2100 85.456484,27.81917,2100 85.456489,27.819179,2100 85.456492,27.819188,2100 85.456496,27.819198,2100 85.456498,27.819209,2100 85.456503,27.819222,2100 85.456509,27.819234,2100 85.456515,27.819243,2100 85.456522,27.819253,2100 85.456529,27.819261,2100 85.456536,27.819269,2100 85.456541,27.819272,2100 85.456545,27.819274,2100 85.456548,27.819272,2100 85.456549,27.81927,2100 85.456547,27.819268,2100 85.456546,27.819268,2100 85.456545,27.819267,2100 85.456545,27.819266,2100 85.456545,27.819266,2100 85.456544,27.819265,2100 85.456544,27.819265,2100 85.456545,27.819266,2100 85.456549,27.819267,2100 85.456553,27.819266,2100 85.456558,27.819266,2100 85.456561,27.819267,2100 85.456563,27.81927,2100 85.456564,27.819272,2100 85.456564,27.819273,2100 85.456563,27.819274,2100 85.456563,27.819275,2100 85.456562,27.819276,2100 85.456561,27.819276,2100 85.456559,27.819276,2100 85.456558,27.819275,2100 85.456557,27.819274,2100 85.456557,27.819274,2100 85.456555,27.819271,2100 85.456554,27.819269,2100 85.456553,27.819265,2100 85.456553,27.819264,2100 85.456552,27.819263,2100 85.456552,27.819262,2100 85.456551,27.819262,2100 85.456551,27.819261,2100 85.456551,27.819261,2100 85.456551,27.81926,2100 85.456551,27.81926,2100 85.456552,27.81926,2100 85.456552,27.819259,2100 85.456553,27.819258,2100 85.456551,27.819259,2100 85.45655,27.81926,2100 85.45655,27.81926,2100 85.456549,27.81926,2100 85.456549,27.81926,2100 85.456548,27.819259,2100 85.456548,27.819259,2100 85.456548,27.819258,2100 85.456548,27.819258,2100 85.456548,27.819258,2100 85.456548,27.819257,2100 85.456548,27.819257,2100 85.456548,27.819257,2100 85.456548,27.819257,2100 85.456548,27.819258,2100 85.456549,27.819258,2100 85.456549,27.819258,2100 85.456549,27.819259,2100 85.456549,27.819259,2100 85.456549,27.819259,2100 85.45655,27.819259,2100 85.456549,27.819259,2100 85.456547,27.819259,2100 85.456546,27.819258,2100 85.456545,27.819258,2100 85.456545,27.819257,2100 85.456544,27.819257,2100 85.456544,27.819256,2100 85.456543,27.819255,2100 85.456543,27.819255,2100 85.456543,27.819255,2100 85.456541,27.819257,2100.1 85.456541,27.819258,2100.1 85.45654,27.819259,2100.1 85.456539,27.819259,2100.1 85.456538,27.819259,2100.1 85.456535,27.81926,2100.1 85.456534,27.819261,2100.1 85.456535,27.819262,2100.1 85.456533,27.819265,2100.1 85.456533,27.819268,2100.1 85.456533,27.819273,2100.1 85.456531,27.819278,2100.1 85.456524,27.819285,2100.1 85.456519,27.81929,2100.1 85.456512,27.819297,2100.1 85.456504,27.819305,2100.1 85.456495,27.819307,2100.1 85.456493,27.819306,2100.1 85.456491,27.819306,2100.1 85.456484,27.819312,2100.1 85.456473,27.819326,2100.1 85.456468,27.819333,2100.1 85.456463,27.819343,2100.1 85.456456,27.819353,2100.2 85.456448,27.81936,2100.2 85.45644,27.819368,2100.2 85.456431,27.819376,2100.2 85.456423,27.819383,2100.2 85.456415,27.819394,2100.2 85.456414,27.8194,2100.2 85.45642,27.819408,2100.2 85.456439,27.81941,2100.3 85.456443,27.819404,2100.3 85.456436,27.819399,2100.3 85.456431,27.819394,2100.3 85.456434,27.819388,2100.3 85.456439,27.81938,2100.3 85.456448,27.819369,2100.3 85.456453,27.819364,2100.4 85.456458,27.819357,2100.4 85.456463,27.819349,2100.4 85.45647,27.819335,2100.4 85.456474,27.819324,2100.4 85.456478,27.819314,2100.4 85.456482,27.819304,2100.5 85.456486,27.819293,2100.5 85.456488,27.819283,2100.5 85.456489,27.819273,2100.5 85.456493,27.819263,2100.5 85.4565,27.819255,2100.6 85.45651,27.819251,2100.6 85.45652,27.81925,2100.6 85.456529,27.819249,2100.6 85.456537,27.819246,2100.6 85.456541,27.819244,2100.6 85.456546,27.819239,2100.6 85.456552,27.819233,2100.6 85.456554,27.819228,2100.7 85.456552,27.819223,2100.7 85.456555,27.819224,2100.7 85.456558,27.819226,2100.7 85.45656,27.819229,2100.7 85.456559,27.819229,2100.7 85.456558,27.81923,2100.7 85.456558,27.81923,2100.7 85.456557,27.81923,2100.7 85.456557,27.819232,2100.7 85.456556,27.819232,2100.7 85.456556,27.819232,2100.7 85.456556,27.819233,2100.7 85.456557,27.819232,2100.7 85.456557,27.819232,2100.7 85.456557,27.819232,2100.7 85.456558,27.819231,2100.7 85.456558,27.819231,2100.7 85.456558,27.819232,2100.7 85.456557,27.819234,2100.7 85.456557,27.819235,2100.7 85.456556,27.819235,2100.7 85.456557,27.819238,2100.7 85.456556,27.819241,2100.7 85.456552,27.819244,2100.7 85.456549,27.819244,2100.7 85.456547,27.819245,2100.7 85.456545,27.819246,2100.7 85.456542,27.819246,2100.7 85.456541,27.819246,2100.7 85.456539,27.819246,2100.7 85.456538,27.819246,2100.7 85.456536,27.819246,2100.7 85.456534,27.819246,2100.8 85.456532,27.819246,2100.8 85.456531,27.819246,2100.8 85.456529,27.819246,2100.8 85.456527,27.819246,2100.8 85.456525,27.819246,2100.8 85.45652,27.819247,2100.8 85.456516,27.819249,2100.8 85.456513,27.819251,2100.8 85.45651,27.819253,2100.8 85.456508,27.819254,2100.8 85.456503,27.819257,2100.8 85.456501,27.81926,2100.8 85.456503,27.819266,2100.8 85.456508,27.819274,2100.8 85.456511,27.819284,2100.9 85.456509,27.819297,2100.9 85.456502,27.819309,2100.9 85.456494,27.819318,2100.9 85.456483,27.81933,2100.9 85.456473,27.819338,2100.9 85.456465,27.819348,2101 85.456457,27.819357,2101 85.456449,27.819365,2101 85.456441,27.819367,2101 85.456436,27.819371,2101 85.456432,27.819374,2101 85.456434,27.819375,2101 85.456439,27.819376,2101 85.456444,27.819379,2101 85.456446,27.819381,2101 85.456447,27.819383,2101 85.456447,27.819383,2101 85.456445,27.819382,2101 85.456444,27.819382,2101 85.456443,27.819381,2101 85.456441,27.819381,2101.1 85.456437,27.819384,2101.1 85.456434,27.819388,2101.1 85.456428,27.819398,2101.1 85.456422,27.819411,2101.1 85.456414,27.819422,2101.1 85.456402,27.819431,2101.1 85.456389,27.819433,2101.2 85.456376,27.819434,2101.2 85.456366,27.819437,2101.2 85.456356,27.819441,2101.2 85.456347,27.819448,2101.2 85.456341,27.819457,2101.2 85.45634,27.819466,2101.2 85.45634,27.819474,2101.3 85.456331,27.81948,2101.3 85.45632,27.819478,2101.3 85.456312,27.819475,2101.3 85.456303,27.819475,2101.3 85.456294,27.819479,2101.3 85.456286,27.819485,2101.3 85.456281,27.81949,2101.3 85.456275,27.819496,2101.4 85.456269,27.8195,2101.4 85.456264,27.819505,2101.4 85.456266,27.819512,2101.4 85.456268,27.819522,2101.4 85.45626,27.819529,2101.4 85.456248,27.819532,2101.5 85.456239,27.819531,2101.5 85.456228,27.819533,2101.5 85.45622,27.819543,2101.5 85.456211,27.819549,2101.5 85.456203,27.819555,2101.5 85.456202,27.819565,2101.6 85.456201,27.819579,2101.6 85.456196,27.81958,2101.6 85.456189,27.819586,2101.6 85.456177,27.819586,2101.6 85.456165,27.819588,2101.7 85.45616,27.81959,2101.7 85.456162,27.819597,2101.7 85.456162,27.819601,2101.7 85.456156,27.819605,2101.7 85.456148,27.819603,2101.7 85.456137,27.819601,2101.7 85.456126,27.819598,2101.8 85.456114,27.819596,2101.8 85.456103,27.819596,2101.8 85.456092,27.819598,2101.8 85.456081,27.8196,2101.9 85.456064,27.819606,2101.9 85.456057,27.819607,2101.9 85.456047,27.819608,2101.9 85.456036,27.81961,2102 85.456031,27.819615,2102 85.456027,27.819624,2102 85.456019,27.81963,2102 85.456008,27.819633,2102 85.45599,27.819637,2102.1 85.455982,27.819641,2102.1 85.455971,27.819646,2102.1 85.455959,27.819648,2102.2 85.455948,27.819643,2102.2 85.455935,27.819641,2102.2 85.455921,27.819639,2102.3 85.455909,27.81964,2102.3 85.455894,27.819642,2102.4 85.455885,27.819643,2102.4 85.455872,27.819643,2102.4 85.45586,27.819645,2102.5 85.455848,27.819649,2102.5 85.455837,27.819653,2102.5 85.455826,27.819655,2102.6 85.455815,27.819657,2102.6 85.455803,27.819657,2102.6 85.455794,27.819659,2102.7 85.455783,27.819664,2102.7 85.455772,27.81967,2102.7 85.45576,27.819677,2102.8 85.455749,27.819682,2102.8 85.455737,27.819686,2102.9 85.455727,27.819691,2102.9 85.455717,27.819696,2102.9 85.455708,27.8197,2103 85.455697,27.819705,2103 85.455694,27.819716,2103.1 85.455699,27.819726,2103.2 85.455704,27.81973,2103.2 85.455711,27.819735,2103.3 85.455712,27.819738,2103.3 85.455716,27.819743,2103.4 85.455716,27.819743,2103.4 85.455714,27.819742,2103.4 85.45571,27.819743,2103.4 85.455702,27.819748,2103.5 85.455684,27.819757,2103.6 85.455671,27.819762,2103.7 85.455648,27.819766,2103.8 85.455639,27.819768,2103.9 85.455627,27.819768,2104 85.455614,27.819769,2104 85.455603,27.819772,2104.1 85.455592,27.819775,2104.2 85.455581,27.819779,2104.3 85.455573,27.819784,2104.3 85.45556,27.819789,2104.4 85.455549,27.819781,2104.5 85.455537,27.819773,2104.6 85.45553,27.819762,2104.7 85.455531,27.81975,2104.8 85.455538,27.819744,2104.8 85.455541,27.819744,2104.9 85.455538,27.819743,2104.9 85.455531,27.819738,2104.9 85.455529,27.819736,2105 85.455527,27.819735,2105 85.455526,27.819734,2105 85.455525,27.819733,2105 85.455524,27.819733,2105 85.455523,27.819732,2105 85.455523,27.819731,2105 85.455523,27.819731,2105 85.455522,27.81973,2105 85.455524,27.819728,2105 85.455525,27.819727,2105.1 85.455526,27.819727,2105.1 85.455528,27.819726,2105.1 85.45553,27.819727,2105.1 85.455535,27.819725,2105.1 85.45554,27.819724,2105.2 85.455543,27.819724,2105.2 85.455546,27.819725,2105.2 85.455549,27.819725,2105.2 85.455551,27.819725,2105.2 85.455555,27.819724,2105.3 85.455557,27.819724,2105.3 85.45556,27.819724,2105.3 85.455561,27.819723,2105.3 85.455562,27.819723,2105.3 85.455563,27.819722,2105.3 85.455564,27.819722,2105.3 85.455565,27.819722,2105.4 85.455566,27.819722,2105.4 85.455567,27.819723,2105.4 85.455567,27.819724,2105.4 85.455568,27.819724,2105.4 85.455568,27.819724,2105.4 85.455568,27.819725,2105.4 85.455569,27.819725,2105.4 85.455569,27.819725,2105.4 85.45557,27.819726,2105.4 85.455571,27.819726,2105.4 85.455574,27.819727,2105.4 85.45558,27.819728,2105.5 85.455585,27.819727,2105.5 85.455591,27.819729,2105.6 85.455594,27.81973,2105.6 85.455594,27.819734,2105.6 85.45559,27.819738,2105.7 85.45558,27.819742,2105.7 85.455567,27.81975,2105.8 85.45556,27.819751,2105.9 85.455552,27.819747,2106 85.455545,27.819744,2106 85.455535,27.819741,2106.1 85.455523,27.819742,2106.2 85.45551,27.819745,2106.3 85.455496,27.819747,2106.4 85.455479,27.81975,2106.5 85.455469,27.819757,2106.6 85.455457,27.819766,2106.7 85.455446,27.819775,2106.9 85.455435,27.819785,2107 85.455427,27.819795,2107.1 85.455422,27.819805,2107.2 85.455416,27.819813,2107.3 85.45541,27.819824,2107.4 85.455408,27.819831,2107.5 85.455403,27.81984,2107.6 85.455398,27.819848,2107.6 85.455393,27.819857,2107.7 85.455389,27.819866,2107.8 85.455385,27.819875,2107.9 85.455379,27.819884,2108 85.455371,27.819892,2108.1 85.455364,27.819898,2108.2 85.455354,27.819905,2108.3 85.455343,27.819914,2108.4 85.455331,27.819921,2108.5 85.455321,27.819925,2108.6 85.455308,27.819929,2108.7 85.455296,27.819932,2108.8 85.455284,27.819933,2108.9 85.455274,27.819935,2109 85.455262,27.819936,2109.1 85.455252,27.819937,2109.2 85.455242,27.81994,2109.2 85.455231,27.819944,2109.3 85.455227,27.819949,2109.4 85.455223,27.819956,2109.4 85.455218,27.819962,2109.5 85.455212,27.819968,2109.5 85.455206,27.819973,2109.6 85.455199,27.819979,2109.6 85.455192,27.819982,2109.7 85.455185,27.819982,2109.7 85.455178,27.819985,2109.8 85.455171,27.819991,2109.8 85.455168,27.819994,2109.9 85.455165,27.82,2109.9 85.455161,27.820005,2110 85.455159,27.820011,2110 85.455156,27.820016,2110 85.455152,27.820022,2110.1 85.455149,27.820029,2110.1 85.455145,27.820034,2110.2 85.455142,27.820038,2110.2 85.455136,27.820043,2110.2 85.455131,27.820048,2110.3 85.455125,27.820055,2110.4 85.455119,27.820059,2110.4 85.455112,27.820065,2110.5 85.455104,27.82007,2110.5 85.455097,27.820078,2110.6 85.455093,27.820086,2110.6 85.455089,27.820089,2110.7 85.455085,27.820093,2110.7 85.45508,27.820098,2110.7 85.455076,27.820103,2110.8 85.455071,27.820111,2110.9 85.455067,27.820114,2110.9 85.45506,27.82012,2110.9 85.455056,27.820123,2111 85.455052,27.820126,2111 85.455047,27.820132,2111.1 85.455043,27.820139,2111.1 85.455041,27.820144,2111.1 85.455037,27.820151,2111.2 85.455032,27.820158,2111.2 85.455025,27.820162,2111.3 85.455014,27.820162,2111.4 85.455006,27.820167,2111.4 85.455005,27.820178,2111.5 85.455003,27.820189,2111.6 85.455002,27.820199,2111.6 85.455002,27.820209,2111.7 85.455001,27.820218,2111.8 85.455,27.82023,2111.8 85.454999,27.820239,2111.9 85.454999,27.820243,2111.9 85.455,27.820246,2111.9 85.455,27.820253,2112 85.455001,27.820261,2112 85.454999,27.820269,2112.1 85.454995,27.820283,2112.1 85.454992,27.820289,2112.2 85.454986,27.820297,2112.2 85.454981,27.820308,2112.3 85.454971,27.820317,2112.4 85.454961,27.820326,2112.5 85.454953,27.820334,2112.5 85.454942,27.820342,2112.6 85.45493,27.820351,2112.7 85.454923,27.820358,2112.7 85.454916,27.820368,2112.8 85.454908,27.820377,2112.9 85.454901,27.820386,2112.9 85.454891,27.820394,2113 85.454881,27.820402,2113.1 85.454873,27.820411,2113.2 85.454863,27.820425,2113.3 85.454859,27.820431,2113.3 85.454853,27.82044,2113.4 85.454847,27.820449,2113.4 85.454839,27.820457,2113.5 85.454827,27.820466,2113.6 85.454816,27.820475,2113.7 85.454806,27.820484,2113.8 85.454795,27.820492,2113.8 85.454784,27.820499,2113.9 85.454773,27.820506,2114 85.454762,27.820513,2114.1 85.454751,27.820522,2114.1 85.454744,27.820532,2114.2 85.454736,27.820542,2114.3 85.454727,27.820548,2114.4 85.454714,27.820561,2114.5 85.454708,27.820564,2114.5 85.454697,27.820572,2114.6 85.454687,27.820581,2114.7 85.454679,27.820589,2114.7 85.454672,27.820597,2114.8 85.454665,27.820606,2114.9 85.454659,27.820616,2114.9 85.454652,27.820627,2115 85.454645,27.820634,2115.1 85.454638,27.820644,2115.1 85.45463,27.820652,2115.2 85.454622,27.820661,2115.3 85.454611,27.82067,2115.4 85.454599,27.820678,2115.4 85.454587,27.820687,2115.5 85.454574,27.820696,2115.6 85.454565,27.820701,2115.7 85.454554,27.820707,2115.8 85.454541,27.820713,2115.9 85.454528,27.820718,2115.9 85.454514,27.820722,2116 85.4545,27.820727,2116.1 85.454486,27.820727,2116.2 85.454474,27.82073,2116.3 85.454463,27.820733,2116.4 85.454453,27.820738,2116.5 85.454443,27.820743,2116.5 85.454434,27.820749,2116.6 85.454423,27.820754,2116.7 85.454411,27.820759,2116.8 85.454395,27.820766,2116.9 85.45439,27.820771,2116.9 85.454379,27.820776,2117 85.454369,27.820779,2117.1 85.45436,27.820784,2117.1 85.45435,27.820791,2117.2 85.454344,27.820795,2117.3 85.454336,27.820799,2117.3 85.454325,27.820805,2117.4 85.45432,27.820807,2117.4 85.45431,27.820812,2117.5 85.454301,27.820815,2117.6 85.454289,27.820818,2117.6 85.454276,27.820819,2117.7 85.45426,27.820819,2117.8 85.454244,27.820821,2117.9 85.454223,27.820822,2118.1 85.45421,27.820822,2118.2 85.454191,27.820823,2118.3 85.454177,27.820824,2118.4 85.454164,27.820825,2118.5 85.454151,27.820827,2118.6 85.454137,27.820829,2118.7 85.454122,27.820831,2118.8 85.454104,27.820834,2118.9 85.454095,27.820837,2119 85.454083,27.820842,2119.1 85.454071,27.820846,2119.2 85.454059,27.82085,2119.3 85.454047,27.820854,2119.4 85.454033,27.820857,2119.6 85.45402,27.82086,2119.7 85.454005,27.820864,2119.8 85.453994,27.820869,2119.9 85.453981,27.820875,2120 85.453967,27.820881,2120.1 85.453954,27.820886,2120.2 85.453942,27.820891,2120.3 85.45393,27.820897,2120.5 85.453918,27.820904,2120.6 85.453902,27.820905,2120.7 85.453889,27.820907,2120.8 85.453875,27.820908,2120.9 85.453861,27.820908,2121 85.453848,27.820907,2121.1 85.453836,27.820906,2121.2 85.453824,27.820905,2121.3 85.45381,27.820905,2121.5 85.453795,27.820902,2121.6 85.453782,27.8209,2121.7 85.453768,27.820899,2121.8 85.453755,27.820899,2121.9 85.453744,27.820898,2122 85.453731,27.820895,2122.2 85.453717,27.820893,2122.3 85.453697,27.820891,2122.5 85.453687,27.820894,2122.6 85.453674,27.820899,2122.7 85.453662,27.820905,2122.9 85.453652,27.820911,2123 85.453641,27.820916,2123.1 85.453631,27.820924,2123.3 85.45362,27.820931,2123.4 85.453606,27.820943,2123.6 85.453601,27.820947,2123.7 85.45359,27.820957,2123.9 85.453587,27.820966,2124 85.453582,27.820975,2124.1 85.453577,27.820984,2124.2 85.453574,27.820993,2124.4 85.45357,27.821001,2124.5 85.453565,27.821013,2124.6 85.453561,27.82102,2124.7 85.453556,27.821028,2124.9 85.453549,27.821037,2125 85.453543,27.821047,2125.2 85.453535,27.821056,2125.3 85.453526,27.821065,2125.5 85.453517,27.821074,2125.6 85.453505,27.821081,2125.8 85.453496,27.821086,2125.9 85.453484,27.821093,2126.1 85.453469,27.821098,2126.3 85.453452,27.821102,2126.5 85.453436,27.821106,2126.7 85.453424,27.821106,2126.9 85.45341,27.821109,2127 85.453391,27.821108,2127.3 85.453379,27.821108,2127.4 85.453367,27.821112,2127.6 85.453356,27.821115,2127.7 85.453344,27.821113,2127.8 85.453331,27.821108,2128 85.453318,27.821105,2128.2 85.453309,27.8211,2128.3 85.453301,27.821092,2128.5 85.453296,27.821086,2128.6 85.45329,27.82108,2128.7 85.453281,27.821076,2128.8 85.453268,27.821074,2128.9 85.453256,27.821073,2129.1 85.453245,27.821073,2129.2 85.453234,27.821073,2129.3 85.453223,27.821069,2129.5 85.453218,27.821062,2129.6 85.453223,27.821052,2129.8 85.453231,27.821044,2129.9 85.453236,27.821039,2130 85.453238,27.821032,2130.1 85.453237,27.821027,2130.1 85.453234,27.821019,2130.2 85.453231,27.821019,2130.3 85.453225,27.821019,2130.3 85.453216,27.821018,2130.5 85.453207,27.821014,2130.6 85.453201,27.821009,2130.7 85.453197,27.821001,2130.8 85.453197,27.820994,2130.8 85.453203,27.820988,2130.9 85.453206,27.820989,2131 85.453206,27.820991,2131 85.453204,27.820992,2131 85.453202,27.820992,2131 85.4532,27.820993,2131.1 85.453199,27.820995,2131.1 85.453198,27.820996,2131.1 85.453197,27.820996,2131.1 85.453196,27.820996,2131.1 85.453194,27.820997,2131.1 85.453193,27.820998,2131.2 85.453192,27.821,2131.2 85.453193,27.821001,2131.2 85.453193,27.821002,2131.2 85.453193,27.821002,2131.2 85.453193,27.821002,2131.2 85.453192,27.821003,2131.2 85.453192,27.821003,2131.2 85.453192,27.821003,2131.2 85.453191,27.821004,2131.2 85.45319,27.821005,2131.3 85.453189,27.821006,2131.3 85.453183,27.821005,2131.3 85.453178,27.821,2131.4 85.453177,27.820996,2131.5 85.453175,27.820991,2131.5 85.453172,27.820987,2131.6 85.453169,27.820983,2131.6 85.453166,27.820978,2131.7 85.453164,27.820972,2131.7 85.453162,27.820966,2131.8 85.453162,27.820959,2131.9 85.453162,27.820952,2131.9 85.453162,27.820946,2132 85.453161,27.82094,2132.1 85.45316,27.820933,2132.1 85.453157,27.820927,2132.2 85.453154,27.82092,2132.3 85.45315,27.820911,2132.4 85.453146,27.820907,2132.4 85.453142,27.820901,2132.5 85.453136,27.820895,2132.6 85.453131,27.820891,2132.6 85.453125,27.820888,2132.7 85.45312,27.820884,2132.7 85.453119,27.820879,2132.8 85.453116,27.820871,2132.9 85.453114,27.820867,2132.9 85.453112,27.820859,2133 85.453111,27.820851,2133 85.453108,27.820844,2133.1 85.453104,27.820836,2133.2 85.453101,27.820829,2133.3 85.453101,27.820819,2133.4 85.4531,27.820807,2133.5 85.453103,27.820801,2133.5 85.453108,27.820794,2133.6 85.453112,27.820785,2133.7 85.453112,27.820775,2133.8 85.453115,27.820763,2134 85.453119,27.820752,2134.1 85.453118,27.82074,2134.2 85.453117,27.820724,2134.4 85.453117,27.820716,2134.5 85.453118,27.820705,2134.6 85.453118,27.820693,2134.8 85.45312,27.820681,2134.9 85.45312,27.82067,2135 85.45312,27.820657,2135.2 85.453117,27.820645,2135.4 85.453103,27.820633,2135.6 85.453092,27.820639,2135.7 85.453083,27.820646,2135.8 85.453076,27.820643,2135.9 85.453075,27.820642,2135.9 85.453077,27.820643,2136 85.45308,27.820644,2136 85.453082,27.820644,2136 85.453084,27.820643,2136 85.453085,27.820643,2136.1 85.453086,27.820643,2136.1 85.453088,27.820643,2136.1 85.453089,27.820643,2136.1 85.45309,27.820643,2136.1 85.45309,27.820642,2136.1 85.453091,27.820642,2136.1 85.453091,27.820642,2136.1 85.453091,27.820643,2136.1 85.453091,27.820642,2136.2 85.453091,27.820642,2136.2 85.453091,27.820642,2136.2 85.453091,27.820642,2136.2 85.453091,27.820642,2136.2 85.453091,27.820642,2136.2 85.453091,27.820642,2136.2 85.453091,27.820642,2136.2 85.453091,27.820642,2136.2 85.453091,27.820642,2136.2 85.453091,27.820643,2136.2 85.453091,27.820643,2136.2 85.453091,27.820643,2136.2 85.453091,27.820643,2136.2 85.453091,27.820644,2136.2 85.453091,27.820644,2136.2 85.453091,27.820644,2136.2 85.453091,27.820644,2136.2 85.453091,27.820644,2136.2 85.453091,27.820644,2136.2 85.453091,27.820645,2136.2 85.453091,27.820645,2136.2 85.453091,27.820645,2136.2 85.453091,27.820645,2136.2 85.453092,27.820645,2136.2 85.453092,27.820645,2136.2 85.453092,27.820645,2136.2 85.453092,27.820645,2136.2 85.453092,27.820645,2136.2 85.453092,27.820645,2136.2 85.453092,27.820645,2136.2 85.453092,27.820644,2136.2 85.453091,27.820645,2136.2 85.453089,27.820644,2136.3 85.453089,27.82064,2136.3 85.453095,27.820634,2136.4 85.453111,27.820621,2136.7 85.453113,27.820611,2136.8 85.453121,27.820605,2136.9 85.453122,27.820604,2136.9 85.453124,27.820604,2137 85.453128,27.820603,2137 85.453134,27.820603,2137.1 85.453139,27.820602,2137.1 85.453141,27.820602,2137.1 85.453146,27.820602,2137.2 85.453148,27.820601,2137.2 85.453149,27.820601,2137.2 85.453151,27.820601,2137.3 85.453154,27.820601,2137.3 85.453154,27.8206,2137.3 85.453155,27.820597,2137.4 85.45316,27.820592,2137.4 85.453167,27.820591,2137.5 85.453172,27.820583,2137.6 85.453176,27.820572,2137.8 85.45318,27.820562,2137.9 85.453185,27.820554,2138 85.453188,27.820543,2138.2 85.453188,27.820529,2138.4 85.45318,27.820511,2138.6 85.453177,27.820502,2138.7 85.453172,27.82049,2138.8 85.453164,27.820478,2139 85.453152,27.82047,2139.2 85.453133,27.820461,2139.4 85.453124,27.820451,2139.5 85.453119,27.820441,2139.6 85.453113,27.820432,2139.7 85.453108,27.820426,2139.8 85.453095,27.82042,2139.9 85.453079,27.820418,2140.1 85.453068,27.820425,2140.2 85.453064,27.82043,2140.3 85.453055,27.820429,2140.3 85.453046,27.820423,2140.5 85.45304,27.820414,2140.6 85.453034,27.820404,2140.7 85.453028,27.820395,2140.8 85.453022,27.820387,2140.9 85.453017,27.82038,2140.9 85.453012,27.820374,2141 85.453007,27.82037,2141.1 85.453001,27.820365,2141.1 85.452995,27.820359,2141.2 85.452991,27.820354,2141.3 85.452986,27.820349,2141.3 85.452981,27.820346,2141.4 85.452975,27.820341,2141.4 85.452969,27.820336,2141.5 85.452964,27.820331,2141.6 85.452958,27.820327,2141.6 85.45295,27.820321,2141.7 85.452945,27.820316,2141.8 85.45294,27.820311,2141.9 85.452934,27.820306,2141.9 85.452929,27.8203,2142 85.452924,27.820295,2142.1 85.452917,27.820287,2142.1 85.452913,27.82028,2142.2 85.452909,27.82027,2142.3 85.452905,27.820262,2142.4 85.4529,27.820253,2142.5 85.452894,27.820246,2142.6 85.452889,27.820239,2142.7 85.452884,27.820233,2142.7 85.452877,27.820226,2142.8 85.452869,27.82022,2142.9 85.452862,27.820214,2143 85.452856,27.82021,2143.1 85.452848,27.820204,2143.1 85.45284,27.820199,2143.2 85.452831,27.820194,2143.3 85.45282,27.820189,2143.4 85.452809,27.820185,2143.5 85.452795,27.82018,2143.7 85.452787,27.820178,2143.7 85.452777,27.820176,2143.8 85.452765,27.820174,2144 85.452755,27.82017,2144.1 85.452744,27.82017,2144.2 85.452732,27.820173,2144.3 85.452722,27.82018,2144.4 85.452707,27.820191,2144.6 85.452703,27.820196,2144.7 85.452701,27.820205,2144.8 85.452697,27.820213,2144.9 85.452689,27.820218,2145 85.452681,27.820226,2145.1 85.452673,27.820232,2145.2 85.452664,27.820238,2145.3 85.452652,27.820243,2145.5 85.452645,27.82025,2145.6 85.452638,27.820255,2145.7 85.452627,27.820261,2145.8 85.452617,27.820265,2145.9 85.452606,27.820269,2146 85.452595,27.820272,2146.1 85.452584,27.820275,2146.2 85.452571,27.820279,2146.3 85.452562,27.820286,2146.4 85.452556,27.820294,2146.5 85.452548,27.820299,2146.6 85.452539,27.820303,2146.7 85.452529,27.820307,2146.8 85.452519,27.820312,2146.9 85.452509,27.820318,2147 85.452502,27.820318,2147 85.452494,27.820318,2147.1 85.452485,27.82032,2147.1 85.452477,27.820325,2147.2 85.452469,27.820329,2147.3 85.45246,27.820332,2147.3 85.452449,27.820337,2147.4 85.45244,27.820341,2147.5 85.452427,27.820347,2147.6 85.452416,27.820355,2147.7 85.452403,27.820364,2147.8 85.452392,27.820371,2147.8 85.452381,27.820377,2147.9 85.452372,27.820384,2148 85.452363,27.820389,2148.1 85.452355,27.820396,2148.1 85.452348,27.820399,2148.2 85.452338,27.820406,2148.3 85.452332,27.82041,2148.3 85.452322,27.820415,2148.4 85.45231,27.820421,2148.5 85.4523,27.820425,2148.6 85.452291,27.820432,2148.7 85.452282,27.820438,2148.8 85.452274,27.820441,2148.8 85.452269,27.820438,2148.9 85.452263,27.820439,2148.9 85.452256,27.820441,2149 85.452246,27.820446,2149.1 85.452236,27.820454,2149.2 85.452238,27.820462,2149.2 85.452229,27.820465,2149.3 85.452223,27.820464,2149.3 85.452216,27.820466,2149.4 85.452207,27.820471,2149.5 85.452197,27.820473,2149.5 85.452187,27.820472,2149.6 85.452178,27.82047,2149.7 85.45217,27.820465,2149.8 85.452162,27.820459,2149.8 85.452156,27.820453,2149.9 85.452145,27.820455,2150 85.452135,27.820458,2150.1 85.452127,27.82046,2150.1 85.45212,27.820463,2150.2 85.452111,27.820466,2150.2 85.452105,27.820467,2150.3 85.452098,27.820469,2150.3 85.45209,27.820475,2150.4 85.452084,27.820481,2150.5 85.452076,27.820486,2150.6 85.452067,27.820489,2150.6 85.452063,27.820495,2150.7 85.452056,27.820503,2150.8 85.45205,27.82051,2150.8 85.452044,27.820517,2150.9 85.452039,27.820525,2151 85.452033,27.820534,2151.1 85.452028,27.820542,2151.2 85.452025,27.820553,2151.3 85.452024,27.820563,2151.3 85.452021,27.820573,2151.4 85.452017,27.820583,2151.5 85.452013,27.820592,2151.6 85.452013,27.8206,2151.7 85.452011,27.820608,2151.8 85.452005,27.820614,2151.8 85.451999,27.820619,2151.9 85.451997,27.820623,2151.9 85.451996,27.82063,2152 85.451993,27.820636,2152.1 85.451989,27.820643,2152.1 85.451989,27.820648,2152.2 85.45199,27.820654,2152.2 85.451983,27.820659,2152.3 85.451972,27.820661,2152.4 85.451964,27.820668,2152.5 85.451955,27.820677,2152.6 85.451939,27.820683,2152.7 85.451933,27.820685,2152.8 85.451925,27.82069,2152.9 85.451917,27.820697,2153 85.451909,27.820704,2153.1 85.451901,27.82071,2153.1 85.451892,27.820716,2153.2 85.451883,27.820721,2153.3 85.451875,27.820728,2153.4 85.451868,27.820735,2153.5 85.451861,27.820742,2153.6 85.451854,27.82075,2153.6 85.451845,27.820757,2153.7 85.451836,27.820762,2153.8 85.451827,27.820768,2153.9 85.451819,27.820774,2154 85.45181,27.82078,2154 85.451804,27.820785,2154.1 85.451797,27.82079,2154.2 85.451789,27.820796,2154.2 85.45178,27.820802,2154.3 85.451771,27.820809,2154.4 85.451761,27.820816,2154.4 85.451751,27.820824,2154.5 85.451742,27.820835,2154.6 85.451737,27.820843,2154.7 85.451732,27.820852,2154.7 85.451726,27.820862,2154.8 85.451714,27.820872,2154.9 85.451701,27.820881,2155 85.451685,27.82089,2155.1 85.451674,27.820898,2155.2 85.451655,27.820912,2155.4 85.451647,27.820922,2155.4 85.451631,27.820933,2155.6 85.451616,27.820942,2155.7 85.451597,27.820948,2155.8 85.451582,27.820953,2155.9 85.451568,27.820965,2156 85.451562,27.820978,2156.2 85.451555,27.820988,2156.2 85.451549,27.820997,2156.3 85.451543,27.821006,2156.4 85.451542,27.821013,2156.5 85.451539,27.821021,2156.5 85.451538,27.821027,2156.6 85.451536,27.821035,2156.6 85.451539,27.821044,2156.7 85.451539,27.821053,2156.8 85.451538,27.821063,2156.9 85.451537,27.82107,2156.9 85.451536,27.821079,2157 85.451536,27.821088,2157 85.451537,27.821099,2157.1 85.451539,27.821107,2157.2 85.451542,27.821116,2157.3 85.451544,27.821125,2157.3 85.451544,27.821135,2157.4 85.451548,27.821145,2157.5 85.451551,27.821155,2157.5 85.451551,27.821165,2157.6 85.451551,27.821177,2157.7 85.451552,27.821184,2157.7 85.451552,27.821192,2157.8 85.451552,27.821202,2157.8 85.451552,27.82121,2157.9 85.451553,27.821219,2158 85.451554,27.821229,2158 85.451552,27.821238,2158.1 85.451554,27.82125,2158.1 85.451556,27.821258,2158.2 85.451556,27.821268,2158.2 85.451554,27.821277,2158.3 85.451554,27.821285,2158.3 85.451556,27.821294,2158.4 85.451555,27.821303,2158.4 85.451551,27.821312,2158.5 85.451549,27.821324,2158.6 85.45155,27.821331,2158.6 85.451549,27.821341,2158.7 85.451547,27.821351,2158.7 85.451544,27.821361,2158.8 85.451541,27.821371,2158.8 85.45154,27.821379,2158.9 85.451536,27.821389,2158.9 85.451527,27.821399,2159 85.45152,27.821406,2159.1 85.451513,27.821415,2159.1 85.451507,27.821425,2159.2 85.451499,27.821434,2159.2 85.451491,27.821442,2159.3 85.45148,27.821452,2159.4 85.451472,27.821463,2159.5 85.451464,27.821472,2159.5 85.451458,27.82148,2159.6 85.451451,27.82149,2159.6 85.451444,27.821499,2159.7 85.451439,27.821509,2159.8 85.451434,27.821519,2159.8 85.45143,27.821529,2159.9 85.451425,27.821538,2159.9 85.45142,27.821547,2160 85.451417,27.821557,2160 85.451414,27.821567,2160.1 85.451409,27.821577,2160.1 85.451404,27.821588,2160.2 85.4514,27.821598,2160.3 85.451396,27.82161,2160.3 85.451394,27.82162,2160.4 85.451388,27.82163,2160.4 85.451383,27.821639,2160.5 85.451379,27.821649,2160.5 85.451376,27.821659,2160.6 85.45137,27.821669,2160.6 85.451365,27.821679,2160.7 85.45136,27.82169,2160.7 85.451352,27.821705,2160.8 85.451348,27.821712,2160.9 85.451341,27.82172,2160.9 85.451332,27.821727,2161 85.451324,27.821733,2161 85.451317,27.821742,2161.1 85.45131,27.821751,2161.1 85.451301,27.82176,2161.2 85.451291,27.82177,2161.2 85.451281,27.821778,2161.3 85.451274,27.821787,2161.3 85.451268,27.821797,2161.4 85.45126,27.821806,2161.5 85.451252,27.821815,2161.5 85.451244,27.821822,2161.6 85.451238,27.821832,2161.6 85.451231,27.821843,2161.7 85.451225,27.821851,2161.8 85.451218,27.82186,2161.8 85.45121,27.821869,2161.9 85.451201,27.821878,2162 85.451193,27.821886,2162 85.451184,27.821897,2162.1 85.451175,27.821904,2162.2 85.451166,27.821915,2162.3 85.451161,27.821925,2162.3 85.451154,27.821934,2162.4 85.451146,27.821942,2162.5 85.451139,27.821951,2162.5 85.451132,27.821959,2162.6 85.451122,27.821968,2162.7 85.451113,27.821977,2162.8 85.451105,27.821986,2162.9 85.451097,27.821995,2162.9 85.451087,27.822003,2163 85.451079,27.82201,2163.1 85.45107,27.822017,2163.2 85.451059,27.822026,2163.3 85.451046,27.822033,2163.4 85.45103,27.822043,2163.5 85.451022,27.822046,2163.6 85.451012,27.822055,2163.7 85.451004,27.822063,2163.7 85.450995,27.822072,2163.8 85.450986,27.822079,2163.9 85.450977,27.822087,2164 85.450967,27.822094,2164.1 85.450951,27.822105,2164.3 85.450947,27.822107,2164.3 85.450937,27.822114,2164.4 85.450924,27.822121,2164.5 85.450912,27.822129,2164.6 85.450899,27.822136,2164.7 85.450886,27.822143,2164.8 85.450876,27.822148,2164.9 85.45086,27.822154,2165 85.450849,27.82216,2165.1 85.450835,27.822165,2165.3 85.450822,27.822169,2165.4 85.450814,27.82217,2165.4 85.450805,27.822174,2165.5 85.450794,27.822179,2165.6 85.450781,27.822183,2165.7 85.450769,27.822188,2165.8 85.450757,27.822193,2165.9 85.450745,27.822197,2166 85.450733,27.8222,2166.1 85.450721,27.822204,2166.2 85.450709,27.822209,2166.3 85.450697,27.822213,2166.4 85.450685,27.822217,2166.5 85.450673,27.82222,2166.6 85.450662,27.822223,2166.6 85.450651,27.822228,2166.7 85.450641,27.82223,2166.8 85.450631,27.822232,2166.9 85.450621,27.822237,2167 85.45061,27.822241,2167.1 85.450599,27.822245,2167.2 85.450588,27.82225,2167.3 85.45058,27.822252,2167.3 85.450569,27.822256,2167.4 85.450558,27.82226,2167.5 85.450546,27.822265,2167.6 85.450534,27.822269,2167.7 85.450523,27.822272,2167.8 85.45051,27.822275,2167.9 85.450497,27.822278,2168 85.450485,27.822282,2168.1 85.450475,27.822286,2168.2 85.450466,27.822293,2168.3 85.450457,27.822299,2168.4 85.450448,27.822306,2168.4 85.45044,27.822312,2168.5 85.450427,27.822322,2168.6 85.450421,27.822327,2168.7 85.450411,27.822334,2168.8 85.4504,27.822341,2168.9 85.450389,27.822349,2169 85.450379,27.822358,2169 85.450367,27.822366,2169.1 85.450354,27.822374,2169.2 85.450342,27.822381,2169.3 85.450333,27.822388,2169.4 85.450325,27.822394,2169.4 85.450318,27.822401,2169.5 85.45031,27.822408,2169.6 85.450301,27.822415,2169.6 85.450292,27.822422,2169.7 85.450283,27.822428,2169.8 85.450271,27.822437,2169.8 85.450263,27.822444,2169.9 85.450256,27.822451,2170 85.450247,27.822457,2170 85.450237,27.822462,2170.1 85.450231,27.822465,2170.1 85.450222,27.822469,2170.2 85.450211,27.822472,2170.2 85.450198,27.822476,2170.3 85.450189,27.822479,2170.4 85.450179,27.822478,2170.4 85.450169,27.82248,2170.5 85.450158,27.822482,2170.5 85.450146,27.822484,2170.6 85.450134,27.822484,2170.7 85.450124,27.822484,2170.7 85.45011,27.822479,2170.8 85.450101,27.822475,2170.9 85.450087,27.822468,2171 85.450074,27.822461,2171.1 85.450061,27.822454,2171.2 85.450049,27.822446,2171.3 85.450038,27.822438,2171.3 85.45003,27.822429,2171.4 85.450019,27.822419,2171.5 85.450012,27.822412,2171.6 85.450003,27.822404,2171.7 85.449993,27.822396,2171.8 85.449985,27.822387,2171.9 85.449974,27.822381,2172 85.449962,27.822376,2172.1 85.449944,27.82237,2172.2 85.449937,27.822368,2172.3 85.449925,27.822365,2172.4 85.449914,27.822363,2172.4 85.449902,27.822361,2172.5 85.44989,27.822361,2172.6 85.449879,27.82236,2172.7 85.449866,27.82236,2172.8 85.44985,27.822365,2173 85.449845,27.822368,2173 85.449836,27.822372,2173.1 85.449828,27.822375,2173.2 85.44982,27.822379,2173.2 85.449812,27.822385,2173.3 85.449802,27.822392,2173.4 85.449793,27.822398,2173.5 85.449781,27.822408,2173.6 85.449776,27.82241,2173.7 85.449767,27.822417,2173.8 85.449761,27.82242,2173.8 85.449752,27.822429,2173.9 85.449746,27.822432,2174 85.449741,27.822438,2174 85.449737,27.822444,2174.1 85.449731,27.822452,2174.2 85.449723,27.822456,2174.2 85.449713,27.822457,2174.3 85.449703,27.822459,2174.4 85.449697,27.822463,2174.4 85.44969,27.82247,2174.5 85.449682,27.822481,2174.6 85.449675,27.822493,2174.7 85.44967,27.822504,2174.8 85.449664,27.822518,2174.9 85.449654,27.822527,2174.9 85.449644,27.822534,2175 85.449635,27.822541,2175.1 85.44963,27.82255,2175.2 85.449623,27.822555,2175.2 85.449613,27.822561,2175.3 85.449601,27.822565,2175.3 85.449593,27.822569,2175.4 85.449582,27.822573,2175.4 85.44957,27.822577,2175.5 85.44956,27.822582,2175.5 85.449551,27.822587,2175.6 85.449541,27.822591,2175.6 85.44953,27.822596,2175.7 85.44952,27.822602,2175.7 85.449511,27.822606,2175.7 85.449501,27.822609,2175.8 85.449489,27.822614,2175.8 85.44948,27.82262,2175.9 85.44947,27.822627,2175.9 85.449464,27.822635,2176 85.449458,27.822643,2176 85.449449,27.822651,2176 85.449439,27.822659,2176.1 85.449431,27.822667,2176.1 85.449423,27.822674,2176.1 85.449413,27.82268,2176.2 85.449404,27.822686,2176.2 85.449393,27.82269,2176.2 85.449379,27.822699,2176.3 85.449373,27.822703,2176.3 85.449362,27.822709,2176.3 85.449355,27.822715,2176.3 85.449347,27.822722,2176.3 85.449336,27.822726,2176.4 85.449325,27.822731,2176.4 85.449313,27.822736,2176.4 85.449299,27.822741,2176.4 85.449285,27.822744,2176.4 85.449274,27.822744,2176.4 85.449262,27.822744,2176.4 85.449249,27.822745,2176.5 85.449237,27.822747,2176.5 85.449221,27.822752,2176.5 85.449215,27.822754,2176.5 85.449206,27.822756,2176.5 85.449195,27.822758,2176.5 85.449183,27.822762,2176.5 85.449163,27.822771,2176.5 85.449155,27.822773,2176.5 85.449142,27.822775,2176.5 85.44913,27.822778,2176.5 85.44912,27.822778,2176.5 85.449109,27.822778,2176.5 85.449097,27.822782,2176.5 85.449084,27.822787,2176.5 85.449067,27.822791,2176.5 85.449055,27.822792,2176.5 85.449042,27.822797,2176.5 85.449032,27.822801,2176.5 85.449021,27.822806,2176.5 85.449012,27.822815,2176.5 85.449002,27.822822,2176.5 85.448991,27.82283,2176.5 85.448979,27.822839,2176.5 85.448972,27.822847,2176.5 85.448966,27.822857,2176.5 85.448961,27.822864,2176.5 85.448952,27.822872,2176.5 85.448946,27.82288,2176.5 85.448939,27.822888,2176.5 85.448931,27.822896,2176.4 85.448922,27.822904,2176.4 85.448914,27.822912,2176.4 85.448908,27.822921,2176.4 85.448902,27.822929,2176.4 85.448893,27.822937,2176.4 85.448883,27.822943,2176.4 85.448873,27.822949,2176.4 85.448861,27.822956,2176.4 85.448849,27.822964,2176.4 85.44884,27.82297,2176.4 85.448831,27.822977,2176.4 85.448821,27.822983,2176.4 85.448809,27.822987,2176.4 85.448797,27.822993,2176.4 85.448786,27.822999,2176.4 85.448775,27.823006,2176.4 85.448765,27.823015,2176.4 85.448757,27.823022,2176.4 85.448746,27.823027,2176.3 85.448733,27.823029,2176.3 85.448719,27.823029,2176.3 85.448705,27.823027,2176.3 85.448691,27.823024,2176.3 85.44867,27.82302,2176.2 85.448663,27.823017,2176.2 85.44865,27.823014,2176.2 85.448636,27.823011,2176.2 85.448623,27.823009,2176.2 85.44861,27.823005,2176.1 85.448598,27.823002,2176.1 85.448585,27.823002,2176.1 85.448572,27.823003,2176.1 85.448559,27.823007,2176.1 85.448545,27.823007,2176.1 85.448531,27.823005,2176.1 85.448517,27.823003,2176.1 85.448504,27.823,2176.1 85.448491,27.822999,2176.1 85.448478,27.823002,2176 85.448463,27.823007,2176 85.448453,27.823012,2176 85.448441,27.823015,2176 85.448428,27.823019,2176 85.448416,27.823023,2176 85.448403,27.823027,2176 85.44839,27.82303,2176 85.448377,27.823034,2176 85.448366,27.823044,2175.9 85.448362,27.823053,2175.9 85.448375,27.823063,2175.9 85.448393,27.823065,2175.9 85.448404,27.82307,2175.9 85.448399,27.823085,2175.8 85.448394,27.823091,2175.8 85.448391,27.823098,2175.8 85.44838,27.823104,2175.8 85.448373,27.823112,2175.8 85.448376,27.823123,2175.8 85.448377,27.823127,2175.8 85.448374,27.823129,2175.8 85.448372,27.823129,2175.8 85.44837,27.823127,2175.8 85.448368,27.823125,2175.8 85.448366,27.823123,2175.7 85.448366,27.823123,2175.7 85.448362,27.823127,2175.7 85.448357,27.823137,2175.7 85.448345,27.823145,2175.7 85.448332,27.823152,2175.7 85.448322,27.82316,2175.7 85.448322,27.823172,2175.7 85.448337,27.82318,2175.7 85.448354,27.823179,2175.7 85.448363,27.823174,2175.6 85.448364,27.823172,2175.6 85.448362,27.823171,2175.6 85.448355,27.823171,2175.6 85.44835,27.823171,2175.6 85.448346,27.82317,2175.6 85.448343,27.82317,2175.6 85.44834,27.823169,2175.6 85.448337,27.823168,2175.6 85.448334,27.823168,2175.6 85.448332,27.823168,2175.6 85.44833,27.823168,2175.6 85.448328,27.82317,2175.6 85.448328,27.823178,2175.6 85.448331,27.823184,2175.6 85.448332,27.823192,2175.6 85.448332,27.823201,2175.6 85.448332,27.823209,2175.6 85.448332,27.823217,2175.6 85.44833,27.823228,2175.6 85.448326,27.823235,2175.6 85.44832,27.823243,2175.6 85.448313,27.823253,2175.6 85.448307,27.823261,2175.6 85.448289,27.823272,2175.6 85.448279,27.823282,2175.5 85.448274,27.823292,2175.5 85.448272,27.823305,2175.5 85.448273,27.823314,2175.5 85.448271,27.823323,2175.5 85.448273,27.823334,2175.5 85.448278,27.823345,2175.5 85.448284,27.823355,2175.5 85.448291,27.823366,2175.5 85.448298,27.823381,2175.5 85.448306,27.823386,2175.5 85.448311,27.823395,2175.5 85.448314,27.823407,2175.5 85.448315,27.823411,2175.5 85.448318,27.823415,2175.5 85.448325,27.823419,2175.5 85.448339,27.823421,2175.5 85.448352,27.823422,2175.5 85.448355,27.823422,2175.5 85.448353,27.823422,2175.5 85.44835,27.823419,2175.5 85.448348,27.823416,2175.5 85.448345,27.823414,2175.5 85.448342,27.823413,2175.5 85.448342,27.823413,2175.5 85.448339,27.823417,2175.5 85.448336,27.823424,2175.5 85.448333,27.823434,2175.5 85.448332,27.823448,2175.5 85.448341,27.823458,2175.6 85.448349,27.823467,2175.6 85.448349,27.823478,2175.6 85.448347,27.823486,2175.6 85.448347,27.823494,2175.6 85.448352,27.823502,2175.6 85.44836,27.823508,2175.6 85.448367,27.823516,2175.6 85.448371,27.823523,2175.6 85.448374,27.823531,2175.6 85.448376,27.82354,2175.6 85.448379,27.823547,2175.6 85.448392,27.823552,2175.6 85.448398,27.823548,2175.6 85.448405,27.82355,2175.6 85.448413,27.82356,2175.6 85.448418,27.823572,2175.6 85.44842,27.823583,2175.6 85.448423,27.823593,2175.6 85.448426,27.823602,2175.6 85.448429,27.823611,2175.5 85.448432,27.823615,2175.5 85.448433,27.823616,2175.5 85.448432,27.823617,2175.5 85.448433,27.823618,2175.5 85.448435,27.823623,2175.5 85.448439,27.823632,2175.5 85.448442,27.823643,2175.5 85.448442,27.823651,2175.5 85.448439,27.823657,2175.5 85.448442,27.823662,2175.5 85.448442,27.823663,2175.5 85.448443,27.823663,2175.5 85.448443,27.823662,2175.5 85.448443,27.823662,2175.5 85.448443,27.823661,2175.5 85.448443,27.823661,2175.5 85.448443,27.823661,2175.5 85.448443,27.823661,2175.5 85.448443,27.823661,2175.5 85.448443,27.823662,2175.5 85.448443,27.823662,2175.5 85.448443,27.823662,2175.5 85.448443,27.823663,2175.5 85.448442,27.823663,2175.5 85.448442,27.823663,2175.5 85.448443,27.823664,2175.5 85.448443,27.823664,2175.5 85.448443,27.823664,2175.5 85.448443,27.823664,2175.5 85.448443,27.823664,2175.5 85.448443,27.823665,2175.5 85.448442,27.823666,2175.5 85.448442,27.823667,2175.5 85.448441,27.823668,2175.5 85.448438,27.823673,2175.5 85.448433,27.823677,2175.5 85.44843,27.823683,2175.5 85.448431,27.823688,2175.5 85.448433,27.823689,2175.5 85.448438,27.823694,2175.5 85.448445,27.823699,2175.5 85.448449,27.823701,2175.5 85.448457,27.823705,2175.4 85.448464,27.823713,2175.4 85.448471,27.823723,2175.4 85.448475,27.823733,2175.4 85.448478,27.823743,2175.4 85.44848,27.823754,2175.4 85.448483,27.823763,2175.4 85.448488,27.823772,2175.4 85.448493,27.82378,2175.3 85.448493,27.82379,2175.3 85.44849,27.823799,2175.3 85.448493,27.82381,2175.3 85.448498,27.823822,2175.3 85.448502,27.823835,2175.3 85.448506,27.823848,2175.2 85.448508,27.823858,2175.2 85.448508,27.823869,2175.2 85.448508,27.82388,2175.2 85.44851,27.82389,2175.1 85.448511,27.823905,2175.1 85.448514,27.823912,2175.1 85.448516,27.82392,2175.1 85.448516,27.823929,2175.1 85.448514,27.823939,2175.1 85.448512,27.823949,2175 85.44851,27.823959,2175 85.448509,27.823967,2175 85.448509,27.823977,2175 85.448509,27.823987,2175 85.448509,27.823999,2174.9 85.448509,27.82401,2174.9 85.448508,27.824022,2174.9 85.448508,27.824033,2174.8 85.448507,27.824044,2174.8 85.448505,27.824054,2174.8 85.448503,27.824065,2174.8 85.4485,27.824075,2174.7 85.448496,27.824085,2174.7 85.448493,27.824096,2174.7 85.448493,27.824105,2174.6 85.448491,27.824115,2174.6 85.448483,27.824123,2174.6 85.448479,27.824133,2174.5 85.448476,27.824144,2174.5 85.448475,27.824155,2174.5 85.448472,27.824166,2174.4 85.448469,27.824176,2174.4 85.448466,27.824192,2174.3 85.448466,27.8242,2174.3 85.448463,27.824211,2174.3 85.448458,27.824223,2174.2 85.448456,27.824236,2174.2 85.448452,27.824247,2174.1 85.448449,27.824259,2174.1 85.448445,27.824272,2174.1 85.448444,27.824282,2174 85.448444,27.824294,2174 85.448443,27.824306,2173.9 85.448442,27.824316,2173.9 85.448443,27.824327,2173.9 85.448443,27.824338,2173.8 85.448438,27.824349,2173.8 85.448436,27.824359,2173.8 85.448438,27.82437,2173.7 85.44844,27.824381,2173.7 85.448442,27.824392,2173.6 85.448444,27.824402,2173.6 85.448445,27.824412,2173.6 85.448445,27.824422,2173.5 85.448445,27.824431,2173.5 85.448448,27.824435,2173.5 85.44845,27.824443,2173.5 85.448451,27.824449,2173.4 85.448453,27.824453,2173.4 85.448454,27.824458,2173.4 85.448456,27.824463,2173.4 85.448458,27.824471,2173.4 85.448458,27.824473,2173.4 85.44846,27.824477,2173.3 85.448464,27.824478,2173.3 85.448465,27.824477,2173.3 85.448464,27.824478,2173.3 85.448465,27.824479,2173.3 85.448467,27.82448,2173.3 85.448468,27.824481,2173.3 85.448468,27.824481,2173.3 85.448469,27.824482,2173.3 85.448469,27.824483,2173.3 85.448468,27.824484,2173.3 85.448466,27.824486,2173.3 85.448463,27.824489,2173.3 85.448457,27.824491,2173.2 85.448452,27.824485,2173.2 85.448447,27.824478,2173.2 85.448442,27.824472,2173.2 85.448439,27.824465,2173.1 85.448439,27.82446,2173.1 85.44844,27.824456,2173.1 85.448441,27.824453,2173.1 85.448445,27.824448,2173.1 85.448447,27.824442,2173 85.448446,27.82444,2173 85.448446,27.824439,2173 85.448447,27.824438,2173 85.448447,27.824436,2173 85.448448,27.824435,2173 85.448449,27.824436,2173 85.448449,27.824437,2173 85.448448,27.824439,2173 85.448446,27.82445,2173 85.448445,27.824462,2172.9 85.448446,27.824471,2172.9 85.448447,27.824477,2172.9 85.448448,27.824485,2172.8 85.448447,27.824489,2172.8 85.448444,27.824495,2172.8 85.44844,27.8245,2172.8 85.448435,27.824503,2172.8 85.44843,27.824506,2172.7 85.448428,27.824506,2172.7 85.448426,27.824505,2172.7 85.448425,27.824506,2172.7 85.448423,27.824506,2172.7 85.44842,27.824509,2172.7 85.448416,27.824511,2172.7 85.448412,27.824511,2172.7 85.44841,27.82451,2172.7 85.448409,27.82451,2172.7 85.448407,27.824511,2172.7 85.448406,27.824511,2172.7 85.448406,27.82451,2172.7 85.448406,27.824511,2172.6 85.448405,27.824512,2172.6 85.448405,27.824513,2172.6 85.448405,27.824513,2172.6 85.448406,27.824512,2172.6 85.448405,27.824512,2172.6 85.448405,27.824512,2172.6 85.448405,27.824512,2172.6 85.448404,27.824512,2172.6 85.448403,27.824512,2172.6 85.448403,27.824513,2172.6 85.448403,27.824513,2172.6 85.448403,27.824513,2172.6 85.448403,27.824513,2172.6 85.448403,27.824513,2172.6 85.448404,27.824513,2172.6 85.448406,27.824513,2172.6 85.448406,27.824513,2172.6 85.448407,27.824514,2172.6 85.448407,27.824514,2172.6 85.448407,27.824514,2172.6 85.448407,27.824514,2172.6 85.448407,27.824514,2172.6 85.448407,27.824514,2172.6 85.448408,27.824514,2172.6 85.448408,27.824514,2172.6 85.448408,27.824514,2172.6 85.448408,27.824514,2172.6 85.448408,27.824514,2172.6 85.448408,27.824514,2172.6 85.448408,27.824514,2172.6 85.448408,27.824514,2172.6 85.448408,27.824514,2172.6 85.448408,27.824514,2172.6 85.448408,27.824514,2172.6 85.448408,27.824514,2172.6 85.448408,27.824514,2172.6 85.448408,27.824514,2172.6 85.448408,27.824514,2172.6 85.448408,27.824514,2172.6 85.448408,27.824514,2172.6 85.448408,27.824514,2172.6 85.448408,27.824514,2172.6 85.448408,27.824514,2172.6 85.448408,27.824514,2172.6 85.448409,27.824514,2172.6 85.448409,27.824514,2172.6 85.448409,27.824514,2172.6 85.448409,27.824514,2172.6 85.448409,27.824514,2172.6 85.448409,27.824514,2172.6 85.448409,27.824514,2172.6 85.448408,27.824514,2172.6 85.448408,27.824514,2172.6 85.448408,27.824514,2172.6 85.448408,27.824514,2172.6 85.448408,27.824514,2172.6 85.448408,27.824514,2172.6 85.448408,27.824514,2172.6 85.448408,27.824514,2172.6 85.448408,27.824514,2172.6 85.448408,27.824514,2172.6 85.448408,27.824514,2172.6 85.448408,27.824514,2172.6 85.448408,27.824514,2172.6 85.448407,27.824514,2172.6 85.448407,27.824514,2172.6 85.448407,27.824514,2172.6 85.448407,27.824513,2172.6 85.448407,27.824513,2172.6 85.448407,27.824513,2172.6 85.448407,27.824513,2172.6 85.448407,27.824513,2172.6 85.448407,27.824513,2172.6 85.448407,27.824513,2172.6 85.448407,27.824513,2172.6 85.448407,27.824513,2172.6 85.448407,27.824513,2172.6 85.448407,27.824513,2172.6 85.448407,27.824513,2172.6 85.448407,27.824513,2172.6 85.448407,27.824513,2172.6 85.448406,27.824513,2172.6 85.448406,27.824513,2172.6 85.448406,27.824513,2172.6 85.448406,27.824513,2172.6 85.448405,27.824513,2172.6 85.448405,27.824513,2172.6 85.448405,27.824513,2172.6 85.448405,27.824513,2172.6 85.448404,27.824513,2172.6 85.448404,27.824513,2172.6 85.448404,27.824513,2172.6 85.448405,27.824513,2172.6 85.448405,27.824513,2172.6 85.448405,27.824513,2172.6 85.448404,27.824513,2172.6 85.448404,27.824513,2172.6 85.448404,27.824513,2172.6 85.448404,27.824513,2172.6 85.448404,27.824513,2172.6 85.448404,27.824513,2172.6 85.448404,27.824513,2172.6 85.448404,27.824513,2172.6 85.448404,27.824513,2172.6 85.448403,27.824513,2172.6 85.448403,27.824513,2172.6 85.448403,27.824513,2172.6 85.448403,27.824513,2172.6 85.448403,27.824513,2172.6 85.448403,27.824513,2172.6 85.448403,27.824513,2172.6 85.448403,27.824513,2172.6 85.448403,27.824513,2172.6 85.448403,27.824513,2172.6 85.448403,27.824513,2172.6 85.448403,27.824513,2172.6 85.448403,27.824513,2172.6 85.448403,27.824514,2172.6 85.448403,27.824514,2172.6 85.448403,27.824514,2172.6 85.448403,27.824514,2172.6 85.448403,27.824514,2172.6 85.448403,27.824514,2172.6 85.448403,27.824514,2172.6 85.448403,27.824514,2172.6 85.448403,27.824514,2172.6 85.448403,27.824514,2172.6 85.448403,27.824514,2172.6 85.448403,27.824514,2172.6 85.448403,27.824514,2172.6 85.448403,27.824514,2172.6 85.448403,27.824514,2172.6 85.448403,27.824514,2172.6 85.448403,27.824514,2172.6 85.448403,27.824514,2172.6 85.448403,27.824514,2172.6 85.448403,27.824514,2172.6 85.448403,27.824514,2172.6 85.448403,27.824514,2172.6 85.448403,27.824514,2172.6 85.448403,27.824514,2172.6 85.448403,27.824514,2172.6 85.448403,27.824514,2172.6 85.448403,27.824514,2172.6 85.448403,27.824514,2172.6 85.448403,27.824514,2172.6 85.448403,27.824514,2172.6 85.448403,27.824514,2172.6 85.448403,27.824514,2172.6 85.448403,27.824514,2172.6 85.448403,27.824514,2172.6 85.448403,27.824514,2172.6 85.448403,27.824514,2172.6 85.448403,27.824514,2172.6 85.448403,27.824514,2172.6 85.448402,27.824515,2172.6 85.448396,27.824514,2172.7 85.448394,27.824516,2172.7 85.448377,27.824519,2172.7 85.448365,27.824515,2172.8 85.448357,27.824511,2172.8 85.448348,27.82451,2172.8 85.448337,27.824509,2172.9 85.448326,27.824507,2172.9 85.44832,27.8245,2172.9 85.448316,27.824494,2173 85.448311,27.824491,2173 85.448301,27.824487,2173 85.448297,27.824483,2173 85.448294,27.824479,2173 85.448287,27.824481,2173 85.448281,27.824487,2173 85.448278,27.824491,2173.1 85.448271,27.824494,2173.1 85.448263,27.824493,2173.1 85.448253,27.824486,2173.1 85.448244,27.824478,2173.1 85.448234,27.824472,2173.1 85.448227,27.824465,2173.1 85.448223,27.824456,2173.1 85.448215,27.824448,2173.1 85.448208,27.824442,2173.1 85.448201,27.824434,2173.2 85.448194,27.824424,2173.2 85.448186,27.824416,2173.2 85.448178,27.824406,2173.2 85.448168,27.824401,2173.2 85.448159,27.824395,2173.2 85.448147,27.824389,2173.2 85.448135,27.824388,2173.2 85.448125,27.824382,2173.2 85.448118,27.824374,2173.2 85.448111,27.824364,2173.3 85.448105,27.824354,2173.3 85.448098,27.824344,2173.3 85.448093,27.82433,2173.3 85.448092,27.824322,2173.3 85.448089,27.824312,2173.3 85.448084,27.824303,2173.3 85.448079,27.824294,2173.3 85.448073,27.824282,2173.3 85.448071,27.824279,2173.3 85.448069,27.824271,2173.3 85.448067,27.824263,2173.3 85.44806,27.824258,2173.4 85.448055,27.824251,2173.4 85.448051,27.824243,2173.4 85.448047,27.824235,2173.4 85.448044,27.824225,2173.4 85.448042,27.824216,2173.4 85.44804,27.824206,2173.4 85.448034,27.824196,2173.4 85.448024,27.824189,2173.4 85.448012,27.824178,2173.4 85.448006,27.824172,2173.4 85.447999,27.824164,2173.4 85.447994,27.824156,2173.4 85.447991,27.824147,2173.4 85.447986,27.824138,2173.4 85.447982,27.824129,2173.4 85.447979,27.82412,2173.4 85.447976,27.824108,2173.3 85.447972,27.824101,2173.3 85.447967,27.824093,2173.3 85.447959,27.824085,2173.3 85.447952,27.824077,2173.3 85.447945,27.824069,2173.3 85.447938,27.824062,2173.3 85.447935,27.824052,2173.3 85.447932,27.824041,2173.3 85.447931,27.824032,2173.4 85.447922,27.824028,2173.4 85.447909,27.824034,2173.4 85.447896,27.824036,2173.4 85.447889,27.824026,2173.4 85.447884,27.824015,2173.4 85.447881,27.824004,2173.4 85.447875,27.823992,2173.4 85.447871,27.823982,2173.4 85.447869,27.823971,2173.4 85.447871,27.823959,2173.4 85.44787,27.823946,2173.4 85.447865,27.823937,2173.5 85.447865,27.823926,2173.5 85.447863,27.823916,2173.5 85.447865,27.823907,2173.5 85.447866,27.823899,2173.5 85.447868,27.82389,2173.5 85.447869,27.82388,2173.5 85.44787,27.823871,2173.5 85.447869,27.823861,2173.5 85.447868,27.823853,2173.5 85.447867,27.823843,2173.5 85.447863,27.823838,2173.5 85.447859,27.823831,2173.5 85.447854,27.823822,2173.5 85.447846,27.823815,2173.5 85.44784,27.823808,2173.5 85.447832,27.8238,2173.5 85.447823,27.823792,2173.5 85.447817,27.823783,2173.5 85.447813,27.823774,2173.5 85.447809,27.823764,2173.5 85.447803,27.823757,2173.5 85.447798,27.823749,2173.5 85.447795,27.82374,2173.5 85.447793,27.823731,2173.5 85.44779,27.823722,2173.5 85.447789,27.823713,2173.4 85.447785,27.823703,2173.4 85.447782,27.823694,2173.4 85.447779,27.823683,2173.4 85.447776,27.823675,2173.4 85.447773,27.823666,2173.4 85.44777,27.823658,2173.4 85.447768,27.823649,2173.4 85.447763,27.82364,2173.4 85.447757,27.823634,2173.4 85.447751,27.823629,2173.3 85.447746,27.823624,2173.3 85.447741,27.823618,2173.3 85.447733,27.823613,2173.3 85.447727,27.823608,2173.3 85.44772,27.823603,2173.3 85.447714,27.823595,2173.3 85.447708,27.823587,2173.3 85.447704,27.823578,2173.3 85.447698,27.82357,2173.2 85.447695,27.823561,2173.2 85.44769,27.823553,2173.2 85.447684,27.823546,2173.2 85.447679,27.823538,2173.2 85.447676,27.82353,2173.2 85.447672,27.823523,2173.2 85.447661,27.823516,2173.1 85.447653,27.823511,2173.1 85.447648,27.823503,2173.1 85.447645,27.823493,2173.1 85.447642,27.823484,2173.1 85.44764,27.823472,2173.1 85.447639,27.823458,2173 85.447634,27.823454,2173 85.447624,27.82345,2173 85.447618,27.823442,2173 85.447613,27.823438,2173 85.447611,27.82343,2173 85.447604,27.823423,2173 85.4476,27.823415,2173 85.4476,27.823406,2173 85.447597,27.823398,2173 85.44759,27.82339,2172.3 85.447582,27.823388,2172.1 85.447574,27.823384,2171.7 85.447563,27.823382,2171.4 85.44755,27.823387,2170.9 85.447536,27.823393,2170.3 85.44752,27.823397,2169.7 85.447504,27.823403,2169.1 85.447489,27.823409,2168.6 85.447478,27.823419,2168.1 85.447467,27.823429,2167.6 85.447457,27.823437,2167.1 85.447456,27.823451,2166.6 85.447452,27.823462,2166.2 85.447449,27.823472,2165.8 85.447451,27.823483,2165.4 85.447458,27.823491,2165 85.44746,27.8235,2164.7 85.447482,27.823506,2163.9 85.447485,27.823514,2163.6 85.447482,27.823525,2163.2 85.447479,27.823532,2163 85.447472,27.823542,2162.5 85.447461,27.823549,2162.1 85.447448,27.823555,2161.6 85.447437,27.823562,2161.2 85.447426,27.823568,2160.8 85.44741,27.823571,2160.3 85.447392,27.823569,2159.7 85.447373,27.823567,2159.2 85.447357,27.823562,2158.6 85.447342,27.823559,2158.1 85.44733,27.82355,2157.7 85.447319,27.823544,2157.3 85.447309,27.82354,2156.9 85.4473,27.82353,2156.8 85.447293,27.823519,2156.7 85.447289,27.823506,2156.5 85.447287,27.823494,2156.4 85.447287,27.82348,2156.3 85.447286,27.823465,2156.2 85.447287,27.823453,2156.1 85.447287,27.82344,2156 85.447286,27.823428,2155.9 85.447284,27.823415,2155.8 85.447281,27.823404,2155.7 85.447276,27.823392,2155.6 85.447272,27.823381,2155.5 85.44727,27.823369,2155.4 85.447268,27.823356,2155.3 85.447265,27.823344,2155.2 85.44726,27.823334,2155.1 85.447258,27.823321,2155 85.447257,27.82331,2154.9 85.447253,27.8233,2154.8 85.447247,27.82329,2154.7 85.44724,27.82328,2154.6 85.447232,27.823272,2154.5 85.447223,27.823264,2154.4 85.447216,27.823255,2154.4 85.447207,27.823247,2154.3 85.447198,27.823238,2154.2 85.447189,27.823229,2154.1 85.447178,27.823222,2154 85.447168,27.823214,2153.9 85.447161,27.823206,2153.8 85.447156,27.823198,2153.8 85.447149,27.823189,2153.7 85.447139,27.823181,2153.6 85.447131,27.823171,2153.5 85.447124,27.823163,2153.4 85.447115,27.823155,2153.3 85.447106,27.823147,2153.3 85.447097,27.82314,2153.2 85.447086,27.823133,2153.1 85.447081,27.823123,2153 85.447074,27.823115,2152.9 85.447065,27.823106,2152.8 85.447059,27.823096,2152.8 85.447054,27.823085,2152.7 85.447047,27.823075,2152.6 85.44704,27.823066,2152.5 85.447033,27.823057,2152.4 85.447024,27.823048,2152.3 85.447016,27.82304,2152.2 85.44701,27.823033,2152.1 85.447002,27.823026,2152 85.446994,27.823017,2152 85.446988,27.823011,2151.9 85.446981,27.823002,2151.8 85.446972,27.822995,2151.7 85.446969,27.822985,2151.6 85.446965,27.822975,2151.5 85.446959,27.822965,2151.4 85.446952,27.822958,2151.3 85.446948,27.822949,2151.2 85.446942,27.822938,2151.1 85.446933,27.822929,2151 85.446926,27.822924,2151 85.446919,27.822916,2150.9 85.446913,27.822909,2150.8 85.446907,27.8229,2150.7 85.4469,27.822891,2150.6 85.446894,27.822883,2150.5 85.446887,27.822875,2150.4 85.446883,27.822868,2150.4 85.446879,27.822861,2150.3 85.446872,27.822856,2150.2 85.446866,27.822847,2150.1 85.446855,27.822845,2150.1 85.446845,27.82284,2150 85.446835,27.822835,2149.9 85.446827,27.822828,2149.8 85.446819,27.822822,2149.7 85.446811,27.822815,2149.7 85.446799,27.822811,2149.6 85.44679,27.822804,2149.5 85.44678,27.822797,2149.4 85.446772,27.822788,2149.3 85.446765,27.82278,2149.3 85.446756,27.822773,2149.2 85.44675,27.822765,2149.2 85.446745,27.822756,2149.1 85.446741,27.82275,2149.1 85.44674,27.822747,2149 85.44674,27.822743,2149 85.446735,27.822737,2149 85.446729,27.822732,2148.9 85.446723,27.822725,2148.9 85.446717,27.822716,2148.8 85.446711,27.82271,2148.8 85.446709,27.822705,2148.8 85.446708,27.822697,2148.7 85.446705,27.82269,2148.7 85.446701,27.822683,2148.7 85.446697,27.822676,2148.7 85.446692,27.82267,2148.6 85.446688,27.822663,2148.6 85.446684,27.822656,2148.6 85.446678,27.822648,2148.5 85.446672,27.822644,2148.5 85.446668,27.822636,2148.5 85.446667,27.822627,2148.5 85.446669,27.822617,2148.4 85.446672,27.822608,2148.4 85.446672,27.822599,2148.4 85.446672,27.822591,2148.4 85.446673,27.822584,2148.5 85.446673,27.822578,2148.5 85.446672,27.822572,2148.6 85.44667,27.822573,2148.6 85.446671,27.822573,2148.6 85.446672,27.822571,2148.6 85.446675,27.822565,2148.7 85.446681,27.822555,2148.7 85.446689,27.82255,2148.8 85.446695,27.822549,2148.9 85.446695,27.822541,2148.9 85.446687,27.822536,2149 85.44668,27.822541,2149.1 85.446677,27.822544,2149.1 85.446675,27.822544,2149.1 85.446673,27.822544,2149.2 85.446672,27.822542,2149.2 85.446671,27.822541,2149.2 85.44667,27.82254,2149.2 85.446668,27.822541,2149.2 85.446667,27.822542,2149.2 85.446666,27.822543,2149.2 85.446665,27.822545,2149.3 85.446663,27.822546,2149.3 85.44666,27.82255,2149.3 85.446658,27.822551,2149.4 85.446657,27.822552,2149.4 85.446656,27.822554,2149.4 85.446653,27.822555,2149.4 85.446651,27.822559,2149.5 85.446651,27.822563,2149.5 85.446652,27.822567,2149.6 85.446657,27.822568,2149.6 85.44666,27.822566,2149.6 85.446661,27.822566,2149.6 85.446662,27.822566,2149.7 85.446661,27.822566,2149.7 85.446662,27.822565,2149.7 85.446662,27.822563,2149.7 85.446665,27.822563,2149.7 85.446667,27.822564,2149.8 85.446667,27.822564,2149.8 85.446666,27.822564,2149.8 85.446664,27.822566,2149.8 85.446666,27.822569,2149.8 85.446674,27.822569,2149.9 85.446677,27.822568,2149.9 85.446676,27.822567,2150 85.446677,27.822565,2150 85.446678,27.822564,2150 85.446679,27.822564,2150 85.446679,27.822564,2150 85.446678,27.822564,2150 85.446677,27.822564,2150 85.446676,27.822566,2150.1 85.446676,27.822567,2150.1 85.446676,27.822567,2150.1 85.446676,27.822568,2150.1 85.446677,27.822568,2150.1 85.446677,27.822568,2150.1 85.446676,27.822568,2150.1 85.446677,27.822568,2150.1 85.446678,27.822568,2150.1 85.446678,27.822569,2150.1 85.446678,27.822569,2150.1 85.446678,27.82257,2150.2 85.446678,27.82257,2150.2 85.446678,27.822569,2150.2 85.446678,27.822569,2150.2 85.446679,27.822568,2150.2 85.446679,27.822567,2150.2 85.446679,27.822565,2150.2 85.446679,27.822563,2150.2 85.446679,27.82256,2150.3 85.44668,27.822554,2150.3 85.446683,27.822546,2150.4 85.44668,27.82253,2150.6 85.446676,27.822518,2150.8 85.446673,27.822508,2150.9 85.446674,27.8225,2151 85.446677,27.822491,2151.1 85.446678,27.82248,2151.2 85.446681,27.822471,2151.3 85.446684,27.822462,2151.4 85.446689,27.822454,2151.5 85.446691,27.822445,2151.6 85.446693,27.822435,2151.7 85.446689,27.822423,2151.8 85.446684,27.822412,2151.9 85.446682,27.822401,2152 85.446677,27.822389,2152.1 85.446672,27.822378,2152.2 85.446668,27.822368,2152.3 85.446665,27.822357,2152.4 85.446665,27.822347,2152.5 85.446657,27.822337,2152.5 85.446653,27.822326,2152.6 85.44665,27.822316,2152.7 85.446652,27.822307,2152.7 85.446653,27.822297,2152.8 85.446656,27.822287,2152.9 85.446658,27.822277,2152.9 85.446663,27.822268,2153 85.446671,27.82226,2153 85.446678,27.822252,2153.1 85.446689,27.822246,2153.2 85.446699,27.82224,2153.2 85.446709,27.822231,2153.3 85.446718,27.822222,2153.4 85.446725,27.822213,2153.4 85.446735,27.822206,2153.5 85.446744,27.822199,2153.6 85.446754,27.822189,2153.7 85.446762,27.82218,2153.8 85.446771,27.822171,2153.8 85.446781,27.822164,2153.9 85.446792,27.822155,2154 85.446804,27.822147,2154.1 85.446813,27.822141,2154.2 85.446819,27.822132,2154.3 85.446827,27.822121,2154.4 85.446834,27.822117,2154.4 85.446841,27.822112,2154.5 85.446848,27.822107,2154.6 85.446857,27.822102,2154.6 85.446865,27.822093,2154.7 85.44687,27.822085,2154.8 85.446874,27.822076,2154.9 85.446877,27.822064,2155 85.446877,27.822058,2155 85.44688,27.822049,2155.1 85.446878,27.822039,2155.2 85.446874,27.822031,2155.3 85.446872,27.822024,2155.4 85.446869,27.822019,2155.4 85.446864,27.822012,2155.5 85.446859,27.822004,2155.6 85.446858,27.821997,2155.6 85.446856,27.821991,2155.7 85.446855,27.821983,2155.8 85.446854,27.821975,2155.9 85.446849,27.821968,2155.9 85.446846,27.821959,2156 85.446845,27.82195,2156.1 85.446843,27.821939,2156.3 85.446842,27.821931,2156.4 85.446841,27.821922,2156.5 85.446841,27.821913,2156.6 85.446843,27.821904,2156.7 85.446846,27.821892,2156.8 85.446848,27.821885,2156.9 85.446849,27.821877,2157.1 85.44685,27.821868,2157.2 85.446853,27.821859,2157.3 85.446857,27.821854,2157.4 85.446861,27.821845,2157.6 85.446866,27.821838,2157.7 85.44687,27.82183,2157.9 85.446875,27.821822,2158 85.446887,27.821812,2158.3 85.446891,27.821807,2158.4 85.446895,27.821798,2158.6 85.446898,27.82179,2158.8 85.446899,27.821788,2158.8 85.4469,27.821789,2158.8 85.4469,27.821791,2158.9 85.4469,27.821791,2158.9 85.4469,27.821791,2158.9 85.4469,27.821791,2158.9 85.4469,27.821791,2158.9 85.446901,27.82179,2158.9 85.446901,27.82179,2158.9 85.446901,27.82179,2158.9 85.446901,27.82179,2158.9 85.446901,27.82179,2158.9 85.446903,27.82179,2158.9 85.446904,27.821789,2159 85.446905,27.821788,2159 85.446906,27.821786,2159 85.446907,27.821783,2159.1 85.446907,27.821778,2159.2 85.446909,27.821769,2159.4 85.446908,27.821758,2159.6 85.446905,27.821748,2159.8 85.446901,27.821739,2160 85.446895,27.821728,2160.3 85.44689,27.82172,2160.4 85.446885,27.821709,2160.7 85.446879,27.821698,2160.9 85.446873,27.82169,2161.1 85.446867,27.821682,2161.3 85.44686,27.821674,2161.5 85.446855,27.821667,2161.7 85.446853,27.821659,2161.9 85.44685,27.821649,2162.1 85.446848,27.821639,2162.3 85.446846,27.821628,2162.5 85.446843,27.821617,2162.7 85.44684,27.821606,2162.9 85.446835,27.821596,2163.1 85.446831,27.821587,2163.2 85.446825,27.821581,2163.4 85.446821,27.821574,2163.5 85.44682,27.821565,2163.7 85.44682,27.821556,2163.8 85.446819,27.82155,2163.9 85.446819,27.821544,2164.1 85.446817,27.821538,2164.2 85.446814,27.821532,2164.3 85.446809,27.821526,2164.4 85.446802,27.821522,2164.5 85.446798,27.821518,2164.6 85.446794,27.821512,2164.8 85.446787,27.821505,2164.9 85.446783,27.821503,2165 85.446784,27.821496,2165.1 85.446785,27.821494,2165.2 85.446784,27.821489,2165.3 85.446784,27.821483,2165.4 85.446786,27.821477,2165.5 85.446786,27.821471,2165.6 85.446785,27.821469,2165.6 85.446785,27.821466,2165.7 85.446785,27.821462,2165.7 85.446785,27.821457,2165.8 85.446783,27.821454,2165.9 85.446782,27.821452,2165.9 85.446782,27.821455,2166 85.446782,27.821456,2166 85.446782,27.821457,2166 85.446784,27.821457,2166.1 85.446784,27.821456,2166.1 85.446784,27.821453,2166.1 85.446783,27.821451,2166.2 85.446783,27.821446,2166.3 85.44678,27.821437,2166.4 85.446772,27.821425,2166.7 85.446766,27.821412,2166.9 85.446757,27.821398,2167.2 85.446752,27.821386,2167.5 85.446749,27.821376,2167.7 85.446748,27.82137,2167.8 85.446747,27.821367,2167.8 85.446744,27.821361,2168 85.44674,27.82135,2168.2 85.44674,27.821338,2168.4 85.446738,27.821327,2168.6 85.446734,27.821316,2168.8 85.446731,27.82131,2168.9 85.44673,27.8213,2169.1 85.446727,27.821294,2169.2 85.446725,27.821286,2169.3 85.446723,27.821278,2169.5 85.446722,27.821268,2169.6 85.446721,27.821261,2169.7 85.446722,27.821257,2169.8 85.446724,27.821258,2169.8 85.446726,27.82126,2169.9 85.446725,27.82126,2169.9 85.446723,27.821257,2170 85.44672,27.821251,2170.1 85.446716,27.821242,2170.2 85.446711,27.821225,2170.5 85.446706,27.821209,2170.7 85.446702,27.821198,2170.8 85.446698,27.821187,2171 85.446695,27.821177,2171.1 85.446688,27.821171,2171.2 85.446684,27.821165,2171.3 85.446678,27.821157,2171.4 85.446671,27.821149,2171.6 85.446666,27.821144,2171.6 85.44666,27.821145,2171.7 85.446654,27.821141,2171.8 85.446645,27.821145,2171.9 85.446636,27.82114,2172.1 85.44663,27.821133,2172.2 85.446626,27.821129,2172.2 85.446622,27.821121,2172.4 85.446621,27.821111,2172.5 85.446618,27.821103,2172.7 85.446612,27.821096,2172.8 85.446605,27.821091,2172.9 85.446598,27.821085,2173.1 85.446593,27.821078,2173.2 85.446589,27.82107,2173.3 85.446586,27.82106,2173.5 85.446584,27.82105,2173.7 85.446581,27.82104,2173.9 85.446575,27.821032,2174.1 85.446569,27.821023,2174.3 85.446562,27.821017,2174.5 85.446557,27.82101,2174.7 85.446554,27.821002,2174.8 85.446551,27.820994,2175 85.44655,27.820987,2175.2 85.44655,27.82098,2175.3 85.446548,27.820972,2175.5 85.446546,27.820967,2175.6 85.446547,27.820959,2175.8 85.446547,27.820951,2175.9 85.446546,27.820944,2176.1 85.446545,27.820937,2176.2 85.446543,27.820932,2176.3 85.44654,27.820926,2176.5 85.446538,27.82092,2176.6 85.446537,27.820913,2176.7 85.44654,27.820904,2176.9 85.446541,27.820896,2177.1 85.446541,27.82089,2177.2 85.446539,27.820885,2177.3 85.446533,27.820879,2177.5 85.446531,27.820873,2177.6 85.446532,27.820868,2177.7 85.446532,27.820862,2177.8 85.446531,27.820856,2178 85.446529,27.820849,2178.1 85.446523,27.820844,2178.3 85.44652,27.820835,2178.5 85.446515,27.820828,2178.6 85.446514,27.82082,2178.8 85.446512,27.820813,2178.9 85.446509,27.820805,2179.1 85.446507,27.8208,2179.2 85.446506,27.820792,2179.4 85.446505,27.820789,2179.5 85.446504,27.820784,2179.6 85.446505,27.82078,2179.7 85.446507,27.820774,2179.8 85.44651,27.820772,2179.9 85.44651,27.820767,2180 85.446509,27.820761,2180.1 85.44651,27.820753,2180.3 85.446511,27.820745,2180.5 85.446512,27.820738,2180.6 85.446513,27.82073,2180.8 85.446515,27.820726,2180.9 85.446518,27.82072,2181.1 85.446523,27.820715,2181.3 85.446528,27.82071,2181.4 85.446531,27.820704,2181.6 85.446535,27.820697,2181.8 85.44654,27.820688,2182 85.446544,27.820682,2182.2 85.446548,27.820678,2182.3 85.446549,27.820678,2182.3 85.446549,27.82068,2182.4 85.446552,27.820678,2182.5 85.446554,27.820676,2182.5 85.446556,27.820673,2182.6 85.446559,27.820669,2182.7 85.446565,27.820661,2183 85.446571,27.820655,2183.1 85.446577,27.820649,2183.3 85.446583,27.820641,2183.6 85.446583,27.820635,2183.7 85.44658,27.820629,2183.9 85.44658,27.820622,2184 85.446583,27.820615,2184.2 85.446584,27.820608,2184.4 85.446584,27.820601,2184.5 85.446585,27.820593,2184.7 85.446586,27.820587,2184.8 85.446588,27.820581,2185 85.446589,27.820576,2185.1 85.44659,27.820575,2185.1 85.446591,27.820573,2185.2 85.446593,27.82057,2185.2 85.446594,27.820567,2185.3 85.446595,27.820564,2185.4 85.446595,27.820559,2185.5 85.446597,27.820554,2185.6 85.446599,27.820547,2185.7 85.446601,27.820539,2185.9 85.446603,27.82053,2186.1 85.446606,27.820522,2186.3 85.446608,27.820515,2186.4 85.446611,27.820507,2186.6 85.446611,27.820501,2186.7 85.44661,27.820495,2186.8 85.44661,27.820489,2186.9 85.446612,27.820481,2187.1 85.446611,27.820473,2187.2 85.446614,27.820467,2187.3 85.446618,27.820462,2187.5 85.446621,27.820456,2187.6 85.446622,27.82045,2187.7 85.446622,27.820443,2187.8 85.446624,27.820439,2187.9 85.446625,27.820433,2188 85.446626,27.820427,2188.1 85.446626,27.820421,2188.3 85.446626,27.820415,2188.4 85.446626,27.820409,2188.5 85.446626,27.820403,2188.6 85.446626,27.820398,2188.7 85.446625,27.820392,2188.8 85.446623,27.820386,2188.9 85.446623,27.82038,2189 85.446627,27.820373,2189.2 85.446631,27.820367,2189.3 85.446633,27.82036,2189.5 85.446629,27.820354,2189.6 85.446618,27.820352,2189.8 85.446615,27.820353,2189.8 85.446615,27.820351,2189.9 85.446616,27.820347,2189.9 85.446617,27.82034,2190.1 85.446621,27.820331,2190.2 85.446624,27.82032,2190.4 85.446624,27.82031,2190.6 85.446622,27.820299,2190.8 85.446618,27.820289,2191 85.446616,27.820279,2191.1 85.446614,27.82027,2191.3 85.446617,27.820261,2191.4 85.446621,27.820253,2191.6 85.446623,27.820244,2191.7 85.446622,27.820238,2191.8 85.446625,27.820231,2191.9 85.446631,27.820226,2192.1 85.446635,27.820219,2192.2 85.446632,27.820214,2192.3 85.446626,27.820214,2192.4 85.446623,27.820209,2192.5 85.446624,27.8202,2192.6 85.446626,27.820192,2192.7 85.446627,27.820186,2192.8 85.446628,27.820176,2193 85.446629,27.820166,2193.2 85.44663,27.820157,2193.3 85.44663,27.82015,2193.5 85.446628,27.820142,2193.6 85.446628,27.820136,2193.7 85.446628,27.820129,2193.9 85.446629,27.820121,2194 85.446628,27.820113,2194.2 85.446629,27.820106,2194.3 85.44663,27.820099,2194.4 85.446634,27.820091,2194.6 85.446637,27.820085,2194.7 85.446639,27.820079,2194.9 85.446639,27.820073,2195 85.446638,27.820067,2195.1 85.446637,27.82006,2195.3 85.446635,27.820054,2195.4 85.446636,27.820046,2195.6 85.446636,27.820039,2195.7 85.446637,27.82003,2195.9 85.446635,27.820023,2196.1 85.446637,27.820017,2196.3 85.446643,27.820013,2196.4 85.446652,27.82001,2196.6 85.44666,27.820008,2196.8 85.446667,27.820006,2197 85.446674,27.820007,2197.2 85.446675,27.820009,2197.2 85.446674,27.820013,2197.3 85.44667,27.820015,2197.5 85.446668,27.820017,2197.5 85.446668,27.820018,2197.6 85.446666,27.820019,2197.6 85.446665,27.820019,2197.6 85.446664,27.820019,2197.7 85.446664,27.820019,2197.7 85.446664,27.820019,2197.7 85.446664,27.820019,2197.7 85.446663,27.820019,2197.7 85.446662,27.820019,2197.7 85.446662,27.820019,2197.7 85.446661,27.82002,2197.7 85.44666,27.82002,2197.8 85.446659,27.82002,2197.8 85.446657,27.82002,2197.8 85.446657,27.820019,2197.9 85.446657,27.820019,2197.9 85.446657,27.820019,2197.9 85.446658,27.820018,2197.9 85.446658,27.820018,2197.9 85.446658,27.820018,2197.9 85.446658,27.820019,2197.9 85.446658,27.820019,2197.9 85.44666,27.820018,2198 85.446663,27.820017,2198.1 85.446665,27.820016,2198.1 85.446669,27.820015,2198.2 85.446671,27.820015,2198.3 85.446673,27.820013,2198.4 85.446677,27.820011,2198.5 85.446681,27.820011,2198.6 85.446685,27.820011,2198.8 85.446689,27.820011,2198.9 85.446693,27.82001,2199 85.446697,27.820005,2199.2 85.446701,27.820002,2199.3 85.446704,27.820001,2199.4 85.446708,27.819999,2199.6 85.446712,27.819998,2199.7 85.446718,27.819996,2199.9 85.446724,27.819994,2200.1 85.446737,27.819991,2200.5 85.446752,27.819989,2201 85.446763,27.819987,2201.4 85.446773,27.819986,2201.7 85.446779,27.819983,2202 85.446786,27.819981,2202.2 85.446791,27.819981,2202.4 85.446798,27.819981,2202.6 85.446803,27.81998,2202.8 85.446807,27.819979,2202.9 85.446812,27.819978,2203.1 85.44682,27.819977,2203.4 85.446819,27.819977,2203.4 85.446815,27.819978,2203.5 85.446812,27.819978,2203.6 85.446813,27.819976,2203.7 85.446814,27.819976,2203.8 85.446815,27.819976,2203.8 85.446817,27.819974,2203.9 85.44682,27.819972,2204 85.446826,27.81997,2204.2 85.446831,27.819969,2204.4 85.446838,27.819969,2204.6 85.446845,27.819967,2204.9 85.446855,27.819962,2205.3 85.446862,27.819956,2205.6 85.446868,27.819949,2205.9 85.446876,27.819942,2206.2 85.446883,27.819935,2206.5 85.446888,27.819928,2206.8 85.446893,27.819923,2207.1 85.446899,27.819917,2207.3 85.446904,27.819912,2207.5 85.446907,27.819907,2207.7 85.446909,27.8199,2207.9 85.44691,27.819893,2208.1 85.446913,27.819886,2208.3 85.446912,27.819878,2208.5 85.44691,27.819869,2208.8 85.446911,27.819861,2209 85.446912,27.819852,2209.3 85.446914,27.819844,2209.5 85.446914,27.819836,2209.7 85.446913,27.819829,2209.9 85.446913,27.819821,2210.1 85.446918,27.819814,2210.3 85.446923,27.819808,2210.5 85.446927,27.819801,2210.7 85.446931,27.819795,2210.9 85.446936,27.819789,2211.1 85.446942,27.819785,2211.3 85.446947,27.81978,2211.5 85.446952,27.819777,2211.6 85.446957,27.819772,2211.8 85.446962,27.81977,2211.9 85.446969,27.819769,2212.1 85.446973,27.819767,2212.2 85.446977,27.819766,2212.3 85.446979,27.819766,2212.3 85.446984,27.819765,2212.5 85.446989,27.819765,2212.6 85.446995,27.819764,2212.7 85.447004,27.819762,2213 85.44701,27.81976,2213.1 85.447013,27.819758,2213.2 85.447015,27.819756,2213.3 85.447018,27.819753,2213.4 85.447021,27.819749,2213.5 85.447026,27.819745,2213.7 85.447032,27.819738,2213.9 85.447039,27.819732,2214.2 85.447047,27.819726,2214.5 85.447055,27.819722,2214.7 85.447063,27.819718,2214.9 85.44707,27.819713,2215.2 85.447076,27.819708,2215.4 85.447082,27.819703,2215.6 85.447087,27.819698,2215.8 85.447089,27.819693,2216 85.447093,27.819686,2216.2 85.44709,27.81968,2216.4 85.447088,27.819673,2216.6 85.447086,27.819666,2216.8 85.447079,27.819666,2217 85.447076,27.819667,2217.1 85.447076,27.819665,2217.2 85.447074,27.819663,2217.2 85.447073,27.819661,2217.3 85.447071,27.819656,2217.5 85.447064,27.819649,2217.7 85.447057,27.819641,2218 85.447051,27.819634,2218.3 85.447042,27.819627,2218.6 85.447032,27.819624,2218.9 85.447024,27.819622,2219.1 85.447017,27.819619,2219.3 85.447011,27.819616,2219.5 85.447003,27.819613,2219.7 85.446994,27.819611,2220 85.446988,27.819609,2220.1 85.446978,27.819606,2220.4 85.446973,27.819605,2220.5 85.44697,27.8196,2220.7 85.446968,27.819592,2220.9 85.446971,27.819588,2221.1 85.446973,27.819582,2221.2 85.446976,27.819576,2221.4 85.446976,27.819568,2221.6 85.446981,27.819563,2221.8 85.446989,27.819558,2222.1 85.446996,27.819555,2222.3 85.447004,27.819551,2222.5 85.447011,27.819548,2222.7 85.447016,27.819544,2222.9 85.447019,27.81954,2223 85.447024,27.819538,2223.1 85.447027,27.819535,2223.2 85.447033,27.819537,2223.4 85.447036,27.819537,2223.5 85.447039,27.819536,2223.6 85.447041,27.819537,2223.6 85.447045,27.819536,2223.7 85.447051,27.819533,2223.9 85.447058,27.819528,2224.1 85.447063,27.819524,2224.3 85.447068,27.81952,2224.4 85.447072,27.819516,2224.6 85.447077,27.819512,2224.8 85.447083,27.819507,2225 85.447088,27.819501,2225.2 85.447093,27.819496,2225.3 85.447097,27.819492,2225.5 85.447101,27.81949,2225.6 85.447106,27.819487,2225.7 85.447112,27.819484,2225.9 85.447118,27.81948,2226.1 85.447123,27.819477,2226.2 85.447128,27.819474,2226.3 85.447133,27.81947,2226.5 85.447136,27.819464,2226.6 85.447142,27.819458,2226.8 85.447146,27.819453,2227 85.447151,27.819448,2227.2 85.447156,27.819442,2227.3 85.44716,27.819436,2227.5 85.447163,27.819432,2227.6 85.447166,27.819426,2227.8 85.44717,27.819421,2228 85.447174,27.819416,2228.1 85.447178,27.819413,2228.2 85.447184,27.819408,2228.4 85.447186,27.819404,2228.5 85.447189,27.819398,2228.7 85.44719,27.819391,2228.9 85.447191,27.819383,2229.1 85.447191,27.819377,2229.2 85.447192,27.819373,2229.3 85.447194,27.81937,2229.4 85.447197,27.819366,2229.5 85.447199,27.819361,2229.6 85.447201,27.819356,2229.8 85.447203,27.81935,2229.9 85.447206,27.819344,2230.1 85.447209,27.819337,2230.3 85.447213,27.81933,2230.5 85.447221,27.819327,2230.7 85.447229,27.819325,2230.9 85.447237,27.819325,2231 85.447245,27.819326,2231.2 85.447252,27.819327,2231.4 85.447261,27.81933,2231.6 85.447268,27.819333,2231.8 85.447274,27.819336,2232 85.447279,27.819338,2232.1 85.447285,27.819339,2232.3 85.447292,27.819338,2232.4 85.447299,27.819337,2232.6 85.447305,27.819335,2232.8 85.44731,27.81933,2233 85.447311,27.819324,2233.1 85.447312,27.81932,2233.2 85.447322,27.81932,2233.5 85.447329,27.819319,2233.7 85.447336,27.819317,2233.9 85.447343,27.819316,2234 85.447349,27.819315,2234.2 85.447356,27.819314,2234.4 85.447361,27.819312,2234.5 85.447365,27.819309,2234.6 85.447368,27.819304,2234.8 85.447372,27.819298,2235 85.447376,27.819291,2235.2 85.447379,27.819285,2235.4 85.447383,27.819279,2235.6 85.447385,27.819274,2235.7 85.447388,27.819269,2235.9 85.44739,27.819263,2236.1 85.447392,27.819257,2236.3 85.447395,27.819252,2236.4 85.447396,27.819248,2236.5 85.447397,27.819243,2236.7 85.447395,27.819235,2236.9 85.447392,27.819224,2237.2 85.447387,27.819214,2237.5 85.447383,27.819206,2237.7 85.447379,27.819198,2238 85.447376,27.819188,2238.2 85.447377,27.819179,2238.4 85.447379,27.81917,2238.7 85.447381,27.819162,2238.9 85.447384,27.819156,2239 85.447387,27.819151,2239.2 85.44739,27.819148,2239.3 85.447393,27.819145,2239.4 85.447393,27.819146,2239.4 85.447392,27.819148,2239.4 85.447393,27.819151,2239.5 85.447396,27.819152,2239.6 85.447399,27.819152,2239.7 85.447402,27.819151,2239.7 85.447404,27.81915,2239.8 85.447411,27.819147,2239.9 85.447416,27.819142,2240.1 85.447421,27.819134,2240.3 85.447431,27.819126,2240.6 85.447442,27.819116,2240.9 85.44745,27.819109,2241.1 85.447455,27.819103,2241.2 85.447459,27.819095,2241.4 85.447464,27.819092,2241.5 85.447472,27.819087,2241.6 85.447481,27.81909,2241.8 85.447488,27.819092,2241.9 85.447495,27.81909,2242 85.447503,27.819085,2242.2 85.447509,27.81908,2242.3 85.447514,27.819079,2242.3 85.447517,27.81908,2242.4 85.447516,27.819079,2242.4 85.447514,27.819077,2242.4 85.44751,27.819076,2242.5 85.447505,27.819077,2242.5 85.447501,27.819078,2242.6 85.447499,27.819079,2242.6 85.447498,27.819079,2242.6 85.447496,27.819079,2242.6 85.447495,27.819079,2242.6 85.447495,27.81908,2242.6 85.447495,27.81908,2242.6 85.447495,27.81908,2242.6 85.447495,27.81908,2242.6 85.447496,27.81908,2242.6 85.447496,27.81908,2242.6 85.447496,27.81908,2242.6 85.447497,27.819079,2242.7 85.447498,27.819078,2242.7 85.4475,27.819076,2242.7 85.447505,27.819069,2242.8 85.447511,27.81906,2242.9 85.447519,27.819051,2243 85.447526,27.819043,2243.1 85.44753,27.819032,2243.2 85.44753,27.819022,2243.3 85.447535,27.819015,2243.3 85.447541,27.819008,2243.4 85.447548,27.819,2243.4 85.447555,27.818994,2243.5 85.447566,27.818991,2243.5 85.447575,27.818988,2243.6 85.447586,27.818984,2243.7 85.447596,27.818978,2243.7 85.447601,27.818971,2243.8 85.447603,27.818963,2243.8 85.447606,27.818955,2243.8 85.447606,27.818945,2244 85.447604,27.818934,2244.2 85.447594,27.818924,2244.4 85.447587,27.818913,2244.7 85.447586,27.818905,2244.8 85.447585,27.818898,2244.9 85.447585,27.81889,2245.1 85.447586,27.818883,2245.2 85.44759,27.818879,2245.3 85.44759,27.818872,2245.4 85.447583,27.818866,2245.6 85.447577,27.81886,2245.7 85.447574,27.818854,2245.8 85.447571,27.818849,2245.9 85.447568,27.818844,2246 85.447565,27.818841,2246.1 85.447562,27.818838,2246.2 85.447561,27.818835,2246.3 85.447558,27.818831,2246.4 85.447554,27.818825,2246.5 85.447552,27.818825,2246.5 85.447551,27.818824,2246.6 85.447549,27.818819,2246.7 85.447547,27.818812,2246.8 85.447545,27.818806,2246.9 85.447544,27.818801,2247 85.447544,27.818795,2247.2 85.447541,27.818789,2247.3 85.44754,27.818782,2247.4 85.447538,27.818777,2247.5 85.447541,27.818773,2247.6 85.447546,27.818769,2247.8 85.447549,27.818765,2247.9 85.447552,27.81876,2248 85.447556,27.818754,2248.1 85.44756,27.818748,2248.3 85.447562,27.818741,2248.4 85.447564,27.818731,2248.6 85.447566,27.818721,2248.8 85.447565,27.818711,2249.1 85.447565,27.818702,2249.2 85.447565,27.818692,2249.4 85.447566,27.818687,2249.6 85.447569,27.818681,2249.7 85.447573,27.818676,2249.8 85.447576,27.818672,2249.9 85.447577,27.818667,2250 85.447578,27.818662,2250.1 85.44758,27.818657,2250.2 85.447584,27.818652,2250.4 85.447589,27.818646,2250.5 85.447592,27.818642,2250.6 85.447597,27.818635,2250.8 85.447601,27.818629,2250.9 85.447606,27.818624,2251.1 85.447608,27.818618,2251.2 85.447608,27.818612,2251.3 85.447608,27.818607,2251.4 85.447607,27.818601,2251.5 85.447607,27.818594,2251.7 85.44761,27.818587,2251.8 85.447612,27.818581,2251.9 85.447613,27.818573,2252.1 85.447613,27.818566,2252.2 85.447612,27.818559,2252.3 85.447612,27.818551,2252.5 85.44761,27.818544,2252.6 85.447608,27.818536,2252.7 85.447609,27.818529,2252.9 85.447608,27.818522,2253 85.447608,27.818515,2253.1 85.447605,27.818511,2253.2 85.447602,27.818507,2253.3 85.447606,27.818505,2253.3 85.44761,27.818508,2253.4 85.447612,27.81851,2253.5 85.447613,27.818509,2253.5 85.447613,27.818506,2253.5 85.447613,27.818503,2253.6 85.447612,27.818498,2253.7 85.447611,27.818489,2253.8 85.447608,27.818476,2254 85.447606,27.818462,2254.2 85.447604,27.818452,2254.4 85.447602,27.818444,2254.5 85.4476,27.818435,2254.6 85.447601,27.818426,2254.8 85.447602,27.818418,2254.9 85.447605,27.818411,2255 85.447608,27.818405,2255.1 85.447607,27.818396,2255.2 85.447606,27.818386,2255.4 85.447606,27.818378,2255.5 85.447608,27.818372,2255.6 85.44761,27.818363,2255.7 85.447611,27.818356,2255.8 85.447612,27.818348,2255.9 85.447611,27.818339,2256 85.447613,27.818331,2256.2 85.447615,27.818325,2256.2 85.447621,27.818317,2256.4 85.447623,27.818311,2256.5 85.447626,27.818303,2256.6 85.447628,27.818295,2256.7 85.447631,27.818287,2256.8 85.447633,27.81828,2256.9 85.447634,27.818271,2257.1 85.447637,27.818262,2257.2 85.447635,27.818254,2257.3 85.447632,27.818246,2257.5 85.447628,27.81824,2257.6 85.447627,27.818234,2257.7 85.447627,27.818228,2257.8 85.447625,27.818224,2257.8 85.447624,27.81822,2257.9 85.447623,27.818215,2258 85.447622,27.818209,2258.1 85.44762,27.818203,2258.2 85.447619,27.818197,2258.3 85.447615,27.818191,2258.4 85.447611,27.818186,2258.5 85.447608,27.818182,2258.6 85.447604,27.818177,2258.7 85.4476,27.818172,2258.8 85.447598,27.818167,2258.9 85.447596,27.818159,2259 85.447594,27.81815,2259.1 85.447593,27.818143,2259.3 85.447593,27.818138,2259.4 85.447591,27.818133,2259.5 85.44759,27.818127,2259.6 85.447588,27.818121,2259.7 85.447587,27.818117,2259.8 85.447586,27.818116,2259.8 85.447587,27.818116,2259.8 85.447588,27.818113,2259.9 85.447589,27.818111,2259.9 85.447589,27.818108,2260 85.447592,27.8181,2260.1 85.447596,27.818091,2260.3 85.447605,27.818081,2260.6 85.447612,27.818073,2260.8 85.447619,27.818069,2260.9 85.447626,27.818063,2261.1 85.447633,27.818058,2261.2 85.44764,27.818052,2261.4 85.447645,27.818047,2261.5 85.44765,27.81804,2261.7 85.447654,27.818034,2261.8 85.447657,27.818028,2262 85.447659,27.81802,2262.1 85.447664,27.818014,2262.3 85.447667,27.81801,2262.4 85.44767,27.81801,2262.4 85.447672,27.818007,2262.5 85.44767,27.818002,2262.6 85.447668,27.818001,2262.6 85.447666,27.817996,2262.7 85.447666,27.817988,2262.9 85.447666,27.817978,2263.1 85.447664,27.81796,2263.4 85.447662,27.817949,2263.6 85.447661,27.817945,2263.7 85.447661,27.817944,2263.7 85.447659,27.817939,2263.7 85.447657,27.817933,2263.8 85.447654,27.817924,2264 85.447652,27.817916,2264.1 85.447648,27.817903,2264.3 85.447645,27.817897,2264.4 85.447644,27.81789,2264.5 85.447642,27.817883,2264.6 85.447637,27.817876,2264.7 85.447635,27.817873,2264.7 85.447633,27.817867,2264.8 85.447631,27.817862,2264.9 85.44763,27.817861,2264.9 85.447629,27.81786,2264.9 85.447628,27.817856,2264.9 85.447628,27.817852,2265 85.447628,27.81785,2265 85.447627,27.817849,2265 85.447627,27.817849,2265 85.447626,27.817847,2265.1 85.447626,27.817846,2265.1 85.447626,27.817845,2265.1 85.447625,27.817845,2265.1 85.447625,27.817843,2265.1 85.447623,27.817841,2265.1 85.447622,27.817838,2265.2 85.447621,27.817834,2265.2 85.447619,27.81783,2265.3 85.447617,27.817825,2265.3 85.447606,27.817808,2265.5 85.447595,27.817794,2265.7 85.447584,27.81778,2265.8 85.447573,27.817771,2266 85.447563,27.817762,2266.1 85.447556,27.817753,2266.2 85.447548,27.817748,2266.3 85.447537,27.817742,2266.4 85.447528,27.817739,2266.5 85.447522,27.817732,2266.6 85.447516,27.817725,2266.6 85.447512,27.817716,2266.7 85.447512,27.81771,2266.8 85.447512,27.817701,2266.9 85.447512,27.817693,2267 85.44751,27.817688,2267 85.44751,27.817685,2267.1 85.447509,27.817681,2267.1 85.447507,27.817684,2267.2 85.447508,27.817681,2267.2 85.447509,27.817677,2267.3 85.447508,27.817667,2267.4 85.447507,27.817655,2267.5 85.447508,27.817644,2267.6 85.44751,27.817635,2267.8 85.447509,27.817626,2267.9 85.44751,27.817618,2268 85.447516,27.817612,2268.1 85.447522,27.817607,2268.2 85.447524,27.817602,2268.2 85.447529,27.817596,2268.3 85.447531,27.817589,2268.4 85.447534,27.81758,2268.5 85.447532,27.81757,2268.7 85.447529,27.81756,2268.8 85.447525,27.817549,2268.9 85.447521,27.817539,2269.1 85.447516,27.817532,2269.2 85.447513,27.817522,2269.3 85.447513,27.817512,2269.4 85.447512,27.817504,2269.5 85.447509,27.817494,2269.6 85.447506,27.817484,2269.7 85.447501,27.817475,2269.8 85.447499,27.817466,2269.9 85.447496,27.817456,2270 85.447495,27.817446,2270.1 85.447492,27.817436,2270.2 85.447488,27.817426,2270.3 85.447481,27.817416,2270.4 85.447476,27.817406,2270.5 85.447472,27.817396,2270.6 85.447465,27.817388,2270.7 85.447459,27.817378,2270.8 85.447453,27.817369,2270.9 85.447446,27.817361,2271 85.447441,27.817353,2271.1 85.447434,27.817345,2271.2 85.447428,27.817337,2271.3 85.447422,27.817329,2271.4 85.447417,27.81732,2271.5 85.447412,27.817313,2271.6 85.447404,27.817306,2271.7 85.447398,27.817301,2271.8 85.447392,27.817295,2271.9 85.447386,27.817286,2272 85.447383,27.817281,2272 85.447381,27.817276,2272.1 85.44738,27.81727,2272.2 85.447377,27.817264,2272.3 85.447375,27.817257,2272.3 85.44737,27.817251,2272.4 85.447364,27.817246,2272.5 85.447365,27.817242,2272.5 85.447364,27.817234,2272.6 85.447364,27.817226,2272.7 85.447364,27.817216,2272.8 85.447364,27.817205,2273 85.447364,27.817194,2273.1 85.447365,27.817183,2273.2 85.447364,27.817168,2273.4 85.447364,27.817161,2273.4 85.447363,27.817151,2273.5 85.447363,27.817141,2273.6 85.447365,27.817132,2273.7 85.447365,27.817124,2273.8 85.447365,27.817115,2273.9 85.447366,27.817106,2273.9 85.447368,27.817097,2274 85.44737,27.817088,2274.1 85.447371,27.817078,2274.1 85.447371,27.817067,2274.2 85.44737,27.817058,2274.3 85.447368,27.817049,2274.3 85.447364,27.81704,2274.4 85.447358,27.817032,2274.4 85.447353,27.817023,2274.5 85.447349,27.817014,2274.5 85.447345,27.817006,2274.6 85.447342,27.816998,2274.6 85.447345,27.81699,2274.6 85.447349,27.816984,2274.7 85.447353,27.816978,2274.7 85.447356,27.816969,2274.7 85.447355,27.81696,2274.7 85.447355,27.816951,2274.8 85.447356,27.816943,2274.8 85.447358,27.816936,2274.8 85.447358,27.816929,2274.9 85.447356,27.816925,2274.9 85.447355,27.816921,2274.9 85.447355,27.816921,2274.9 85.447356,27.816918,2274.9 85.447357,27.816912,2274.9 85.44736,27.816904,2275 85.447363,27.816893,2275 85.447364,27.816881,2275 85.447365,27.816869,2275.1 85.447367,27.816859,2275.1 85.447371,27.816849,2275.2 85.447371,27.81684,2275.2 85.44737,27.81683,2275.2 85.44737,27.816822,2275.2 85.44737,27.816813,2275.3 85.447369,27.816804,2275.3 85.44737,27.816794,2275.3 85.447373,27.816785,2275.4 85.447376,27.816777,2275.4 85.447378,27.816769,2275.4 85.447381,27.816761,2275.5 85.447386,27.816752,2275.5 85.447387,27.816745,2275.5 85.44739,27.816738,2275.6 85.44739,27.816729,2275.6 85.447392,27.816722,2275.6 85.447394,27.816714,2275.7 85.447397,27.816706,2275.7 85.4474,27.8167,2275.7 85.447405,27.816694,2275.8 85.447404,27.81669,2275.8 85.447404,27.816684,2275.8 85.447402,27.816678,2275.8 85.447401,27.816672,2275.9 85.447403,27.816664,2275.9 85.447404,27.816657,2275.9 85.447406,27.816652,2276 85.447406,27.816649,2276 85.447405,27.816644,2276 85.447405,27.816636,2276.1 85.447404,27.816625,2276.1 85.447403,27.816614,2276.2 85.447404,27.816604,2276.2 85.447405,27.816593,2276.3 85.447406,27.816585,2276.4 85.447406,27.816577,2276.4 85.447406,27.816568,2276.5 85.447404,27.816562,2276.5 85.447402,27.816553,2276.6 85.447403,27.816547,2276.6 85.447407,27.816541,2276.7 85.44741,27.816532,2276.8 85.447414,27.816525,2276.8 85.44742,27.816519,2276.9 85.447427,27.816514,2277 85.447431,27.816508,2277 85.447432,27.816501,2277.1 85.447431,27.816491,2277.2 85.447429,27.81648,2277.3 85.44743,27.81647,2277.4 85.447433,27.816459,2277.5 85.447432,27.81645,2277.6 85.447431,27.816439,2277.7 85.447431,27.816429,2277.8 85.447431,27.816422,2277.9 85.447431,27.816415,2278 85.447434,27.816409,2278.1 85.447437,27.816405,2278.1 85.447438,27.816398,2278.2 85.44744,27.816391,2278.3 85.447443,27.816384,2278.4 85.447444,27.816375,2278.5 85.447443,27.816363,2278.6 85.447442,27.816354,2278.7 85.447442,27.816348,2278.8 85.447443,27.816342,2278.9 85.447447,27.816337,2278.9 85.447451,27.816329,2279 85.447455,27.816324,2279.1 85.447459,27.816316,2279.2 85.44746,27.816309,2279.3 85.447464,27.816304,2279.3 85.447467,27.816299,2279.4 85.447469,27.816292,2279.5 85.447471,27.816285,2279.6 85.447472,27.816278,2279.7 85.447473,27.81627,2279.7 85.447468,27.816264,2279.8 85.44746,27.816259,2279.9 85.447455,27.816251,2280 85.44745,27.816243,2280.1 85.447447,27.816234,2280.2 85.447447,27.816223,2280.3 85.447445,27.816213,2280.4 85.447442,27.816205,2280.5 85.447438,27.816196,2280.6 85.447433,27.81619,2280.6 85.44743,27.816181,2280.7 85.447428,27.816173,2280.8 85.447427,27.816163,2280.9 85.447425,27.816153,2281 85.447424,27.816146,2281 85.447421,27.816138,2281.1 85.447417,27.816128,2281.2 85.447413,27.816117,2281.3 85.447411,27.816106,2281.4 85.447408,27.816098,2281.5 85.447407,27.816088,2281.6 85.447409,27.816081,2281.7 85.44741,27.816072,2281.7 85.44741,27.816064,2281.8 85.447409,27.816055,2281.9 85.447408,27.81605,2281.9 85.447407,27.816044,2282 85.447408,27.816039,2282 85.447409,27.816034,2282.1 85.44741,27.816029,2282.2 85.447412,27.816023,2282.2 85.447413,27.816019,2282.3 85.447414,27.816016,2282.3 85.447414,27.816014,2282.3 85.447415,27.816011,2282.3 85.447413,27.816007,2282.4 85.447411,27.816005,2282.4 85.44741,27.816001,2282.5 85.447411,27.815993,2282.5 85.44741,27.815982,2282.7 85.447405,27.815966,2282.8 85.447404,27.815952,2283 85.4474,27.815941,2283.1 85.447396,27.815932,2283.2 85.447393,27.815925,2283.3 85.447388,27.815919,2283.3 85.447379,27.815914,2283.4 85.447375,27.815907,2283.5 85.447373,27.815899,2283.6 85.447371,27.815889,2283.7 85.44737,27.815881,2283.8 85.447367,27.815871,2283.9 85.447367,27.815865,2283.9 85.447367,27.815859,2284 85.447366,27.815851,2284.1 85.447368,27.815847,2284.1 85.447368,27.815842,2284.2 85.447368,27.815837,2284.2 85.447368,27.815829,2284.3 85.447367,27.81582,2284.4 85.447366,27.815809,2284.5 85.447365,27.815796,2284.6 85.447361,27.815788,2284.7 85.447355,27.815779,2284.8 85.447348,27.815768,2284.9 85.44734,27.815761,2285 85.447332,27.815754,2285.1 85.447325,27.815747,2285.2 85.447317,27.815741,2285.3 85.447309,27.815736,2285.3 85.447302,27.815732,2285.4 85.447297,27.815727,2285.5 85.44729,27.815721,2285.6 85.447281,27.815718,2285.6 85.447273,27.815713,2285.7 85.447267,27.815709,2285.8 85.44726,27.815702,2285.9 85.447252,27.815696,2286 85.447244,27.815689,2286.1 85.447237,27.815681,2286.2 85.447232,27.815674,2286.3 85.447228,27.815666,2286.4 85.447225,27.815659,2286.5 85.44722,27.815652,2286.6 85.447214,27.815645,2286.7 85.447211,27.815638,2286.8 85.447207,27.815629,2286.9 85.447202,27.815622,2287 85.447195,27.815612,2287.1 85.447192,27.815607,2287.1 85.447189,27.815601,2287.2 85.447186,27.815594,2287.3 85.447183,27.815585,2287.4 85.447182,27.81558,2287.5 85.447182,27.815574,2287.5 85.447181,27.815568,2287.6 85.447176,27.815562,2287.7 85.447173,27.815558,2287.7 85.447168,27.815553,2287.8 85.447163,27.815551,2287.9 85.447158,27.815547,2287.9 85.447154,27.815543,2288 85.447149,27.815539,2288 85.447144,27.815533,2288.1 85.447141,27.815528,2288.2 85.447138,27.815526,2288.2 85.447136,27.815523,2288.2 85.447131,27.815518,2288.3 85.447126,27.815513,2288.4 85.447123,27.815508,2288.4 85.447119,27.815502,2288.5 85.447114,27.815494,2288.6 85.447105,27.815488,2288.7 85.447099,27.815485,2288.7 85.447093,27.81548,2288.8 85.44709,27.815478,2288.8 85.447087,27.815478,2288.9 85.447079,27.815477,2288.9 85.447071,27.815475,2289 85.447067,27.815474,2289 85.447068,27.815474,2289.1 85.447067,27.815474,2289.1 85.447067,27.815474,2289.1 85.447069,27.815475,2289.1 85.447069,27.815475,2289.1 85.447066,27.815473,2289.1 85.44706,27.81547,2289.2 85.44705,27.815464,2289.3 85.447037,27.815454,2289.4 85.447026,27.815449,2289.5 85.447016,27.815446,2289.6 85.447012,27.815446,2289.7 85.44701,27.815445,2289.7 85.447009,27.815445,2289.7 85.447008,27.815443,2289.7 85.447009,27.815441,2289.7 85.447008,27.815439,2289.7 85.447005,27.815436,2289.8 85.447001,27.815434,2289.8 85.446989,27.815427,2289.9 85.446977,27.815423,2290.1 85.446968,27.815414,2290.2 85.446964,27.815407,2290.2 85.446964,27.815401,2290.3 85.446961,27.815397,2290.4 85.446958,27.815398,2290.4 85.446953,27.815397,2290.4 85.446947,27.815391,2290.5 85.446945,27.815389,2290.5 85.446941,27.815387,2290.6 85.446936,27.815384,2290.6 85.446931,27.815382,2290.7 85.446928,27.815381,2290.7 85.446922,27.815378,2290.8 85.446916,27.815374,2290.8 85.446912,27.815371,2290.9 85.446905,27.815366,2290.9 85.446899,27.815362,2291 85.446894,27.815357,2291.1 85.446889,27.815349,2291.1 85.446889,27.815347,2291.2 85.446886,27.815343,2291.2 85.446882,27.815339,2291.2 85.446878,27.815335,2291.3 85.446876,27.81533,2291.3 85.446874,27.815324,2291.4 85.44687,27.815317,2291.5 85.446863,27.815307,2291.6 85.446862,27.815302,2291.6 85.446857,27.815295,2291.7 85.446852,27.815288,2291.7 85.446848,27.815281,2291.8 85.446845,27.815274,2291.9 85.446843,27.815269,2291.9 85.446841,27.815263,2292 85.446838,27.815258,2292 85.446835,27.815256,2292 85.44683,27.815257,2292.1 85.446822,27.815261,2292.2 85.446817,27.815266,2292.2 85.446815,27.815269,2292.2 85.446815,27.81527,2292.2 85.446819,27.815268,2292.3 85.446822,27.815267,2292.3 85.446824,27.815267,2292.3 85.446826,27.815268,2292.3 85.446828,27.81527,2292.4 85.446827,27.815272,2292.4 85.446813,27.815273,2292.5 85.44681,27.815268,2292.5 85.446809,27.815267,2292.5 85.446808,27.815271,2292.6 85.446809,27.815272,2292.6 85.446809,27.815273,2292.6 85.446809,27.815275,2292.6 85.44681,27.815277,2292.6 85.446812,27.815276,2292.7 85.446812,27.815275,2292.7 85.446813,27.815274,2292.7 85.446814,27.815274,2292.7 85.446814,27.815274,2292.7 85.446814,27.815274,2292.7 85.446815,27.815274,2292.7 85.446815,27.815273,2292.7 85.446816,27.815273,2292.7 85.446816,27.815273,2292.7 85.446816,27.815273,2292.7 85.446816,27.815273,2292.7 85.446816,27.815273,2292.7 85.446816,27.815274,2292.7 85.446816,27.815274,2292.7 85.446816,27.815274,2292.7 85.446816,27.815274,2292.7 85.446815,27.815273,2292.7 85.446814,27.81527,2292.8 85.446814,27.81527,2292.8 85.446815,27.81527,2292.8 85.446815,27.81527,2292.8 85.446818,27.815269,2292.8 85.446819,27.81527,2292.8 85.44682,27.815271,2292.8 85.44682,27.815272,2292.8 85.446821,27.815274,2292.8 85.446822,27.815274,2292.8 85.446822,27.815275,2292.8 85.446822,27.815275,2292.8 85.446823,27.815275,2292.9 85.446825,27.815276,2292.9 85.446826,27.815276,2292.9 85.446826,27.815275,2292.9 85.446827,27.815275,2292.9 85.446828,27.815275,2292.9 85.446828,27.815275,2292.9 85.446829,27.815275,2292.9 85.446829,27.815275,2292.9 85.44683,27.815276,2292.9 85.44683,27.815276,2292.9 85.44683,27.815277,2292.9 85.446831,27.815277,2292.9 85.446831,27.815277,2292.9 85.446831,27.815278,2293 85.446831,27.815278,2293 85.44683,27.815279,2293 85.446829,27.815279,2293 85.446828,27.815279,2293 85.446826,27.815277,2293 85.446824,27.815273,2293 85.446827,27.815269,2293.1 85.446832,27.815266,2293.1 85.446838,27.815264,2293.2 85.446844,27.815263,2293.2 85.446849,27.815263,2293.3 85.446853,27.815263,2293.3 85.446856,27.815263,2293.3 85.446857,27.815263,2293.3 85.446858,27.815263,2293.3 85.446859,27.815263,2293.4 85.446859,27.815263,2293.4 85.446859,27.815262,2293.4 85.446859,27.815262,2293.4 85.446859,27.815262,2293.4 85.44686,27.815262,2293.4 85.44686,27.815262,2293.4 85.44686,27.815263,2293.4 85.44686,27.815263,2293.4 85.44686,27.815263,2293.4 85.446861,27.815263,2293.4 85.446861,27.815264,2293.4 85.446861,27.815264,2293.4 85.44686,27.815264,2293.4 85.446861,27.815264,2293.4 85.446861,27.815264,2293.4 85.446861,27.815264,2293.4 85.446861,27.815265,2293.4 85.446861,27.815265,2293.4 85.446862,27.815266,2293.4 85.446862,27.815266,2293.4 85.446862,27.815266,2293.4 85.446862,27.815267,2293.4 85.446862,27.815267,2293.4 85.446862,27.815268,2293.5 85.446862,27.815268,2293.5 85.446862,27.815268,2293.5 85.446862,27.815269,2293.5 85.446862,27.815269,2293.5 85.446862,27.815269,2293.5 85.446862,27.815269,2293.5 85.446862,27.81527,2293.5 85.446862,27.81527,2293.5 85.446862,27.81527,2293.5 85.446863,27.81527,2293.5 85.446863,27.81527,2293.5 85.446863,27.815269,2293.5 85.446863,27.815269,2293.5 85.446863,27.815269,2293.5 85.446863,27.815269,2293.5 85.446863,27.815269,2293.5 85.446863,27.815269,2293.5 85.446863,27.815269,2293.5 85.446864,27.815268,2293.5 85.446864,27.815268,2293.5 85.446863,27.815268,2293.5 85.446864,27.815268,2293.5 85.446864,27.815268,2293.5 85.446864,27.815268,2293.5 85.446864,27.815268,2293.5 85.446864,27.815267,2293.5 85.446864,27.815267,2293.5 85.446865,27.815267,2293.5 85.446864,27.815267,2293.5 85.446864,27.815266,2293.6 85.446864,27.815265,2293.6 85.446865,27.815265,2293.6 85.446865,27.815265,2293.6 85.446865,27.815265,2293.6 85.446866,27.815265,2293.6 85.446865,27.815265,2293.6 85.446865,27.815265,2293.6 85.446865,27.815265,2293.6 85.446866,27.815264,2293.6 85.446866,27.815264,2293.6 85.446866,27.815264,2293.6 85.446866,27.815264,2293.6 85.446866,27.815264,2293.6 85.446866,27.815264,2293.6 85.446866,27.815264,2293.6 85.446866,27.815264,2293.6 85.446866,27.815264,2293.6 85.446866,27.815264,2293.6 85.446866,27.815263,2293.6 85.446865,27.815263,2293.6 85.446863,27.815262,2293.6 85.446864,27.81526,2293.7 85.446863,27.81526,2293.7 85.446863,27.81526,2293.7 85.446861,27.81526,2293.7 85.44686,27.815259,2293.7 85.446859,27.815258,2293.7 85.446855,27.815257,2293.7 85.446853,27.815256,2293.8 85.44685,27.815256,2293.8 85.446849,27.815255,2293.8 85.446848,27.815254,2293.8 85.446847,27.815255,2293.8 85.446845,27.815255,2293.8 85.446844,27.815255,2293.8 85.446843,27.815255,2293.8 85.446841,27.815254,2293.9 85.44684,27.815254,2293.9 85.44684,27.815254,2293.9 85.44684,27.815253,2293.9 85.44684,27.815253,2293.9 85.446839,27.815253,2293.9 85.446838,27.815253,2293.9 85.446837,27.815253,2293.9 85.446836,27.815253,2293.9 85.446835,27.815253,2293.9 85.446834,27.815253,2293.9 85.446833,27.815253,2293.9 85.446833,27.815254,2293.9 85.446832,27.815254,2294 85.446832,27.815254,2294 85.446831,27.815254,2294 85.44683,27.815255,2294 85.446829,27.815255,2294 85.446829,27.815254,2294 85.446829,27.815253,2294 85.44683,27.815252,2294 85.44683,27.815251,2294 85.446829,27.81525,2294 85.446828,27.81525,2294 85.446827,27.81525,2294 85.446825,27.81525,2294.1 85.446824,27.815249,2294.1 85.446823,27.815245,2294.1 85.446822,27.81524,2294.2 85.446817,27.815233,2294.2 85.446812,27.815223,2294.3 85.446806,27.815218,2294.4 85.446797,27.815216,2294.5 85.44679,27.815217,2294.5 85.446784,27.815218,2294.6 85.44678,27.815219,2294.6 85.446775,27.81522,2294.7 85.446777,27.815211,2294.8 85.446777,27.815205,2294.8 85.446778,27.815202,2294.9 85.446774,27.815197,2294.9 85.44676,27.815181,2295.1 85.44675,27.815162,2295.4 85.446741,27.81515,2295.5 85.446731,27.815142,2295.6 85.446723,27.815133,2295.8 85.446715,27.815125,2296 85.446705,27.815119,2296.1 85.446694,27.815114,2296.3 85.446681,27.815113,2296.4 85.44667,27.81511,2296.6 85.446662,27.815104,2296.7 85.446653,27.815098,2296.9 85.446643,27.815091,2297.1 85.446634,27.815088,2297.3 85.446623,27.815083,2297.5 85.446613,27.815082,2297.6 85.446604,27.815078,2297.8 85.446597,27.815073,2298 85.446588,27.81507,2298.2 85.446579,27.815076,2298.4 85.446573,27.815086,2298.6 85.446564,27.815087,2298.8 85.446552,27.81508,2299.1 85.446544,27.815073,2299.3 85.446538,27.815065,2299.6 85.44653,27.815058,2299.8 85.446523,27.815052,2300 85.446516,27.815044,2300.3 85.44651,27.815037,2300.5 85.446504,27.815028,2300.7 85.446497,27.81502,2301 85.446492,27.815015,2301.1 85.446484,27.815009,2301.3 85.446476,27.815002,2301.6 85.446469,27.814994,2301.8 85.446465,27.814989,2302 85.44646,27.814983,2302.1 85.446455,27.814977,2302.3 85.446449,27.814969,2302.5 85.446445,27.814964,2302.7 85.446439,27.814958,2302.9 85.446432,27.814952,2303.1 85.446428,27.814946,2303.2 85.446433,27.81494,2303.4 85.446432,27.814932,2303.5 85.446431,27.814928,2303.6 85.446423,27.81492,2303.9 85.446424,27.814921,2303.9 85.446419,27.814918,2304 85.446411,27.814914,2304.2 85.446404,27.814914,2304.3 85.446397,27.814913,2304.4 85.446389,27.814911,2304.5 85.446381,27.81491,2304.7 85.446372,27.814906,2304.8 85.446369,27.814905,2304.9 85.446366,27.814901,2305 85.446361,27.814895,2305.1 85.446358,27.81489,2305.2 85.446355,27.814887,2305.3 85.446348,27.814883,2305.4 85.446342,27.814878,2305.5 85.446339,27.814871,2305.6 85.446335,27.814868,2305.7 85.446329,27.814864,2305.8 85.446328,27.814863,2305.8 85.446324,27.814858,2305.9 85.446319,27.814851,2306 85.446316,27.814846,2306.1 85.446311,27.814841,2306.2 85.446304,27.81484,2306.3 85.446298,27.814846,2306.4 85.446293,27.814852,2306.4 85.446285,27.814854,2306.5 85.446275,27.814851,2306.6 85.446268,27.814847,2306.7 85.446266,27.814844,2306.8 85.446264,27.814843,2306.8 85.446263,27.814843,2306.8 85.446257,27.814842,2306.9 85.446252,27.814848,2306.9 85.446254,27.814856,2307 85.446261,27.814864,2307.1 85.446269,27.814869,2307.2 85.446275,27.814872,2307.2 85.44628,27.814877,2307.3 85.44628,27.814877,2307.3 85.446278,27.814874,2307.3 85.44628,27.814873,2307.3 85.44628,27.814873,2307.3 85.446281,27.814873,2307.4 85.446281,27.814874,2307.4 85.446282,27.814873,2307.4 85.446284,27.814872,2307.4 85.446284,27.814872,2307.4 85.446286,27.814871,2307.4 85.446287,27.814871,2307.4 85.446289,27.81487,2307.4 85.44629,27.814869,2307.4 85.446291,27.814869,2307.4 85.446291,27.814869,2307.4 85.446291,27.814869,2307.4 85.446291,27.814869,2307.4 85.446291,27.814869,2307.4 85.446292,27.81487,2307.4 85.446293,27.814872,2307.5 85.446294,27.814873,2307.5 85.446294,27.814874,2307.5 85.446294,27.814875,2307.5 85.446294,27.814876,2307.5 85.446294,27.814876,2307.5 85.446294,27.814876,2307.5 85.446294,27.814876,2307.5 85.446294,27.814878,2307.5 85.446295,27.814878,2307.5 85.446297,27.814877,2307.5 85.446299,27.814877,2307.5 85.446301,27.814875,2307.6 85.446303,27.814874,2307.6 85.446304,27.814873,2307.6 85.446306,27.814872,2307.6 85.446308,27.81487,2307.6 85.44631,27.814868,2307.6 85.446311,27.814864,2307.7 85.446308,27.814862,2307.7 85.446306,27.814862,2307.7 85.446305,27.814862,2307.7 85.446303,27.814863,2307.7 85.446302,27.814862,2307.7 85.446302,27.814861,2307.7 85.446302,27.81486,2307.7 85.446299,27.81486,2307.7 85.4463,27.81486,2307.8 85.446299,27.814858,2307.8 85.446296,27.814859,2307.8 85.446298,27.814863,2307.8 85.446302,27.814867,2307.8 85.446306,27.814869,2307.9 85.446304,27.814867,2307.9 85.446301,27.814861,2307.9 85.446298,27.814849,2308 85.4463,27.814846,2308 85.446302,27.814844,2308 85.446301,27.814841,2308 85.446299,27.81484,2308 85.446296,27.814838,2308 85.446293,27.814834,2308.1 85.44629,27.814829,2308.1 85.446281,27.81482,2308.2 85.446276,27.814813,2308.2 85.446269,27.814805,2308.2 85.446262,27.814796,2308.3 85.446258,27.814788,2308.3 85.446254,27.814782,2308.4 85.44625,27.814778,2308.4 85.446243,27.814773,2308.4 85.446227,27.814786,2308.5 85.446222,27.814792,2308.6 85.44622,27.814798,2308.6 85.446215,27.814801,2308.6 85.446211,27.814801,2308.7 85.446213,27.814797,2308.7 85.446217,27.81479,2308.8 85.446221,27.814787,2308.8 85.446224,27.814784,2308.8 85.446223,27.814781,2308.8 85.446222,27.814778,2308.9 85.446219,27.814776,2308.9 85.446218,27.814771,2308.9 85.446216,27.814763,2309 85.446212,27.814752,2309.1 85.446208,27.814743,2309.2 85.446203,27.81473,2309.3 85.446201,27.814723,2309.4 85.446199,27.814715,2309.5 85.446196,27.814707,2309.6 85.446193,27.8147,2309.6 85.446189,27.814692,2309.7 85.446184,27.814686,2309.9 85.44618,27.814677,2310 85.446176,27.814668,2310.1 85.446174,27.81466,2310.3 85.446171,27.814653,2310.4 85.446166,27.814648,2310.5 85.446161,27.814643,2310.6 85.446156,27.814638,2310.7 85.446153,27.814633,2310.8 85.446151,27.814628,2310.9 85.446147,27.81462,2311.1 85.446143,27.814617,2311.2 85.446139,27.814611,2311.3 85.446135,27.814608,2311.4 85.446134,27.814605,2311.5 85.446133,27.814606,2311.5 85.446134,27.814609,2311.5 85.446134,27.814614,2311.6 85.446135,27.814616,2311.7 85.446136,27.814619,2311.8 85.446135,27.81462,2311.8 85.446135,27.814619,2311.8 85.446134,27.814617,2311.9 85.446133,27.814615,2311.9 85.446132,27.814612,2312 85.446131,27.814606,2312.1 85.446132,27.814603,2312.2 85.446132,27.814599,2312.3 85.446131,27.814593,2312.4 85.44613,27.814583,2312.6 85.446126,27.814572,2312.9 85.446123,27.814561,2313.1 85.446123,27.814551,2313.4 85.446121,27.814539,2313.7 85.446121,27.814529,2313.9 85.446121,27.81452,2314.1 85.446121,27.814513,2314.3 85.446122,27.814505,2314.5 85.44612,27.814499,2314.6 85.446116,27.814493,2314.8 85.446116,27.814486,2314.9 85.446116,27.814478,2315.1 85.446115,27.814472,2315.3 85.446112,27.814469,2315.4 85.446109,27.814467,2315.4 85.446109,27.814463,2315.5 85.446109,27.814458,2315.7 85.446112,27.814451,2315.8 85.446114,27.814446,2316 85.446117,27.81444,2316.1 85.446116,27.814434,2316.3 85.446109,27.814436,2316.4 85.446105,27.814438,2316.5 85.446103,27.814437,2316.6 85.4461,27.814437,2316.6 85.446098,27.814435,2316.7 85.446097,27.814432,2316.8 85.446096,27.814426,2316.9 85.446093,27.814417,2317.1 85.446089,27.814413,2317.2 85.446084,27.81441,2317.4 85.446078,27.814406,2317.5 85.446076,27.814403,2317.6 85.446075,27.814403,2317.6 85.446073,27.814401,2317.7 85.446071,27.814401,2317.7 85.446071,27.814401,2317.7 85.446071,27.8144,2317.8 85.446067,27.814395,2317.9 85.446061,27.81439,2318.1 85.446054,27.814382,2318.3 85.446046,27.814375,2318.6 85.446042,27.81437,2318.7 85.446037,27.814363,2318.9 85.446031,27.814355,2319.2 85.446024,27.814352,2319.3 85.446018,27.814348,2319.5 85.446016,27.814345,2319.6 85.446012,27.81434,2319.7 85.446011,27.814339,2319.8 85.446008,27.814338,2319.8 85.446003,27.814334,2320 85.445997,27.81433,2320.1 85.445994,27.814326,2320.3 85.445989,27.81432,2320.5 85.445985,27.814317,2320.6 85.44598,27.814315,2320.7 85.445973,27.81431,2320.9 85.445968,27.814305,2321.1 85.445967,27.814304,2321.1 85.445966,27.814305,2321.1 85.445965,27.814302,2321.2 85.445961,27.814298,2321.3 85.445959,27.814296,2321.4 85.445957,27.814294,2321.5 85.445956,27.814292,2321.5 85.445954,27.814287,2321.7 85.445947,27.814279,2321.9 85.445937,27.81427,2322.2 85.445929,27.814261,2322.5 85.445922,27.814254,2322.7 85.445915,27.814248,2323 85.445909,27.814242,2323.2 85.445901,27.814236,2323.4 85.445894,27.814233,2323.6 85.445889,27.81423,2323.7 85.445884,27.814229,2323.8 85.445878,27.814227,2324 85.445869,27.814224,2324.2 85.445862,27.814225,2324.3 85.445857,27.814223,2324.4 85.445851,27.814221,2324.6 85.445841,27.81422,2324.8 85.445833,27.81422,2324.9 85.445826,27.814218,2325.1 85.44582,27.814216,2325.2 85.445812,27.814216,2325.4 85.445805,27.814216,2325.5 85.445797,27.814216,2325.7 85.445788,27.814217,2325.9 85.445782,27.814217,2326 85.445777,27.814216,2326.1 85.445767,27.814216,2326.3 85.445765,27.814218,2326.4 85.445759,27.814218,2326.5 85.445755,27.814215,2326.6 85.445747,27.814212,2326.7 85.445744,27.814211,2326.8 85.44574,27.814209,2326.9 85.445737,27.814203,2327 85.445733,27.814198,2327.2 85.445723,27.814195,2327.4 85.445718,27.814192,2327.5 85.44572,27.814188,2327.6 85.445719,27.814184,2327.7 85.445717,27.814178,2327.8 85.445713,27.814174,2327.9 85.445715,27.81417,2328 85.445716,27.814165,2328.1 85.445716,27.814161,2328.2 85.445712,27.814157,2328.3 85.445706,27.814154,2328.4 85.4457,27.81415,2328.5 85.445695,27.814147,2328.6 85.44569,27.814145,2328.7 85.445685,27.814142,2328.9 85.445679,27.814142,2329 85.445669,27.814145,2329.2 85.445659,27.814155,2329.4 85.44565,27.814169,2329.8 85.445642,27.814184,2330.1 85.445639,27.814201,2330.4 85.445643,27.814214,2330.7 85.445651,27.814226,2331 85.44566,27.814236,2331.2 85.44567,27.814242,2331.4 85.445682,27.814242,2331.6 85.445691,27.814239,2331.8 85.445696,27.814234,2331.9 85.445693,27.814229,2332 85.445692,27.814227,2332.1 85.445691,27.814227,2332.1 85.445692,27.814227,2332.1 85.445693,27.814226,2332.1 85.445694,27.814225,2332.2 85.445696,27.814224,2332.2 85.445698,27.814222,2332.3 85.445699,27.814221,2332.3 85.445699,27.81422,2332.3 85.445699,27.81422,2332.3 85.445699,27.814221,2332.3 85.445699,27.814221,2332.3 85.445696,27.814223,2332.4 85.445697,27.814223,2332.4 85.445691,27.814223,2332.5 85.445694,27.81422,2332.6 85.445699,27.814218,2332.7 85.4457,27.814218,2332.7 85.4457,27.814219,2332.7 85.445702,27.81422,2332.8 85.445703,27.81422,2332.8 85.445705,27.814221,2332.8 85.445706,27.814221,2332.8 85.445706,27.814221,2332.8 85.445706,27.814221,2332.8 85.445707,27.814222,2332.9 85.445707,27.814223,2332.9 85.445707,27.814224,2332.9 85.445707,27.814225,2332.9 85.445707,27.814226,2332.9 85.445708,27.814227,2333 85.445708,27.814227,2333 85.445707,27.814227,2333 85.445704,27.814227,2333 85.445703,27.814227,2333 85.445703,27.814227,2333 85.445702,27.814227,2333.1 85.445701,27.814227,2333.1 85.445701,27.814226,2333.1 85.4457,27.814226,2333.1 85.4457,27.814226,2333.1 85.445699,27.814225,2333.1 85.445699,27.814225,2333.1 85.445698,27.814224,2333.2 85.445698,27.814224,2333.2 85.445697,27.814223,2333.2 85.445697,27.814223,2333.2 85.445696,27.814223,2333.2 85.445696,27.814222,2333.2 85.445695,27.814221,2333.3 85.445695,27.81422,2333.3 85.445694,27.81422,2333.3 85.445693,27.81422,2333.3 85.445691,27.814219,2333.4 85.445688,27.81422,2333.4 85.445688,27.814221,2333.4 85.445688,27.814221,2333.4 85.445688,27.814221,2333.4 85.445687,27.814222,2333.5 85.445687,27.814223,2333.5 85.445687,27.814224,2333.5 85.445687,27.814225,2333.5 85.445686,27.814227,2333.6 85.445686,27.814227,2333.6 85.445687,27.814228,2333.6 85.445688,27.814229,2333.6 85.445689,27.81423,2333.6 85.44569,27.814232,2333.7 85.44569,27.814233,2333.7 85.445692,27.814233,2333.7 85.445694,27.814233,2333.8 85.445694,27.814232,2333.8 85.445695,27.814233,2333.8 85.445695,27.814233,2333.8 85.445696,27.814233,2333.8 85.445696,27.814234,2333.8 85.445696,27.814234,2333.8 85.445697,27.814234,2333.9 85.445697,27.814232,2333.9 85.445698,27.81423,2333.9 85.445698,27.814228,2334 85.445699,27.814227,2334 85.445699,27.814226,2334 85.445699,27.814225,2334.1 85.445699,27.814224,2334.1 85.445699,27.814223,2334.1 85.445699,27.814222,2334.1 85.445698,27.814221,2334.1 85.445698,27.814219,2334.2 85.445697,27.814219,2334.2 85.445697,27.814218,2334.2 85.445697,27.814218,2334.2 85.445696,27.814217,2334.2 85.445696,27.814217,2334.2 85.445696,27.814216,2334.3 85.445696,27.814215,2334.3 85.445695,27.814215,2334.3 85.445694,27.814214,2334.3 85.445693,27.814215,2334.3 85.445692,27.814215,2334.4 85.445691,27.814215,2334.4 85.445691,27.814216,2334.4 85.44569,27.814216,2334.4 85.44569,27.814217,2334.4 85.44569,27.814218,2334.5 85.445689,27.814219,2334.5 85.445689,27.814219,2334.5 85.44569,27.814219,2334.5 85.44569,27.81422,2334.5 85.44569,27.81422,2334.5 85.44569,27.81422,2334.5 85.44569,27.814221,2334.5 85.44569,27.814221,2334.5 85.44569,27.814221,2334.5 85.44569,27.814221,2334.5 85.44569,27.814221,2334.5 85.44569,27.814221,2334.5 85.44569,27.814221,2334.5 85.44569,27.814221,2334.5 85.44569,27.814221,2334.5 85.44569,27.814222,2334.6 85.44569,27.814222,2334.6 85.44569,27.814222,2334.6 85.44569,27.814222,2334.6 85.44569,27.814222,2334.6 85.44569,27.814222,2334.6 85.44569,27.814223,2334.6 85.44569,27.814223,2334.6 85.44569,27.814223,2334.6 85.44569,27.814223,2334.6 85.44569,27.814223,2334.6 85.445689,27.814223,2334.6 85.445689,27.814223,2334.6 85.445688,27.814221,2334.6 85.445687,27.814221,2334.7 85.445686,27.81422,2334.7 85.445685,27.81422,2334.7 85.445684,27.814219,2334.7 85.445682,27.814219,2334.8 85.445681,27.814218,2334.8 85.44568,27.814218,2334.8 85.44568,27.814217,2334.8 85.445679,27.814216,2334.9 85.445678,27.814216,2334.9 85.445678,27.814215,2334.9 85.445677,27.814215,2334.9 85.445676,27.814215,2334.9 85.445676,27.814215,2334.9 85.445675,27.814215,2334.9 85.445675,27.814214,2335 85.445674,27.814215,2335 85.445674,27.814215,2335 85.445674,27.814215,2335 85.445673,27.814215,2335 85.445672,27.814214,2335 85.445671,27.814214,2335 85.445672,27.814213,2335.1 85.445672,27.814213,2335.1 85.445672,27.814212,2335.1 85.445671,27.814212,2335.1 85.445671,27.814212,2335.1 85.445671,27.814212,2335.1 85.44567,27.814212,2335.1 85.44567,27.814213,2335.1 85.44567,27.814213,2335.1 85.445669,27.814213,2335.2 85.445668,27.814213,2335.2 85.445668,27.814214,2335.2 85.445667,27.814214,2335.2 85.445667,27.814215,2335.2 85.445667,27.814215,2335.2 85.445667,27.814215,2335.2 85.445666,27.814216,2335.3 85.445667,27.814216,2335.3 85.445667,27.814216,2335.3 85.445667,27.814216,2335.3 85.445667,27.814216,2335.3 85.445666,27.814216,2335.3 85.445666,27.814216,2335.3 85.445666,27.814216,2335.3 85.445666,27.814215,2335.3 85.445666,27.814215,2335.3 85.445666,27.814215,2335.3 85.445666,27.814215,2335.3 85.445666,27.814215,2335.3 85.445666,27.814215,2335.3 85.445666,27.814214,2335.3 85.445666,27.814214,2335.3 85.445666,27.814214,2335.3 85.445666,27.814213,2335.4 85.445666,27.814213,2335.4 85.445666,27.814212,2335.4 85.445666,27.814211,2335.4 85.445665,27.81421,2335.4 85.445665,27.814209,2335.4 85.445666,27.814208,2335.5 85.445666,27.814205,2335.5 85.445667,27.814204,2335.6 85.445668,27.814204,2335.6 85.445669,27.814203,2335.6 85.44567,27.814202,2335.6 85.445671,27.814202,2335.6 85.445671,27.814201,2335.7 85.445671,27.814201,2335.7 85.445671,27.8142,2335.7 85.445671,27.8142,2335.7 85.445671,27.814199,2335.7 85.445671,27.814199,2335.7 85.445672,27.814199,2335.7 85.445672,27.814198,2335.7 85.445672,27.814197,2335.8 85.445672,27.814197,2335.8 85.445672,27.814197,2335.8 85.445671,27.814196,2335.8 85.445671,27.814197,2335.8 85.445672,27.814197,2335.8 85.445673,27.814197,2335.8 85.445673,27.814197,2335.8 85.445674,27.814197,2335.9 85.445675,27.814196,2335.9 85.445676,27.814197,2335.9 85.445677,27.814198,2335.9 85.445678,27.814199,2336 85.445678,27.814199,2336 85.445679,27.8142,2336 85.44568,27.8142,2336 85.445681,27.814201,2336 85.445682,27.814201,2336 85.445683,27.814202,2336.1 85.445683,27.814202,2336.1 85.445684,27.814202,2336.1 85.445684,27.814202,2336.1 85.445685,27.814202,2336.1 85.445685,27.814202,2336.1 85.445686,27.814202,2336.1 85.445686,27.814203,2336.1 85.445686,27.814202,2336.2 85.445687,27.814203,2336.2 85.445687,27.814203,2336.2 85.445687,27.814203,2336.2 85.445688,27.814203,2336.2 85.445688,27.814203,2336.2 85.445688,27.814203,2336.2 85.445688,27.814203,2336.2 85.445689,27.814203,2336.2 85.445689,27.814204,2336.2 85.445689,27.814204,2336.2 85.445691,27.814204,2336.3 85.445693,27.814204,2336.3 85.445694,27.814206,2336.4 85.445695,27.814207,2336.4 85.445697,27.814208,2336.4 85.445698,27.81421,2336.5 85.445699,27.81421,2336.5 85.4457,27.814213,2336.5 85.445698,27.814214,2336.6 85.445699,27.814216,2336.6 85.4457,27.814217,2336.6 85.445701,27.814218,2336.7 85.4457,27.814218,2336.7 85.445702,27.814218,2336.7 85.445703,27.814218,2336.7 85.445704,27.814218,2336.7 85.445704,27.814218,2336.7 85.445704,27.814218,2336.7 85.445705,27.814218,2336.7 85.445705,27.814219,2336.8 85.445705,27.814219,2336.8 85.445706,27.81422,2336.8 85.445707,27.814221,2336.8 85.445707,27.814222,2336.8 85.445707,27.814223,2336.8 85.445706,27.814224,2336.9 85.445706,27.814225,2336.9 85.445706,27.814226,2336.9 85.445706,27.814227,2336.9 85.445706,27.814228,2336.9 85.445705,27.814229,2337 85.445705,27.814229,2337 85.445704,27.81423,2337 85.445703,27.81423,2337 85.445702,27.814233,2337.1 85.445702,27.814234,2337.1 85.445701,27.814234,2337.1 85.4457,27.814235,2337.1 85.445699,27.814236,2337.1 85.445698,27.814238,2337.2 85.445698,27.814239,2337.2 85.445697,27.81424,2337.2 85.445697,27.814241,2337.2 85.445697,27.814242,2337.3 85.445697,27.814242,2337.3 85.445697,27.814243,2337.3 85.445697,27.814244,2337.3 85.445696,27.814245,2337.3 85.445696,27.814245,2337.3 85.445695,27.814246,2337.3 85.445695,27.814247,2337.4 85.445695,27.814247,2337.4 85.445695,27.814248,2337.4 85.445695,27.814248,2337.4 85.445695,27.814248,2337.4 85.445695,27.814249,2337.4 85.445694,27.814249,2337.4 85.445694,27.81425,2337.4 85.445694,27.81425,2337.4 85.445693,27.814251,2337.4 85.445691,27.814252,2337.5 85.44569,27.814252,2337.5 85.445688,27.814252,2337.5 85.445688,27.814252,2337.5 85.445687,27.814252,2337.5 85.445687,27.814253,2337.6 85.445687,27.814253,2337.6 85.445687,27.814255,2337.6 85.445687,27.814256,2337.6 85.445689,27.814255,2337.7 85.445689,27.814254,2337.7 85.44569,27.814254,2337.7 85.44569,27.814254,2337.7 85.445688,27.814255,2337.7 85.445687,27.814254,2337.7 85.445686,27.814254,2337.8 85.445686,27.814253,2337.8 85.445685,27.814253,2337.8 85.445685,27.814253,2337.8 85.445685,27.814252,2337.8 85.445685,27.814252,2337.8 85.445685,27.814252,2337.8 85.445685,27.814252,2337.8 85.445686,27.814252,2337.8 85.445687,27.814252,2337.8 85.445687,27.814252,2337.8 85.445688,27.814251,2337.9 85.445689,27.814251,2337.9 85.445689,27.814251,2337.9 85.445689,27.81425,2337.9 85.445689,27.81425,2337.9 85.445689,27.81425,2337.9 85.445689,27.81425,2337.9 85.445689,27.814249,2337.9 85.44569,27.814249,2337.9 85.44569,27.814249,2337.9 85.44569,27.814249,2337.9 85.44569,27.814248,2338 85.44569,27.814248,2338 85.44569,27.814248,2338 85.44569,27.814247,2338 85.445691,27.814247,2338 85.445691,27.814247,2338 85.445691,27.814247,2338 85.445691,27.814247,2338 85.445691,27.814246,2338 85.445691,27.814246,2338 85.445692,27.814246,2338 85.445692,27.814245,2338 85.445693,27.814243,2338.1 85.445694,27.814243,2338.1 85.445695,27.814242,2338.1 85.445696,27.814241,2338.1 85.445697,27.81424,2338.2 85.445697,27.81424,2338.2 85.445697,27.81424,2338.2 85.445698,27.814239,2338.2 85.445699,27.814239,2338.2 85.4457,27.814238,2338.2 85.445701,27.814238,2338.2 85.445702,27.814237,2338.3 85.445702,27.814237,2338.3 85.445703,27.814236,2338.3 85.445703,27.814236,2338.3 85.445702,27.814237,2338.3 85.445702,27.814237,2338.3 85.445702,27.814237,2338.3 85.445703,27.814236,2338.3 85.445702,27.814237,2338.4 85.445701,27.814237,2338.4 85.4457,27.814237,2338.4 85.445699,27.814237,2338.4 85.445698,27.814238,2338.4 85.445698,27.814239,2338.5 85.445697,27.814239,2338.5 85.445695,27.81424,2338.5 85.445695,27.81424,2338.5 85.445694,27.814241,2338.5 85.445694,27.814242,2338.5 85.445693,27.814242,2338.6 85.445692,27.814243,2338.6 85.445691,27.814245,2338.6 85.445691,27.814245,2338.6 85.44569,27.814245,2338.6 85.445689,27.814244,2338.7 85.445687,27.814244,2338.7 85.445686,27.814244,2338.7 85.445685,27.814243,2338.7 85.445683,27.814243,2338.8 85.445682,27.814242,2338.8 85.445681,27.814242,2338.8 85.44568,27.814242,2338.8 85.44568,27.814241,2338.8 85.445679,27.814241,2338.9 85.445678,27.814241,2338.9 85.445678,27.81424,2338.9 85.445678,27.814239,2338.9 85.445677,27.814238,2338.9 85.445677,27.814237,2338.9 85.445677,27.814236,2339 85.445677,27.814235,2339 85.445677,27.814235,2339 85.445677,27.814234,2339 85.445677,27.814234,2339 85.445677,27.814233,2339 85.445677,27.814233,2339 85.445677,27.814233,2339 85.445677,27.814232,2339 85.445677,27.814232,2339 85.445676,27.814231,2339.1 85.445676,27.81423,2339.1 85.445675,27.814229,2339.1 85.445675,27.814228,2339.1 85.445674,27.814228,2339.1 85.445673,27.814228,2339.1 85.445673,27.814228,2339.1 85.445672,27.814228,2339.2 85.445672,27.814228,2339.2 85.445672,27.814228,2339.2 85.445672,27.814228,2339.2 85.44567,27.814229,2339.2 85.44567,27.814229,2339.2 85.44567,27.814228,2339.2 85.44567,27.814229,2339.2 85.445671,27.814229,2339.2 85.445671,27.814229,2339.2 85.445671,27.814229,2339.2 85.445672,27.81423,2339.3 85.445672,27.814229,2339.3 85.445672,27.81423,2339.3 85.445672,27.81423,2339.3 85.445673,27.814228,2339.3 85.445674,27.814228,2339.4 85.445676,27.814229,2339.4 85.445677,27.814229,2339.4 85.445679,27.814229,2339.4 85.44568,27.814228,2339.5 85.445679,27.814228,2339.5 85.445679,27.814227,2339.5 85.445679,27.814227,2339.5 85.44568,27.814226,2339.5 85.44568,27.814226,2339.5 85.44568,27.814226,2339.5 85.44568,27.814225,2339.5 85.44568,27.814225,2339.5 85.44568,27.814225,2339.5 85.445681,27.814225,2339.6 85.445681,27.814225,2339.6 85.445681,27.814225,2339.6 85.445681,27.814225,2339.6 85.445681,27.814225,2339.6 85.445681,27.814225,2339.6 85.445681,27.814225,2339.6 85.445681,27.814224,2339.6 85.445681,27.814224,2339.6 85.445681,27.814224,2339.6 85.445681,27.814224,2339.6 85.445681,27.814224,2339.6 85.445681,27.814224,2339.6 85.445681,27.814224,2339.6 85.445681,27.814224,2339.6 85.445681,27.814224,2339.6 85.445681,27.814224,2339.6 85.445681,27.814224,2339.6 85.445681,27.814224,2339.6 85.445681,27.814224,2339.6 85.445681,27.814224,2339.6 85.445681,27.814224,2339.6 85.445681,27.814224,2339.6 85.445681,27.814224,2339.6 85.445681,27.814224,2339.6 85.44568,27.814224,2339.6 85.44568,27.814224,2339.6 85.445681,27.814224,2339.6 85.445681,27.814224,2339.6 85.445681,27.814224,2339.6 85.445681,27.814224,2339.6 85.445681,27.814224,2339.6 85.445682,27.814224,2339.6 85.445682,27.814223,2339.6 85.445682,27.814223,2339.6 85.445681,27.814222,2339.7 85.445682,27.814222,2339.7 85.445682,27.814221,2339.7 85.445682,27.81422,2339.7 85.445682,27.81422,2339.7 85.445682,27.814219,2339.7 85.445682,27.814219,2339.7 85.445682,27.814219,2339.7 85.445682,27.814218,2339.8 85.445682,27.814218,2339.8 85.445682,27.814218,2339.8 85.445683,27.814218,2339.8 85.445683,27.814218,2339.8 85.445683,27.814216,2339.8 85.445682,27.814216,2339.8 85.445682,27.814216,2339.8 85.445682,27.814216,2339.8 85.445681,27.814217,2339.8 85.44568,27.814217,2339.9 85.44568,27.814216,2339.9 85.44568,27.814216,2339.9 85.44568,27.814217,2339.9 85.44568,27.814217,2339.9 85.44568,27.814217,2339.9 85.44568,27.814217,2339.9 85.445681,27.814217,2339.9 85.445681,27.814217,2339.9 85.445681,27.814217,2339.9 85.445681,27.814217,2339.9 85.44568,27.814217,2339.9 85.44568,27.814217,2339.9 85.44568,27.814217,2339.9 85.44568,27.814217,2339.9 85.44568,27.814217,2339.9 85.44568,27.814218,2339.9 85.44568,27.814218,2339.9 85.44568,27.814218,2339.9 85.44568,27.814218,2339.9 85.44568,27.814218,2339.9 85.44568,27.814219,2340 85.44568,27.814219,2340 85.44568,27.814219,2340 85.445679,27.814219,2340 85.445679,27.814219,2340 85.445679,27.814219,2340 85.445679,27.814219,2340 85.445679,27.814218,2340 85.445679,27.814218,2340 85.445678,27.814218,2340 85.445678,27.814218,2340 85.445678,27.814217,2340 85.445679,27.814216,2340.1 85.44568,27.814217,2340.1 85.44568,27.814217,2340.1 85.445681,27.814217,2340.1 85.445681,27.814217,2340.1 85.445682,27.814217,2340.1 85.445682,27.814217,2340.1 85.445682,27.814217,2340.1 85.445682,27.814217,2340.1 85.445682,27.814217,2340.1 85.445682,27.814217,2340.1 85.445682,27.814217,2340.1 85.445682,27.814217,2340.1 85.445683,27.814217,2340.1 85.445683,27.814217,2340.1 85.445684,27.814217,2340.1 85.445684,27.814217,2340.1 85.445684,27.814216,2340.2 85.445684,27.814216,2340.2 85.445684,27.814217,2340.2 85.445685,27.814218,2340.2 85.445685,27.814217,2340.2 85.445686,27.814217,2340.2 85.445686,27.814217,2340.2 85.445687,27.814217,2340.2 85.445688,27.814217,2340.3 85.445688,27.814217,2340.3 85.44569,27.814217,2340.3 85.445691,27.814217,2340.3 85.445693,27.814217,2340.3 85.445694,27.814216,2340.4 85.445694,27.814216,2340.4 85.445695,27.814215,2340.4 85.445696,27.814215,2340.4 85.445696,27.814215,2340.4 85.445697,27.814214,2340.4 85.445696,27.814212,2340.5 85.445695,27.814212,2340.5 85.445694,27.814212,2340.5 85.445693,27.814212,2340.5 85.445693,27.814212,2340.5 85.445693,27.814212,2340.5 85.445693,27.814212,2340.5 85.445693,27.814212,2340.5 85.445693,27.814212,2340.5 85.445692,27.814213,2340.5 85.445692,27.814213,2340.5 85.445691,27.814213,2340.6 85.445691,27.814213,2340.6 85.445691,27.814213,2340.6 85.44569,27.814213,2340.6 85.44569,27.814213,2340.6 85.445691,27.814214,2340.6 85.44569,27.814214,2340.6 85.44569,27.814214,2340.6 85.44569,27.814214,2340.6 85.44569,27.814214,2340.6 85.44569,27.814215,2340.6 85.445689,27.814215,2340.7 85.445689,27.814215,2340.7 85.445689,27.814215,2340.7 85.445689,27.814215,2340.7 85.445689,27.814216,2340.7 85.445689,27.814216,2340.7 85.445688,27.814216,2340.7 85.445688,27.814216,2340.7 85.445687,27.814217,2340.7 85.445686,27.814217,2340.7 85.445686,27.814217,2340.7 85.445686,27.814218,2340.8 85.445686,27.814219,2340.8 85.445686,27.81422,2340.8 85.445686,27.814221,2340.8 85.445686,27.814221,2340.8 85.445687,27.814222,2340.8 85.445688,27.814223,2340.9 85.445688,27.814224,2340.9 85.445688,27.814227,2340.9 85.445689,27.814229,2341 85.445689,27.81423,2341 85.445691,27.814231,2341 85.445692,27.814232,2341.1 85.445693,27.814233,2341.1 85.445694,27.814233,2341.1 85.445694,27.814233,2341.1 85.445694,27.814234,2341.1 85.445694,27.814234,2341.1 85.445694,27.814235,2341.1 85.445694,27.814235,2341.1 85.445695,27.814235,2341.2 85.445695,27.814236,2341.2 85.445695,27.814236,2341.2 85.445696,27.814236,2341.2 85.445696,27.814237,2341.2 85.445696,27.814237,2341.2 85.445696,27.814238,2341.2 85.445696,27.814238,2341.2 85.445697,27.814239,2341.3 85.445698,27.814239,2341.3 85.445698,27.81424,2341.3 85.445698,27.81424,2341.3 85.445698,27.814241,2341.3 85.445698,27.814241,2341.3 85.445698,27.814242,2341.3 85.445698,27.814242,2341.3 85.445698,27.814243,2341.4 85.445698,27.814243,2341.4 85.445698,27.814243,2341.4 85.445698,27.814243,2341.4 85.445698,27.814244,2341.4 85.445696,27.814246,2341.4 85.445695,27.814247,2341.5 85.445695,27.814247,2341.5 85.445694,27.814247,2341.5 85.445694,27.814247,2341.5 85.445693,27.814247,2341.5 85.445693,27.814247,2341.5 85.445692,27.814247,2341.5 85.445692,27.814247,2341.5 85.445692,27.814247,2341.5 85.445691,27.814247,2341.5 85.445691,27.814247,2341.5 85.445691,27.814247,2341.5 85.44569,27.814247,2341.5 85.445688,27.814248,2341.6 85.445687,27.814248,2341.6 85.445686,27.814248,2341.6 85.445685,27.814248,2341.6 85.445685,27.814246,2341.7 85.445686,27.814245,2341.7 85.445687,27.814244,2341.7 85.445688,27.814243,2341.8 85.445688,27.814242,2341.8 85.445688,27.814243,2341.8 85.445689,27.814242,2341.8 85.445689,27.814243,2341.8 85.44569,27.814243,2341.9 85.44569,27.814243,2341.9 85.44569,27.814243,2341.9 85.445691,27.814243,2341.9 85.445691,27.814243,2341.9 85.445691,27.814242,2341.9 85.445692,27.81424,2341.9 85.445692,27.814239,2342 85.445691,27.814238,2342 85.445691,27.814237,2342 85.445691,27.814236,2342 85.44569,27.814236,2342 85.44569,27.814236,2342 85.44569,27.814236,2342 85.44569,27.814236,2342 85.44569,27.814235,2342.1 85.44569,27.814235,2342.1 85.44569,27.814235,2342.1 85.44569,27.814235,2342.1 85.44569,27.814234,2342.1 85.445689,27.814234,2342.1 85.445688,27.814233,2342.1 85.445688,27.814232,2342.2 85.445689,27.814231,2342.2 85.445689,27.81423,2342.2 85.445689,27.814229,2342.2 85.44569,27.814228,2342.2 85.44569,27.814228,2342.2 85.445691,27.814228,2342.3 85.445691,27.814228,2342.3 85.445691,27.814228,2342.3 85.44569,27.814227,2342.3 85.44569,27.814228,2342.3 85.445689,27.814228,2342.3 85.445688,27.814227,2342.4 85.445687,27.814227,2342.4 85.445686,27.814228,2342.4 85.445685,27.814229,2342.4 85.445684,27.814229,2342.4 85.445683,27.814229,2342.5 85.445682,27.81423,2342.5 85.445682,27.814229,2342.5 85.445682,27.81423,2342.5 85.445682,27.81423,2342.5 85.445683,27.81423,2342.6 85.445684,27.814229,2342.6 85.445685,27.814228,2342.6 85.445686,27.814227,2342.6 85.445687,27.814227,2342.7 85.445688,27.814226,2342.7 85.445688,27.814225,2342.7 85.445689,27.814225,2342.7 85.445689,27.814225,2342.7 85.44569,27.814225,2342.7 85.44569,27.814226,2342.8 85.44569,27.814226,2342.8 85.44569,27.814225,2342.8 85.44569,27.814225,2342.8 85.44569,27.814225,2342.8 85.445689,27.814224,2342.8 85.445689,27.814223,2342.8 85.445689,27.814221,2342.9 85.445689,27.81422,2342.9 85.445691,27.814219,2342.9 85.445691,27.814218,2342.9 85.445692,27.814218,2343 85.445692,27.814217,2343 85.445693,27.814216,2343 85.445694,27.814214,2343.1 85.445695,27.814213,2343.1 85.445695,27.814213,2343.1 85.445696,27.814212,2343.1 85.445697,27.814211,2343.1 85.445698,27.81421,2343.2 85.445697,27.814209,2343.2 85.445696,27.814209,2343.2 85.445696,27.814209,2343.2 85.445696,27.814208,2343.2 85.445697,27.814207,2343.3 85.445698,27.814208,2343.3 85.445699,27.814208,2343.3 85.4457,27.81421,2343.3 85.445701,27.81421,2343.4 85.445702,27.814211,2343.4 85.445702,27.814212,2343.4 85.445702,27.814212,2343.4 85.445703,27.814213,2343.4 85.445703,27.814214,2343.5 85.445704,27.814214,2343.5 85.445705,27.814215,2343.5 85.445707,27.814217,2343.6 85.44571,27.814219,2343.6 85.445713,27.814219,2343.7 85.445713,27.814218,2343.7 85.445712,27.814217,2343.7 85.445712,27.814217,2343.7 85.445713,27.814217,2343.7 85.445713,27.814217,2343.7 85.445714,27.814217,2343.8 85.445714,27.814217,2343.8 85.445717,27.814217,2343.8 85.445718,27.814216,2343.8 85.44572,27.814215,2343.9 85.445723,27.814215,2343.9 85.445723,27.814215,2343.9 85.445722,27.814217,2344 85.44572,27.814218,2344 85.445719,27.814218,2344 85.445717,27.814218,2344.1 85.445716,27.814218,2344.1 85.445715,27.814217,2344.1 85.445714,27.814217,2344.1 85.445713,27.814217,2344.1 85.445711,27.814217,2344.2 85.445709,27.814217,2344.2 85.445708,27.814217,2344.2 85.445706,27.814216,2344.3 85.445706,27.814216,2344.3 85.445705,27.814216,2344.3 85.445705,27.814216,2344.3 85.445705,27.814217,2344.3 85.445704,27.814218,2344.3 85.445704,27.814218,2344.3 85.445703,27.814218,2344.3 85.445703,27.814219,2344.3 85.445703,27.814218,2344.4 85.445702,27.814219,2344.4 85.445701,27.814217,2344.4 85.445701,27.814216,2344.4 85.445701,27.814214,2344.5 85.445702,27.814211,2344.5 85.445704,27.814209,2344.6 85.445706,27.814207,2344.6 85.445708,27.814205,2344.7 85.44571,27.814204,2344.7 85.445711,27.814203,2344.7 85.445713,27.814202,2344.8 85.445715,27.814202,2344.8 85.445716,27.814202,2344.8 85.445717,27.814201,2344.8 85.445718,27.814201,2344.9 85.44572,27.814201,2344.9 85.445722,27.814201,2344.9 85.445723,27.814202,2345 85.445724,27.814201,2345 85.445724,27.814201,2345 85.445724,27.814201,2345 85.445725,27.814201,2345 85.445725,27.814201,2345 85.445725,27.8142,2345 85.445724,27.814199,2345 85.445724,27.814197,2345.1 85.445723,27.814197,2345.1 85.445723,27.814195,2345.1 85.445722,27.814195,2345.1 85.445722,27.814194,2345.1 85.445722,27.814193,2345.2 85.445722,27.814192,2345.2 85.445723,27.814191,2345.2 85.445723,27.81419,2345.2 85.445723,27.81419,2345.2 85.445723,27.814188,2345.2 85.445723,27.814188,2345.2 85.445723,27.814187,2345.2 85.445722,27.814186,2345.3 85.445722,27.814185,2345.3 85.445721,27.814183,2345.3 85.44572,27.814181,2345.3 85.445718,27.81418,2345.4 85.445715,27.814178,2345.4 85.445713,27.814181,2345.5 85.445714,27.814186,2345.5 85.445712,27.81419,2345.6 85.445711,27.814193,2345.6 85.445708,27.814197,2345.7 85.445704,27.8142,2345.8 85.445702,27.814201,2345.8 85.4457,27.814202,2345.8 85.445698,27.814203,2345.8 85.445696,27.814203,2345.9 85.445693,27.814204,2345.9 85.44569,27.814203,2345.9 85.445689,27.814204,2346 85.445686,27.814204,2346 85.445684,27.814204,2346 85.445681,27.814205,2346 85.445678,27.814204,2346 85.445675,27.814204,2346.1 85.445673,27.814204,2346.1 85.445673,27.814204,2346.1 85.445672,27.814205,2346.1 85.445675,27.814206,2346.1 85.445675,27.814205,2346.1 85.445676,27.814204,2346.1 85.445674,27.814202,2346.2 85.445673,27.814201,2346.2 85.445672,27.814201,2346.2 85.44567,27.8142,2346.2 85.445669,27.8142,2346.2 85.445669,27.814201,2346.2 85.445668,27.814201,2346.2 85.445668,27.814201,2346.2 85.445667,27.814201,2346.2 85.445668,27.814201,2346.3 85.445667,27.814201,2346.3 85.445666,27.8142,2346.3 85.445666,27.814201,2346.3 85.445665,27.8142,2346.3 85.445665,27.8142,2346.3 85.445665,27.814199,2346.3 85.445664,27.814199,2346.3 85.445665,27.814201,2346.3 85.445664,27.814204,2346.4 85.445663,27.814206,2346.4 85.445659,27.814205,2346.4 85.445654,27.814207,2346.5 85.44565,27.814206,2346.5 85.445645,27.814206,2346.5 85.445637,27.814206,2346.5 85.445631,27.814206,2346.6 85.445615,27.814204,2346.7 85.445597,27.814205,2346.8 85.445584,27.814209,2346.8 85.445565,27.814208,2346.9 85.445549,27.814209,2346.9 85.445535,27.81421,2347 85.445521,27.814211,2347 85.445507,27.814209,2347 85.445492,27.814206,2347.1 85.445477,27.814202,2347.1 85.445466,27.814191,2347.2 85.445456,27.814182,2347.3 85.445445,27.814176,2347.4 85.445436,27.81417,2347.5 85.445426,27.814164,2347.6 85.445416,27.814161,2347.7 85.445407,27.814157,2347.8 85.4454,27.814154,2347.9 85.445392,27.814152,2348 85.445384,27.81415,2348 85.445376,27.814147,2348.1 85.445367,27.814145,2348.2 85.445357,27.814142,2348.3 85.44535,27.814144,2348.4 85.445342,27.814146,2348.5 85.445333,27.814144,2348.5 85.445324,27.81414,2348.6 85.445317,27.814135,2348.7 85.445308,27.81413,2348.8 85.445299,27.814127,2348.9 85.445289,27.814124,2349 85.44528,27.81412,2349.1 85.44527,27.814116,2349.3 85.445263,27.814116,2349.3 85.445254,27.814114,2349.4 85.445249,27.814113,2349.5 85.445243,27.81411,2349.5 85.445237,27.814106,2349.6 85.445233,27.814105,2349.6 85.445234,27.814104,2349.7 85.445239,27.814103,2349.7 85.445242,27.814103,2349.7 85.445243,27.814103,2349.7 85.445244,27.814103,2349.7 85.445245,27.814103,2349.8 85.445245,27.814103,2349.8 85.445241,27.814104,2349.8 85.445231,27.814103,2349.9 85.445219,27.814099,2350 85.445208,27.814096,2350.1 85.445199,27.814091,2350.2 85.445189,27.814087,2350.2 85.44518,27.814082,2350.3 85.445171,27.814078,2350.4 85.445163,27.814074,2350.4 85.445157,27.814069,2350.5 85.445151,27.814064,2350.6 85.445146,27.81406,2350.6 85.44514,27.814055,2350.6 85.445134,27.814052,2350.6 85.445128,27.81405,2350.7 85.445123,27.814048,2350.7 85.445115,27.814044,2350.7 85.445108,27.814042,2350.8 85.445103,27.814041,2350.8 85.445098,27.814038,2350.8 85.445092,27.814034,2350.8 85.445088,27.81403,2350.9 85.445084,27.814024,2350.9 85.445079,27.814018,2350.9 85.445074,27.814015,2350.9 85.445066,27.814014,2350.9 85.445057,27.81401,2350.9 85.445049,27.814007,2351 85.445038,27.814006,2351 85.445025,27.814006,2351 85.445013,27.814003,2351 85.445003,27.814001,2351.1 85.444994,27.813998,2351.1 85.444985,27.813995,2351.1 85.444976,27.813992,2351.1 85.444967,27.813988,2351.1 85.444959,27.813984,2351.2 85.444951,27.81398,2351.2 85.444943,27.813975,2351.2 85.444933,27.813972,2351.3 85.444922,27.813971,2351.3 85.444911,27.813971,2351.4 85.4449,27.81397,2351.4 85.444891,27.813969,2351.5 85.444882,27.813969,2351.5 85.444871,27.813969,2351.6 85.444861,27.813969,2351.7 85.444851,27.813964,2351.8 85.444845,27.813961,2351.8 85.444835,27.81396,2351.9 85.444827,27.813956,2352 85.444822,27.813949,2352.1 85.444818,27.813941,2352.2 85.44481,27.813937,2352.3 85.4448,27.813937,2352.4 85.444787,27.813939,2352.6 85.444775,27.813941,2352.7 85.444767,27.81394,2352.8 85.444757,27.813938,2352.9 85.444749,27.813937,2353.1 85.444741,27.813935,2353.2 85.44473,27.813932,2353.4 85.444727,27.813932,2353.4 85.444723,27.813928,2353.5 85.444716,27.813926,2353.6 85.444708,27.813925,2353.7 85.4447,27.813922,2353.9 85.444698,27.813921,2353.9 85.444693,27.813922,2354 85.444684,27.813922,2354.2 85.444682,27.813921,2354.2 85.444675,27.813917,2354.3 85.444672,27.813914,2354.4 85.444667,27.813911,2354.5 85.444661,27.813906,2354.7 85.444656,27.813902,2354.8 85.444648,27.813902,2354.9 85.444639,27.813905,2355.1 85.444632,27.813915,2355.3 85.444624,27.813922,2355.5 85.444615,27.813927,2355.7 85.444609,27.813929,2355.8 85.444604,27.813931,2355.9 85.444596,27.813936,2356.1 85.444586,27.813941,2356.3 85.444577,27.813942,2356.4 85.44457,27.813938,2356.6 85.444565,27.813935,2356.7 85.444558,27.813935,2356.8 85.444551,27.813935,2356.9 85.444543,27.813935,2357.1 85.444535,27.813938,2357.2 85.444528,27.813939,2357.3 85.444522,27.813939,2357.4 85.444518,27.813941,2357.5 85.44451,27.813944,2357.6 85.44451,27.813948,2357.7 85.444505,27.813949,2357.8 85.444497,27.81395,2357.9 85.444489,27.81395,2358.1 85.444483,27.813949,2358.2 85.444478,27.813952,2358.3 85.444471,27.813956,2358.4 85.444467,27.813957,2358.4 85.44446,27.813956,2358.6 85.444454,27.813957,2358.6 85.444449,27.813959,2358.7 85.444447,27.813966,2358.9 85.444451,27.813974,2359 85.444455,27.813979,2359.1 85.444459,27.813984,2359.2 85.444461,27.813989,2359.3 85.444465,27.813991,2359.4 85.444464,27.813992,2359.4 85.444458,27.813996,2359.5 85.444449,27.813998,2359.6 85.444439,27.813995,2359.8 85.44443,27.813992,2359.9 85.44442,27.813991,2360.1 85.444414,27.813988,2360.2 85.444404,27.813994,2360.4 85.444396,27.813995,2360.5 85.444388,27.813993,2360.6 85.444379,27.813993,2360.7 85.444372,27.813995,2360.8 85.444365,27.813996,2360.9 85.444359,27.814,2361 85.444352,27.814001,2361.1 85.444347,27.814,2361.2 85.444343,27.814,2361.2 85.444337,27.814,2361.3 85.444333,27.814001,2361.4 85.444323,27.814004,2361.5 85.444314,27.814007,2361.6 85.444306,27.814012,2361.7 85.444294,27.814022,2362 85.44429,27.814029,2362.1 85.444284,27.814033,2362.1 85.444273,27.814039,2362.3 85.444275,27.81404,2362.3 85.444276,27.81404,2362.3 85.444271,27.814039,2362.4 85.444263,27.814042,2362.5 85.444259,27.81404,2362.5 85.444253,27.814042,2362.6 85.444246,27.814043,2362.7 85.444237,27.814041,2362.8 85.44423,27.81404,2362.9 85.444224,27.81404,2362.9 85.444217,27.814041,2363 85.44421,27.81404,2363.1 85.444201,27.81404,2363.2 85.444195,27.814035,2363.2 85.444187,27.814035,2363.3 85.44418,27.814033,2363.4 85.44417,27.814028,2363.5 85.444161,27.814021,2363.6 85.444152,27.814013,2363.7 85.444144,27.814003,2363.8 85.444137,27.813991,2363.9 85.444133,27.813979,2364 85.444129,27.813966,2364.1 85.444125,27.813953,2364.2 85.444119,27.813944,2364.3 85.444113,27.813936,2364.3 85.444107,27.813931,2364.4 85.4441,27.81393,2364.4 85.444095,27.813929,2364.4 85.444091,27.813927,2364.5 85.444086,27.813923,2364.5 85.44408,27.81392,2364.5 85.444074,27.813914,2364.6 85.444068,27.813909,2364.6 85.444061,27.813904,2364.7 85.444054,27.813898,2364.7 85.444044,27.813894,2364.8 85.444038,27.813892,2364.8 85.444029,27.813891,2364.8 85.44402,27.813891,2364.9 85.444014,27.813891,2364.9 85.444013,27.813892,2364.9 85.444021,27.813898,2364.9 85.444032,27.813904,2365 85.44404,27.813908,2365 85.444042,27.81391,2365 85.444042,27.813911,2365 85.444039,27.81391,2365.1 85.444033,27.813909,2365.1 85.444021,27.813905,2365.1 85.44401,27.813898,2365.2 85.444,27.813896,2365.2 85.443991,27.813893,2365.2 85.443983,27.813891,2365.2 85.443976,27.813889,2365.3 85.443972,27.813886,2365.3 85.443969,27.813884,2365.3 85.443969,27.813885,2365.3 85.44397,27.813887,2365.3 85.443971,27.813889,2365.3 85.443971,27.81389,2365.3 85.44397,27.813891,2365.3 85.44397,27.813891,2365.3 85.443969,27.813891,2365.3 85.443969,27.813891,2365.3 85.443968,27.813891,2365.3 85.443967,27.81389,2365.3 85.443965,27.813889,2365.3 85.443962,27.813887,2365.3 85.443958,27.813884,2365.3 85.443954,27.813882,2365.3 85.443948,27.813878,2365.4 85.443942,27.813874,2365.4 85.443932,27.813865,2365.4 85.443912,27.813852,2365.4 85.443896,27.813844,2365.5 85.443883,27.813839,2365.5 85.443871,27.813835,2365.5 85.44386,27.813832,2365.5 85.443849,27.813831,2365.5 85.443839,27.81383,2365.6 85.443828,27.813828,2365.6 85.443817,27.813824,2365.6 85.443807,27.813819,2365.6 85.443798,27.813818,2365.6 85.44379,27.813813,2365.6 85.443783,27.813809,2365.6 85.443786,27.813802,2365.6 85.443797,27.813798,2365.7 85.443806,27.813797,2365.7 85.443809,27.8138,2365.7 85.443809,27.813802,2365.7 85.443808,27.813802,2365.7 85.443809,27.813802,2365.7 85.443808,27.813802,2365.7 85.443809,27.813801,2365.7 85.443809,27.8138,2365.7 85.44381,27.8138,2365.7 85.443811,27.8138,2365.7 85.443811,27.8138,2365.7 85.443811,27.8138,2365.7 85.44381,27.8138,2365.7 85.44381,27.813801,2365.7 85.443809,27.813801,2365.7 85.443809,27.813801,2365.7 85.443809,27.8138,2365.7 85.443808,27.813799,2365.7 85.443797,27.813797,2365.7 85.443789,27.813795,2365.7 85.443781,27.813792,2365.7 85.443774,27.813785,2365.7 85.443773,27.813771,2365.8 85.443761,27.813759,2365.8 85.443748,27.813746,2365.8 85.443739,27.813736,2365.8 85.443722,27.813724,2365.8 85.443712,27.813713,2365.9 85.443699,27.813703,2365.9 85.443682,27.813695,2365.9 85.443663,27.813688,2365.9 85.443648,27.813681,2365.9 85.443618,27.81368,2366 85.443596,27.813677,2366 85.443578,27.813673,2366 85.443564,27.813669,2366 85.443551,27.813662,2366 85.44354,27.813655,2366 85.443527,27.813649,2366.1 85.443516,27.813643,2366.1 85.443505,27.813635,2366.1 85.443495,27.813627,2366.1 85.443485,27.813618,2366.1 85.443475,27.813611,2366.1 85.443466,27.813603,2366.1 85.443458,27.813594,2366.2 85.443451,27.813584,2366.2 85.443454,27.813573,2366.2 85.443468,27.813567,2366.2 85.443474,27.813562,2366.2 85.44347,27.813558,2366.2 85.443464,27.813552,2366.2 85.443455,27.813543,2366.3 85.443443,27.813531,2366.3 85.443432,27.813521,2366.3 85.443422,27.813513,2366.4 85.443412,27.813506,2366.4 85.443402,27.8135,2366.4 85.443391,27.813496,2366.4 85.443382,27.813493,2366.5 85.443376,27.813494,2366.5 85.44337,27.8135,2366.5 85.443363,27.813504,2366.5 85.443357,27.813505,2366.5 85.44335,27.813505,2366.5 85.443341,27.813508,2366.6 85.443335,27.813517,2366.6 85.443327,27.813522,2366.6 85.443319,27.813518,2366.6 85.443309,27.813513,2366.7 85.443301,27.813508,2366.7 85.443295,27.813504,2366.7 85.44329,27.813501,2366.7 85.443287,27.813496,2366.7 85.443284,27.813492,2366.8 85.44328,27.813488,2366.8 85.443275,27.813484,2366.8 85.443268,27.813479,2366.8 85.443262,27.813475,2366.8 85.443254,27.81347,2366.9 85.443245,27.813466,2366.9 85.443236,27.81346,2366.9 85.443229,27.813455,2367 85.443221,27.81345,2367 85.443215,27.813444,2367 85.443209,27.813437,2367 85.4432,27.813435,2367.1 85.443191,27.813431,2367.1 85.443184,27.81343,2367.1 85.443176,27.813427,2367.2 85.443168,27.81342,2367.2 85.443162,27.813416,2367.2 85.443154,27.813412,2367.2 85.443143,27.813409,2367.3 85.443133,27.81341,2367.3 85.443121,27.813408,2367.4 85.443119,27.813419,2367.4 85.443117,27.813423,2367.4 85.443113,27.813424,2367.4 85.443105,27.813427,2367.5 85.443096,27.813429,2367.5 85.443088,27.813428,2367.5 85.443079,27.813425,2367.6 85.443068,27.813421,2367.6 85.443064,27.813417,2367.6 85.443057,27.813412,2367.7 85.443048,27.81341,2367.7 85.443041,27.813408,2367.7 85.443035,27.813407,2367.8 85.443031,27.813406,2367.8 85.443027,27.813407,2367.8 85.443019,27.813404,2367.8 85.443009,27.813403,2367.9 85.442998,27.813402,2367.9 85.442989,27.8134,2368 85.442981,27.813397,2368 85.442975,27.813396,2368 85.442973,27.813394,2368 85.442968,27.813391,2368.1 85.442962,27.813388,2368.1 85.442955,27.813385,2368.1 85.44295,27.813381,2368.2 85.442944,27.813374,2368.2 85.442931,27.813371,2368.3 85.44292,27.813371,2368.3 85.442909,27.813379,2368.4 85.442903,27.813389,2368.4 85.442895,27.813392,2368.5 85.442886,27.81339,2368.5 85.442878,27.813389,2368.5 85.442871,27.813388,2368.6 85.442864,27.813385,2368.6 85.442858,27.813382,2368.6 85.44285,27.813379,2368.7 85.442844,27.813376,2368.7 85.442836,27.813375,2368.7 85.442829,27.813373,2368.8 85.442822,27.813373,2368.8 85.442815,27.813372,2368.8 85.442809,27.813372,2368.9 85.442804,27.813372,2368.9 85.442799,27.813373,2368.9 85.442793,27.813373,2369 85.442787,27.813374,2369 85.442778,27.813374,2369 85.442775,27.813375,2369 85.442769,27.813377,2369.1 85.442762,27.813378,2369.1 85.442756,27.813381,2369.2 85.442751,27.813386,2369.2 85.442747,27.813392,2369.2 85.442741,27.813395,2369.3 85.442731,27.813398,2369.3 85.442726,27.8134,2369.4 85.442722,27.813399,2369.4 85.442721,27.813397,2369.4 85.442724,27.813398,2369.4 85.442726,27.813399,2369.4 85.442727,27.813399,2369.5 85.442726,27.8134,2369.5 85.442724,27.813401,2369.5 85.442721,27.813402,2369.5 85.442708,27.813407,2369.6 85.442697,27.813415,2369.7 85.442699,27.813422,2369.7 85.442704,27.813427,2369.8 85.442699,27.813434,2369.8 85.442691,27.813442,2369.9 85.442682,27.813448,2370 85.442671,27.813456,2370.1 85.442656,27.813462,2370.2 85.442643,27.813464,2370.3 85.442629,27.813464,2370.4 85.442616,27.813464,2370.5 85.442602,27.813464,2370.6 85.442589,27.813464,2370.7 85.442579,27.813465,2370.7 85.442572,27.813467,2370.8 85.442562,27.81347,2370.8 85.442556,27.813476,2370.9 85.442556,27.813485,2371 85.44255,27.813492,2371 85.44254,27.813493,2371.1 85.442529,27.813493,2371.2 85.442519,27.813494,2371.2 85.44251,27.813496,2371.3 85.442502,27.813504,2371.4 85.442493,27.813513,2371.5 85.442482,27.813515,2371.5 85.442474,27.813508,2371.6 85.442463,27.813506,2371.7 85.442455,27.813506,2371.7 85.442444,27.813505,2371.8 85.442432,27.813505,2371.9 85.442423,27.813504,2371.9 85.442414,27.813501,2372 85.442404,27.813499,2372.1 85.442393,27.813501,2372.2 85.442384,27.8135,2372.2 85.442373,27.813497,2372.3 85.442363,27.813493,2372.4 85.442352,27.81349,2372.5 85.442341,27.813491,2372.6 85.442329,27.813492,2372.7 85.442317,27.813493,2372.8 85.442305,27.813493,2372.9 85.442293,27.813493,2373 85.442281,27.813492,2373.1 85.442269,27.813491,2373.2 85.442256,27.813491,2373.4 85.442245,27.813493,2373.5 85.442233,27.813495,2373.6 85.442223,27.813498,2373.7 85.442213,27.813497,2373.8 85.442204,27.813492,2374 85.442198,27.813488,2374.1 85.442187,27.813482,2374.2 85.442182,27.813476,2374.3 85.442175,27.81347,2374.5 85.442167,27.813465,2374.6 85.442159,27.81346,2374.7 85.442153,27.813455,2374.8 85.442146,27.81345,2375 85.442136,27.813447,2375.1 85.44213,27.813447,2375.2 85.442123,27.813442,2375.3 85.442115,27.813439,2375.4 85.442105,27.813437,2375.6 85.442096,27.813433,2375.8 85.442087,27.813429,2375.9 85.442077,27.813426,2376.1 85.44207,27.81342,2376.2 85.442062,27.813412,2376.4 85.442053,27.813407,2376.6 85.442045,27.813402,2376.8 85.442036,27.813397,2376.9 85.442028,27.81339,2377.1 85.44202,27.813385,2377.3 85.442013,27.813381,2377.4 85.442007,27.813376,2377.6 85.442,27.813372,2377.7 85.441992,27.813373,2377.9 85.441986,27.813372,2378 85.441981,27.813369,2378.1 85.44198,27.813362,2378.3 85.441976,27.813354,2378.4 85.441965,27.813349,2378.7 85.441955,27.813349,2378.9 85.441947,27.813345,2379 85.44194,27.813338,2379.2 85.441935,27.813333,2379.4 85.441927,27.813327,2379.6 85.441918,27.813321,2379.8 85.44191,27.813318,2379.9 85.4419,27.813312,2380.2 85.44189,27.813308,2380.4 85.44188,27.813303,2380.6 85.441869,27.813298,2380.8 85.441858,27.813303,2381 85.441846,27.813306,2381.2 85.441836,27.81331,2381.4 85.441826,27.813306,2381.5 85.441818,27.813302,2381.7 85.441808,27.813299,2381.8 85.441801,27.813295,2382 85.441795,27.81329,2382.1 85.441789,27.813289,2382.2 85.441785,27.813297,2382.3 85.441785,27.813307,2382.4 85.441786,27.813314,2382.5 85.441787,27.813319,2382.6 85.441792,27.813316,2382.6 85.441796,27.813314,2382.7 85.441797,27.813315,2382.7 85.441798,27.813316,2382.7 85.441797,27.813317,2382.7 85.441796,27.813317,2382.7 85.441796,27.813317,2382.7 85.441794,27.813315,2382.8 85.441791,27.813313,2382.8 85.441786,27.813313,2382.8 85.441779,27.813314,2382.9 85.441768,27.81332,2383 85.441759,27.813324,2383 85.441749,27.813328,2383.1 85.441741,27.813327,2383.2 85.441733,27.813324,2383.2 85.441724,27.813323,2383.2 85.441713,27.813324,2383.2 85.441703,27.81332,2383.3 85.441698,27.81331,2383.3 85.441702,27.813299,2383.3 85.441709,27.813294,2383.3 85.441713,27.813294,2383.3 85.441713,27.813296,2383.3 85.441713,27.813296,2383.3 85.441713,27.813297,2383.3 85.441713,27.813296,2383.3 85.441714,27.813294,2383.3 85.441714,27.813293,2383.3 85.441714,27.813292,2383.3 85.441715,27.813291,2383.3 85.441715,27.81329,2383.3 85.441716,27.813289,2383.3 85.441714,27.813287,2383.3 85.441714,27.813286,2383.3 85.441712,27.813283,2383.3 85.441705,27.813278,2383.3 85.441689,27.81327,2383.2 85.441667,27.813261,2383.1 85.441654,27.813254,2383 85.441642,27.813247,2382.9 85.441631,27.813241,2382.8 85.441621,27.813235,2382.7 85.441612,27.81323,2382.6 85.441601,27.813227,2382.5 85.441591,27.813224,2382.4 85.441579,27.813222,2382.3 85.441569,27.813219,2382.2 85.441557,27.813218,2382 85.441543,27.813216,2381.9 85.441532,27.813218,2381.7 85.44152,27.813215,2381.6 85.441508,27.813213,2381.4 85.441495,27.813211,2381.3 85.441486,27.813208,2381.1 85.441473,27.813205,2381 85.441465,27.813206,2380.9 85.441453,27.813207,2380.7 85.44144,27.813207,2380.6 85.441428,27.813206,2380.4 85.441416,27.813202,2380.2 85.441406,27.813198,2380.1 85.441396,27.813196,2380 85.441385,27.813195,2379.8 85.441373,27.813194,2379.7 85.441362,27.813196,2379.6 85.441347,27.813197,2379.4 85.441337,27.813202,2379.3 85.441325,27.813205,2379.1 85.441312,27.813207,2379 85.4413,27.813208,2378.9 85.441287,27.813207,2378.7 85.441274,27.813207,2378.6 85.441266,27.81321,2378.5 85.441257,27.813212,2378.4 85.441247,27.813213,2378.4 85.441237,27.813214,2378.3 85.441229,27.813215,2378.2 85.441218,27.813212,2378.1 85.441214,27.813212,2378.1 85.441208,27.81321,2378 85.441201,27.813206,2378 85.441202,27.813202,2377.9 85.441197,27.813198,2377.9 85.44119,27.813194,2377.8 85.441182,27.813196,2377.8 85.44118,27.81321,2377.7 85.441193,27.813224,2377.6 85.441201,27.813235,2377.5 85.441204,27.813242,2377.5 85.441204,27.813245,2377.5 85.441204,27.813246,2377.4 85.441204,27.813246,2377.4 85.441204,27.813246,2377.4 85.441203,27.813246,2377.4 85.441201,27.813247,2377.4 85.441199,27.813247,2377.4 85.441193,27.813246,2377.4 85.441171,27.813245,2377.3 85.441152,27.813245,2377.2 85.441135,27.813244,2377.2 85.441129,27.813253,2377.2 85.44113,27.813263,2377.1 85.44113,27.813266,2377.1 85.441132,27.813259,2377.1 85.441128,27.813248,2377.1 85.441125,27.813241,2377 85.441109,27.813225,2377 85.441096,27.813216,2377 85.441081,27.813209,2376.9 85.441067,27.813205,2376.9 85.441052,27.813203,2376.9 85.441039,27.8132,2376.9 85.441026,27.813198,2376.9 85.441016,27.813193,2376.9 85.441005,27.813189,2376.9 85.440993,27.813186,2376.8 85.440979,27.813185,2376.8 85.440965,27.813186,2376.8 85.440951,27.813186,2376.8 85.440937,27.813188,2376.8 85.440924,27.813191,2376.8 85.440912,27.813193,2376.8 85.440899,27.813195,2376.8 85.440886,27.813197,2376.8 85.440874,27.813199,2376.8 85.440861,27.813202,2376.8 85.440848,27.813205,2376.8 85.440835,27.813209,2376.8 85.440822,27.813214,2376.8 85.44081,27.813219,2376.8 85.440803,27.813227,2376.8 85.440813,27.813228,2376.8 85.440819,27.813226,2376.8 85.440824,27.813222,2376.8 85.440828,27.813218,2376.8 85.440831,27.813215,2376.8 85.440833,27.813213,2376.8 85.440835,27.813212,2376.8 85.440839,27.813212,2376.8 85.440844,27.813211,2376.8 85.440847,27.813217,2376.8 85.440848,27.813226,2376.8 85.440826,27.813238,2376.8 85.440809,27.813242,2376.8 85.440794,27.813245,2376.8 85.440781,27.813248,2376.8 85.440765,27.813246,2376.8 85.440754,27.813249,2376.8 85.440753,27.81325,2376.8 85.440759,27.813248,2376.8 85.440761,27.813248,2376.8 85.44076,27.813247,2376.8 85.440755,27.813244,2376.8 85.440743,27.813239,2376.8 85.440732,27.813237,2376.8 85.440723,27.813235,2376.8 85.440717,27.813236,2376.8 85.440712,27.813238,2376.8 85.440708,27.81324,2376.8 85.440705,27.813242,2376.8 85.440698,27.813248,2376.9 85.440689,27.813256,2376.9 85.440663,27.813274,2376.9 85.440644,27.813287,2376.9 85.440635,27.813293,2376.9 85.440629,27.813297,2376.9 85.440625,27.813299,2376.9 85.44062,27.813302,2376.9 85.440616,27.813304,2376.9 85.440612,27.813306,2376.9 85.440608,27.813308,2376.9 85.440604,27.81331,2376.9 85.440599,27.813313,2376.9 85.440595,27.813315,2376.9 85.440591,27.813317,2376.9 85.440587,27.813317,2376.9 85.440581,27.813318,2376.9 85.440574,27.813319,2376.9 85.440565,27.813319,2376.9 85.440556,27.813319,2376.9 85.440546,27.813319,2376.9 85.440536,27.813319,2376.9 85.440529,27.813321,2376.9 85.440523,27.813323,2376.9 85.440511,27.813325,2376.9 85.440488,27.813326,2376.9 85.440466,27.81333,2376.9 85.440451,27.813336,2376.9 85.440437,27.813337,2376.9 85.440424,27.813336,2376.9 85.440411,27.813336,2376.9 85.440398,27.813338,2376.9 85.440385,27.81334,2377 85.440374,27.813343,2377 85.44036,27.813349,2377 85.440348,27.813352,2377 85.440333,27.813356,2377 85.440319,27.813359,2377 85.440306,27.813365,2377 85.440292,27.813371,2377 85.440277,27.813373,2377 85.440264,27.813379,2377 85.440255,27.813393,2377.1 85.440253,27.813406,2377.1 85.440247,27.813414,2377.1 85.440239,27.813418,2377.1 85.440235,27.813417,2377.1 85.440232,27.813414,2377.1 85.440229,27.813411,2377.1 85.440223,27.813408,2377.1 85.440218,27.813404,2377.1 85.440213,27.8134,2377.1 85.440207,27.813397,2377.1 85.4402,27.813396,2377.1 85.440189,27.813397,2377.1 85.440178,27.813398,2377.1 85.440166,27.813398,2377.2 85.440157,27.813399,2377.2 85.440148,27.813397,2377.2 85.44014,27.813397,2377.2 85.440133,27.813397,2377.2 85.440126,27.813397,2377.2 85.440117,27.813398,2377.2 85.440104,27.8134,2377.2 85.440099,27.813401,2377.2 85.440094,27.813402,2377.2 85.440088,27.813403,2377.2 85.440081,27.813404,2377.2 85.440072,27.813406,2377.2 85.440062,27.813408,2377.2 85.440052,27.813409,2377.3 85.440038,27.813411,2377.3 85.440034,27.813411,2377.3 85.440026,27.813412,2377.3 85.440017,27.813414,2377.3 85.440008,27.813416,2377.3 85.44,27.813418,2377.3 85.439991,27.813421,2377.3 85.439984,27.813425,2377.3 85.439969,27.81343,2377.3 85.439953,27.813435,2377.3 85.439939,27.813437,2377.4 85.439926,27.813438,2377.4 85.439912,27.813437,2377.4 85.4399,27.813437,2377.4 85.439888,27.813437,2377.4 85.439874,27.813436,2377.4 85.43986,27.813435,2377.4 85.439847,27.813437,2377.5 85.439833,27.813437,2377.5 85.439819,27.813436,2377.5 85.439806,27.813435,2377.5 85.439795,27.813432,2377.5 85.439784,27.813439,2377.6 85.439772,27.813444,2377.6 85.43976,27.813445,2377.6 85.439748,27.813446,2377.6 85.439735,27.813447,2377.6 85.439725,27.813446,2377.6 85.439715,27.813447,2377.7 85.439702,27.813453,2377.7 85.439689,27.813459,2377.7 85.439679,27.813462,2377.7 85.439669,27.813462,2377.7 85.43966,27.813462,2377.7 85.43965,27.813463,2377.7 85.439639,27.813464,2377.8 85.439628,27.813462,2377.8 85.439618,27.81346,2377.8 85.439607,27.813461,2377.8 85.439595,27.813461,2377.8 85.439584,27.813462,2377.8 85.439575,27.813467,2377.9 85.43957,27.813475,2377.9 85.439561,27.813477,2377.9 85.43955,27.813476,2377.9 85.439541,27.813476,2377.9 85.439533,27.813474,2377.9 85.439524,27.813472,2377.9 85.439515,27.813471,2378 85.439505,27.81347,2378 85.439494,27.81347,2378 85.439485,27.81347,2378 85.439476,27.813471,2378 85.439467,27.813471,2378 85.439457,27.81347,2378 85.439445,27.813469,2378 85.439433,27.813469,2378.1 85.439422,27.813467,2378.1 85.439412,27.813465,2378.1 85.439401,27.813462,2378.1 85.439389,27.813459,2378.1 85.439378,27.813457,2378.1 85.439367,27.813455,2378.2 85.439355,27.813453,2378.2 85.439342,27.813451,2378.2 85.439329,27.813453,2378.2 85.439316,27.813456,2378.2 85.439304,27.813457,2378.3 85.439292,27.813459,2378.3 85.43928,27.813461,2378.3 85.439269,27.813464,2378.3 85.439258,27.813466,2378.3 85.439248,27.813467,2378.3 85.439238,27.813468,2378.3 85.439228,27.813469,2378.4 85.439221,27.81347,2378.4 85.439212,27.813471,2378.4 85.439203,27.813472,2378.4 85.439194,27.813475,2378.4 85.439185,27.813478,2378.4 85.439174,27.813479,2378.4 85.439163,27.813481,2378.5 85.439149,27.813485,2378.5 85.439135,27.813487,2378.5 85.439123,27.813483,2378.5 85.439116,27.813472,2378.5 85.439108,27.813468,2378.5 85.439096,27.813468,2378.5 85.439085,27.813469,2378.5 85.439082,27.813477,2378.6 85.439083,27.813485,2378.6 85.439077,27.813491,2378.6 85.439066,27.813497,2378.6 85.439055,27.813499,2378.6 85.439043,27.813499,2378.6 85.439031,27.813497,2378.6 85.43902,27.813494,2378.6 85.439009,27.81349,2378.7 85.438998,27.813487,2378.7 85.438988,27.813479,2378.7 85.438979,27.813472,2378.7 85.438971,27.813464,2378.7 85.438963,27.813456,2378.7 85.438955,27.813448,2378.7 85.438946,27.813439,2378.7 85.438939,27.813429,2378.8 85.438932,27.81342,2378.8 85.438926,27.813412,2378.8 85.43892,27.813403,2378.8 85.438913,27.813393,2378.8 85.438911,27.813382,2378.8 85.438919,27.813374,2378.9 85.43892,27.813366,2378.9 85.438913,27.813357,2378.9 85.438901,27.813354,2378.9 85.438891,27.813363,2378.9 85.438885,27.813371,2379 85.43888,27.813377,2379 85.43887,27.813377,2379 85.438864,27.81337,2379 85.438859,27.813361,2379.1 85.438852,27.813356,2379.1 85.438847,27.81335,2379.1 85.438841,27.813342,2379.1 85.438833,27.813337,2379.1 85.438828,27.813328,2379.2 85.438821,27.813321,2379.2 85.438815,27.813312,2379.2 85.438807,27.813306,2379.2 85.438798,27.8133,2379.3 85.438792,27.813291,2379.3 85.438789,27.813279,2379.4 85.438785,27.813268,2379.4 85.43878,27.813256,2379.4 85.438776,27.813244,2379.5 85.438773,27.813232,2379.5 85.438772,27.81322,2379.6 85.438768,27.813209,2379.6 85.438762,27.813199,2379.7 85.438756,27.813187,2379.7 85.438751,27.813178,2379.8 85.438745,27.813169,2379.8 85.438738,27.813161,2379.9 85.438729,27.813155,2379.9 85.438723,27.813148,2380 85.438715,27.81314,2380 85.438706,27.813128,2380.1 85.438703,27.813121,2380.1 85.4387,27.813112,2380.2 85.438698,27.813104,2380.2 85.438694,27.813097,2380.3 85.43869,27.81309,2380.3 85.438684,27.813083,2380.4 85.438681,27.813077,2380.4 85.438677,27.813071,2380.4 85.438677,27.813068,2380.5 85.438674,27.813063,2380.5 85.438672,27.813056,2380.5 85.438669,27.813052,2380.6 85.438665,27.813047,2380.6 85.438661,27.813042,2380.6 85.438657,27.813035,2380.7 85.43865,27.813027,2380.8 85.438645,27.813021,2380.8 85.438639,27.813016,2380.9 85.438632,27.813009,2381 85.438625,27.813002,2381 85.438618,27.812998,2381.1 85.438611,27.812994,2381.1 85.438607,27.812992,2381.2 85.438602,27.812992,2381.2 85.438596,27.812992,2381.3 85.438589,27.812993,2381.3 85.438576,27.812991,2381.4 85.438565,27.812988,2381.5 85.438556,27.812986,2381.6 85.438548,27.812985,2381.6 85.438542,27.812982,2381.7 85.438536,27.812979,2381.8 85.438527,27.812978,2381.8 85.438519,27.812976,2381.9 85.438509,27.812974,2382 85.438503,27.812974,2382.1 85.4385,27.812969,2382.1 85.43851,27.812961,2382.2 85.438522,27.812955,2382.4 85.438527,27.812953,2382.4 85.438527,27.812951,2382.5 85.438526,27.812949,2382.5 85.438524,27.812945,2382.5 85.43852,27.812938,2382.6 85.438516,27.81293,2382.7 85.438511,27.812923,2382.8 85.438503,27.812918,2382.9 85.438496,27.812914,2383 85.438488,27.81291,2383.1 85.43848,27.812905,2383.2 85.438473,27.812901,2383.3 85.438465,27.812897,2383.4 85.438456,27.812894,2383.5 85.438447,27.812887,2383.7 85.438435,27.812885,2383.8 85.43843,27.812885,2383.9 85.438425,27.812884,2383.9 85.43842,27.812885,2384 85.438413,27.812886,2384.1 85.438406,27.812884,2384.2 85.438402,27.812883,2384.2 85.438394,27.812881,2384.3 85.438383,27.81288,2384.5 85.438376,27.812878,2384.6 85.438366,27.812876,2384.7 85.438356,27.812875,2384.8 85.438347,27.812875,2384.9 85.43834,27.812873,2385 85.438332,27.812873,2385.1 85.438326,27.812873,2385.2 85.438321,27.812873,2385.3 85.438314,27.812874,2385.4 85.438306,27.812876,2385.5 85.438298,27.812878,2385.6 85.438291,27.81288,2385.7 85.438285,27.812882,2385.7 85.438275,27.812882,2385.9 85.43827,27.812885,2385.9 85.438263,27.812888,2386 85.438254,27.812888,2386.2 85.438252,27.812889,2386.2 85.438246,27.812887,2386.3 85.438238,27.812884,2386.4 85.438231,27.812883,2386.5 85.438227,27.812884,2386.5 85.438223,27.812882,2386.6 85.43822,27.812879,2386.6 85.438215,27.812876,2386.7 85.438209,27.812874,2386.8 85.438207,27.812872,2386.8 85.438206,27.81287,2386.9 85.438204,27.812867,2386.9 85.438198,27.812864,2387 85.438191,27.812863,2387.1 85.438179,27.812863,2387.2 85.438168,27.812865,2387.4 85.43816,27.812867,2387.5 85.43815,27.812866,2387.6 85.438143,27.812865,2387.7 85.438136,27.812864,2387.8 85.43813,27.812862,2387.9 85.438122,27.81286,2388 85.438112,27.812861,2388.2 85.438105,27.812861,2388.3 85.438094,27.81286,2388.4 85.438091,27.812859,2388.5 85.438083,27.812858,2388.6 85.438082,27.812859,2388.6 85.438078,27.812859,2388.7 85.438073,27.812859,2388.7 85.438069,27.812859,2388.8 85.438065,27.812859,2388.9 85.43806,27.812862,2388.9 85.438055,27.812866,2389 85.438049,27.812873,2389.2 85.438049,27.812881,2389.3 85.438046,27.81289,2389.5 85.438041,27.812903,2389.8 85.438037,27.81291,2389.9 85.438037,27.812914,2390 85.438036,27.812918,2390 85.438037,27.81292,2390.1 85.438037,27.812922,2390.1 85.438035,27.812922,2390.2 85.438031,27.812922,2390.2 85.438024,27.812924,2390.3 85.438019,27.812926,2390.4 85.438014,27.812928,2390.5 85.438007,27.81293,2390.7 85.438,27.81293,2390.8 85.437993,27.81293,2390.9 85.437985,27.812934,2391.1 85.437979,27.812934,2391.2 85.437968,27.812931,2391.4 85.437961,27.812931,2391.5 85.437952,27.812935,2391.7 85.437943,27.812928,2391.9 85.437936,27.812924,2392.1 85.437929,27.812924,2392.2 85.437921,27.812925,2392.3 85.437913,27.812922,2392.5 85.437899,27.812916,2392.8 85.437899,27.812904,2393 85.437902,27.812891,2393.3 85.437901,27.812884,2393.4 85.437902,27.812876,2393.6 85.4379,27.812868,2393.8 85.437898,27.812862,2393.9 85.437895,27.812853,2394.1 85.437886,27.812852,2394.3 85.437879,27.812854,2394.4 85.437872,27.812848,2394.6 85.437869,27.812837,2394.8 85.437869,27.812825,2395 85.437872,27.812814,2395.3 85.437872,27.812805,2395.4 85.437868,27.812797,2395.6 85.437866,27.81279,2395.7 85.437864,27.812784,2395.9 85.437859,27.812778,2396 85.437854,27.812773,2396.1 85.437846,27.812767,2396.3 85.437839,27.812762,2396.4 85.437833,27.812758,2396.5 85.437828,27.812755,2396.6 85.437823,27.81275,2396.7 85.437819,27.812745,2396.9 85.437817,27.812741,2396.9 85.437813,27.812736,2397 85.437809,27.812731,2397.1 85.437806,27.812728,2397.2 85.437806,27.81273,2397.3 85.437803,27.812729,2397.3 85.437796,27.812725,2397.4 85.437789,27.812719,2397.6 85.437783,27.812714,2397.7 85.437774,27.812709,2397.9 85.437767,27.812706,2398 85.437761,27.812703,2398.1 85.437754,27.812698,2398.2 85.437745,27.812695,2398.4 85.437742,27.812694,2398.4 85.43774,27.812692,2398.5 85.437736,27.812692,2398.5 85.43773,27.81269,2398.6 85.437723,27.812691,2398.7 85.437714,27.812692,2398.9 85.43771,27.81269,2398.9 85.437704,27.812688,2399 85.437703,27.812687,2399 85.437704,27.812687,2399.1 85.437703,27.812688,2399.1 85.437702,27.812688,2399.1 85.4377,27.812689,2399.1 85.437698,27.812688,2399.2 85.437695,27.812687,2399.2 85.437689,27.812683,2399.3 85.437685,27.812681,2399.4 85.437683,27.812679,2399.4 85.437681,27.812676,2399.5 85.437676,27.812673,2399.6 85.437674,27.81267,2399.6 85.437674,27.812669,2399.7 85.43767,27.812665,2399.8 85.437665,27.812662,2399.8 85.437658,27.81266,2400 85.437647,27.812655,2400.1 85.437635,27.812651,2400.3 85.437624,27.812646,2400.5 85.437617,27.812639,2400.7 85.43761,27.812635,2400.8 85.437605,27.81263,2400.9 85.437603,27.812623,2401 85.437604,27.812614,2401.1 85.437606,27.812604,2401.3 85.437607,27.812599,2401.4 85.437608,27.812592,2401.5 85.437608,27.812582,2401.6 85.437609,27.81257,2401.8 85.437608,27.812561,2401.9 85.437603,27.812551,2402.1 85.437598,27.812541,2402.2 85.437595,27.812532,2402.4 85.437591,27.81252,2402.5 85.437583,27.812505,2402.7 85.437578,27.812495,2402.9 85.437573,27.812485,2403 85.437571,27.812476,2403.1 85.43757,27.812467,2403.3 85.437568,27.812459,2403.4 85.437568,27.812453,2403.4 85.437568,27.812447,2403.5 85.437566,27.81244,2403.6 85.437562,27.812435,2403.7 85.437556,27.812428,2403.8 85.437551,27.812423,2403.9 85.43755,27.81242,2403.9 85.437552,27.812418,2404 85.437551,27.812413,2404 85.437548,27.812406,2404.1 85.437545,27.812399,2404.2 85.437544,27.812391,2404.3 85.437543,27.812384,2404.4 85.437541,27.812376,2404.5 85.43754,27.812372,2404.5 85.437538,27.812366,2404.6 85.437538,27.812364,2404.6 85.437539,27.812361,2404.7 85.437539,27.812357,2404.7 85.437539,27.812349,2404.8 85.437538,27.812345,2404.9 85.437537,27.81234,2404.9 85.437536,27.812335,2405 85.437535,27.812332,2405 85.437533,27.812328,2405.1 85.43753,27.812326,2405.1 85.437527,27.812325,2405.1 85.437524,27.812321,2405.2 85.437523,27.81232,2405.2 85.437522,27.81232,2405.2 85.437521,27.81232,2405.2 85.43752,27.812319,2405.2 85.437519,27.812317,2405.3 85.437518,27.812317,2405.3 85.437517,27.812317,2405.3 85.437517,27.812318,2405.3 85.437516,27.812318,2405.3 85.437515,27.812317,2405.3 85.437513,27.812313,2405.4 85.43751,27.812306,2405.5 85.437507,27.812297,2405.6 85.437501,27.812287,2405.7 85.437497,27.812279,2405.8 85.437493,27.81227,2405.8 85.437486,27.812261,2405.9 85.437478,27.812256,2406 85.437473,27.812257,2406.1 85.437468,27.812266,2406.1 85.437466,27.812276,2406.2 85.437464,27.81228,2406.2 85.437462,27.812282,2406.3 85.437461,27.812282,2406.3 85.437461,27.812281,2406.3 85.43746,27.812281,2406.3 85.43746,27.812281,2406.3 85.437461,27.812281,2406.3 85.437461,27.812282,2406.3 85.437461,27.812283,2406.3 85.437462,27.812283,2406.3 85.437462,27.812284,2406.3 85.437462,27.812284,2406.3 85.437462,27.812284,2406.3 85.437461,27.812284,2406.3 85.437461,27.812284,2406.3 85.437457,27.812282,2406.4 85.437455,27.812276,2406.4 85.437455,27.812265,2406.5 85.437453,27.812254,2406.5 85.437451,27.812244,2406.6 85.437448,27.812234,2406.6 85.437444,27.812225,2406.7 85.43744,27.812217,2406.7 85.437438,27.812208,2406.8 85.437439,27.812198,2406.8 85.437434,27.812189,2406.9 85.43743,27.812181,2406.9 85.437428,27.812173,2406.9 85.437425,27.812164,2407 85.437423,27.812154,2407 85.437422,27.812144,2407 85.43742,27.812135,2407.1 85.437416,27.812125,2407.1 85.437411,27.812115,2407.1 85.437408,27.812104,2407.2 85.437405,27.812093,2407.2 85.437403,27.812081,2407.2 85.437397,27.812071,2407.2 85.437391,27.81206,2407.3 85.437387,27.812049,2407.3 85.437381,27.812037,2407.3 85.437376,27.812026,2407.4 85.437374,27.812014,2407.4 85.437365,27.812004,2407.4 85.437355,27.811995,2407.4 85.437347,27.811986,2407.5 85.437339,27.811977,2407.5 85.437327,27.81197,2407.5 85.437317,27.811962,2407.6 85.43731,27.811954,2407.6 85.437305,27.811944,2407.6 85.437299,27.811934,2407.6 85.437291,27.811926,2407.7 85.437285,27.811916,2407.7 85.437281,27.811905,2407.7 85.437276,27.811894,2407.8 85.437271,27.811884,2407.8 85.437266,27.811874,2407.8 85.437258,27.811868,2407.8 85.437252,27.811862,2407.9 85.437248,27.811855,2407.9 85.43724,27.811852,2407.9 85.437234,27.811846,2407.9 85.43723,27.81184,2408 85.437228,27.811836,2408 85.437225,27.811834,2408 85.437223,27.811832,2408 85.437223,27.811828,2408 85.437226,27.811823,2408 85.437232,27.811821,2408 85.437237,27.811819,2408 85.43724,27.811815,2408.1 85.437241,27.81181,2408.1 85.43724,27.811806,2408.1 85.437241,27.811801,2408.1 85.437244,27.811795,2408.1 85.437244,27.811785,2408.2 85.437243,27.811776,2408.2 85.437241,27.811766,2408.2 85.43724,27.811757,2408.3 85.437242,27.811747,2408.3 85.437244,27.811736,2408.4 85.437246,27.811727,2408.4 85.437247,27.811719,2408.5 85.437248,27.81171,2408.5 85.43725,27.811703,2408.5 85.437251,27.811696,2408.6 85.437251,27.811688,2408.6 85.437252,27.81168,2408.7 85.437255,27.811673,2408.7 85.43726,27.811666,2408.8 85.437266,27.811661,2408.8 85.437273,27.811658,2408.8 85.437279,27.811654,2408.9 85.437284,27.811648,2408.9 85.437289,27.811641,2409 85.437293,27.811635,2409 85.437298,27.81163,2409.1 85.437303,27.811624,2409.1 85.437306,27.81162,2409.2 85.437307,27.811613,2409.2 85.437305,27.811605,2409.3 85.437308,27.811597,2409.3 85.437313,27.81159,2409.4 85.437318,27.811582,2409.5 85.43732,27.811574,2409.5 85.437318,27.811563,2409.6 85.437318,27.811554,2409.7 85.437318,27.811547,2409.8 85.437314,27.811541,2409.8 85.43731,27.811536,2409.9 85.437305,27.811533,2409.9 85.437301,27.811531,2409.9 85.4373,27.811528,2410 85.437298,27.811526,2410 85.437297,27.811523,2410 85.437294,27.811519,2410.1 85.437288,27.811513,2410.1 85.437279,27.811504,2410.2 85.437271,27.811495,2410.4 85.437261,27.811486,2410.5 85.437251,27.81148,2410.6 85.43724,27.811476,2410.7 85.437232,27.811474,2410.8 85.437226,27.811472,2410.8 85.43722,27.811469,2410.9 85.437215,27.811468,2410.9 85.437214,27.811467,2410.9 85.437212,27.811469,2411 85.43721,27.811471,2411 85.437204,27.811474,2411 85.437189,27.811475,2411.2 85.437182,27.811476,2411.2 85.437176,27.811481,2411.3 85.437171,27.811487,2411.4 85.437169,27.811492,2411.4 85.437171,27.811495,2411.5 85.437177,27.811494,2411.5 85.437181,27.811492,2411.6 85.437184,27.811491,2411.6 85.437187,27.81149,2411.6 85.437188,27.811489,2411.6 85.437191,27.811489,2411.7 85.437191,27.811489,2411.7 85.437193,27.811489,2411.7 85.437194,27.811489,2411.7 85.437195,27.81149,2411.7 85.437195,27.811489,2411.7 85.437195,27.811488,2411.7 85.437194,27.811488,2411.7 85.437194,27.811488,2411.7 85.437194,27.811488,2411.7 85.437195,27.81149,2411.7 85.437196,27.811492,2411.8 85.437196,27.811492,2411.8 85.437195,27.811492,2411.8 85.437195,27.811492,2411.8 85.437195,27.811493,2411.8 85.437196,27.811494,2411.8 85.437197,27.811495,2411.8 85.437198,27.811495,2411.8 85.437199,27.811496,2411.8 85.437199,27.811496,2411.8 85.4372,27.811497,2411.8 85.437201,27.811497,2411.8 85.437201,27.811497,2411.8 85.437202,27.811497,2411.9 85.437202,27.811497,2411.9 85.437202,27.811497,2411.9 85.437202,27.811498,2411.9 85.437201,27.811498,2411.9 85.437201,27.811498,2411.9 85.437201,27.811498,2411.9 85.437201,27.811498,2411.9 85.437201,27.811499,2411.9 85.437201,27.811499,2411.9 85.437201,27.811499,2411.9 85.437201,27.811498,2411.9 85.437201,27.811498,2411.9 85.437201,27.811498,2411.9 85.437201,27.811498,2411.9 85.437201,27.811498,2411.9 85.437201,27.811499,2411.9 85.437201,27.811499,2411.9 85.437201,27.811499,2411.9 85.437202,27.811499,2411.9 85.437201,27.811499,2411.9 85.437201,27.811499,2411.9 85.4372,27.8115,2411.9 85.437201,27.8115,2411.9 85.437201,27.8115,2411.9 85.437201,27.8115,2411.9 85.437201,27.8115,2411.9 85.437202,27.8115,2411.9 85.437202,27.8115,2411.9 85.437202,27.811499,2411.9 85.437202,27.811499,2411.9 85.437202,27.811499,2411.9 85.437202,27.811499,2411.9 85.437202,27.8115,2412 85.437202,27.8115,2412 85.437201,27.811499,2412 85.437201,27.811499,2412 85.437201,27.811499,2412 85.437201,27.811499,2412 85.4372,27.811499,2412 85.4372,27.811499,2412 85.4372,27.811499,2412 85.4372,27.8115,2412 85.437201,27.811501,2412 85.437202,27.811502,2412 85.437202,27.811503,2412 85.437201,27.811503,2412 85.437199,27.811503,2412 85.437197,27.811503,2412.1 85.437196,27.811503,2412.1 85.437195,27.811503,2412.1 85.437194,27.811503,2412.1 85.437193,27.811503,2412.1 85.437192,27.811503,2412.1 85.437191,27.811504,2412.1 85.43719,27.811504,2412.1 85.43719,27.811504,2412.1 85.43719,27.811505,2412.1 85.43719,27.811505,2412.1 85.437189,27.811505,2412.1 85.437189,27.811505,2412.1 85.437189,27.811505,2412.1 85.437188,27.811505,2412.1 85.437188,27.811505,2412.1 85.437188,27.811505,2412.1 85.437187,27.811505,2412.1 85.437187,27.811505,2412.1 85.437187,27.811505,2412.1 85.437187,27.811504,2412.2 85.437188,27.811505,2412.2 85.437189,27.811505,2412.2 85.43719,27.811505,2412.2 85.437192,27.811505,2412.2 85.437193,27.811505,2412.2 85.437194,27.811505,2412.2 85.437195,27.811505,2412.2 85.437196,27.811505,2412.2 85.437198,27.811505,2412.2 85.437199,27.811504,2412.2 85.4372,27.811504,2412.2 85.4372,27.811504,2412.2 85.437201,27.811504,2412.3 85.437202,27.811503,2412.3 85.437202,27.811503,2412.3 85.437203,27.811502,2412.3 85.437204,27.811501,2412.3 85.437211,27.811501,2412.3 85.437213,27.811502,2412.3 85.4372,27.811495,2412.4 85.437175,27.811484,2412.6 85.437161,27.811476,2412.7 85.437163,27.811477,2412.7 85.437168,27.811481,2412.8 85.437175,27.811485,2412.8 85.43718,27.811488,2412.8 85.437184,27.81149,2412.9 85.437187,27.811491,2412.9 85.43719,27.811492,2412.9 85.437192,27.811491,2412.9 85.437193,27.811491,2412.9 85.437195,27.811492,2412.9 85.437196,27.811492,2412.9 85.437197,27.811493,2412.9 85.437197,27.811494,2412.9 85.437198,27.811494,2412.9 85.437199,27.811495,2412.9 85.4372,27.811495,2412.9 85.4372,27.811495,2412.9 85.4372,27.811495,2412.9 85.4372,27.811495,2412.9 85.4372,27.811495,2412.9 85.437201,27.811495,2412.9 85.437201,27.811495,2412.9 85.437201,27.811492,2413 85.437201,27.811492,2413 85.437201,27.811491,2413 85.437201,27.81149,2413 85.437202,27.81149,2413 85.437202,27.81149,2413 85.437203,27.81149,2413 85.437203,27.81149,2413 85.437203,27.81149,2413 85.437204,27.81149,2413 85.437204,27.81149,2413 85.437204,27.81149,2413 85.437205,27.81149,2413 85.437205,27.81149,2413 85.437206,27.81149,2413 85.437209,27.811492,2413 85.437209,27.811493,2413 85.43721,27.811494,2413 85.437211,27.811494,2413 85.437211,27.811495,2413 85.437211,27.811495,2413 85.437212,27.811494,2413 85.437212,27.811494,2413 85.437212,27.811494,2413 85.437212,27.811494,2413 85.437211,27.811494,2413 85.437211,27.811494,2413 85.437211,27.811494,2413 85.437211,27.811493,2413 85.437211,27.811493,2413 85.437211,27.811493,2413 85.43721,27.811493,2413 85.43721,27.811493,2413 85.43721,27.811493,2413 85.43721,27.811493,2413 85.437209,27.811493,2413 85.437209,27.811493,2413 85.437209,27.811493,2413 85.437209,27.811493,2413 85.437208,27.811493,2413 85.437208,27.811493,2413 85.437208,27.811493,2413 85.437207,27.811493,2413 85.437207,27.811493,2413 85.437207,27.811493,2413 85.437207,27.811493,2413 85.437207,27.811494,2413 85.437206,27.811494,2413 85.437206,27.811494,2413 85.437206,27.811494,2413 85.437205,27.811494,2413 85.437205,27.811494,2413 85.437205,27.811494,2413 85.437204,27.811494,2413.1 85.437204,27.811495,2413.1 85.437203,27.811495,2413.1 85.437203,27.811495,2413.1 85.437204,27.811496,2413.1 85.437204,27.811496,2413.1 85.437204,27.811496,2413.1 85.437204,27.811497,2413.1 85.437204,27.811497,2413.1 85.437204,27.811497,2413.1 85.437205,27.811498,2413.1 85.437205,27.811498,2413.1 85.437205,27.811498,2413.1 85.437205,27.811498,2413.1 85.437205,27.811498,2413.1 85.437205,27.811498,2413.1 85.437205,27.811498,2413.1 85.437207,27.811498,2413.1 85.437207,27.811498,2413.1 85.437207,27.811498,2413.1 85.437207,27.811497,2413.1 85.437208,27.811497,2413.1 85.437208,27.811496,2413.1 85.437208,27.811496,2413.1 85.437208,27.811496,2413.1 85.437208,27.811495,2413.1 85.437208,27.811495,2413.1 85.437209,27.811495,2413.1 85.437209,27.811495,2413.1 85.437209,27.811495,2413.1 85.437209,27.811495,2413.1 85.437209,27.811495,2413.1 85.43721,27.811495,2413.1 85.43721,27.811495,2413.1 85.43721,27.811495,2413.1 85.43721,27.811495,2413.1 85.43721,27.811495,2413.1 85.43721,27.811495,2413.1 85.43721,27.811495,2413.1 85.43721,27.811495,2413.1 85.43721,27.811495,2413.1 85.43721,27.811496,2413.1 85.437209,27.811496,2413.1 85.437209,27.811496,2413.1 85.437209,27.811496,2413.1 85.437209,27.811496,2413.1 85.437209,27.811496,2413.1 85.43721,27.811495,2413.1 85.43721,27.811495,2413.1 85.437211,27.811495,2413.1 85.43721,27.811495,2413.1 85.43721,27.811495,2413.1 85.437211,27.811495,2413.1 85.437211,27.811495,2413.1 85.437211,27.811495,2413.1 85.437211,27.811495,2413.1 85.437212,27.811496,2413.1 85.437212,27.811497,2413.1 85.437213,27.811498,2413.1 85.437215,27.811497,2413.1 85.437215,27.811497,2413.1 85.437216,27.811496,2413.2 85.437216,27.811497,2413.2 85.437216,27.811498,2413.2 85.437216,27.811498,2413.2 85.437218,27.811499,2413.2 85.437219,27.811501,2413.2 85.43722,27.811502,2413.2 85.437221,27.811502,2413.2 85.437221,27.811502,2413.2 85.437221,27.811502,2413.2 85.437222,27.811503,2413.2 85.437222,27.811504,2413.2 85.437222,27.811504,2413.2 85.437222,27.811503,2413.2 85.437221,27.811503,2413.2 85.437221,27.811504,2413.2 85.437221,27.811504,2413.2 85.437221,27.811504,2413.2 85.437221,27.811504,2413.2 85.437221,27.811505,2413.2 85.437221,27.811505,2413.2 85.437222,27.811506,2413.2 85.437222,27.811506,2413.2 85.437222,27.811506,2413.2 85.437222,27.811506,2413.2 85.437222,27.811507,2413.2 85.437222,27.811507,2413.2 85.43722,27.811508,2413.2 85.437219,27.811508,2413.2 85.437218,27.811508,2413.2 85.437217,27.811508,2413.2 85.437217,27.811508,2413.2 85.437216,27.811508,2413.2 85.437216,27.811508,2413.2 85.437215,27.811508,2413.2 85.437215,27.81151,2413.2 85.437216,27.811511,2413.2 85.437216,27.811511,2413.2 85.437216,27.811512,2413.2 85.437217,27.811512,2413.2 85.437217,27.811512,2413.2 85.437216,27.811512,2413.2 85.437216,27.811512,2413.2 85.437215,27.811512,2413.2 85.437215,27.811512,2413.2 85.437215,27.811513,2413.2 85.437215,27.811513,2413.2 85.437215,27.811512,2413.2 85.437215,27.811513,2413.2 85.437214,27.811513,2413.2 85.437212,27.811512,2413.3 85.437212,27.811511,2413.3 85.437212,27.811509,2413.3 85.437211,27.811507,2413.3 85.43721,27.811506,2413.3 85.437208,27.811504,2413.3 85.437207,27.811503,2413.3 85.437207,27.811503,2413.3 85.437207,27.811502,2413.3 85.437206,27.811504,2413.3 85.437206,27.811505,2413.3 85.437207,27.811507,2413.3 85.437207,27.811506,2413.3 85.437207,27.811505,2413.3 85.437207,27.811503,2413.3 85.437207,27.811502,2413.3 85.437206,27.8115,2413.3 85.437206,27.8115,2413.3 85.437206,27.811499,2413.3 85.437206,27.811498,2413.3 85.437207,27.811499,2413.3 85.437207,27.811499,2413.3 85.437205,27.8115,2413.3 85.437204,27.8115,2413.3 85.437202,27.811499,2413.3 85.4372,27.811498,2413.3 85.437198,27.811497,2413.3 85.437188,27.811491,2413.4 85.437188,27.811485,2413.4 85.43719,27.81148,2413.4 85.437189,27.811478,2413.4 85.437187,27.811478,2413.4 85.437184,27.811478,2413.4 85.437183,27.811477,2413.4 85.437183,27.811475,2413.4 85.43719,27.811471,2413.4 85.437193,27.811468,2413.5 85.437195,27.811466,2413.5 85.437195,27.811465,2413.5 85.437196,27.811465,2413.5 85.437197,27.811464,2413.5 85.437198,27.811461,2413.5 85.437199,27.81146,2413.5 85.437199,27.811459,2413.5 85.4372,27.811459,2413.5 85.437199,27.811458,2413.5 85.437199,27.811459,2413.5 85.437198,27.811459,2413.5 85.437191,27.811466,2413.5 85.437192,27.811472,2413.5 85.437193,27.811472,2413.5 85.437193,27.811471,2413.5 85.437193,27.811472,2413.5 85.437192,27.811473,2413.5 85.437192,27.811471,2413.5 85.437194,27.81147,2413.5 85.437194,27.811471,2413.5 85.437199,27.811471,2413.6 85.4372,27.811471,2413.6 85.437201,27.811471,2413.6 85.437201,27.811471,2413.6 85.437201,27.811471,2413.6 85.437201,27.811471,2413.6 85.437201,27.811471,2413.6 85.437201,27.811471,2413.6 85.437201,27.811471,2413.6 85.437201,27.811471,2413.6 85.437201,27.811471,2413.6 85.437201,27.811471,2413.6 85.437201,27.811471,2413.6 85.437201,27.811471,2413.6 85.437201,27.811471,2413.6 85.437201,27.811471,2413.6 85.437201,27.811471,2413.6 85.437201,27.811471,2413.6 85.437201,27.811471,2413.6 85.437201,27.811471,2413.6 85.437201,27.811471,2413.6 85.437201,27.81147,2413.6 85.437201,27.81147,2413.6 85.437201,27.81147,2413.6 85.4372,27.811469,2413.6 85.4372,27.811468,2413.6 85.4372,27.811467,2413.6 85.4372,27.811467,2413.6 85.4372,27.811467,2413.6 85.4372,27.811467,2413.6 85.4372,27.811467,2413.6 85.4372,27.811467,2413.6 85.4372,27.811467,2413.6 85.4372,27.811467,2413.6 85.4372,27.811467,2413.6 85.4372,27.811467,2413.6 85.4372,27.811467,2413.6 85.4372,27.811467,2413.6 85.4372,27.811467,2413.6 85.4372,27.811467,2413.6 85.4372,27.811467,2413.6 85.4372,27.811467,2413.6 85.4372,27.811467,2413.6 85.4372,27.811467,2413.6 85.4372,27.811467,2413.6 85.4372,27.811467,2413.6 85.4372,27.811467,2413.6 85.437201,27.811467,2413.6 85.437201,27.811467,2413.6 85.437201,27.811467,2413.6 85.437201,27.811467,2413.6 85.437201,27.811468,2413.6 85.437201,27.811468,2413.6 85.437201,27.811468,2413.6 85.437201,27.811468,2413.6 85.437201,27.811468,2413.6 85.437204,27.811463,2413.6 85.437203,27.811459,2413.6 85.437197,27.811454,2413.6 85.437191,27.81145,2413.6 85.437182,27.811448,2413.7 85.437175,27.811444,2413.7 85.437172,27.811439,2413.7 85.437174,27.811435,2413.7 85.437171,27.811433,2413.7 85.437167,27.811429,2413.7 85.437163,27.811426,2413.7 85.437161,27.811422,2413.7 85.437158,27.811414,2413.8 85.437157,27.811406,2413.8 85.437154,27.811397,2413.8 85.437152,27.811388,2413.8 85.43715,27.811378,2413.9 85.437149,27.811371,2413.9 85.437148,27.811363,2413.9 85.437146,27.811353,2413.9 85.437141,27.811347,2413.9 85.437135,27.81134,2414 85.43713,27.811332,2414 85.437122,27.811325,2414.1 85.437115,27.811318,2414.2 85.437112,27.811311,2414.2 85.437107,27.811304,2414.3 85.437102,27.811298,2414.4 85.437093,27.811294,2414.4 85.437086,27.811287,2414.5 85.437079,27.811281,2414.6 85.437083,27.811255,2414.8 85.437075,27.811249,2414.9 85.437065,27.811244,2415 85.437056,27.81124,2415.1 85.437049,27.811237,2415.1 85.437043,27.811233,2415.2 85.437038,27.811229,2415.3 85.437032,27.811224,2415.3 85.437025,27.811219,2415.4 85.437017,27.811212,2415.5 85.437012,27.811206,2415.6 85.437007,27.811202,2415.7 85.437002,27.811196,2415.8 85.437,27.81119,2415.9 85.436997,27.811184,2416 85.43699,27.811179,2416.1 85.436979,27.811174,2416.2 85.436967,27.811173,2416.4 85.436955,27.811177,2416.5 85.436948,27.811182,2416.7 85.436947,27.811187,2416.7 85.436949,27.81119,2416.8 85.43695,27.811192,2416.8 85.436951,27.811193,2416.8 85.436952,27.811195,2416.9 85.436953,27.811195,2416.9 85.436955,27.811196,2416.9 85.436956,27.811197,2416.9 85.436958,27.811198,2417 85.43696,27.811199,2417 85.436961,27.811199,2417 85.436963,27.8112,2417.1 85.436965,27.8112,2417.1 85.436967,27.811201,2417.1 85.436968,27.811202,2417.1 85.43697,27.811202,2417.2 85.436971,27.811203,2417.2 85.436972,27.811202,2417.2 85.436973,27.811203,2417.2 85.436973,27.811204,2417.2 85.436973,27.811204,2417.2 85.436973,27.811204,2417.2 85.436974,27.811204,2417.3 85.436973,27.811204,2417.3 85.436973,27.811204,2417.3 85.436974,27.811205,2417.3 85.436975,27.811206,2417.3 85.436977,27.811209,2417.4 85.436975,27.811212,2417.4 85.436973,27.811214,2417.5 85.436973,27.811214,2417.5 85.436972,27.811216,2417.5 85.436969,27.811223,2417.6 85.43697,27.81123,2417.8 85.436973,27.811233,2417.8 85.436971,27.811236,2417.9 85.436963,27.811242,2418 85.436953,27.811242,2418.2 85.436949,27.811246,2418.3 85.436936,27.811248,2418.5 85.436925,27.811244,2418.6 85.436911,27.811235,2418.9 85.436897,27.811228,2419.1 85.436901,27.811191,2419.8 85.436907,27.811161,2420.3 85.436911,27.811143,2420.6 85.436912,27.81113,2420.8 85.436914,27.811121,2420.9 85.436914,27.81111,2421.1 85.436908,27.811101,2421.3 85.4369,27.811092,2421.5 85.436891,27.811085,2421.6 85.43689,27.811079,2421.7 85.436888,27.811073,2421.8 85.436889,27.811067,2421.9 85.436893,27.811062,2422 85.436896,27.811056,2422.1 85.436894,27.811049,2422.2 85.43689,27.811042,2422.3 85.436889,27.811034,2422.4 85.43689,27.811028,2422.5 85.43689,27.811022,2422.6 85.436887,27.811016,2422.7 85.436886,27.811007,2422.8 85.436882,27.811001,2422.9 85.436884,27.810993,2423.1 85.436886,27.810984,2423.2 85.436887,27.810977,2423.3 85.436894,27.810972,2423.4 85.436903,27.810979,2423.6 85.436905,27.810988,2423.7 85.436904,27.81099,2423.7 85.436902,27.810988,2423.8 85.436901,27.810987,2423.8 85.4369,27.810987,2423.8 85.436901,27.810987,2423.8 85.436901,27.810987,2423.8 85.436902,27.810985,2423.9 85.436903,27.810983,2423.9 85.436906,27.81098,2424 85.436911,27.810975,2424 85.436924,27.810964,2424.3 85.436936,27.810955,2424.5 85.436946,27.810946,2424.7 85.436958,27.810941,2424.9 85.436968,27.810939,2425 85.436978,27.810933,2425.1 85.43698,27.810923,2425.3 85.436987,27.810915,2425.4 85.436995,27.810909,2425.5 85.437004,27.810905,2425.7 85.437012,27.810899,2425.8 85.437019,27.810891,2425.9 85.437024,27.810882,2426 85.437026,27.810873,2426.2 85.437032,27.810867,2426.3 85.437039,27.81086,2426.4 85.437046,27.810853,2426.5 85.437053,27.810846,2426.6 85.437059,27.810838,2426.7 85.437064,27.810828,2426.8 85.437069,27.810818,2426.9 85.43707,27.810807,2427 85.437073,27.810797,2427.1 85.437078,27.810787,2427.2 85.437082,27.810779,2427.3 85.43709,27.81077,2427.3 85.437098,27.810764,2427.4 85.437109,27.810758,2427.5 85.43712,27.810758,2427.5 85.43713,27.810765,2427.6 85.437137,27.81077,2427.6 85.437146,27.810768,2427.6 85.437152,27.81076,2427.6 85.437158,27.810752,2427.6 85.437168,27.810747,2427.7 85.437177,27.81075,2427.7 85.437184,27.810752,2427.6 85.43719,27.810755,2427.6 85.437198,27.81076,2427.6 85.437206,27.810762,2427.6 85.437215,27.810759,2427.5 85.437219,27.810751,2427.5 85.437216,27.810742,2427.5 85.437209,27.81074,2427.4 85.437204,27.810741,2427.4 85.437202,27.810741,2427.4 85.437204,27.810739,2427.4 85.437206,27.810736,2427.4 85.437209,27.810732,2427.3 85.437221,27.810723,2427.2 85.43724,27.81071,2427 85.437252,27.8107,2426.9 85.437261,27.810691,2426.8 85.437269,27.810683,2426.7 85.437276,27.810674,2426.6 85.43728,27.810666,2426.5 85.437288,27.810657,2426.4 85.437294,27.810648,2426.3 85.437299,27.810639,2426.2 85.437302,27.810629,2426.1 85.437308,27.810619,2426 85.437312,27.81061,2425.9 85.437315,27.810602,2425.8 85.437318,27.810593,2425.7 85.437319,27.810583,2425.6 85.437321,27.810573,2425.5 85.437323,27.810563,2425.3 85.437328,27.810554,2425.2 85.437334,27.810546,2425.1 85.43734,27.810538,2425 85.437344,27.810529,2424.9 85.437342,27.81052,2424.8 85.437338,27.810511,2424.7 85.437335,27.810501,2424.6 85.437332,27.810491,2424.5 85.43733,27.810482,2424.4 85.437328,27.810472,2424.3 85.437327,27.810463,2424.2 85.437326,27.810453,2424 85.437328,27.810441,2423.9 85.437328,27.810432,2423.8 85.437326,27.810423,2423.7 85.437327,27.810414,2423.5 85.437329,27.810405,2423.4 85.437332,27.810398,2423.3 85.437337,27.810391,2423.2 85.437338,27.810382,2423.1 85.437335,27.810372,2423 85.437334,27.810362,2422.8 85.43734,27.810353,2422.7 85.43735,27.810345,2422.5 85.437358,27.810336,2422.4 85.437365,27.810327,2422.2 85.437371,27.810316,2422.1 85.437377,27.810307,2421.9 85.437381,27.810297,2421.8 85.437383,27.810285,2421.6 85.437384,27.810277,2421.5 85.437393,27.81027,2421.3 85.437403,27.810265,2421.1 85.437408,27.810256,2420.9 85.437412,27.810246,2420.7 85.43741,27.810236,2420.5 85.437404,27.810227,2420.3 85.437404,27.810217,2420.2 85.437402,27.810207,2420 85.437399,27.810196,2419.8 85.4374,27.810185,2419.6 85.437404,27.810173,2419.4 85.437405,27.810161,2419.1 85.437407,27.81015,2418.9 85.43741,27.810141,2418.8 85.437417,27.810134,2418.6 85.437424,27.810127,2418.4 85.437432,27.810122,2418.3 85.437443,27.81012,2418.1 85.437454,27.810116,2417.9 85.437464,27.810115,2417.8 85.437474,27.810114,2417.6 85.437484,27.81011,2417.4 85.437493,27.810109,2417.3 85.437502,27.810105,2417.1 85.437513,27.8101,2416.9 85.437524,27.810097,2416.7 85.437533,27.810094,2416.6 85.437541,27.810087,2416.4 85.43755,27.810082,2416.3 85.437559,27.810081,2416.1 85.437568,27.810074,2415.9 85.437577,27.810069,2415.8 85.437587,27.810068,2415.6 85.437594,27.810064,2415.5 85.437598,27.810055,2415.3 85.437601,27.810046,2415.2 85.437603,27.810036,2415 85.437609,27.810028,2414.8 85.437617,27.810021,2414.7 85.437625,27.810012,2414.5 85.437633,27.810002,2414.3 85.437638,27.809995,2414.1 85.437644,27.809987,2414 85.437645,27.809976,2413.8 85.437648,27.809966,2413.7 85.437644,27.809958,2413.5 85.437642,27.809948,2413.4 85.437644,27.809939,2413.3 85.437648,27.809931,2413.1 85.437647,27.80992,2413 85.437651,27.809909,2412.8 85.437653,27.809902,2412.7 85.437655,27.809893,2412.5 85.43766,27.809887,2412.4 85.437665,27.80988,2412.3 85.437665,27.809871,2412.2 85.437661,27.809862,2412 85.437661,27.809854,2411.9 85.437664,27.809846,2411.8 85.437669,27.809839,2411.7 85.437673,27.809831,2411.5 85.437676,27.809824,2411.4 85.437678,27.809816,2411.3 85.437681,27.80981,2411.2 85.437689,27.809807,2411.1 85.437696,27.809805,2411 85.437705,27.809799,2410.9 85.437711,27.809792,2410.7 85.437715,27.809784,2410.6 85.437721,27.809776,2410.5 85.437725,27.809768,2410.4 85.437726,27.809759,2410.2 85.437727,27.809752,2410.1 85.437728,27.809745,2410 85.43773,27.809737,2409.9 85.437728,27.809729,2409.8 85.43772,27.809724,2409.7 85.437713,27.809725,2409.6 85.43771,27.80973,2409.6 85.43771,27.809734,2409.5 85.437709,27.809735,2409.5 85.437707,27.809733,2409.5 85.437707,27.809732,2409.5 85.437708,27.809722,2409.4 85.437715,27.809703,2409.1 85.437722,27.809685,2408.9 85.437727,27.809669,2408.8 85.437727,27.809658,2408.7 85.437726,27.809648,2408.6 85.437724,27.809638,2408.5 85.43772,27.809628,2408.4 85.437717,27.809617,2408.3 85.437711,27.809607,2408.3 85.437708,27.809595,2408.2 85.4377,27.809592,2408.1 85.437687,27.809597,2408 85.437682,27.809605,2408 85.437683,27.809612,2408 85.437683,27.809616,2407.9 85.437682,27.809618,2407.9 85.437682,27.809618,2407.9 85.437683,27.809618,2407.9 85.437683,27.809619,2407.9 85.437683,27.809618,2407.9 85.437683,27.809613,2407.9 85.437685,27.8096,2407.8 85.437691,27.80958,2407.7 85.437698,27.809566,2407.7 85.437707,27.809555,2407.6 85.437714,27.809544,2407.6 85.437721,27.809533,2407.5 85.437726,27.809519,2407.5 85.437729,27.809504,2407.4 85.437733,27.809491,2407.3 85.437737,27.809478,2407.3 85.437741,27.809466,2407.2 85.437746,27.809454,2407.2 85.437748,27.809443,2407.1 85.437747,27.809433,2407.1 85.437748,27.809422,2407 85.437748,27.809411,2407 85.437747,27.8094,2406.9 85.437746,27.809392,2406.9 85.437747,27.809383,2406.8 85.437746,27.809374,2406.8 85.437743,27.809364,2406.7 85.43774,27.809354,2406.6 85.437736,27.809343,2406.6 85.437733,27.809333,2406.5 85.437727,27.809324,2406.4 85.437725,27.809313,2406.3 85.437721,27.809306,2406.3 85.437718,27.809298,2406.2 85.437717,27.809288,2406.1 85.437717,27.809278,2406 85.437716,27.809268,2405.9 85.437712,27.809258,2405.9 85.437708,27.809247,2405.8 85.437705,27.809235,2405.7 85.437707,27.809222,2405.5 85.437709,27.809209,2405.4 85.437708,27.809198,2405.3 85.437705,27.809188,2405.2 85.4377,27.809179,2405.1 85.437699,27.809169,2405 85.437702,27.809159,2404.9 85.437709,27.80915,2404.8 85.437714,27.809141,2404.8 85.437716,27.809132,2404.7 85.437722,27.809122,2404.6 85.437729,27.809113,2404.5 85.437736,27.809105,2404.4 85.437742,27.809098,2404.3 85.43775,27.809091,2404.2 85.437756,27.809085,2404.1 85.437763,27.80908,2404 85.437769,27.809074,2403.9 85.437774,27.80907,2403.9 85.43778,27.809067,2403.8 85.437784,27.809063,2403.8 85.437785,27.809057,2403.7 85.437784,27.80905,2403.6 85.437783,27.809043,2403.6 85.437776,27.809036,2403.5 85.437772,27.80903,2403.4 85.437774,27.809024,2403.3 85.437775,27.809015,2403.2 85.437772,27.809002,2403.1 85.43777,27.80899,2402.9 85.437766,27.808979,2402.8 85.437763,27.808968,2402.7 85.437762,27.808959,2402.6 85.43776,27.808954,2402.6 85.437755,27.808946,2402.5 85.43775,27.808936,2402.3 85.437749,27.808926,2402.2 85.437752,27.808919,2402.2 85.437754,27.808913,2402.1 85.437751,27.80891,2402 85.437747,27.808906,2402 85.437745,27.808902,2402 85.437746,27.808899,2401.9 85.437745,27.808897,2401.9 85.437743,27.808895,2401.9 85.437741,27.808892,2401.9 85.437741,27.808887,2401.8 85.437739,27.808881,2401.7 85.437737,27.808873,2401.7 85.437735,27.808868,2401.6 85.437735,27.808863,2401.6 85.437735,27.808857,2401.5 85.437734,27.80885,2401.5 85.437732,27.808842,2401.4 85.437731,27.808835,2401.4 85.437729,27.808828,2401.3 85.437727,27.80882,2401.2 85.437728,27.808813,2401.2 85.437729,27.808807,2401.1 85.43773,27.808801,2401.1 85.437731,27.808796,2401.1 85.43773,27.808788,2401 85.437726,27.808779,2400.9 85.437725,27.808769,2400.9 85.437724,27.808759,2400.8 85.437722,27.808748,2400.7 85.437721,27.808739,2400.7 85.43772,27.808729,2400.6 85.437719,27.808719,2400.5 85.437716,27.808708,2400.5 85.437711,27.808699,2400.4 85.43771,27.808688,2400.3 85.437714,27.808681,2400.3 85.437714,27.808671,2400.2 85.437712,27.808664,2400.2 85.43771,27.808656,2400.1 85.437709,27.808651,2400.1 85.437708,27.808645,2400 85.437707,27.808634,2400 85.437703,27.808627,2399.9 85.437703,27.808618,2399.8 85.437704,27.808609,2399.8 85.437703,27.808602,2399.7 85.437701,27.808593,2399.7 85.437701,27.808583,2399.6 85.4377,27.808573,2399.5 85.437696,27.808565,2399.5 85.437694,27.808556,2399.4 85.43769,27.808547,2399.3 85.437685,27.80854,2399.2 85.437682,27.808531,2399.2 85.437678,27.808523,2399.1 85.437675,27.808514,2399 85.437674,27.808505,2399 85.437678,27.808499,2398.9 85.437685,27.808493,2398.8 85.437694,27.808487,2398.7 85.4377,27.80848,2398.7 85.437707,27.808472,2398.6 85.437716,27.808466,2398.5 85.437726,27.808461,2398.4 85.437733,27.808455,2398.4 85.437737,27.808448,2398.3 85.437741,27.808441,2398.2 85.437742,27.808432,2398.2 85.437738,27.808424,2398.1 85.437737,27.808415,2398 85.437739,27.808406,2398 85.437741,27.808397,2397.9 85.437741,27.808388,2397.8 85.437742,27.80838,2397.8 85.437745,27.808371,2397.7 85.437749,27.808365,2397.7 85.437753,27.808358,2397.6 85.437757,27.808351,2397.6 85.437762,27.808344,2397.5 85.437767,27.808337,2397.5 85.437772,27.808329,2397.5 85.437774,27.808322,2397.4 85.437776,27.808312,2397.4 85.437777,27.808302,2397.3 85.437776,27.808294,2397.3 85.437775,27.808284,2397.3 85.437773,27.808273,2397.2 85.437773,27.808263,2397.2 85.437772,27.808252,2397.2 85.437767,27.808243,2397.1 85.437763,27.808232,2397.1 85.43776,27.808221,2397.1 85.437758,27.80821,2397.1 85.437753,27.808202,2397 85.437748,27.808193,2397 85.437744,27.808184,2397 85.437737,27.808177,2397 85.437724,27.808175,2396.9 85.437709,27.808176,2396.9 85.437701,27.808168,2396.9 85.437697,27.808158,2396.9 85.437692,27.808148,2396.9 85.43769,27.808137,2396.8 85.43769,27.808126,2396.8 85.43769,27.808114,2396.8 85.437689,27.808103,2396.8 85.437688,27.808093,2396.7 85.437687,27.808083,2396.7 85.437687,27.808073,2396.7 85.43769,27.808063,2396.7 85.437691,27.808053,2396.6 85.437693,27.808043,2396.6 85.437688,27.808033,2396.6 85.437686,27.808024,2396.6 85.437682,27.808014,2396.5 85.437677,27.808005,2396.5 85.43767,27.807995,2396.5 85.437663,27.807986,2396.4 85.437657,27.807978,2396.4 85.43765,27.80797,2396.4 85.437645,27.807961,2396.4 85.43764,27.807952,2396.3 85.437634,27.807942,2396.3 85.437632,27.807932,2396.3 85.43763,27.807921,2396.2 85.437628,27.807911,2396.2 85.437627,27.8079,2396.2 85.437625,27.807891,2396.2 85.437626,27.807882,2396.1 85.437624,27.807872,2396.1 85.437622,27.807863,2396.1 85.43762,27.807852,2396.1 85.437617,27.80784,2396 85.437614,27.807829,2396 85.437612,27.807818,2396 85.437609,27.807807,2395.9 85.437607,27.807798,2395.9 85.437603,27.807788,2395.9 85.4376,27.807779,2395.8 85.437596,27.80777,2395.8 85.437594,27.80776,2395.8 85.437594,27.80775,2395.7 85.437592,27.807739,2395.7 85.437586,27.807729,2395.6 85.437581,27.807718,2395.6 85.437572,27.807708,2395.5 85.437561,27.807698,2395.4 85.437548,27.807688,2395.3 85.437537,27.807678,2395.2 85.437526,27.807668,2395.1 85.437516,27.807659,2395 85.437509,27.807648,2394.9 85.437503,27.807637,2394.8 85.4375,27.807627,2394.7 85.437495,27.807616,2394.6 85.437489,27.807604,2394.5 85.437482,27.807594,2394.4 85.437471,27.807588,2394.3 85.437462,27.807583,2394.2 85.437452,27.807578,2394.1 85.437444,27.80757,2394 85.437437,27.807561,2393.8 85.43743,27.80755,2393.7 85.437428,27.807543,2393.6 85.437425,27.807532,2393.5 85.437423,27.807524,2393.4 85.437421,27.807515,2393.3 85.43742,27.807505,2393.2 85.43742,27.807496,2393.1 85.437418,27.807487,2393 85.437417,27.807477,2392.9 85.437415,27.807468,2392.8 85.437413,27.80746,2392.7 85.437406,27.807452,2392.6 85.437401,27.807445,2392.5 85.437398,27.807437,2392.4 85.4374,27.807426,2392.3 85.437396,27.80742,2392.2 85.437388,27.807419,2392.2 85.437385,27.807414,2392.1 85.437382,27.807405,2392 85.437378,27.807394,2391.9 85.437376,27.807385,2391.8 85.437379,27.807373,2391.7 85.437382,27.807361,2391.6 85.437384,27.807349,2391.5 85.437385,27.807337,2391.3 85.437389,27.807326,2391.2 85.437383,27.807316,2391.1 85.437372,27.807309,2391 85.437366,27.807302,2390.9 85.437366,27.807295,2390.8 85.43737,27.807289,2390.7 85.437374,27.807284,2390.7 85.437378,27.807281,2390.6 85.437382,27.807281,2390.6 85.437384,27.807282,2390.5 85.437386,27.807284,2390.5 85.437386,27.807283,2390.5 85.437387,27.807284,2390.5 85.437388,27.807284,2390.5 85.43739,27.807284,2390.4 85.437394,27.807279,2390.4 85.437396,27.807271,2390.3 85.437397,27.807262,2390.1 85.437408,27.807252,2389.9 85.437424,27.807247,2389.7 85.437428,27.807244,2389.7 85.437427,27.807241,2389.6 85.437428,27.807235,2389.5 85.43743,27.80723,2389.4 85.437434,27.807227,2389.4 85.437435,27.807228,2389.3 85.437434,27.807229,2389.3 85.437434,27.807228,2389.3 85.437435,27.807226,2389.3 85.437437,27.807223,2389.2 85.437438,27.80722,2389.1 85.437438,27.807217,2389.1 85.437438,27.807215,2389.1 85.437438,27.807211,2389 85.437438,27.807207,2388.9 85.437438,27.807203,2388.8 85.43744,27.807198,2388.8 85.437444,27.807191,2388.6 85.43745,27.807181,2388.4 85.437447,27.807171,2388.2 85.437437,27.807167,2388 85.437433,27.807172,2387.9 85.43743,27.80717,2387.8 85.437431,27.807163,2387.7 85.437435,27.807154,2387.5 85.437439,27.807138,2387.1 85.437442,27.80712,2386.7 85.437445,27.807105,2386.4 85.437447,27.807092,2386.1 85.437447,27.807078,2385.8 85.437443,27.807065,2385.5 85.437434,27.807052,2385.1 85.437427,27.807042,2384.9 85.437422,27.807032,2384.6 85.437417,27.807022,2384.4 85.437414,27.807012,2384.2 85.43741,27.807001,2383.9 85.437404,27.80699,2383.7 85.437397,27.806979,2383.4 85.437392,27.806968,2383.1 85.437377,27.806962,2382.8 85.437367,27.806953,2382.6 85.43736,27.806944,2382.3 85.437348,27.806936,2382.1 85.437335,27.80693,2381.8 85.437323,27.806925,2381.6 85.437314,27.806918,2381.4 85.437306,27.806913,2381.2 85.437297,27.806913,2381.1 85.43729,27.806921,2380.9 85.437285,27.806925,2380.8 85.437282,27.806917,2380.6 85.437281,27.806906,2380.4 85.437274,27.806894,2380.1 85.437268,27.806884,2379.9 85.437264,27.806871,2379.7 85.437262,27.80686,2379.5 85.437252,27.806853,2379.3 85.437242,27.806847,2379.1 85.437228,27.806844,2378.9 85.437214,27.806841,2378.7 85.4372,27.806838,2378.5 85.437191,27.806835,2378.3 85.437182,27.806826,2378.1 85.437176,27.806819,2378 85.437176,27.806809,2377.8 85.437175,27.806797,2377.6 85.43717,27.806787,2377.4 85.437166,27.806778,2377.3 85.437165,27.806769,2377.1 85.437162,27.806762,2377 85.437155,27.806756,2376.9 85.437148,27.806749,2376.7 85.43714,27.806745,2376.6 85.43713,27.80674,2376.5 85.437121,27.806734,2376.3 85.437113,27.806726,2376.1 85.437106,27.806719,2376 85.437102,27.806713,2375.9 85.437095,27.806708,2375.7 85.437085,27.806705,2375.6 85.437077,27.806699,2375.4 85.43707,27.806691,2375.3 85.437062,27.806683,2375.1 85.437058,27.806673,2374.9 85.43706,27.806663,2374.8 85.43706,27.806655,2374.6 85.437057,27.806646,2374.5 85.437054,27.806636,2374.3 85.437054,27.806627,2374.2 85.437056,27.80662,2374 85.437056,27.806611,2373.9 85.437054,27.806601,2373.7 85.437057,27.806592,2373.6 85.43706,27.806584,2373.4 85.437064,27.806576,2373.3 85.437071,27.806572,2373.2 85.437074,27.806563,2373 85.43707,27.806555,2372.8 85.437065,27.80655,2372.7 85.437059,27.806545,2372.6 85.437049,27.80655,2372.4 85.437037,27.806558,2372.2 85.437029,27.806567,2372 85.437022,27.806574,2371.8 85.437016,27.806581,2371.7 85.437012,27.806586,2371.6 85.437009,27.806592,2371.4 85.437006,27.806597,2371.3 85.437003,27.8066,2371.3 85.437,27.806601,2371.2 85.436994,27.806599,2371.1 85.436984,27.806592,2370.9 85.436976,27.806586,2370.7 85.436968,27.806585,2370.6 85.436964,27.806589,2370.5 85.436964,27.806589,2370.5 85.436962,27.806586,2370.4 85.436958,27.806581,2370.3 85.436955,27.806577,2370.2 85.436946,27.806567,2370 85.436938,27.806556,2369.7 85.43693,27.806545,2369.5 85.436926,27.806536,2369.3 85.436917,27.80653,2369.1 85.436906,27.806529,2368.9 85.436894,27.806535,2368.6 85.436885,27.806546,2368.3 85.43688,27.806559,2368 85.436872,27.806565,2367.8 85.436863,27.806557,2367.6 85.436856,27.806551,2367.4 85.436848,27.806544,2367.2 85.436845,27.806534,2366.9 85.436845,27.806522,2366.7 85.436844,27.80651,2366.4 85.436841,27.806499,2366.2 85.436838,27.806487,2365.9 85.436835,27.806476,2365.6 85.436833,27.806465,2365.4 85.43683,27.806454,2365.2 85.436824,27.806444,2364.9 85.436822,27.806439,2364.8 85.436815,27.806436,2364.6 85.436806,27.806436,2364.4 85.436798,27.806445,2364.2 85.436795,27.806455,2363.9 85.436793,27.806465,2363.7 85.436793,27.806474,2363.5 85.436799,27.806482,2363.3 85.436805,27.806485,2363.1 85.436805,27.806488,2363.1 85.436804,27.806491,2363 85.436796,27.806493,2362.8 85.436787,27.806492,2362.6 85.436779,27.806488,2362.4 85.436776,27.806482,2362.3 85.436774,27.806477,2362.1 85.436769,27.806473,2362 85.436766,27.806468,2361.9 85.436759,27.806461,2361.6 85.436752,27.806454,2361.4 85.436743,27.806448,2361.2 85.436735,27.806443,2361 85.436731,27.806434,2360.7 85.436738,27.806428,2360.5 85.436753,27.806432,2360.2 85.436758,27.806439,2360 85.436756,27.806445,2359.8 85.436754,27.806447,2359.8 85.436753,27.806445,2359.7 85.436752,27.806442,2359.6 85.436752,27.806437,2359.5 85.436751,27.806427,2359.3 85.436749,27.806413,2359 85.436744,27.806397,2358.6 85.43674,27.806385,2358.3 85.436736,27.806372,2358 85.436735,27.806362,2357.8 85.436733,27.806354,2357.6 85.436726,27.806345,2357.4 85.436723,27.806336,2357.2 85.436724,27.806327,2357 85.436722,27.806319,2356.9 85.436717,27.806311,2356.7 85.436711,27.806303,2356.6 85.436706,27.806296,2356.5 85.436703,27.80629,2356.4 85.436697,27.806286,2356.2 85.436689,27.806283,2356.1 85.436682,27.806278,2356 85.436677,27.80627,2355.9 85.436673,27.806267,2355.9 85.436667,27.806262,2355.8 85.43666,27.806257,2355.7 85.436653,27.806253,2355.6 85.436645,27.806248,2355.5 85.436634,27.806246,2355.4 85.436625,27.806242,2355.3 85.436625,27.806236,2355.3 85.436627,27.806232,2355.3 85.436621,27.80623,2355.2 85.436613,27.806227,2355.2 85.436605,27.806222,2355.1 85.436601,27.806215,2355.1 85.436597,27.806205,2355 85.436595,27.806199,2355 85.436598,27.806192,2354.9 85.436598,27.806186,2354.9 85.436595,27.806179,2354.9 85.436592,27.806171,2354.8 85.436591,27.806161,2354.8 85.436592,27.806152,2354.8 85.436594,27.806141,2354.7 85.436597,27.806131,2354.7 85.436599,27.80612,2354.7 85.436598,27.806108,2354.7 85.436598,27.806098,2354.6 85.436597,27.806087,2354.6 85.436593,27.806078,2354.6 85.436586,27.80607,2354.6 85.436581,27.806059,2354.6 85.436575,27.806054,2354.6 85.436567,27.806046,2354.6 85.436558,27.80604,2354.6 85.43655,27.806034,2354.5 85.436537,27.806033,2354.5 85.436527,27.80603,2354.5 85.436517,27.806027,2354.5 85.436508,27.806022,2354.5 85.436499,27.806016,2354.5 85.43649,27.80601,2354.5 85.43648,27.806003,2354.4 85.436472,27.805997,2354.4 85.436466,27.805987,2354.4 85.436459,27.80598,2354.4 85.436453,27.805972,2354.3 85.436449,27.805963,2354.3 85.436445,27.805954,2354.2 85.436443,27.805943,2354.2 85.43644,27.805937,2354.2 85.436436,27.805932,2354.1 85.436432,27.805926,2354.1 85.436429,27.805917,2354 85.436428,27.805913,2354 85.436428,27.805907,2354 85.436425,27.805898,2353.9 85.436423,27.805889,2353.8 85.436422,27.805881,2353.8 85.436421,27.805875,2353.7 85.436422,27.805868,2353.7 85.436421,27.805858,2353.6 85.436415,27.80585,2353.5 85.436412,27.80584,2353.4 85.436407,27.80583,2353.3 85.436402,27.805822,2353.2 85.436391,27.805817,2353.1 85.436379,27.805813,2353 85.43637,27.805807,2352.9 85.436363,27.805798,2352.8 85.436352,27.805792,2352.7 85.436347,27.805784,2352.6 85.436344,27.805774,2352.5 85.436338,27.805764,2352.4 85.436327,27.805758,2352.3 85.436315,27.805753,2352.2 85.436307,27.805743,2352.1 85.4363,27.805734,2352.1 85.436293,27.805725,2352 85.436285,27.805717,2351.9 85.436276,27.805707,2351.8 85.43627,27.805697,2351.8 85.436265,27.805687,2351.7 85.436259,27.805678,2351.7 85.436254,27.805672,2351.6 85.436246,27.805668,2351.6 85.436238,27.805662,2351.5 85.436232,27.805654,2351.5 85.436228,27.805647,2351.5 85.436221,27.805642,2351.4 85.436213,27.80564,2351.4 85.436204,27.805636,2351.4 85.436194,27.80563,2351.4 85.436183,27.805631,2351.3 85.436171,27.805629,2351.3 85.436161,27.805626,2351.3 85.43615,27.805623,2351.3 85.436139,27.805625,2351.3 85.436129,27.805625,2351.3 85.43612,27.805624,2351.2 85.43611,27.805623,2351.2 85.436101,27.80562,2351.2 85.436093,27.805616,2351.2 85.436084,27.805612,2351.2 85.436076,27.805609,2351.2 85.436071,27.805602,2351.2 85.436068,27.805595,2351.2 85.436061,27.80559,2351.2 85.436054,27.805586,2351.2 85.436047,27.805581,2351.2 85.436039,27.805575,2351.1 85.436033,27.805568,2351.1 85.436024,27.805561,2351.1 85.436015,27.805557,2351.1 85.436005,27.805553,2351.1 85.435998,27.805549,2351.1 85.435989,27.805544,2351.1 85.435981,27.80554,2351.1 85.435973,27.805536,2351.1 85.435963,27.805531,2351.1 85.435955,27.805529,2351.1 85.435949,27.805523,2351.1 85.435942,27.805515,2351.1 85.435935,27.80551,2351.1 85.435927,27.805504,2351.1 85.435919,27.805496,2351.1 85.435912,27.80549,2351.1 85.435903,27.805485,2351.1 85.435895,27.805481,2351.1 85.435887,27.805475,2351.1 85.435879,27.805468,2351.1 85.43587,27.805461,2351 85.435862,27.805456,2351 85.435853,27.805448,2351 85.435844,27.805442,2351 85.435837,27.805435,2351 85.435828,27.805427,2351 85.435822,27.805419,2351 85.435814,27.80541,2351 85.435806,27.805404,2351 85.435797,27.805399,2351 85.43579,27.805392,2351 85.435784,27.805384,2351 85.435777,27.805376,2351 85.43577,27.805369,2351 85.435764,27.80536,2351 85.435759,27.805349,2351 85.435756,27.805341,2351 85.435753,27.805331,2351 85.435752,27.80532,2351 85.435754,27.805309,2350.9 85.435755,27.805299,2350.9 85.435754,27.805289,2350.9 85.435752,27.805278,2350.9 85.43575,27.805269,2350.9 85.435749,27.805257,2350.9 85.435749,27.805245,2350.9 85.435749,27.805234,2350.9 85.435746,27.805223,2350.9 85.435745,27.805212,2350.9 85.435741,27.805203,2350.9 85.435738,27.805193,2350.9 85.435737,27.805182,2350.9 85.435736,27.805171,2350.9 85.435735,27.80516,2350.8 85.435731,27.80515,2350.8 85.435727,27.805139,2350.8 85.435722,27.805129,2350.8 85.435719,27.805118,2350.8 85.435716,27.805108,2350.8 85.435713,27.805097,2350.8 85.435713,27.805087,2350.8 85.435708,27.805077,2350.8 85.435704,27.805065,2350.7 85.435697,27.805056,2350.7 85.43569,27.805046,2350.7 85.435684,27.805034,2350.7 85.435678,27.805023,2350.7 85.435674,27.805013,2350.7 85.435668,27.805001,2350.7 85.435666,27.804989,2350.6 85.435664,27.804978,2350.6 85.435663,27.804967,2350.6 85.435661,27.804955,2350.6 85.435658,27.804943,2350.6 85.435655,27.804933,2350.6 85.435651,27.804923,2350.6 85.435648,27.804914,2350.6 85.435644,27.804904,2350.6 85.435641,27.804894,2350.5 85.435638,27.804884,2350.5 85.435635,27.804873,2350.5 85.435634,27.804863,2350.5 85.435632,27.804853,2350.5 85.43563,27.804842,2350.5 85.435628,27.80483,2350.5 85.435625,27.80482,2350.4 85.435623,27.804808,2350.4 85.435624,27.804797,2350.4 85.435625,27.804785,2350.4 85.435626,27.804773,2350.4 85.435628,27.80476,2350.3 85.435632,27.804749,2350.3 85.435638,27.804739,2350.3 85.435645,27.804727,2350.3 85.435651,27.804716,2350.2 85.435655,27.804705,2350.2 85.43566,27.804694,2350.2 85.435665,27.804683,2350.2 85.435667,27.804671,2350.1 85.435669,27.804659,2350.1 85.435669,27.804646,2350.1 85.43567,27.804635,2350 85.435671,27.804624,2350 85.435668,27.804612,2350 85.435665,27.804599,2349.9 85.435664,27.804587,2349.9 85.435662,27.804577,2349.8 85.435659,27.804568,2349.8 85.435657,27.804559,2349.8 85.435656,27.804548,2349.7 85.435654,27.804539,2349.7 85.435651,27.804529,2349.7 85.435649,27.804517,2349.6 85.435645,27.804506,2349.6 85.435642,27.804495,2349.5 85.43564,27.804484,2349.5 85.435639,27.804474,2349.4 85.435636,27.804465,2349.4 85.435632,27.804456,2349.4 85.435629,27.804445,2349.3 85.435628,27.804435,2349.3 85.435626,27.804426,2349.2 85.435623,27.804416,2349.2 85.43562,27.804406,2349.2 85.435621,27.804394,2349.1 85.43562,27.804382,2349.1 85.43562,27.80437,2349 85.435621,27.804358,2348.9 85.435622,27.804349,2348.9 85.435621,27.804338,2348.9 85.43562,27.804329,2348.8 85.435618,27.804319,2348.8 85.435617,27.804312,2348.7 85.435617,27.804306,2348.7 85.435616,27.804297,2348.6 85.435617,27.804286,2348.6 85.435619,27.804274,2348.5 85.43562,27.804262,2348.5 85.43562,27.804251,2348.4 85.43562,27.804241,2348.3 85.435619,27.804231,2348.3 85.435618,27.804219,2348.2 85.435614,27.80421,2348.2 85.435611,27.8042,2348.1 85.435606,27.804191,2348 85.435602,27.80418,2348 85.435598,27.80417,2347.9 85.435594,27.804161,2347.9 85.435594,27.804151,2347.8 85.435591,27.804143,2347.8 85.43559,27.804133,2347.7 85.435591,27.804123,2347.7 85.435589,27.804116,2347.6 85.435587,27.804106,2347.6 85.435585,27.804098,2347.5 85.435579,27.80409,2347.5 85.435574,27.804081,2347.4 85.43557,27.804072,2347.3 85.435567,27.804065,2347.3 85.435564,27.804061,2347.3 85.435563,27.804057,2347.2 85.435561,27.804049,2347.2 85.435557,27.804041,2347.2 85.435553,27.804032,2347.1 85.435549,27.804022,2347.1 85.435546,27.804013,2347 85.435545,27.804006,2347 85.435544,27.803999,2346.9 85.435542,27.803991,2346.9 85.435542,27.803983,2346.9 85.435547,27.803974,2346.8 85.435555,27.80397,2346.8 85.435556,27.803964,2346.7 85.435556,27.803956,2346.7 85.435553,27.803948,2346.7 85.435551,27.803938,2346.6 85.435548,27.803928,2346.6 85.435548,27.803918,2346.5 85.43555,27.803909,2346.5 85.43555,27.803899,2346.4 85.435548,27.803891,2346.4 85.435545,27.803885,2346.3 85.435545,27.803875,2346.3 85.435544,27.803865,2346.2 85.435541,27.803857,2346.2 85.435541,27.803847,2346.1 85.435541,27.803837,2346.1 85.435543,27.803827,2346 85.435543,27.803816,2346 85.43554,27.803807,2345.9 85.435539,27.803796,2345.8 85.435534,27.803787,2345.8 85.435533,27.803778,2345.7 85.435533,27.803768,2345.6 85.435533,27.803758,2345.6 85.435531,27.803751,2345.5 85.435531,27.803744,2345.5 85.435533,27.803736,2345.4 85.435534,27.803729,2345.4 85.43553,27.803722,2345.3 85.435521,27.803716,2345.3 85.435511,27.803712,2345.2 85.435501,27.803706,2345.1 85.435487,27.803704,2345 85.43547,27.803702,2344.9 85.435457,27.803702,2344.8 85.435442,27.803707,2344.7 85.43543,27.80371,2344.6 85.43542,27.803712,2344.6 85.435414,27.803708,2344.5 85.435406,27.803705,2344.4 85.435394,27.803703,2344.3 85.435382,27.803701,2344.2 85.435373,27.803695,2344.2 85.43536,27.803693,2344.1 85.435348,27.803693,2344 85.435337,27.803694,2343.9 85.435326,27.803694,2343.8 85.435323,27.803689,2343.7 85.435328,27.803682,2343.6 85.435332,27.803673,2343.5 85.435327,27.803667,2343.5 85.435317,27.803663,2343.4 85.435307,27.803658,2343.2 85.435296,27.803652,2343.1 85.435285,27.803648,2343 85.435272,27.803651,2342.8 85.435261,27.803655,2342.7 85.435251,27.803646,2342.6 85.43525,27.803633,2342.4 85.435252,27.803623,2342.2 85.435254,27.803615,2342.1 85.435256,27.803606,2342 85.43526,27.803598,2341.9 85.435265,27.803589,2341.7 85.435268,27.803579,2341.5 85.435272,27.80357,2341.4 85.435272,27.803558,2341.2 85.435276,27.803549,2341.1 85.435278,27.803539,2340.9 85.435279,27.803532,2340.8 85.435279,27.803526,2340.7 85.435281,27.803522,2340.6 85.435284,27.803522,2340.6 85.435283,27.803522,2340.5 85.435278,27.803519,2340.4 85.435276,27.803515,2340.4 85.43528,27.803508,2340.2 85.435283,27.803496,2340 85.435289,27.803486,2339.8 85.435293,27.803475,2339.6 85.435291,27.803465,2339.5 85.435284,27.803458,2339.3 85.435278,27.803453,2339.2 85.43527,27.80345,2339 85.435261,27.803447,2338.9 85.435257,27.803437,2338.7 85.435251,27.803434,2338.6 85.43525,27.80343,2338.5 85.435249,27.80342,2338.3 85.435247,27.803412,2338.2 85.435244,27.803409,2338.1 85.435241,27.803402,2338 85.435239,27.8034,2338 85.435242,27.803395,2337.9 85.435249,27.80339,2337.7 85.435251,27.803384,2337.6 85.435252,27.803376,2337.5 85.435249,27.803368,2337.3 85.435247,27.803359,2337.1 85.435245,27.803349,2337 85.435239,27.803344,2336.8 85.435233,27.803337,2336.7 85.435225,27.803331,2336.5 85.435217,27.803324,2336.3 85.435208,27.803317,2336.2 85.435198,27.803312,2336 85.43519,27.803303,2335.8 85.435189,27.803295,2335.6 85.435195,27.803287,2335.5 85.435202,27.803282,2335.3 85.435206,27.803277,2335.2 85.435212,27.803271,2335.1 85.435217,27.803264,2334.9 85.43522,27.803257,2334.8 85.435225,27.80325,2334.6 85.435228,27.80324,2334.5 85.435231,27.803234,2334.3 85.435234,27.803226,2334.2 85.435239,27.803218,2334 85.435245,27.803211,2333.9 85.435253,27.803204,2333.7 85.43526,27.803196,2333.5 85.435263,27.803184,2333.3 85.435262,27.803176,2333.2 85.435263,27.803164,2333 85.435261,27.803153,2332.8 85.435258,27.803143,2332.6 85.43525,27.803137,2332.4 85.435245,27.803131,2332.3 85.435239,27.803126,2332.1 85.435231,27.803119,2332 85.435221,27.803114,2331.8 85.435209,27.80311,2331.6 85.435199,27.803104,2331.4 85.435187,27.803102,2331.2 85.435178,27.803099,2331.1 85.43517,27.803094,2330.9 85.435164,27.803089,2330.8 85.435155,27.803087,2330.6 85.435148,27.803082,2330.5 85.435141,27.803077,2330.4 85.435136,27.803067,2330.2 85.435134,27.803062,2330.1 85.435134,27.803055,2329.9 85.435134,27.80305,2329.9 85.435133,27.803043,2329.7 85.435132,27.803039,2329.7 85.43513,27.803032,2329.6 85.435124,27.803028,2329.4 85.435116,27.803025,2329.3 85.435111,27.803019,2329.2 85.435105,27.803014,2329.1 85.435099,27.80301,2329 85.435091,27.803007,2328.8 85.435082,27.803007,2328.7 85.435076,27.803009,2328.6 85.435072,27.803007,2328.6 85.43507,27.803006,2328.5 85.435071,27.803007,2328.5 85.435072,27.803008,2328.5 85.435074,27.803006,2328.4 85.435079,27.803007,2328.4 85.435082,27.803008,2328.3 85.435081,27.803008,2328.3 85.43508,27.803008,2328.3 85.43508,27.803007,2328.3 85.43508,27.803005,2328.2 85.435079,27.803,2328.2 85.435078,27.802995,2328.1 85.435077,27.802988,2328 85.435078,27.802979,2327.8 85.435078,27.80297,2327.7 85.435075,27.802962,2327.6 85.435073,27.802956,2327.5 85.435071,27.802949,2327.3 85.435069,27.802941,2327.2 85.435068,27.802932,2327.1 85.435066,27.802925,2327 85.435062,27.80292,2326.9 85.435055,27.802916,2326.8 85.435049,27.802913,2326.7 85.435043,27.802909,2326.6 85.435039,27.802905,2326.5 85.435035,27.802901,2326.4 85.43503,27.802893,2326.3 85.435023,27.802888,2326.2 85.435015,27.802882,2326 85.435005,27.802876,2325.8 85.434995,27.802872,2325.7 85.434985,27.80287,2325.6 85.434973,27.802868,2325.4 85.43496,27.802871,2325.2 85.434948,27.802872,2325.1 85.43494,27.802871,2324.9 85.434937,27.802865,2324.9 85.434934,27.80286,2324.8 85.434927,27.802857,2324.7 85.434918,27.802855,2324.5 85.434909,27.802854,2324.4 85.434903,27.802854,2324.4 85.434896,27.802856,2324.3 85.434891,27.802857,2324.2 85.434882,27.802853,2324.1 85.434874,27.802849,2323.9 85.434868,27.802842,2323.8 85.434863,27.802832,2323.7 85.434855,27.802822,2323.5 85.434848,27.802815,2323.4 85.434844,27.802808,2323.3 85.434841,27.802798,2323.1 85.43484,27.802788,2323 85.434836,27.802779,2322.9 85.434831,27.802771,2322.8 85.434824,27.802764,2322.6 85.434817,27.802759,2322.5 85.434811,27.802753,2322.4 85.434806,27.802746,2322.3 85.434801,27.802739,2322.2 85.434799,27.802733,2322.1 85.434797,27.802725,2322 85.434797,27.802719,2322 85.434797,27.802711,2321.9 85.434795,27.802705,2321.8 85.434791,27.802699,2321.7 85.434786,27.802693,2321.6 85.434781,27.802688,2321.5 85.434777,27.802682,2321.4 85.434775,27.802677,2321.3 85.434775,27.802671,2321.3 85.434773,27.802666,2321.2 85.434771,27.802666,2321.2 85.434771,27.802675,2321.1 85.434774,27.802687,2320.9 85.434776,27.802694,2320.8 85.434776,27.802696,2320.8 85.434775,27.802698,2320.8 85.434773,27.802697,2320.7 85.434772,27.802696,2320.7 85.434771,27.802691,2320.7 85.434768,27.802686,2320.6 85.434765,27.802686,2320.6 85.434763,27.802687,2320.5 85.434761,27.802687,2320.5 85.43476,27.802686,2320.5 85.434758,27.802683,2320.4 85.434757,27.802681,2320.4 85.434756,27.802678,2320.4 85.434755,27.802673,2320.3 85.434754,27.802665,2320.2 85.434752,27.802655,2320.1 85.43475,27.802642,2319.9 85.434751,27.802629,2319.7 85.434752,27.802615,2319.6 85.434753,27.802603,2319.4 85.434756,27.80259,2319.2 85.434761,27.80258,2319.1 85.434766,27.802571,2319 85.434771,27.802562,2318.8 85.434773,27.802554,2318.7 85.434774,27.802544,2318.6 85.43477,27.802538,2318.5 85.434769,27.80253,2318.4 85.434775,27.802524,2318.3 85.434785,27.80252,2318.2 85.434792,27.802513,2318.1 85.434791,27.802503,2318 85.434786,27.802496,2317.8 85.43478,27.802489,2317.7 85.434778,27.802479,2317.6 85.434772,27.802471,2317.5 85.43477,27.802462,2317.4 85.434772,27.802451,2317.2 85.434772,27.802444,2317.1 85.43477,27.802436,2317 85.434767,27.802429,2316.9 85.434766,27.802423,2316.9 85.434768,27.802419,2316.8 85.434775,27.802415,2316.7 85.434779,27.80241,2316.6 85.434783,27.802404,2316.5 85.434786,27.802396,2316.4 85.434787,27.802388,2316.3 85.434787,27.802377,2316.2 85.434787,27.80237,2316.1 85.434789,27.80236,2316 85.434791,27.802354,2315.9 85.434793,27.802346,2315.8 85.434791,27.802338,2315.7 85.434789,27.802328,2315.6 85.434789,27.802318,2315.4 85.43479,27.802309,2315.3 85.434789,27.8023,2315.2 85.434788,27.802291,2315.1 85.434788,27.802284,2315 85.434788,27.802276,2314.9 85.434788,27.802266,2314.8 85.43479,27.802256,2314.7 85.434789,27.80225,2314.6 85.434788,27.802241,2314.5 85.434785,27.802233,2314.4 85.434783,27.802225,2314.3 85.434781,27.802217,2314.3 85.434781,27.802209,2314.2 85.434778,27.8022,2314.1 85.434775,27.80219,2314 85.434772,27.802183,2313.9 85.434772,27.802174,2313.8 85.434773,27.802164,2313.7 85.434771,27.802156,2313.6 85.434771,27.802146,2313.5 85.43477,27.802138,2313.4 85.434769,27.802129,2313.3 85.434767,27.80212,2313.3 85.434766,27.802112,2313.2 85.434766,27.802104,2313.1 85.434766,27.802093,2313 85.434765,27.802082,2312.9 85.434765,27.802072,2312.8 85.434764,27.802062,2312.7 85.434765,27.802051,2312.7 85.434766,27.802043,2312.6 85.434764,27.802035,2312.5 85.434759,27.802028,2312.5 85.43475,27.802022,2312.4 85.434742,27.802014,2312.3 85.434739,27.802004,2312.2 85.434733,27.801997,2312.2 85.434727,27.801989,2312.1 85.434725,27.80198,2312 85.434725,27.801973,2312 85.434723,27.801968,2311.9 85.434721,27.801961,2311.9 85.434718,27.80196,2311.9 85.434715,27.801956,2311.8 85.43471,27.801952,2311.8 85.434705,27.801948,2311.8 85.434698,27.801944,2311.7 85.434688,27.80194,2311.6 85.43468,27.801938,2311.6 85.43467,27.801933,2311.5 85.434664,27.801928,2311.5 85.434658,27.801922,2311.4 85.434652,27.801913,2311.4 85.434649,27.801905,2311.3 85.434646,27.801898,2311.2 85.434642,27.801891,2311.2 85.434639,27.801882,2311.1 85.434637,27.801871,2311 85.434634,27.80186,2311 85.434633,27.80185,2310.9 85.434634,27.80184,2310.8 85.434634,27.801832,2310.8 85.434634,27.801824,2310.7 85.434635,27.801814,2310.7 85.434635,27.801809,2310.6 85.434628,27.801805,2310.6 85.434616,27.801805,2310.5 85.434609,27.801799,2310.4 85.434605,27.801792,2310.4 85.434598,27.801786,2310.3 85.43459,27.801782,2310.3 85.434581,27.801778,2310.2 85.43457,27.801776,2310.1 85.43456,27.801775,2310.1 85.434552,27.801771,2310 85.434543,27.801765,2309.9 85.434538,27.801762,2309.9 85.434535,27.801756,2309.9 85.434533,27.80175,2309.8 85.434529,27.801741,2309.7 85.434519,27.801739,2309.7 85.434511,27.801732,2309.6 85.434498,27.801731,2309.5 85.434492,27.801725,2309.5 85.434485,27.801717,2309.4 85.43448,27.801707,2309.3 85.434476,27.801698,2309.3 85.434474,27.801686,2309.2 85.434472,27.801674,2309.1 85.43447,27.801662,2309 85.434468,27.80165,2308.9 85.434465,27.801639,2308.8 85.434464,27.801629,2308.8 85.434464,27.801619,2308.7 85.434464,27.80161,2308.6 85.434461,27.801602,2308.6 85.434458,27.801592,2308.5 85.434453,27.801583,2308.4 85.434453,27.801572,2308.4 85.434451,27.801564,2308.3 85.43445,27.801554,2308.2 85.434447,27.801544,2308.2 85.434447,27.801534,2308.1 85.434448,27.801524,2308 85.43445,27.801514,2308 85.434454,27.801505,2307.9 85.434462,27.801494,2307.8 85.434464,27.801487,2307.8 85.434464,27.801478,2307.7 85.43446,27.801467,2307.6 85.434456,27.801456,2307.5 85.434455,27.801444,2307.5 85.434446,27.801436,2307.4 85.43444,27.801427,2307.3 85.434439,27.801417,2307.2 85.434432,27.80141,2307.2 85.43443,27.801401,2307.1 85.434431,27.801391,2307 85.434431,27.801381,2307 85.434433,27.801372,2306.9 85.434436,27.801363,2306.8 85.434438,27.801354,2306.8 85.434438,27.801345,2306.7 85.434439,27.801335,2306.7 85.43444,27.801326,2306.6 85.434439,27.801316,2306.5 85.434437,27.801307,2306.5 85.43443,27.8013,2306.4 85.434423,27.801291,2306.3 85.434416,27.801283,2306.2 85.43441,27.801273,2306.2 85.434401,27.801265,2306.1 85.434391,27.801258,2306 85.434381,27.801251,2305.9 85.434369,27.801243,2305.8 85.434364,27.801237,2305.8 85.434358,27.80123,2305.7 85.434353,27.801222,2305.7 85.434347,27.801212,2305.6 85.434347,27.801206,2305.5 85.434347,27.801201,2305.5 85.434345,27.801197,2305.5 85.434348,27.801197,2305.5 85.434348,27.801194,2305.4 85.434349,27.801192,2305.4 85.434345,27.801189,2305.4 85.434335,27.801184,2305.3 85.434322,27.801176,2305.2 85.434309,27.801169,2305.1 85.434299,27.801164,2305.1 85.43429,27.80116,2305 85.434282,27.801157,2305 85.434274,27.801154,2304.9 85.434267,27.801148,2304.9 85.43426,27.801141,2304.8 85.434251,27.801136,2304.8 85.434244,27.801132,2304.7 85.434234,27.801128,2304.7 85.43423,27.801122,2304.6 85.434221,27.801115,2304.6 85.434217,27.801109,2304.5 85.434212,27.801101,2304.5 85.434206,27.801094,2304.4 85.434201,27.801085,2304.3 85.434194,27.801077,2304.3 85.434191,27.801068,2304.2 85.434187,27.80106,2304.2 85.434181,27.801052,2304.1 85.434178,27.801045,2304.1 85.434173,27.801037,2304 85.434168,27.801028,2304 85.434161,27.801019,2303.9 85.434154,27.801011,2303.8 85.434147,27.801003,2303.8 85.43414,27.800998,2303.7 85.434134,27.800992,2303.7 85.434128,27.800984,2303.6 85.434118,27.800979,2303.5 85.434105,27.800978,2303.5 85.434096,27.800975,2303.4 85.434091,27.800968,2303.3 85.434086,27.800959,2303.3 85.434082,27.800951,2303.2 85.434079,27.800943,2303.1 85.434074,27.800934,2303.1 85.434071,27.800925,2303 85.434068,27.800922,2303 85.434064,27.800915,2302.9 85.434062,27.800906,2302.9 85.434058,27.800904,2302.8 85.434056,27.800897,2302.8 85.434055,27.80089,2302.7 85.434057,27.800882,2302.7 85.434062,27.800875,2302.6 85.434067,27.800868,2302.6 85.434073,27.800859,2302.5 85.434079,27.800851,2302.4 85.434085,27.800844,2302.3 85.434091,27.800838,2302.3 85.434096,27.80083,2302.2 85.434099,27.800821,2302.2 85.434103,27.800815,2302.1 85.43411,27.800809,2302 85.434115,27.800799,2302 85.434118,27.800793,2301.9 85.434121,27.800784,2301.9 85.434126,27.800776,2301.8 85.434132,27.800767,2301.7 85.434138,27.800758,2301.6 85.434142,27.800749,2301.6 85.434145,27.800739,2301.5 85.434145,27.800729,2301.4 85.434138,27.800719,2301.4 85.434137,27.800708,2301.3 85.434134,27.800697,2301.2 85.43413,27.800685,2301.1 85.434127,27.800674,2301 85.434123,27.800662,2300.9 85.434119,27.800651,2300.9 85.434114,27.80064,2300.8 85.43411,27.800629,2300.7 85.434107,27.800616,2300.6 85.434106,27.800603,2300.5 85.434107,27.800591,2300.5 85.434109,27.80058,2300.4 85.434113,27.800569,2300.3 85.434116,27.800558,2300.2 85.434122,27.800549,2300.2 85.434126,27.800541,2300.1 85.434131,27.800533,2300.1 85.434139,27.800525,2300 85.434145,27.800514,2299.9 85.434151,27.800505,2299.9 85.434157,27.800498,2299.8 85.434166,27.80049,2299.8 85.434173,27.800484,2299.7 85.434179,27.800476,2299.7 85.434188,27.80047,2299.6 85.434197,27.800465,2299.5 85.434206,27.80046,2299.5 85.434215,27.800455,2299.4 85.434224,27.80045,2299.4 85.434232,27.800444,2299.3 85.434237,27.800441,2299.3 85.434242,27.800435,2299.3 85.434247,27.800426,2299.2 85.434252,27.800417,2299.2 85.434258,27.800405,2299.1 85.434265,27.800393,2299 85.434272,27.800382,2298.9 85.434278,27.800373,2298.9 85.434284,27.800361,2298.8 85.434289,27.800349,2298.7 85.434292,27.80034,2298.7 85.434299,27.800331,2298.6 85.434308,27.800322,2298.6 85.434315,27.800318,2298.5 85.434321,27.800312,2298.5 85.434327,27.800307,2298.5 85.434332,27.800301,2298.4 85.434337,27.800296,2298.4 85.434341,27.80029,2298.3 85.434346,27.800285,2298.3 85.43435,27.800277,2298.3 85.434354,27.800269,2298.2 85.434359,27.800261,2298.2 85.434366,27.800253,2298.1 85.434371,27.800246,2298.1 85.434376,27.800241,2298 85.434385,27.800234,2298 85.434392,27.800232,2297.9 85.434399,27.800227,2297.9 85.434404,27.800222,2297.9 85.434409,27.800215,2297.8 85.434415,27.800207,2297.8 85.434418,27.8002,2297.7 85.434422,27.800193,2297.7 85.434426,27.800187,2297.6 85.434433,27.800182,2297.6 85.434439,27.800177,2297.6 85.434445,27.800174,2297.5 85.434448,27.800171,2297.5 85.434454,27.800167,2297.4 85.434459,27.800169,2297.4 85.434464,27.800173,2297.4 85.434468,27.800176,2297.4 85.434476,27.800175,2297.3 85.43448,27.800172,2297.3 85.434483,27.800168,2297.2 85.434485,27.800161,2297.2 85.434487,27.800154,2297.2 85.434489,27.800144,2297.1 85.434492,27.800135,2297 85.434489,27.800129,2297 85.434489,27.800122,2296.9 85.434495,27.800114,2296.9 85.434494,27.800107,2296.8 85.434494,27.8001,2296.8 85.4345,27.800093,2296.7 85.434505,27.800086,2296.7 85.434509,27.800079,2296.6 85.434509,27.800072,2296.6 85.434509,27.800064,2296.5 85.434503,27.800061,2296.4 85.4345,27.800055,2296.4 85.434503,27.800047,2296.3 85.434504,27.800044,2296.3 85.4345,27.800043,2296.3 85.434499,27.800038,2296.3 85.434494,27.80003,2296.2 85.434493,27.800022,2296.1 85.434483,27.800017,2296.1 85.434475,27.80001,2296 85.434465,27.800003,2295.9 85.434457,27.799997,2295.8 85.434446,27.799993,2295.8 85.434434,27.799989,2295.7 85.434423,27.799984,2295.6 85.434415,27.799979,2295.5 85.434406,27.799976,2295.5 85.434397,27.799971,2295.4 85.434391,27.799964,2295.3 85.434392,27.799954,2295.3 85.434391,27.799943,2295.2 85.434389,27.799935,2295.1 85.434388,27.799929,2295.1 85.434389,27.799924,2295 85.434391,27.799918,2295 85.434395,27.799911,2294.9 85.434398,27.799905,2294.9 85.434399,27.799897,2294.8 85.4344,27.799895,2294.8 85.434402,27.799889,2294.8 85.434407,27.799882,2294.7 85.43441,27.799877,2294.7 85.434408,27.799874,2294.7 85.434402,27.799873,2294.6 85.434399,27.799872,2294.6 85.434395,27.799869,2294.6 85.434387,27.799863,2294.5 85.434379,27.79986,2294.5 85.43437,27.799857,2294.4 85.434365,27.799852,2294.3 85.434363,27.799843,2294.3 85.434365,27.79984,2294.3 85.434367,27.799835,2294.2 85.43437,27.799828,2294.2 85.43437,27.799823,2294.1 85.434372,27.799816,2294.1 85.434374,27.799808,2294 85.434374,27.7998,2294 85.434372,27.799795,2293.9 85.434369,27.799794,2293.9 85.434371,27.799795,2293.9 85.434372,27.799797,2293.9 85.434374,27.799801,2293.9 85.434375,27.799804,2293.8 85.434375,27.799807,2293.8 85.434375,27.799809,2293.8 85.434375,27.79981,2293.8 85.434374,27.799813,2293.8 85.434374,27.799815,2293.8 85.434373,27.799816,2293.7 85.434372,27.799815,2293.7 85.43437,27.799813,2293.7 85.434367,27.799807,2293.7 85.434365,27.799803,2293.6 85.434363,27.7998,2293.6 85.434364,27.799804,2293.6 85.434364,27.799805,2293.6 85.434364,27.799806,2293.6 85.434362,27.799806,2293.6 85.434361,27.799805,2293.6 85.434361,27.799806,2293.5 85.434358,27.799804,2293.5 85.434355,27.799798,2293.5 85.434352,27.799791,2293.4 85.434348,27.79979,2293.4 85.43435,27.799792,2293.4 85.434351,27.799797,2293.3 85.434354,27.799803,2293.3 85.434357,27.799808,2293.3 85.434358,27.799811,2293.2 85.43436,27.799812,2293.2 85.434361,27.799813,2293.2 85.434361,27.799814,2293.2 85.434362,27.799815,2293.2 85.434363,27.799816,2293.2 85.434363,27.799817,2293.2 85.434363,27.799817,2293.2 85.434363,27.799817,2293.2 85.434363,27.799818,2293.2 85.434363,27.799818,2293.2 85.434365,27.799819,2293.2 85.434365,27.79982,2293.1 85.434366,27.799821,2293.1 85.434366,27.799822,2293.1 85.434366,27.799823,2293.1 85.434366,27.799823,2293.1 85.434366,27.799823,2293.1 85.434366,27.799823,2293.1 85.434366,27.799823,2293.1 85.434366,27.799822,2293.1 85.434366,27.799821,2293.1 85.434365,27.799821,2293.1 85.434365,27.799821,2293.1 85.434365,27.799821,2293.1 85.434364,27.799821,2293.1 85.434363,27.799821,2293.1 85.434363,27.799821,2293.1 85.434363,27.799821,2293.1 85.434362,27.799821,2293.1 85.434362,27.799821,2293.1 85.434361,27.799822,2293.1 85.434361,27.799822,2293.1 85.434361,27.799822,2293.1 85.434361,27.799823,2293.1 85.434361,27.799823,2293.1 85.434361,27.799824,2293.1 85.434361,27.799824,2293.1 85.434361,27.799824,2293.1 85.434361,27.799824,2293.1 85.434361,27.799824,2293.1 85.434361,27.799824,2293.1 85.434361,27.799824,2293.1 85.434361,27.799824,2293.1 85.43436,27.799823,2293 85.434361,27.799821,2293 85.434361,27.79982,2293 85.434361,27.79982,2293 85.434362,27.799819,2293 85.434363,27.799818,2293 85.434362,27.799816,2293 85.434361,27.799812,2293 85.434359,27.799808,2292.9 85.434355,27.7998,2292.9 85.434347,27.799788,2292.7 85.434336,27.799773,2292.6 85.434322,27.79976,2292.5 85.43431,27.79975,2292.3 85.434302,27.799744,2292.3 85.434292,27.79974,2292.2 85.43428,27.799733,2292.1 85.434268,27.79973,2292 85.43425,27.799732,2291.8 85.434235,27.799729,2291.7 85.434223,27.799729,2291.6 85.434215,27.799732,2291.5 85.43421,27.799735,2291.5 85.434208,27.799739,2291.4 85.434207,27.799742,2291.4 85.434206,27.799744,2291.4 85.434204,27.799743,2291.3 85.434199,27.799743,2291.3 85.434189,27.799743,2291.2 85.434178,27.79974,2291.1 85.434171,27.799739,2291 85.434161,27.799734,2290.9 85.434157,27.799735,2290.9 85.434149,27.799732,2290.8 85.434141,27.799732,2290.7 85.434134,27.799732,2290.7 85.434128,27.799729,2290.6 85.434121,27.799726,2290.5 85.434115,27.799724,2290.5 85.434108,27.799722,2290.4 85.434104,27.79972,2290.3 85.4341,27.799722,2290.3 85.434095,27.799723,2290.2 85.434089,27.799722,2290.2 85.434087,27.799719,2290.1 85.434088,27.799714,2290.1 85.434087,27.799708,2290 85.434086,27.799701,2289.9 85.434085,27.799692,2289.8 85.43409,27.799685,2289.7 85.434096,27.79968,2289.6 85.434096,27.799673,2289.5 85.434093,27.799665,2289.4 85.43409,27.799664,2289.4 85.434082,27.799666,2289.3 85.434068,27.799666,2289.1 85.434059,27.799665,2289 85.434052,27.799664,2288.9 85.434045,27.799661,2288.8 85.434042,27.799665,2288.8 85.43404,27.799667,2288.7 85.434038,27.799669,2288.7 85.43403,27.799668,2288.6 85.434024,27.79967,2288.5 85.434014,27.799669,2288.4 85.434004,27.79967,2288.3 85.433994,27.799668,2288.2 85.433988,27.799664,2288.1 85.433985,27.799664,2288 85.433984,27.799664,2288 85.433985,27.799665,2288 85.433988,27.799668,2288 85.43399,27.799669,2287.9 85.433994,27.799671,2287.9 85.433996,27.799672,2287.8 85.433998,27.799673,2287.8 85.433998,27.799673,2287.8 85.433998,27.799673,2287.8 85.433998,27.799673,2287.8 85.433998,27.799673,2287.8 85.433997,27.799672,2287.8 85.433995,27.799672,2287.8 85.433986,27.799672,2287.6 85.433959,27.799672,2287.3 85.433952,27.799663,2287.1 85.433948,27.799652,2287 85.433937,27.799645,2286.8 85.433927,27.79964,2286.6 85.433918,27.799631,2286.4 85.433915,27.799619,2286.2 85.433919,27.79961,2286.1 85.433923,27.799605,2286 85.433924,27.799602,2285.9 85.433919,27.799605,2285.8 85.433915,27.799609,2285.7 85.433905,27.799614,2285.6 85.433895,27.799615,2285.4 85.433894,27.799612,2285.4 85.433899,27.799611,2285.3 85.433903,27.799613,2285.2 85.433902,27.799614,2285.2 85.433901,27.799614,2285.2 85.4339,27.799614,2285.1 85.433899,27.799615,2285.1 85.433898,27.799616,2285.1 85.433898,27.799617,2285.1 85.433898,27.799618,2285.1 85.433898,27.799619,2285 85.433898,27.799619,2285 85.433898,27.79962,2285 85.433899,27.79962,2285 85.4339,27.799619,2285 85.433901,27.799619,2285 85.433905,27.799617,2284.9 85.433908,27.799615,2284.8 85.433909,27.799613,2284.8 85.433919,27.799608,2284.6 85.433924,27.799604,2284.5 85.433928,27.799602,2284.4 85.433931,27.799602,2284.4 85.433933,27.799601,2284.3 85.433935,27.799601,2284.3 85.433935,27.799602,2284.3 85.433936,27.799602,2284.3 85.433937,27.799602,2284.2 85.433939,27.799602,2284.2 85.43394,27.799603,2284.2 85.433942,27.799605,2284.1 85.433944,27.799607,2284.1 85.433946,27.79961,2284 85.433946,27.799612,2284 85.433944,27.799616,2283.9 85.433941,27.799619,2283.8 85.433934,27.799624,2283.7 85.433931,27.799622,2283.6 85.43393,27.799619,2283.5 85.433932,27.799616,2283.4 85.433935,27.799616,2283.4 85.433937,27.799617,2283.3 85.433938,27.799619,2283.3 85.433938,27.799619,2283.3 85.433938,27.799619,2283.3 85.433937,27.799619,2283.3 85.433936,27.79962,2283.3 85.433935,27.799621,2283.2 85.433933,27.799621,2283.2 85.433932,27.799622,2283.2 85.433931,27.799622,2283.1 85.43393,27.799624,2283.1 85.433929,27.799624,2283.1 85.433929,27.799624,2283.1 85.433928,27.799623,2283 85.433928,27.799623,2283 85.433927,27.799622,2283 85.433926,27.799621,2283 85.433926,27.79962,2283 85.433925,27.799619,2282.9 85.433924,27.799618,2282.9 85.433924,27.799617,2282.9 85.433924,27.799616,2282.9 85.433924,27.799615,2282.9 85.433924,27.799613,2282.8 85.433924,27.799612,2282.8 85.433924,27.799612,2282.8 85.433924,27.799612,2282.8 85.433924,27.799613,2282.8 85.433924,27.799612,2282.7 85.433926,27.799612,2282.7 85.433928,27.799611,2282.7 85.433929,27.799611,2282.6 85.433929,27.79961,2282.6 85.433929,27.799611,2282.6 85.43393,27.799612,2282.6 85.43393,27.799614,2282.5 85.433931,27.799615,2282.5 85.43393,27.799617,2282.5 85.433929,27.799619,2282.4 85.433929,27.799619,2282.4 85.43393,27.79962,2282.4 85.43393,27.799621,2282.4 85.433929,27.799622,2282.3 85.433929,27.799622,2282.3 85.433928,27.799623,2282.3 85.433927,27.799624,2282.3 85.433928,27.799624,2282.3 85.433928,27.799624,2282.3 85.433928,27.799626,2282.2 85.433927,27.799629,2282.2 85.433926,27.799629,2282.1 85.433925,27.79963,2282.1 85.433924,27.799631,2282.1 85.433924,27.799631,2282.1 85.433925,27.799632,2282 85.433925,27.799635,2282 85.433928,27.799637,2281.9 85.433932,27.799638,2281.8 85.433936,27.799638,2281.8 85.433939,27.799637,2281.7 85.433939,27.799636,2281.7 85.43394,27.799638,2281.6 85.433942,27.79964,2281.6 85.433944,27.799642,2281.5 85.433944,27.799644,2281.5 85.433945,27.799645,2281.4 85.433946,27.799646,2281.4 85.433947,27.799647,2281.4 85.433947,27.799649,2281.3 85.433947,27.79965,2281.3 85.433947,27.799651,2281.3 85.433946,27.799652,2281.3 85.433945,27.799653,2281.2 85.433943,27.799653,2281.2 85.433941,27.799652,2281.2 85.433935,27.799652,2281 85.43393,27.799652,2280.9 85.433926,27.799653,2280.9 85.43392,27.799653,2280.8 85.433915,27.799654,2280.7 85.433911,27.799654,2280.6 85.433907,27.799656,2280.5 85.433903,27.799657,2280.4 85.4339,27.799658,2280.4 85.433896,27.799659,2280.3 85.433893,27.799661,2280.2 85.433889,27.799662,2280.1 85.433887,27.799662,2280.1 85.433884,27.799665,2280 85.433882,27.799667,2279.9 85.433881,27.799671,2279.9 85.43388,27.799674,2279.8 85.433878,27.799677,2279.7 85.433877,27.799677,2279.7 85.433878,27.799678,2279.7 85.43388,27.799679,2279.6 85.433882,27.79968,2279.6 85.433885,27.79968,2279.5 85.433888,27.799679,2279.5 85.433889,27.799679,2279.4 85.43389,27.799679,2279.4 85.433889,27.799679,2279.4 85.433888,27.799681,2279.4 85.433889,27.799684,2279.3 85.433892,27.799685,2279.2 85.433895,27.799687,2279.2 85.433897,27.799688,2279.1 85.433899,27.799688,2279.1 85.433901,27.799689,2279 85.433903,27.79969,2279 85.433906,27.799692,2278.9 85.433907,27.799692,2278.9 85.433908,27.799692,2278.9 85.433909,27.799691,2278.8 85.43391,27.79969,2278.8 85.43391,27.79969,2278.8 85.433911,27.799689,2278.8 85.433912,27.799689,2278.8 85.433913,27.799689,2278.8 85.433912,27.79969,2278.7 85.43391,27.799689,2278.7 85.433905,27.799687,2278.6 85.433904,27.799682,2278.5 85.433906,27.799678,2278.4 85.43391,27.799677,2278.3 85.433913,27.799676,2278.2 85.433917,27.799675,2278.2 85.433919,27.799675,2278.1 85.433919,27.799675,2278.1 85.433922,27.799678,2278 85.433929,27.799683,2277.9 85.433938,27.799687,2277.7 85.433946,27.799691,2277.5 85.433952,27.799692,2277.4 85.433957,27.79969,2277.3 85.433957,27.799691,2277.3 85.433953,27.799691,2277.2 85.433951,27.79969,2277.1 85.43395,27.799688,2277.1 85.433949,27.799686,2277 85.433948,27.799682,2276.9 85.433946,27.799679,2276.9 85.433945,27.799677,2276.8 85.433944,27.799675,2276.8 85.433945,27.799675,2276.8 85.433945,27.799674,2276.7 85.433944,27.799675,2276.7 85.433942,27.799675,2276.7 85.433943,27.799677,2276.6 85.433945,27.799678,2276.6 85.433946,27.799678,2276.6 85.433947,27.799679,2276.5 85.433948,27.799679,2276.5 85.433949,27.79968,2276.5 85.43395,27.79968,2276.5 85.43395,27.799682,2276.4 85.433951,27.799683,2276.4 85.433952,27.799685,2276.4 85.433953,27.799686,2276.3 85.433954,27.799686,2276.3 85.433955,27.799686,2276.3 85.433956,27.799686,2276.3 85.433958,27.799688,2276.2 85.43396,27.79969,2276.2 85.433958,27.799692,2276.1 85.433956,27.799691,2276.1 85.433954,27.799689,2276 85.433952,27.799688,2276 85.433952,27.799688,2276 85.433952,27.799687,2275.9 85.433951,27.799686,2275.9 85.433948,27.799685,2275.9 85.433947,27.799684,2275.8 85.433945,27.799684,2275.8 85.433944,27.799683,2275.8 85.433943,27.799682,2275.7 85.433943,27.799682,2275.7 85.433943,27.799682,2275.7 85.433941,27.79968,2275.7 85.43394,27.799679,2275.6 85.43394,27.799679,2275.6 85.433939,27.799678,2275.6 85.433939,27.799678,2275.6 85.433938,27.799678,2275.6 85.433938,27.799678,2275.6 85.433938,27.799677,2275.6 85.433937,27.799677,2275.6 85.433937,27.799677,2275.6 85.433936,27.799676,2275.5 85.433936,27.799676,2275.5 85.433936,27.799675,2275.5 85.433934,27.799674,2275.5 85.433933,27.799675,2275.4 85.433932,27.799677,2275.4 85.433934,27.799678,2275.3 85.433935,27.799677,2275.3 85.433935,27.799676,2275.3 85.433934,27.799674,2275.2 85.433933,27.799673,2275.2 85.433932,27.799673,2275.2 85.433931,27.799673,2275.2 85.433931,27.799672,2275.2 85.433931,27.799672,2275.2 85.43393,27.799672,2275.1 85.43393,27.799672,2275.1 85.433929,27.799671,2275.1 85.433929,27.799671,2275.1 85.433927,27.799672,2275.1 85.433928,27.799673,2275 85.43393,27.799673,2275 85.43393,27.799672,2275 85.433929,27.799672,2275 85.433928,27.799669,2274.9 85.433928,27.799666,2274.8 85.43393,27.799665,2274.8 85.43393,27.799665,2274.8 85.433928,27.799665,2274.8 85.433927,27.799666,2274.7 85.433926,27.799666,2274.7 85.433926,27.799666,2274.7 85.433924,27.799666,2274.7 85.433925,27.799666,2274.7 85.433925,27.799667,2274.6 85.433924,27.799667,2274.6 85.433923,27.799667,2274.6 85.433922,27.799666,2274.6 85.433922,27.799666,2274.6 85.433922,27.799667,2274.5 85.433923,27.799666,2274.5 85.433924,27.799667,2274.5 85.433924,27.799668,2274.5 85.433924,27.799668,2274.5 85.433923,27.799668,2274.4 85.433922,27.799668,2274.4 85.433922,27.799667,2274.4 85.433922,27.799667,2274.4 85.433921,27.799666,2274.4 85.433917,27.799666,2274.3 85.433917,27.799665,2274.3 85.433917,27.799665,2274.3 85.433917,27.799665,2274.3 85.433916,27.799665,2274.3 85.433916,27.799665,2274.3 85.433916,27.799665,2274.3 85.433916,27.799665,2274.3 85.433916,27.799665,2274.3 85.433915,27.799665,2274.2 85.433915,27.799665,2274.2 85.433915,27.799664,2274.2 85.433914,27.799664,2274.2 85.433914,27.799664,2274.2 85.433913,27.799665,2274.2 85.433913,27.799665,2274.2 85.433913,27.799665,2274.2 85.433912,27.799665,2274.2 85.433911,27.799665,2274.1 85.43391,27.799665,2274.1 85.43391,27.799665,2274.1 85.433909,27.799665,2274.1 85.433908,27.799665,2274.1 85.433908,27.799664,2274.1 85.433908,27.799663,2274 85.433908,27.799661,2274 85.43391,27.799661,2274 85.433912,27.799661,2273.9 85.433914,27.799661,2273.9 85.433916,27.799661,2273.8 85.433917,27.799662,2273.8 85.433919,27.799661,2273.8 85.43392,27.799659,2273.7 85.433921,27.799658,2273.7 85.433923,27.799657,2273.7 85.433923,27.799656,2273.6 85.433924,27.799656,2273.6 85.433924,27.799656,2273.6 85.433925,27.799655,2273.6 85.433925,27.799655,2273.6 85.433925,27.799655,2273.6 85.433926,27.799655,2273.6 85.433926,27.799655,2273.6 85.433927,27.799654,2273.5 85.433928,27.799654,2273.5 85.433928,27.799653,2273.5 85.43393,27.799651,2273.4 85.433931,27.799652,2273.4 85.433933,27.799653,2273.4 85.433934,27.799653,2273.4 85.433938,27.799653,2273.3 85.433941,27.799654,2273.2 85.433943,27.799655,2273.2 85.433944,27.799655,2273.2 85.433946,27.799655,2273.1 85.433947,27.799656,2273.1 85.433949,27.799657,2273.1 85.433951,27.799657,2273 85.433953,27.799658,2273 85.433955,27.799658,2272.9 85.433956,27.799657,2272.9 85.433957,27.799656,2272.9 85.433958,27.799655,2272.8 85.433959,27.799655,2272.8 85.43396,27.799655,2272.8 85.433962,27.799655,2272.8 85.433962,27.799654,2272.8 85.433962,27.799654,2272.8 85.433964,27.799653,2272.7 85.433964,27.799653,2272.7 85.433965,27.799653,2272.7 85.433966,27.799653,2272.7 85.433968,27.799654,2272.6 85.433968,27.799655,2272.6 85.43397,27.799657,2272.5 85.433971,27.799658,2272.5 85.433972,27.79966,2272.5 85.433974,27.799661,2272.4 85.433975,27.799662,2272.4 85.433977,27.799663,2272.4 85.433978,27.799664,2272.3 85.433978,27.799665,2272.3 85.433978,27.799665,2272.3 85.433979,27.799666,2272.3 85.43398,27.799668,2272.2 85.43398,27.799668,2272.2 85.43398,27.799668,2272.2 85.433978,27.79967,2272.2 85.433978,27.79967,2272.2 85.433977,27.799672,2272.1 85.433976,27.799676,2272 85.433976,27.799677,2272 85.433978,27.799675,2272 85.43398,27.799674,2271.9 85.433981,27.799674,2271.9 85.433981,27.799676,2271.9 85.433981,27.799678,2271.8 85.433975,27.799688,2271.6 85.433973,27.799692,2271.5 85.433973,27.799697,2271.4 85.433974,27.799697,2271.3 85.433974,27.799694,2271.3 85.433975,27.79969,2271.2 85.433975,27.799687,2271.1 85.433976,27.799685,2271.1 85.433978,27.799684,2271 85.43398,27.799682,2271 85.433984,27.79968,2270.9 85.433988,27.799678,2270.8 85.433993,27.799676,2270.7 85.433999,27.799675,2270.5 85.434006,27.799674,2270.4 85.434014,27.799672,2270.2 85.434023,27.799669,2270 85.43403,27.799666,2269.9 85.434032,27.799664,2269.8 85.434031,27.799663,2269.8 85.434031,27.799663,2269.8 85.434033,27.799664,2269.7 85.434036,27.799665,2269.7 85.434038,27.799666,2269.6 85.434039,27.799667,2269.6 85.43404,27.799668,2269.6 85.434041,27.799669,2269.5 85.434041,27.799669,2269.5 85.434042,27.799669,2269.5 85.434041,27.799669,2269.5 85.434042,27.799669,2269.5 85.434043,27.799669,2269.4 85.434042,27.79967,2269.4 85.434043,27.79967,2269.4 85.434044,27.79967,2269.4 85.434045,27.79967,2269.3 85.434046,27.79967,2269.3 85.434044,27.79967,2269.3 85.434041,27.799672,2269.2 85.434038,27.799672,2269.1 85.434034,27.799671,2269.1 85.434025,27.79967,2268.9 85.434017,27.799668,2268.7 85.434008,27.799665,2268.5 85.434002,27.79966,2268.3 85.434008,27.799658,2268.2 85.434013,27.79966,2268.1 85.434018,27.79966,2268 85.434024,27.79966,2267.8 85.434031,27.799659,2267.7 85.434036,27.799657,2267.6 85.434041,27.799659,2267.5 85.434045,27.799662,2267.4 85.434047,27.799665,2267.3 85.43405,27.799665,2267.2 85.434054,27.799665,2267.1 85.434056,27.799665,2267.1 85.434057,27.799668,2267 85.434053,27.799667,2266.9 85.434044,27.799665,2266.7 85.434031,27.799665,2266.4 85.434019,27.799665,2266 85.434006,27.799664,2265.6 85.433999,27.799661,2265.3 85.433995,27.799657,2265.1 85.433993,27.799651,2264.8 85.43399,27.799651,2264.7 85.433988,27.799654,2264.5 85.433987,27.799659,2264.3 85.433986,27.799662,2264.1 85.433985,27.799664,2263.9 85.433983,27.799665,2263.8 85.433982,27.799666,2263.6 85.433981,27.799667,2263.4 85.433979,27.799667,2263.3 85.433978,27.799668,2263.2 85.433977,27.799668,2263 85.433976,27.799668,2262.9 85.433976,27.799669,2262.8 85.433975,27.79967,2262.7 85.433974,27.79967,2262.5 85.433974,27.79967,2262.4 85.433974,27.79967,2262.3 85.433974,27.799671,2262.2 85.433975,27.79967,2262.1 85.433972,27.799667,2261.9 85.433964,27.799666,2261.6 85.433953,27.799664,2261.3 85.433942,27.799659,2261 85.433931,27.799653,2260.7 85.433925,27.799647,2260.4 85.433918,27.799643,2260.2 85.433911,27.799639,2260 85.433904,27.799636,2259.7 85.433901,27.799631,2259.5 85.433909,27.79963,2259.3 85.433922,27.799631,2259 85.433926,27.799633,2258.9 85.433928,27.799634,2258.8 85.43393,27.799635,2258.7 85.433932,27.799635,2258.6 85.433936,27.799636,2258.4 85.433939,27.799637,2258.2 85.433942,27.799637,2258.1 85.433942,27.799636,2258 85.43394,27.799637,2257.9 85.433938,27.799639,2257.8 85.433936,27.799639,2257.6 85.433932,27.799639,2257.5 85.43393,27.799637,2257.4 85.433929,27.799634,2257.2 85.433932,27.799632,2257.1 85.433939,27.79963,2256.9 85.433945,27.799632,2256.8 85.433954,27.799634,2256.6 85.433963,27.799638,2256.4 85.433973,27.799639,2256.2 85.433986,27.79964,2256 85.433993,27.799643,2255.9 85.433994,27.799646,2255.7 85.433994,27.799646,2255.7 85.433994,27.799645,2255.5 85.433995,27.799645,2255.4 85.433995,27.799645,2255.4 85.433996,27.799645,2255.3 85.433996,27.799645,2255.2 85.433996,27.799645,2255.1 85.433996,27.799645,2255 85.433997,27.799645,2254.9 85.433996,27.799645,2254.9 85.433996,27.799645,2254.8 85.433996,27.799645,2254.7 85.433998,27.799645,2254.6 85.433999,27.799644,2254.5 85.433999,27.799644,2254.4 85.433999,27.799644,2254.3 85.433999,27.799644,2254.2 85.433999,27.799644,2254.1 85.433998,27.799644,2254.1 85.433999,27.799644,2254 85.433999,27.799644,2253.9 85.433999,27.799644,2253.8 85.433999,27.799644,2253.7 85.434,27.799644,2253.6 85.434,27.799643,2253.6 85.434,27.799643,2253.5 85.434001,27.799643,2253.4 85.434001,27.799643,2253.3 85.434001,27.799643,2253.2 85.434002,27.799643,2253.1 85.434002,27.799643,2253 85.434003,27.799643,2253 85.434003,27.799643,2252.9 85.434003,27.799643,2252.8 85.434004,27.799643,2252.7 85.434004,27.799642,2252.6 85.434005,27.799643,2252.5 85.434005,27.799643,2252.5 85.434006,27.799642,2252.3 85.434006,27.799642,2252.2 85.434006,27.799642,2252.2 85.434006,27.799642,2252.2 85.434006,27.799642,2252.2 85.434006,27.799642,2252.2 85.434006,27.799642,2252.2 85.434006,27.799642,2252.2 85.434006,27.799642,2252.2 85.434006,27.799642,2252.2 85.434006,27.799642,2252.2 85.434006,27.799642,2252.2 85.434005,27.799642,2252.2 85.434005,27.799642,2252.2 85.434005,27.799643,2252.2 85.434005,27.799643,2252.2 85.434004,27.799643,2252.2 85.434004,27.799643,2252.2 85.434004,27.799643,2252.2 85.434004,27.799643,2252.2 85.434003,27.799643,2252.2 85.434003,27.799643,2252.2 85.434003,27.799643,2252.2 85.434003,27.799643,2252.2 85.434003,27.799644,2252.2 85.434002,27.799644,2252.2 85.434002,27.799644,2252.2 85.434002,27.799645,2252.2 85.434001,27.799645,2252.2 85.434001,27.799645,2252.2 85.434001,27.799645,2252.2 85.434001,27.799644,2252.2 85.434001,27.799644,2252.2 85.434001,27.799644,2252.2 85.434,27.799644,2252.2 85.434,27.799644,2252.2 85.434,27.799643,2252.2 85.434,27.799643,2252.2 85.434,27.799643,2252.2 85.434,27.799643,2252.2 85.434,27.799643,2252.2 85.434,27.799643,2252.2 85.434,27.799643,2252.2 85.434,27.799643,2252.2 85.434,27.799643,2252.2 85.434,27.799643,2252.2 85.434,27.799644,2252.2 85.434,27.799644,2252.2 85.434,27.799644,2252.2 85.434001,27.799645,2252.2 85.434,27.799647,2252.2 85.434001,27.799647,2252.2 85.434,27.799649,2252.2 85.433999,27.79965,2252.2 85.433998,27.79965,2252.2 85.433998,27.79965,2252.2 85.433996,27.79965,2252.1 85.433994,27.79965,2252.1 85.433993,27.79965,2252.1 85.433992,27.799651,2252.1 85.43399,27.799652,2252.1 85.433988,27.799653,2252.1 85.433987,27.799653,2252.1 85.433987,27.799653,2252.1 85.433986,27.799653,2252.1 85.433985,27.799653,2252.1 85.433984,27.799653,2252.1 85.433983,27.799654,2252.1 85.433982,27.799654,2252.1 85.433983,27.799655,2252.1 85.433984,27.799655,2252.1 85.433986,27.799656,2252.1 85.433993,27.799658,2252 85.433997,27.799658,2252 85.434,27.799659,2252 85.433996,27.799661,2252 85.43399,27.799661,2252 85.433981,27.79966,2252 85.433975,27.799657,2251.9 85.433968,27.799653,2251.9 85.433967,27.799654,2251.9 85.433963,27.799657,2251.9 85.433963,27.799659,2251.9 85.433961,27.79966,2251.9 85.433961,27.799661,2251.9 85.433962,27.799662,2251.9 85.433964,27.799662,2251.9 85.433965,27.799662,2251.9 85.433964,27.799661,2251.8 85.433963,27.79966,2251.8 85.433958,27.799659,2251.8 85.433954,27.799658,2251.8 85.433952,27.799657,2251.8 85.433946,27.799654,2251.8 85.433933,27.799648,2251.7 85.433923,27.799642,2251.7 85.433918,27.799638,2251.7 85.433915,27.799634,2251.7 85.433917,27.799634,2251.7 85.43392,27.799636,2251.7 85.433921,27.799639,2251.6 85.433921,27.799641,2251.6 85.433922,27.799642,2251.6 85.433922,27.799643,2251.6 85.433922,27.799644,2251.6 85.433922,27.799645,2251.6 85.433923,27.799646,2251.6 85.433923,27.799646,2251.6 85.433922,27.799647,2251.6 85.433922,27.799649,2251.6 85.433922,27.79965,2251.6 85.433921,27.799651,2251.6 85.43392,27.799652,2251.6 85.433919,27.799652,2251.6 85.433919,27.799653,2251.6 85.433919,27.799652,2251.6 85.433918,27.799652,2251.6 85.433918,27.799652,2251.6 85.433919,27.799651,2251.6 85.433919,27.799651,2251.6 85.433918,27.799652,2251.6 85.433917,27.799653,2251.6 85.433917,27.799654,2251.6 85.433918,27.799656,2251.6 85.433919,27.799657,2251.6 85.433919,27.799658,2251.5 85.433919,27.799659,2251.5 85.433919,27.79966,2251.5 85.433921,27.799661,2251.5 85.433923,27.799663,2251.5 85.433924,27.799664,2251.5 85.433926,27.799665,2251.5 85.433927,27.799666,2251.5 85.433928,27.799667,2251.5 85.433929,27.799667,2251.5 85.433929,27.799668,2251.5 85.43393,27.799668,2251.5 85.433929,27.799668,2251.5 85.433929,27.799668,2251.5 85.43393,27.799668,2251.5 85.43393,27.799668,2251.5 85.433931,27.799668,2251.5 85.433931,27.799669,2251.5 85.433932,27.799669,2251.5 85.433931,27.799669,2251.5 85.433931,27.799669,2251.5 85.433931,27.799669,2251.5 85.433932,27.79967,2251.5 85.433932,27.79967,2251.5 85.433932,27.79967,2251.5 85.433931,27.79967,2251.5 85.433932,27.799671,2251.5 85.433932,27.799671,2251.5 85.433931,27.799671,2251.5 85.433931,27.79967,2251.5 85.433931,27.79967,2251.5 85.43393,27.79967,2251.5 85.43393,27.799669,2251.5 85.433929,27.79967,2251.4 85.433929,27.79967,2251.4 85.433929,27.79967,2251.4 85.433929,27.79967,2251.4 85.433929,27.79967,2251.4 85.433929,27.799671,2251.4 85.433928,27.79967,2251.4 85.433929,27.799671,2251.4 85.433928,27.799671,2251.4 85.433928,27.799671,2251.4 85.433927,27.79967,2251.4 85.433927,27.79967,2251.4 85.433927,27.79967,2251.4 85.433927,27.799669,2251.4 85.433929,27.799668,2251.4 85.433929,27.799668,2251.4 85.43393,27.799668,2251.4 85.43393,27.799668,2251.4 85.433929,27.799667,2251.4 85.433928,27.799668,2251.4 85.433929,27.79967,2251.4 85.433928,27.799671,2251.4 85.433927,27.799672,2251.4 85.433927,27.799673,2251.4 85.433928,27.799674,2251.4 85.433931,27.799674,2251.4 85.433931,27.799675,2251.4 85.433932,27.799675,2251.4 85.433932,27.799675,2251.4 85.433933,27.799676,2251.4 85.433934,27.799677,2251.4 85.433934,27.799678,2251.4 85.433934,27.799679,2251.3 85.433935,27.79968,2251.3 85.433935,27.79968,2251.3 85.433935,27.799681,2251.3 85.433934,27.799681,2251.3 85.433932,27.799681,2251.3 85.43393,27.799681,2251.3 85.433928,27.799681,2251.3 85.433927,27.79968,2251.3 85.433925,27.799679,2251.3 85.433925,27.799679,2251.3 85.433923,27.799678,2251.3 85.433921,27.799676,2251.3 85.433919,27.799675,2251.3 85.433917,27.799675,2251.3 85.433915,27.799675,2251.3 85.433914,27.799676,2251.3 85.433914,27.799675,2251.3 85.433914,27.799675,2251.3 85.433914,27.799675,2251.3 85.433914,27.799674,2251.3 85.433914,27.799674,2251.3 85.433913,27.799674,2251.3 85.433911,27.799674,2251.3 85.43391,27.799673,2251.2 85.433908,27.799672,2251.2 85.433907,27.799672,2251.2 85.433906,27.799672,2251.2 85.433905,27.799673,2251.2 85.433905,27.799673,2251.2 85.433904,27.799672,2251.2 85.433904,27.799672,2251.2 85.433903,27.799672,2251.2 85.433903,27.799671,2251.2 85.433904,27.799671,2251.2 85.433905,27.799673,2251.2 85.433904,27.799673,2251.2 85.433904,27.799674,2251.2 85.433903,27.799674,2251.2 85.433903,27.799674,2251.2 85.433902,27.799675,2251.2 85.433902,27.799675,2251.2 85.433902,27.799675,2251.2 85.433902,27.799675,2251.2 85.433901,27.799675,2251.2 85.433901,27.799675,2251.2 85.433901,27.799675,2251.2 85.433901,27.799676,2251.2 85.433903,27.799676,2251.2 85.433904,27.799674,2251.2 85.433905,27.799673,2251.2 85.433913,27.799671,2251.1 85.433915,27.799671,2251.1 85.433916,27.79967,2251.1 85.433919,27.799669,2251.1 85.433931,27.799667,2251.1 85.433941,27.799663,2251.1 85.433947,27.799656,2251 85.433954,27.799646,2251 85.433959,27.799632,2250.9 85.433963,27.799621,2250.9 85.433971,27.799607,2250.8 85.43398,27.799597,2250.8 85.43399,27.799587,2250.8 85.434001,27.799578,2250.7 85.434011,27.79957,2250.7 85.434018,27.799561,2250.7 85.434025,27.799551,2250.6 85.43403,27.799541,2250.6 85.434035,27.79953,2250.6 85.434046,27.799523,2250.5 85.434055,27.799515,2250.5 85.434059,27.799508,2250.5 85.434065,27.799501,2250.5 85.434073,27.799496,2250.4 85.43408,27.79949,2250.4 85.43409,27.799487,2250.4 85.434099,27.799487,2250.4 85.434106,27.799485,2250.4 85.434113,27.79948,2250.4 85.434123,27.799474,2250.4 85.434129,27.799471,2250.3 85.434136,27.799466,2250.3 85.434146,27.799461,2250.3 85.434158,27.799456,2250.3 85.434168,27.799451,2250.3 85.434177,27.799447,2250.3 85.434185,27.799446,2250.3 85.434191,27.799446,2250.2 85.434197,27.799445,2250.2 85.434205,27.799442,2250.2 85.434213,27.799437,2250.2 85.434223,27.799431,2250.2 85.434229,27.799428,2250.2 85.434237,27.799423,2250.2 85.434246,27.799415,2250.1 85.43425,27.799406,2250.1 85.434256,27.799397,2250.1 85.434257,27.799389,2250.1 85.434263,27.799381,2250.1 85.434265,27.799375,2250.1 85.434261,27.799368,2250.1 85.434262,27.799361,2250.1 85.434263,27.799355,2250 85.434261,27.799347,2250 85.434254,27.799338,2250 85.434245,27.799332,2250 85.43424,27.799323,2250 85.434235,27.799316,2249.9 85.434232,27.799307,2249.9 85.434228,27.799298,2249.9 85.434223,27.79929,2249.9 85.434222,27.799281,2249.9 85.434212,27.799277,2249.8 85.434206,27.79927,2249.8 85.434203,27.799261,2249.8 85.434197,27.799255,2249.8 85.434193,27.799248,2249.7 85.434188,27.799241,2249.7 85.434186,27.799234,2249.7 85.434186,27.799226,2249.7 85.434186,27.799223,2249.7 85.434184,27.799219,2249.7 85.434187,27.799211,2249.6 85.434192,27.799207,2249.6 85.4342,27.799201,2249.6 85.43421,27.799195,2249.6 85.43422,27.799188,2249.5 85.434229,27.799181,2249.5 85.434237,27.799174,2249.5 85.434243,27.799169,2249.4 85.434251,27.799164,2249.4 85.434259,27.799159,2249.4 85.434267,27.799153,2249.3 85.434271,27.799146,2249.3 85.434275,27.79914,2249.3 85.434277,27.799135,2249.3 85.434276,27.799128,2249.2 85.434273,27.799122,2249.2 85.434269,27.799117,2249.2 85.434265,27.799111,2249.1 85.43426,27.799106,2249.1 85.434255,27.799102,2249.1 85.434252,27.799099,2249.1 85.434249,27.799096,2249 85.434247,27.799094,2249 85.434244,27.799091,2249 85.434242,27.799089,2249 85.43424,27.799087,2249 85.434237,27.799085,2249 85.434233,27.799081,2248.9 85.43423,27.799076,2248.9 85.434223,27.799064,2248.8 85.434217,27.799049,2248.7 85.434219,27.79904,2248.7 85.434222,27.799031,2248.6 85.434222,27.799022,2248.6 85.434222,27.799013,2248.5 85.43422,27.799008,2248.5 85.43422,27.799003,2248.4 85.434221,27.799,2248.4 85.434221,27.798999,2248.4 85.434219,27.798997,2248.4 85.434217,27.798998,2248.4 85.434216,27.798998,2248.4 85.434215,27.798996,2248.3 85.434214,27.798993,2248.3 85.434213,27.798989,2248.3 85.434214,27.798983,2248.2 85.434217,27.798976,2248.2 85.43422,27.798969,2248.1 85.434222,27.79896,2248 85.434225,27.798952,2248 85.434226,27.798943,2247.9 85.434228,27.798934,2247.8 85.434231,27.798925,2247.7 85.434234,27.798916,2247.6 85.434234,27.798908,2247.5 85.434233,27.798898,2247.4 85.434237,27.798889,2247.3 85.434243,27.79888,2247.2 85.434251,27.798872,2247.1 85.434256,27.798862,2247 85.434259,27.798851,2246.9 85.434258,27.79884,2246.7 85.434257,27.79883,2246.6 85.434256,27.798821,2246.5 85.434252,27.798809,2246.3 85.43425,27.798801,2246.2 85.434246,27.79879,2246.1 85.434243,27.798782,2246 85.434239,27.798775,2245.9 85.434233,27.798768,2245.7 85.434228,27.798759,2245.6 85.434224,27.798748,2245.5 85.434218,27.798739,2245.3 85.434213,27.798731,2245.2 85.434209,27.798726,2245.1 85.434205,27.798721,2245 85.434202,27.798716,2244.9 85.434201,27.798712,2244.9 85.4342,27.798707,2244.8 85.434201,27.798703,2244.7 85.434201,27.798697,2244.6 85.434201,27.798688,2244.5 85.4342,27.79868,2244.4 85.434202,27.798679,2244.4 85.434205,27.798683,2244.3 85.434205,27.798687,2244.2 85.434204,27.79869,2244.2 85.434204,27.798691,2244.2 85.434204,27.79869,2244.2 85.434204,27.79869,2244.2 85.434204,27.79869,2244.2 85.434204,27.79869,2244.2 85.434204,27.79869,2244.2 85.434204,27.798689,2244.1 85.434203,27.79869,2244.1 85.434202,27.79869,2244.1 85.434201,27.79869,2244.1 85.434201,27.798689,2244.1 85.4342,27.798689,2244.1 85.4342,27.798689,2244.1 85.434199,27.798688,2244.1 85.434198,27.798687,2244 85.434196,27.798683,2244 85.434194,27.798678,2243.9 85.43419,27.798667,2243.7 85.434184,27.79865,2243.5 85.43418,27.798634,2243.2 85.434178,27.798622,2243 85.434174,27.798611,2242.9 85.434173,27.7986,2242.7 85.434173,27.79859,2242.5 85.434172,27.798579,2242.4 85.434173,27.79857,2242.2 85.434172,27.798561,2242.1 85.434169,27.798552,2241.9 85.434165,27.798543,2241.8 85.434165,27.798534,2241.6 85.434162,27.798528,2241.5 85.434162,27.79852,2241.4 85.434163,27.798515,2241.3 85.434167,27.798511,2241.3 85.434169,27.798507,2241.2 85.434169,27.798506,2241.2 85.43417,27.798502,2241.1 85.434171,27.7985,2241.1 85.434172,27.798499,2241 85.434174,27.798496,2241 85.434174,27.798493,2240.9 85.434174,27.798489,2240.9 85.434173,27.798485,2240.8 85.434171,27.798478,2240.7 85.43417,27.798471,2240.6 85.434167,27.798459,2240.4 85.434165,27.798448,2240.2 85.434163,27.798435,2239.9 85.434161,27.798424,2239.8 85.434158,27.798414,2239.6 85.434157,27.798404,2239.4 85.434158,27.798396,2239.3 85.434158,27.798391,2239.2 85.434158,27.798384,2239.1 85.434155,27.798376,2238.9 85.43415,27.79837,2238.8 85.434148,27.79836,2238.6 85.434146,27.798352,2238.4 85.434145,27.798345,2238.3 85.434146,27.798337,2238.2 85.434145,27.79833,2238 85.434147,27.798323,2237.9 85.434143,27.79832,2237.8 85.434138,27.798315,2237.7 85.434134,27.798307,2237.6 85.434129,27.798306,2237.5 85.434128,27.798302,2237.4 85.434124,27.798295,2237.3 85.434119,27.798287,2237.1 85.434112,27.798278,2236.9 85.434102,27.79827,2236.7 85.434093,27.798261,2236.5 85.434086,27.798253,2236.3 85.434078,27.798249,2236.1 85.434069,27.798243,2235.9 85.43406,27.798238,2235.8 85.434056,27.798233,2235.6 85.434052,27.798227,2235.5 85.434048,27.798224,2235.4 85.434042,27.798219,2235.3 85.434039,27.798221,2235.2 85.434036,27.798219,2235.1 85.434031,27.798213,2235 85.434031,27.798209,2234.9 85.434034,27.798203,2234.8 85.434036,27.798195,2234.6 85.434044,27.798188,2234.4 85.434054,27.798182,2234.2 85.434061,27.798178,2234.1 85.434062,27.798172,2233.9 85.43406,27.798164,2233.8 85.434057,27.798156,2233.6 85.434051,27.798149,2233.4 85.434044,27.798142,2233.2 85.434039,27.798136,2233.1 85.434031,27.798133,2232.9 85.434023,27.79813,2232.8 85.434019,27.798123,2232.6 85.43402,27.798116,2232.5 85.434023,27.798107,2232.3 85.434026,27.798101,2232.2 85.434031,27.798096,2232 85.434035,27.798091,2231.9 85.434035,27.798086,2231.8 85.434034,27.798079,2231.7 85.434032,27.798072,2231.5 85.43403,27.798063,2231.3 85.434029,27.798054,2231.2 85.434026,27.798044,2231 85.434026,27.798034,2230.8 85.434026,27.798024,2230.6 85.434025,27.798019,2230.5 85.434025,27.798012,2230.4 85.434027,27.798004,2230.2 85.434029,27.797997,2230.1 85.434028,27.79799,2229.9 85.434026,27.797982,2229.8 85.434022,27.797977,2229.7 85.43402,27.79797,2229.5 85.434016,27.79796,2229.4 85.434007,27.797954,2229.2 85.434002,27.797944,2229 85.433996,27.797933,2228.8 85.433994,27.797922,2228.6 85.433993,27.797913,2228.5 85.433994,27.797902,2228.3 85.433995,27.797892,2228.1 85.433996,27.797885,2228 85.433996,27.797881,2228 85.433994,27.797877,2227.9 85.433992,27.797873,2227.9 85.433987,27.797866,2227.7 85.433982,27.797862,2227.6 85.433974,27.797857,2227.5 85.433965,27.797853,2227.4 85.43396,27.797848,2227.3 85.433958,27.797842,2227.2 85.433957,27.797836,2227.1 85.433955,27.797826,2227 85.433952,27.79782,2226.9 85.433948,27.797818,2226.8 85.433948,27.797817,2226.8 85.433947,27.797815,2226.8 85.433942,27.797808,2226.7 85.433939,27.797805,2226.6 85.433934,27.7978,2226.5 85.433928,27.797793,2226.4 85.433924,27.79779,2226.3 85.433917,27.797786,2226.3 85.433914,27.797782,2226.2 85.433909,27.797778,2226.1 85.433901,27.797771,2226 85.433896,27.797766,2225.9 85.433894,27.797766,2225.9 85.433888,27.797762,2225.8 85.433882,27.79776,2225.7 85.433876,27.797755,2225.6 85.433873,27.79775,2225.5 85.433871,27.797744,2225.4 85.433873,27.797738,2225.4 85.433873,27.797731,2225.3 85.433874,27.797722,2225.1 85.433878,27.797718,2225.1 85.433876,27.797714,2225 85.433872,27.797708,2224.9 85.433867,27.7977,2224.8 85.433861,27.797696,2224.7 85.433857,27.797691,2224.6 85.433853,27.797684,2224.5 85.433852,27.797683,2224.5 85.433849,27.79768,2224.4 85.433847,27.797673,2224.3 85.433853,27.797672,2224.3 85.433858,27.797666,2224.1 85.433861,27.79766,2224 85.433863,27.797652,2223.9 85.433867,27.79765,2223.9 85.43387,27.797642,2223.7 85.433871,27.797637,2223.7 85.433875,27.797631,2223.6 85.433879,27.797626,2223.5 85.433883,27.79762,2223.4 85.433888,27.797618,2223.3 85.433892,27.797614,2223.2 85.433897,27.797608,2223.1 85.4339,27.797602,2222.9 85.433904,27.797597,2222.8 85.433908,27.797593,2222.7 85.433911,27.797588,2222.7 85.433913,27.797585,2222.6 85.433916,27.797581,2222.5 85.433919,27.797577,2222.4 85.433923,27.797571,2222.3 85.43393,27.797565,2222.2 85.433938,27.797561,2222 85.433945,27.797558,2221.9 85.433952,27.797557,2221.8 85.433961,27.797557,2221.6 85.433973,27.79756,2221.4 85.433984,27.797566,2221.2 85.433995,27.79757,2221 85.434005,27.797568,2220.9 85.434013,27.797564,2220.7 85.434016,27.797556,2220.5 85.434016,27.797548,2220.4 85.434017,27.797538,2220.2 85.434021,27.79753,2220 85.434025,27.797525,2219.9 85.434027,27.79752,2219.8 85.434029,27.797513,2219.7 85.43403,27.79751,2219.6 85.434032,27.797504,2219.5 85.434035,27.797496,2219.3 85.434037,27.797487,2219.1 85.434034,27.79748,2219 85.434031,27.797473,2218.9 85.434029,27.797462,2218.6 85.434023,27.797453,2218.4 85.434021,27.797445,2218.3 85.434019,27.797437,2218.1 85.434012,27.797434,2218 85.434007,27.79743,2217.9 85.434003,27.797424,2217.7 85.434,27.797423,2217.7 85.433997,27.797419,2217.6 85.43399,27.797414,2217.4 85.433982,27.797409,2217.3 85.433976,27.797403,2217.1 85.433969,27.797395,2216.9 85.433962,27.797392,2216.8 85.433954,27.797388,2216.7 85.433946,27.79738,2216.5 85.43394,27.797377,2216.4 85.433935,27.79737,2216.2 85.433928,27.79737,2216.1 85.433921,27.797366,2216 85.433916,27.79736,2215.8 85.433914,27.797354,2215.7 85.433913,27.797348,2215.6 85.43391,27.79734,2215.4 85.433905,27.797334,2215.3 85.4339,27.797327,2215.2 85.433897,27.79732,2215 85.433892,27.797314,2214.9 85.433886,27.797307,2214.8 85.433884,27.7973,2214.6 85.433881,27.797291,2214.5 85.433876,27.797284,2214.3 85.433871,27.797278,2214.2 85.433864,27.797272,2214.1 85.433861,27.797266,2214 85.43386,27.797258,2213.8 85.433858,27.79725,2213.7 85.433855,27.797242,2213.6 85.433848,27.797237,2213.5 85.433838,27.797233,2213.3 85.433834,27.79723,2213.2 85.433834,27.797226,2213.2 85.433828,27.797218,2213 85.433824,27.797217,2213 85.433817,27.797211,2212.8 85.433812,27.797211,2212.8 85.433803,27.79721,2212.6 85.433794,27.797206,2212.5 85.433793,27.797197,2212.4 85.433797,27.797191,2212.3 85.433795,27.797184,2212.2 85.433793,27.797178,2212.1 85.433791,27.797171,2212 85.433788,27.797165,2211.9 85.433783,27.797161,2211.8 85.433778,27.797161,2211.7 85.43377,27.797163,2211.6 85.433762,27.797167,2211.5 85.433753,27.79717,2211.4 85.433742,27.797176,2211.2 85.43373,27.797182,2211 85.433719,27.797192,2210.8 85.433713,27.797198,2210.7 85.433708,27.797202,2210.6 85.433702,27.79721,2210.5 85.433695,27.797214,2210.4 85.433687,27.797215,2210.3 85.433681,27.797214,2210.2 85.433678,27.797212,2210.1 85.433673,27.797213,2210.1 85.433668,27.797214,2210 85.433664,27.797212,2210 85.433665,27.797203,2209.8 85.433663,27.797193,2209.7 85.433657,27.797187,2209.6 85.433652,27.797184,2209.5 85.433646,27.797182,2209.4 85.433645,27.797181,2209.4 85.433641,27.797181,2209.4 85.433635,27.79718,2209.3 85.433626,27.797181,2209.2 85.433614,27.797182,2209 85.433601,27.797183,2208.9 85.433591,27.797185,2208.7 85.433585,27.797182,2208.6 85.43358,27.797179,2208.6 85.433576,27.797176,2208.5 85.433571,27.797173,2208.4 85.433563,27.797168,2208.3 85.433557,27.797158,2208.1 85.433549,27.797149,2207.8 85.433549,27.797137,2207.5 85.433549,27.797124,2207.1 85.43355,27.797109,2206.7 85.433549,27.797097,2206.3 85.433543,27.797087,2206 85.433543,27.79708,2205.8 85.43354,27.797072,2205.6 85.433539,27.797065,2205.4 85.433542,27.797057,2205.1 85.433547,27.79705,2204.9 85.433548,27.797043,2204.7 85.433551,27.797035,2204.5 85.433555,27.797026,2204.2 85.43356,27.797019,2204 85.433564,27.797011,2203.7 85.433565,27.797001,2203.4 85.433567,27.796992,2203.2 85.433566,27.796984,2202.9 85.433561,27.796978,2202.7 85.433554,27.796973,2202.5 85.433546,27.796968,2202.3 85.43354,27.796962,2202.1 85.433536,27.796954,2201.9 85.433537,27.796944,2201.6 85.433542,27.796937,2201.4 85.433548,27.796932,2201.2 85.433547,27.796924,2201 85.433544,27.796916,2200.8 85.433541,27.796909,2200.7 85.433536,27.796906,2200.5 85.433532,27.796899,2200.3 85.433526,27.796897,2200.2 85.433525,27.796893,2200.1 85.433524,27.796884,2199.9 85.43352,27.79688,2199.8 85.433521,27.796876,2199.7 85.433522,27.796868,2199.5 85.433517,27.796869,2199.4 85.433511,27.796864,2199.3 85.433505,27.796859,2199.1 85.433496,27.796853,2198.9 85.433485,27.796848,2198.7 85.433475,27.796841,2198.4 85.433467,27.796836,2198.2 85.433456,27.796835,2198 85.433445,27.796832,2197.8 85.433437,27.796834,2197.7 85.433432,27.796832,2197.6 85.433431,27.796829,2197.5 85.433426,27.796829,2197.4 85.433418,27.796826,2197.3 85.433413,27.796826,2197.2 85.43341,27.796824,2197.1 85.433406,27.796823,2197 85.433397,27.796818,2196.9 85.433395,27.796818,2196.9 85.433392,27.796815,2196.8 85.433393,27.79682,2196.7 85.433387,27.79682,2196.6 85.433378,27.796818,2196.5 85.43337,27.796816,2196.4 85.433364,27.796817,2196.3 85.433356,27.796815,2196.2 85.433345,27.79681,2196 85.43334,27.796809,2195.9 85.433336,27.796804,2195.9 85.433331,27.796797,2195.8 85.433328,27.796789,2195.6 85.433328,27.796782,2195.5 85.433331,27.796774,2195.5 85.433329,27.796765,2195.3 85.433322,27.796757,2195.2 85.433321,27.796751,2195.2 85.433316,27.796742,2195.1 85.433315,27.796738,2195 85.433311,27.796729,2194.9 85.433312,27.796719,2194.8 85.433316,27.796711,2194.7 85.433315,27.796703,2194.7 85.433313,27.796692,2194.6 85.433316,27.796687,2194.5 85.43332,27.796678,2194.4 85.433317,27.796673,2194.4 85.433316,27.796667,2194.3 85.433315,27.796663,2194.3 85.433314,27.796659,2194.2 85.433314,27.796653,2194.2 85.433314,27.796649,2194.1 85.433316,27.796643,2194.1 85.433319,27.796636,2194 85.433321,27.796627,2193.9 85.433322,27.796623,2193.9 85.433324,27.796616,2193.8 85.433328,27.796608,2193.7 85.433333,27.796602,2193.7 85.433339,27.796596,2193.6 85.433348,27.79659,2193.5 85.433358,27.796583,2193.4 85.433367,27.796576,2193.3 85.433376,27.796569,2193.2 85.433385,27.796562,2193.1 85.433394,27.796557,2193.1 85.433403,27.79655,2193 85.43341,27.796544,2192.9 85.433418,27.796539,2192.8 85.433426,27.796537,2192.8 85.433436,27.796535,2192.7 85.433444,27.796533,2192.6 85.433453,27.796531,2192.6 85.433461,27.79653,2192.5 85.433466,27.796529,2192.5 85.433471,27.796526,2192.4 85.433473,27.796524,2192.4 85.433475,27.796521,2192.4 85.433481,27.796518,2192.3 85.433488,27.79651,2192.3 85.433498,27.796502,2192.2 85.433509,27.796495,2192.1 85.433518,27.796487,2192 85.433525,27.796479,2191.9 85.433532,27.79647,2191.8 85.433536,27.796458,2191.7 85.433538,27.796447,2191.6 85.433539,27.796436,2191.5 85.433539,27.796426,2191.4 85.433541,27.796416,2191.3 85.433543,27.796407,2191.2 85.433548,27.796399,2191.2 85.433554,27.796392,2191.1 85.433559,27.796383,2191 85.433563,27.796373,2190.9 85.433566,27.796363,2190.8 85.43357,27.796354,2190.7 85.433569,27.796345,2190.6 85.433571,27.796335,2190.6 85.433572,27.796325,2190.5 85.433579,27.796316,2190.4 85.433587,27.796308,2190.3 85.433593,27.796301,2190.3 85.433599,27.796293,2190.2 85.433604,27.796287,2190.1 85.433607,27.79628,2190.1 85.43361,27.796272,2190 85.433612,27.796264,2190 85.433614,27.796256,2189.9 85.433617,27.796248,2189.9 85.43362,27.79624,2189.9 85.433621,27.79623,2189.8 85.43362,27.796221,2189.8 85.433617,27.796216,2189.7 85.433615,27.796211,2189.7 85.433615,27.796204,2189.7 85.433617,27.796198,2189.6 85.433622,27.796192,2189.6 85.433626,27.796186,2189.6 85.43363,27.79618,2189.6 85.433635,27.796173,2189.5 85.433634,27.796167,2189.5 85.433635,27.79616,2189.5 85.433633,27.796155,2189.5 85.433632,27.79615,2189.5 85.433634,27.796143,2189.4 85.433639,27.796135,2189.4 85.433645,27.796128,2189.4 85.433651,27.796123,2189.4 85.433657,27.796119,2189.3 85.433664,27.796113,2189.3 85.43367,27.796108,2189.3 85.433677,27.796102,2189.3 85.433683,27.796094,2189.2 85.433689,27.796086,2189.2 85.433696,27.79608,2189.2 85.433702,27.796073,2189.2 85.433706,27.796065,2189.2 85.433712,27.796057,2189.2 85.433719,27.79605,2189.1 85.433726,27.796043,2189.1 85.433734,27.796037,2189.1 85.433739,27.796032,2189.1 85.433746,27.796026,2189.1 85.433755,27.796022,2189.1 85.433764,27.796017,2189.1 85.433774,27.796013,2189 85.433783,27.796008,2189 85.433792,27.796002,2189 85.4338,27.795998,2189 85.433808,27.795993,2189 85.433818,27.795987,2189 85.433827,27.795983,2189 85.433837,27.795979,2189 85.433847,27.795974,2188.9 85.433855,27.795969,2188.9 85.433864,27.795963,2188.9 85.433872,27.795958,2188.9 85.433883,27.795952,2188.9 85.433892,27.795949,2188.9 85.433903,27.795947,2188.9 85.433914,27.795944,2188.9 85.433925,27.795941,2188.9 85.433935,27.795938,2188.9 85.433945,27.795934,2188.9 85.433955,27.79593,2188.8 85.433964,27.795925,2188.8 85.433972,27.795919,2188.8 85.433979,27.795912,2188.8 85.433985,27.795903,2188.8 85.433992,27.795894,2188.8 85.433999,27.795885,2188.8 85.434007,27.795879,2188.8 85.434016,27.795873,2188.8 85.434023,27.795868,2188.8 85.434031,27.795862,2188.8 85.434039,27.795855,2188.7 85.434048,27.795847,2188.7 85.434054,27.795838,2188.7 85.434061,27.795829,2188.7 85.434066,27.795819,2188.7 85.434072,27.79581,2188.7 85.434073,27.795798,2188.7 85.434075,27.795786,2188.7 85.434077,27.795775,2188.7 85.43408,27.795763,2188.7 85.434085,27.795753,2188.7 85.434085,27.795741,2188.7 85.434085,27.79573,2188.7 85.434086,27.795718,2188.7 85.434089,27.795708,2188.6 85.434089,27.795698,2188.6 85.434089,27.795689,2188.6 85.434091,27.795679,2188.6 85.434091,27.79567,2188.6 85.434092,27.79566,2188.7 85.434092,27.79565,2188.7 85.434092,27.79564,2188.7 85.43409,27.79563,2188.7 85.43409,27.79562,2188.7 85.434091,27.795609,2188.7 85.434093,27.7956,2188.7 85.434093,27.795591,2188.7 85.434094,27.795582,2188.7 85.434094,27.795574,2188.7 85.434094,27.795565,2188.8 85.43409,27.795556,2188.8 85.434087,27.795547,2188.8 85.434085,27.795538,2188.8 85.434079,27.795528,2188.8 85.434078,27.795519,2188.8 85.43408,27.795509,2188.9 85.434081,27.795498,2188.9 85.434084,27.795491,2188.9 85.434088,27.795484,2188.9 85.43409,27.795476,2189 85.434094,27.795468,2189 85.434098,27.795461,2189 85.434102,27.795453,2189 85.434105,27.795447,2189.1 85.434108,27.795439,2189.1 85.434112,27.795432,2189.1 85.434117,27.795424,2189.2 85.434119,27.795418,2189.2 85.434121,27.795408,2189.2 85.434123,27.795402,2189.2 85.434127,27.795396,2189.2 85.43413,27.795388,2189.3 85.434134,27.795382,2189.3 85.434139,27.795376,2189.3 85.434144,27.795368,2189.4 85.434148,27.79536,2189.4 85.434152,27.795352,2189.4 85.434154,27.795344,2189.5 85.434156,27.795337,2189.5 85.434158,27.795328,2189.5 85.434159,27.795319,2189.6 85.434163,27.795311,2189.6 85.434169,27.795302,2189.6 85.434172,27.795293,2189.7 85.434173,27.795285,2189.7 85.434172,27.795276,2189.7 85.434174,27.795268,2189.8 85.434177,27.795261,2189.8 85.434182,27.795253,2189.8 85.434185,27.795245,2189.8 85.434188,27.795235,2189.9 85.434192,27.795226,2189.9 85.434196,27.795216,2189.9 85.4342,27.795208,2190 85.434201,27.795199,2190 85.434202,27.79519,2190 85.434206,27.795181,2190 85.434208,27.795172,2190.1 85.434214,27.795163,2190.1 85.434219,27.795153,2190.1 85.434222,27.795144,2190.1 85.434227,27.795134,2190.1 85.434233,27.795124,2190.2 85.434236,27.795115,2190.2 85.434241,27.795106,2190.2 85.434246,27.795097,2190.2 85.434251,27.795088,2190.2 85.434258,27.795079,2190.2 85.434266,27.795071,2190.2 85.434273,27.795063,2190.2 85.43428,27.795054,2190.2 85.434287,27.795046,2190.2 85.434295,27.795038,2190.2 85.434305,27.795031,2190.2 85.434314,27.795024,2190.2 85.434324,27.795017,2190.2 85.434335,27.795011,2190.2 85.434345,27.795005,2190.2 85.434355,27.794997,2190.2 85.434364,27.794991,2190.2 85.434373,27.794983,2190.2 85.434381,27.794976,2190.3 85.43439,27.794969,2190.3 85.434399,27.794962,2190.3 85.434408,27.794956,2190.3 85.434417,27.79495,2190.3 85.434426,27.794944,2190.3 85.434435,27.794937,2190.3 85.434442,27.79493,2190.3 85.43445,27.794922,2190.3 85.434458,27.794914,2190.3 85.434467,27.794906,2190.3 85.434475,27.794899,2190.3 85.434482,27.79489,2190.3 85.43449,27.79488,2190.3 85.4345,27.794869,2190.3 85.434508,27.794859,2190.3 85.434514,27.794848,2190.3 85.43452,27.794838,2190.3 85.434525,27.794826,2190.3 85.43453,27.794816,2190.3 85.434535,27.794805,2190.3 85.434538,27.794795,2190.4 85.434541,27.794784,2190.4 85.434545,27.794773,2190.4 85.43455,27.794766,2190.4 85.434555,27.79476,2190.4 85.43456,27.794755,2190.4 85.434566,27.79475,2190.4 85.434571,27.794743,2190.3 85.434578,27.794736,2190.3 85.434583,27.794728,2190.3 85.434587,27.79472,2190.3 85.43459,27.794712,2190.3 85.434593,27.794705,2190.3 85.434595,27.794696,2190.3 85.434598,27.794686,2190.3 85.434603,27.794675,2190.3 85.434608,27.794665,2190.3 85.434614,27.794655,2190.3 85.43462,27.794646,2190.3 85.434627,27.794637,2190.3 85.434633,27.794629,2190.3 85.434639,27.794621,2190.3 85.434646,27.794614,2190.3 85.434655,27.794607,2190.2 85.434663,27.794599,2190.2 85.434667,27.79459,2190.2 85.434673,27.794583,2190.2 85.434678,27.794577,2190.2 85.434681,27.79457,2190.2 85.434684,27.794564,2190.2 85.434688,27.794557,2190.2 85.434696,27.794549,2190.2 85.434706,27.794542,2190.1 85.434716,27.794534,2190.1 85.434728,27.794527,2190.1 85.434737,27.794521,2190.1 85.434748,27.794514,2190.1 85.434759,27.794508,2190.1 85.434771,27.794503,2190.1 85.434784,27.794499,2190.1 85.434797,27.794494,2190 85.434809,27.79449,2190 85.43482,27.794484,2190 85.43483,27.794478,2190 85.43484,27.794472,2190 85.43485,27.794466,2190 85.434859,27.794459,2190 85.434867,27.794452,2190 85.434875,27.794445,2190 85.434885,27.79444,2189.9 85.434891,27.794433,2189.9 85.434898,27.794425,2189.9 85.434903,27.794417,2189.9 85.43491,27.794409,2189.9 85.434916,27.7944,2189.9 85.434923,27.794392,2189.9 85.434928,27.794382,2189.8 85.434934,27.794373,2189.8 85.434938,27.794363,2189.8 85.434943,27.794353,2189.8 85.434948,27.794342,2189.8 85.43495,27.794332,2189.7 85.434954,27.794322,2189.7 85.434957,27.794312,2189.6 85.434962,27.794303,2189.6 85.434968,27.794296,2189.6 85.43497,27.794289,2189.5 85.434971,27.794281,2189.5 85.434973,27.794274,2189.5 85.434974,27.794267,2189.4 85.434976,27.79426,2189.4 85.434977,27.79425,2189.3 85.434981,27.794238,2189.3 85.434986,27.794225,2189.2 85.434993,27.794214,2189.1 85.435001,27.794204,2189 85.435009,27.794194,2188.9 85.435015,27.794186,2188.8 85.435021,27.794177,2188.7 85.435026,27.794168,2188.7 85.435031,27.794158,2188.6 85.435037,27.79415,2188.5 85.435043,27.794139,2188.4 85.435049,27.79413,2188.3 85.435057,27.794121,2188.2 85.435065,27.794112,2188 85.435075,27.794102,2187.9 85.435085,27.794092,2187.8 85.435094,27.794083,2187.7 85.435104,27.794075,2187.5 85.435114,27.794067,2187.4 85.435123,27.794058,2187.3 85.435131,27.79405,2187.2 85.435138,27.794041,2187.1 85.435143,27.79403,2187 85.435149,27.794021,2186.9 85.435156,27.794011,2186.7 85.435159,27.794003,2186.7 85.435162,27.793993,2186.6 85.435167,27.793983,2186.5 85.435173,27.793973,2186.3 85.43518,27.793965,2186.3 85.435186,27.793956,2186.2 85.435192,27.793946,2186.1 85.435197,27.793936,2186 85.435202,27.793927,2185.9 85.435207,27.793918,2185.8 85.435213,27.79391,2185.7 85.435219,27.7939,2185.6 85.435222,27.793892,2185.5 85.435227,27.793884,2185.5 85.435228,27.793876,2185.4 85.435229,27.793866,2185.3 85.435228,27.793856,2185.2 85.435228,27.793847,2185.2 85.43523,27.793839,2185.1 85.435233,27.793834,2185.1 85.435237,27.793832,2185 85.435241,27.793829,2185 85.435244,27.793824,2184.9 85.435246,27.793819,2184.9 85.435248,27.793812,2184.8 85.435251,27.793804,2184.8 85.435254,27.793797,2184.7 85.435259,27.793789,2184.6 85.435267,27.793782,2184.5 85.435274,27.793774,2184.5 85.43528,27.793765,2184.4 85.435283,27.793753,2184.3 85.435287,27.793742,2184.2 85.435285,27.793732,2184.1 85.435286,27.793722,2184 85.435289,27.793712,2183.9 85.435292,27.793704,2183.8 85.435295,27.793695,2183.7 85.435298,27.793685,2183.6 85.435302,27.793675,2183.5 85.435307,27.793665,2183.4 85.43531,27.793657,2183.3 85.435318,27.793652,2183.2 85.435329,27.793655,2183.1 85.435335,27.79365,2183 85.435339,27.793641,2182.9 85.435342,27.793631,2182.8 85.435344,27.793621,2182.7 85.435348,27.79361,2182.6 85.435348,27.7936,2182.5 85.435348,27.793589,2182.4 85.435348,27.79358,2182.3 85.435349,27.79357,2182.2 85.435343,27.793562,2182.1 85.435338,27.793552,2182 85.435334,27.793543,2181.9 85.435329,27.793535,2181.8 85.435326,27.793527,2181.7 85.435323,27.793517,2181.6 85.435319,27.793508,2181.5 85.435315,27.793498,2181.4 85.435313,27.793489,2181.3 85.435311,27.79348,2181.2 85.435307,27.793476,2181.2 85.435305,27.793469,2181.1 85.435306,27.793463,2181.1 85.435308,27.793454,2181 85.435311,27.793449,2181 85.435313,27.793441,2180.9 85.435315,27.793433,2180.8 85.435317,27.793425,2180.8 85.43532,27.793415,2180.7 85.435321,27.793409,2180.7 85.435324,27.793403,2180.6 85.435327,27.793397,2180.6 85.435329,27.793392,2180.5 85.435332,27.793387,2180.5 85.435335,27.79338,2180.5 85.435337,27.793375,2180.4 85.435338,27.79337,2180.4 85.435338,27.793363,2180.4 85.435338,27.793355,2180.3 85.435338,27.793347,2180.3 85.435338,27.793339,2180.2 85.435339,27.793329,2180.2 85.435335,27.793322,2180.1 85.435334,27.793313,2180.1 85.435334,27.793304,2180.1 85.435336,27.793296,2180 85.435334,27.793287,2180 85.435335,27.793278,2180 85.435334,27.79327,2179.9 85.435337,27.793262,2179.9 85.43534,27.793254,2179.9 85.435344,27.793245,2179.8 85.435347,27.793235,2179.8 85.435352,27.793228,2179.8 85.435358,27.793218,2179.7 85.435364,27.793211,2179.7 85.435371,27.793204,2179.7 85.435377,27.793197,2179.6 85.435384,27.79319,2179.6 85.435389,27.79318,2179.6 85.435388,27.793171,2179.6 85.435389,27.793164,2179.5 85.435391,27.793156,2179.5 85.435395,27.793148,2179.5 85.4354,27.793141,2179.5 85.435406,27.793134,2179.4 85.43541,27.793127,2179.4 85.435414,27.793119,2179.4 85.435421,27.793111,2179.4 85.435428,27.793105,2179.4 85.435433,27.793097,2179.3 85.43544,27.793089,2179.3 85.435446,27.793082,2179.3 85.435452,27.793075,2179.3 85.43546,27.793067,2179.3 85.435468,27.79306,2179.2 85.435476,27.793052,2179.2 85.435483,27.793044,2179.2 85.435487,27.793035,2179.2 85.435494,27.793027,2179.2 85.435497,27.793018,2179.1 85.4355,27.793009,2179.1 85.435506,27.793001,2179.1 85.435511,27.792992,2179.1 85.435517,27.792983,2179.1 85.435522,27.792974,2179.1 85.435528,27.792966,2179.1 85.435532,27.792957,2179 85.435537,27.792948,2179 85.435542,27.792938,2179 85.435545,27.792927,2179 85.435546,27.792916,2179 85.435547,27.792906,2179 85.435545,27.792895,2179 85.435544,27.792885,2179 85.435544,27.792874,2179 85.435543,27.792864,2178.9 85.435541,27.792852,2178.9 85.435537,27.792842,2178.9 85.435533,27.792831,2178.9 85.43553,27.792821,2178.9 85.435526,27.79281,2178.9 85.435524,27.7928,2178.9 85.435521,27.79279,2178.9 85.435519,27.792779,2178.8 85.435515,27.79277,2178.8 85.435511,27.792762,2178.8 85.43551,27.792753,2178.8 85.435508,27.792743,2178.8 85.435507,27.792735,2178.8 85.435506,27.792724,2178.7 85.435504,27.792715,2178.7 85.435504,27.792706,2178.7 85.435504,27.792696,2178.7 85.435503,27.792688,2178.7 85.435503,27.792679,2178.6 85.435501,27.792672,2178.6 85.435501,27.792662,2178.6 85.435501,27.792653,2178.5 85.435501,27.792645,2178.5 85.435497,27.792637,2178.5 85.435492,27.792628,2178.4 85.435487,27.792619,2178.4 85.435484,27.792612,2178.4 85.435481,27.792602,2178.3 85.435477,27.792594,2178.2 85.435475,27.792586,2178.2 85.435474,27.792576,2178.1 85.435474,27.792566,2178.1 85.435474,27.792554,2178 85.435476,27.792547,2177.9 85.43548,27.792537,2177.8 85.435483,27.792529,2177.7 85.435487,27.79252,2177.7 85.435488,27.792511,2177.6 85.43549,27.792502,2177.5 85.435493,27.792493,2177.4 85.435496,27.792483,2177.2 85.435499,27.792475,2177.1 85.435502,27.792465,2177 85.435503,27.792455,2176.9 85.435502,27.792445,2176.7 85.435502,27.792436,2176.6 85.435504,27.792427,2176.5 85.435506,27.792419,2176.3 85.435509,27.79241,2176.2 85.435512,27.792401,2176 85.435517,27.792392,2175.8 85.435518,27.792384,2175.7 85.435519,27.792375,2175.6 85.435519,27.792367,2175.4 85.43552,27.792358,2175.2 85.435521,27.792347,2175 85.435522,27.792337,2174.8 85.435523,27.792326,2174.6 85.435523,27.792316,2174.4 85.43552,27.792307,2174.2 85.435518,27.792298,2174.1 85.435518,27.79229,2173.9 85.435521,27.792282,2173.7 85.435525,27.792272,2173.5 85.435527,27.792265,2173.3 85.435527,27.792257,2173.2 85.435529,27.792249,2173 85.435534,27.792241,2172.8 85.435534,27.792236,2172.7 85.435533,27.79223,2172.6 85.435533,27.792221,2172.4 85.435533,27.792213,2172.2 85.435531,27.792207,2172.1 85.43553,27.7922,2171.9 85.435533,27.792192,2171.7 85.435534,27.792187,2171.6 85.435533,27.792179,2171.5 85.435535,27.792172,2171.3 85.435535,27.792166,2171.2 85.435536,27.79216,2171.1 85.435536,27.792153,2170.9 85.435534,27.792147,2170.8 85.435533,27.792141,2170.6 85.435533,27.792132,2170.5 85.435532,27.792127,2170.3 85.435535,27.79212,2170.2 85.435535,27.792111,2170 85.435534,27.792105,2169.9 85.435534,27.7921,2169.8 85.435537,27.792096,2169.7 85.435543,27.792093,2169.5 85.435547,27.792087,2169.4 85.435548,27.792079,2169.2 85.435548,27.792071,2169.1 85.435547,27.792065,2168.9 85.435546,27.79206,2168.8 85.435548,27.792053,2168.7 85.435552,27.792046,2168.5 85.435558,27.792039,2168.4 85.435564,27.792032,2168.2 85.435568,27.792029,2168.1 85.435575,27.792026,2168 85.435582,27.792023,2167.9 85.435586,27.792014,2167.7 85.43559,27.792005,2167.5 85.435596,27.791998,2167.4 85.435604,27.791992,2167.2 85.435611,27.791987,2167.1 85.435618,27.791982,2166.9 85.435623,27.791979,2166.8 85.435628,27.791975,2166.7 85.435633,27.791972,2166.6 85.435639,27.791966,2166.5 85.435645,27.791959,2166.3 85.435648,27.791952,2166.2 85.435652,27.791945,2166.1 85.435655,27.791938,2165.9 85.435656,27.791931,2165.8 85.435657,27.791923,2165.7 85.435657,27.791916,2165.5 85.43566,27.791908,2165.4 85.435663,27.7919,2165.3 85.435668,27.791895,2165.1 85.435673,27.791892,2165 85.435675,27.791889,2165 85.435676,27.791885,2164.9 85.435678,27.791881,2164.8 85.435681,27.791879,2164.8 85.435685,27.791877,2164.7 85.435689,27.791875,2164.6 85.435693,27.791871,2164.5 85.435698,27.791868,2164.4 85.435702,27.791867,2164.4 85.4357,27.791861,2164.3 85.4357,27.791863,2164.2 85.4357,27.791859,2164.2 85.4357,27.791853,2164.1 85.435699,27.791846,2163.9 85.435696,27.79184,2163.8 85.435692,27.791833,2163.7 85.435687,27.791826,2163.6 85.435683,27.791818,2163.4 85.435679,27.79181,2163.3 85.435672,27.791806,2163.2 85.435665,27.791802,2163 85.435661,27.7918,2163 85.435659,27.791796,2162.9 85.435655,27.791791,2162.8 85.435644,27.791789,2162.6 85.435632,27.791786,2162.4 85.435622,27.79178,2162.3 85.435614,27.791771,2162.1 85.435607,27.791763,2161.9 85.435601,27.791753,2161.7 85.435592,27.791749,2161.6 85.435587,27.791743,2161.5 85.43558,27.791742,2161.4 85.435574,27.791738,2161.3 85.435569,27.791731,2161.1 85.435563,27.791729,2161 85.43556,27.791724,2160.9 85.43556,27.791717,2160.8 85.43556,27.791711,2160.7 85.43556,27.791702,2160.6 85.435565,27.791697,2160.5 85.43557,27.79169,2160.3 85.435576,27.791682,2160.2 85.435586,27.791675,2160 85.435597,27.79167,2159.8 85.435607,27.791664,2159.6 85.435617,27.791659,2159.5 85.435626,27.791653,2159.3 85.435636,27.791648,2159.1 85.435643,27.791641,2159 85.435651,27.791634,2158.9 85.435661,27.791627,2158.7 85.43567,27.791619,2158.5 85.435679,27.791612,2158.4 85.435689,27.791606,2158.2 85.435698,27.7916,2158.1 85.435707,27.791595,2157.9 85.435714,27.791589,2157.8 85.435721,27.791582,2157.7 85.435731,27.791576,2157.5 85.435738,27.791571,2157.4 85.435744,27.791566,2157.3 85.435753,27.791562,2157.2 85.435759,27.791557,2157.1 85.435767,27.791551,2157 85.435771,27.791546,2156.9 85.435775,27.79154,2156.8 85.435777,27.791533,2156.7 85.435777,27.791529,2156.6 85.43578,27.791525,2156.5 85.435783,27.791522,2156.5 85.435784,27.791521,2156.5 85.435788,27.791515,2156.4 85.435798,27.791508,2156.2 85.435811,27.7915,2156 85.435823,27.791492,2155.8 85.435837,27.791486,2155.5 85.435848,27.791481,2155.4 85.435857,27.791474,2155.2 85.435866,27.791466,2155 85.435873,27.791455,2154.8 85.435877,27.791442,2154.5 85.435879,27.791432,2154.4 85.435882,27.791421,2154.2 85.435884,27.791411,2154 85.435888,27.791403,2153.8 85.435894,27.791395,2153.7 85.435896,27.791391,2153.6 85.435899,27.791389,2153.6 85.435904,27.791385,2153.5 85.435908,27.791383,2153.4 85.435912,27.791377,2153.3 85.435915,27.791372,2153.2 85.43592,27.791365,2153 85.435921,27.791358,2152.9 85.435924,27.791351,2152.8 85.435925,27.791347,2152.7 85.435926,27.791343,2152.6 85.435928,27.79134,2152.6 85.435929,27.791335,2152.5 85.435931,27.791329,2152.4 85.435932,27.791324,2152.3 85.435933,27.791318,2152.2 85.435934,27.791313,2152.1 85.435935,27.791308,2152 85.435937,27.791304,2152 85.43594,27.7913,2151.9 85.43594,27.791296,2151.8 85.435942,27.791287,2151.7 85.435942,27.791282,2151.6 85.435948,27.791278,2151.5 85.435955,27.791277,2151.4 85.435962,27.791273,2151.3 85.435966,27.791272,2151.2 85.435973,27.791272,2151.1 85.43598,27.791272,2151 85.435986,27.79127,2151 85.435992,27.791267,2150.9 85.435998,27.791266,2150.8 85.436004,27.791265,2150.7 85.436013,27.791264,2150.6 85.436022,27.791264,2150.5 85.436029,27.791263,2150.4 85.436035,27.791262,2150.3 85.436043,27.791259,2150.2 85.436051,27.791258,2150.1 85.436061,27.791256,2150 85.436071,27.791255,2149.9 85.436081,27.791254,2149.7 85.436092,27.791255,2149.6 85.436103,27.791256,2149.5 85.436113,27.791256,2149.4 85.436123,27.791257,2149.3 85.436133,27.791257,2149.2 85.436143,27.791256,2149.1 85.436152,27.791256,2149 85.436161,27.791256,2148.9 85.436172,27.791255,2148.8 85.436182,27.791253,2148.7 85.436193,27.791249,2148.6 85.436203,27.791242,2148.4 85.436212,27.791234,2148.3 85.436217,27.791224,2148.2 85.436224,27.791217,2148.1 85.436232,27.791211,2148 85.43624,27.791206,2148 85.436244,27.791202,2147.9 85.436251,27.791199,2147.8 85.436255,27.791195,2147.8 85.436263,27.791191,2147.7 85.43627,27.791186,2147.6 85.436279,27.791181,2147.6 85.436286,27.791176,2147.5 85.436285,27.791168,2147.4 85.436285,27.791158,2147.3 85.436286,27.791149,2147.2 85.436287,27.791142,2147.2 85.436286,27.791134,2147.1 85.43629,27.791126,2147 85.436295,27.791119,2146.9 85.436303,27.791112,2146.8 85.436311,27.791105,2146.7 85.436317,27.791101,2146.7 85.436326,27.791096,2146.6 85.436332,27.791091,2146.5 85.436337,27.791086,2146.5 85.436342,27.791079,2146.4 85.436345,27.79107,2146.3 85.436351,27.791063,2146.2 85.436356,27.791056,2146.2 85.436361,27.791049,2146.1 85.436368,27.791044,2146 85.436379,27.79104,2145.9 85.436389,27.791038,2145.9 85.436398,27.791036,2145.8 85.436406,27.791032,2145.7 85.43641,27.791032,2145.7 85.436415,27.791028,2145.7 85.436421,27.791027,2145.6 85.436428,27.791023,2145.6 85.436435,27.791016,2145.5 85.436439,27.79101,2145.5 85.436445,27.791003,2145.4 85.436451,27.790996,2145.4 85.436457,27.790989,2145.3 85.436459,27.790984,2145.3 85.436461,27.79098,2145.2 85.436463,27.790977,2145.2 85.436467,27.790973,2145.2 85.436473,27.790967,2145.2 85.436477,27.790963,2145.1 85.43648,27.790958,2145.1 85.436484,27.790953,2145.1 85.43649,27.790947,2145 85.436492,27.790946,2145 85.436496,27.790942,2145 85.436499,27.790936,2145 85.436504,27.790929,2144.9 85.43651,27.79092,2144.9 85.436517,27.790911,2144.8 85.43652,27.790902,2144.8 85.436523,27.790895,2144.8 85.436524,27.790888,2144.7 85.436526,27.790881,2144.7 85.436527,27.790873,2144.7 85.436529,27.790864,2144.7 85.43653,27.790856,2144.6 85.436534,27.790847,2144.6 85.436535,27.790838,2144.6 85.436537,27.79083,2144.6 85.436541,27.790824,2144.5 85.436542,27.790816,2144.5 85.436544,27.790809,2144.5 85.436549,27.7908,2144.5 85.436556,27.790793,2144.4 85.436561,27.790785,2144.4 85.436566,27.790776,2144.4 85.436573,27.790767,2144.3 85.43658,27.790758,2144.3 85.436586,27.790752,2144.3 85.436594,27.790744,2144.3 85.436603,27.790736,2144.2 85.436611,27.790729,2144.2 85.436616,27.790721,2144.2 85.436621,27.790715,2144.1 85.436626,27.790709,2144.1 85.436633,27.790701,2144.1 85.43664,27.790692,2144 85.436646,27.790686,2144 85.436656,27.790681,2144 85.436665,27.790675,2143.9 85.436673,27.79067,2143.9 85.436681,27.790663,2143.8 85.436686,27.790654,2143.8 85.436688,27.790645,2143.7 85.436682,27.790636,2143.7 85.436673,27.790631,2143.6 85.436665,27.790627,2143.6 85.436659,27.790621,2143.5 85.436654,27.790614,2143.5 85.436652,27.790607,2143.4 85.436651,27.790599,2143.4 85.436651,27.790598,2143.4 85.436653,27.790599,2143.4 85.436652,27.790603,2143.4 85.436652,27.790607,2143.3 85.436652,27.790609,2143.3 85.436653,27.790608,2143.3 85.436653,27.790606,2143.3 85.436653,27.790605,2143.3 85.436653,27.790604,2143.3 85.436654,27.790603,2143.3 85.436655,27.790602,2143.2 85.436655,27.790601,2143.2 85.436655,27.7906,2143.2 85.436655,27.790599,2143.2 85.436654,27.790599,2143.2 85.436653,27.790601,2143.2 85.436652,27.790601,2143.2 85.436653,27.790603,2143.2 85.436652,27.790603,2143.2 85.436652,27.790601,2143.1 85.436649,27.790596,2143.1 85.436645,27.790582,2143 85.436642,27.790564,2142.8 85.436644,27.79055,2142.6 85.43664,27.790535,2142.5 85.436631,27.790523,2142.3 85.436621,27.790514,2142.1 85.43661,27.790505,2141.9 85.4366,27.790496,2141.7 85.436584,27.79049,2141.5 85.436574,27.790482,2141.3 85.436569,27.790472,2141.1 85.436567,27.790463,2141 85.436569,27.790456,2140.9 85.43657,27.790449,2140.8 85.436569,27.790443,2140.7 85.436564,27.790438,2140.6 85.436561,27.790431,2140.5 85.436556,27.790426,2140.4 85.436551,27.790418,2140.2 85.436547,27.790411,2140.1 85.436542,27.790404,2140 85.436537,27.790394,2139.8 85.436534,27.790387,2139.7 85.436531,27.790382,2139.6 85.436528,27.790374,2139.5 85.436521,27.790369,2139.4 85.436514,27.790363,2139.3 85.436511,27.790358,2139.2 85.436509,27.79035,2139.1 85.43651,27.790342,2139 85.436509,27.790334,2138.8 85.436508,27.790326,2138.7 85.436511,27.790317,2138.6 85.436513,27.790307,2138.4 85.436516,27.7903,2138.3 85.436518,27.790292,2138.2 85.436522,27.790288,2138.1 85.436526,27.790281,2138 85.436525,27.790274,2137.9 85.436522,27.790268,2137.8 85.43652,27.790259,2137.7 85.436518,27.790251,2137.5 85.436517,27.790244,2137.4 85.436514,27.790236,2137.3 85.43651,27.790229,2137.2 85.436508,27.79022,2137 85.436501,27.790215,2136.9 85.436493,27.790209,2136.7 85.436486,27.790202,2136.6 85.43648,27.790197,2136.4 85.436478,27.790194,2136.4 85.436474,27.790193,2136.3 85.436467,27.790193,2136.2 85.436462,27.790191,2136.1 85.436453,27.790187,2136 85.436441,27.790181,2135.8 85.436433,27.790175,2135.6 85.436423,27.790171,2135.4 85.436413,27.790166,2135.2 85.436404,27.79016,2135.1 85.436396,27.790154,2134.9 85.436389,27.790146,2134.7 85.436384,27.790141,2134.6 85.436384,27.790136,2134.5 85.436385,27.790128,2134.3 85.436384,27.790119,2134.2 85.436384,27.790108,2134 85.436382,27.790098,2133.8 85.436374,27.790093,2133.6 85.436366,27.790094,2133.5 85.436358,27.7901,2133.3 85.436359,27.790117,2133 85.436359,27.790128,2132.8 85.436354,27.790131,2132.7 85.436352,27.790126,2132.6 85.436353,27.790118,2132.5 85.436349,27.790108,2132.3 85.436345,27.790096,2132.1 85.436339,27.790085,2131.9 85.436339,27.790072,2131.7 85.436338,27.790061,2131.5 85.436336,27.790051,2131.3 85.436334,27.790042,2131.2 85.43633,27.790036,2131.1 85.436323,27.790031,2131 85.436317,27.790027,2130.9 85.43631,27.790024,2130.8 85.4363,27.790024,2130.6 85.436291,27.790022,2130.5 85.436281,27.790022,2130.4 85.436272,27.790016,2130.2 85.436263,27.790011,2130.1 85.436256,27.790005,2130 85.436258,27.789999,2129.9 85.436263,27.789991,2129.7 85.436266,27.789982,2129.6 85.436271,27.789973,2129.5 85.436271,27.789964,2129.3 85.436269,27.789958,2129.2 85.436264,27.789951,2129.1 85.436257,27.789945,2129 85.436251,27.789936,2128.8 85.436245,27.789932,2128.7 85.436238,27.789926,2128.6 85.436234,27.789919,2128.5 85.436228,27.789911,2128.4 85.436227,27.789903,2128.3 85.436225,27.789898,2128.2 85.436222,27.78989,2128 85.436219,27.789886,2128 85.436216,27.789884,2127.9 85.436215,27.789878,2127.8 85.436215,27.789872,2127.7 85.436211,27.789867,2127.6 85.436203,27.789865,2127.5 85.4362,27.789866,2127.5 85.4362,27.789867,2127.5 85.436198,27.789869,2127.4 85.436196,27.789868,2127.4 85.436192,27.789867,2127.3 85.436188,27.789863,2127.2 85.436179,27.78985,2127 85.436169,27.789835,2126.7 85.43616,27.789822,2126.4 85.43615,27.789814,2126.2 85.436136,27.789807,2125.9 85.436123,27.789805,2125.7 85.43611,27.789805,2125.5 85.436096,27.789807,2125.2 85.436083,27.789811,2125 85.436073,27.789817,2124.8 85.436062,27.789823,2124.6 85.436052,27.789827,2124.4 85.436041,27.789831,2124.1 85.436033,27.789834,2124 85.436028,27.789834,2123.9 85.43602,27.789831,2123.7 85.436011,27.789823,2123.4 85.436004,27.789815,2123.2 85.436003,27.789809,2123.1 85.436007,27.789804,2122.9 85.436006,27.789797,2122.8 85.436007,27.789788,2122.6 85.436007,27.789781,2122.4 85.436008,27.789773,2122.2 85.436006,27.789765,2122 85.436007,27.789757,2121.9 85.436011,27.789751,2121.7 85.436015,27.789752,2121.6 85.436016,27.789752,2121.6 85.436016,27.78975,2121.5 85.436013,27.789748,2121.5 85.436005,27.789747,2121.3 85.43599,27.789744,2121 85.435977,27.78974,2120.7 85.435967,27.78974,2120.5 85.435955,27.789742,2120.4 85.435943,27.789742,2120.1 85.435933,27.78974,2119.8 85.435925,27.789738,2119.6 85.435918,27.789735,2119.4 85.43591,27.78973,2119.1 85.435903,27.789729,2118.9 85.435896,27.789726,2118.7 85.43589,27.789719,2118.5 85.435886,27.789711,2118.2 85.435883,27.789702,2117.9 85.435884,27.789693,2117.6 85.435888,27.789685,2117.4 85.435893,27.789675,2117 85.435899,27.789663,2116.6 85.435902,27.789655,2116.4 85.435902,27.789647,2116.2 85.435898,27.789637,2115.9 85.435897,27.789632,2115.7 85.435896,27.789624,2115.5 85.435895,27.789615,2115.2 85.435899,27.78961,2115.1 85.435903,27.789603,2114.8 85.435908,27.789596,2114.6 85.435915,27.789593,2114.4 85.435925,27.78959,2114.2 85.435936,27.789587,2113.9 85.435951,27.789587,2113.5 85.435965,27.789586,2113.2 85.435979,27.789585,2112.9 85.435993,27.789583,2112.6 85.436007,27.789582,2112.3 85.436022,27.78958,2112 85.436033,27.789575,2111.8 85.436041,27.789566,2111.5 85.436047,27.789556,2111.3 85.436052,27.789547,2111.1 85.436055,27.789539,2110.9 85.436061,27.789529,2110.7 85.436061,27.789523,2110.6 85.436066,27.789518,2110.5 85.436069,27.789512,2110.3 85.436072,27.78951,2110.3 85.436078,27.789506,2110.1 85.436084,27.789502,2110 85.436092,27.789498,2109.9 85.4361,27.789494,2109.8 85.436108,27.78949,2109.6 85.436115,27.789486,2109.5 85.436121,27.789481,2109.4 85.436123,27.789474,2109.3 85.436126,27.789471,2109.2 85.436132,27.789467,2109.1 85.436137,27.789459,2109 85.436139,27.789451,2108.9 85.436137,27.78944,2108.7 85.436134,27.789428,2108.6 85.43613,27.789416,2108.4 85.436124,27.789403,2108.2 85.436118,27.789393,2108.1 85.43611,27.789387,2108 85.4361,27.789382,2107.9 85.43609,27.789378,2107.8 85.43608,27.789375,2107.7 85.436072,27.789371,2107.6 85.43606,27.789363,2107.5 85.43605,27.789353,2107.4 85.43604,27.789346,2107.3 85.43603,27.789339,2107.2 85.436023,27.789334,2107.1 85.436018,27.789326,2107 85.436014,27.789323,2107 85.43601,27.789316,2106.9 85.436007,27.789309,2106.9 85.436003,27.789302,2106.8 85.436002,27.789295,2106.8 85.436004,27.789288,2106.7 85.436008,27.78928,2106.7 85.43601,27.789272,2106.6 85.436012,27.789263,2106.5 85.436013,27.789256,2106.5 85.436012,27.789248,2106.4 85.436012,27.789241,2106.4 85.436012,27.789234,2106.3 85.436015,27.789226,2106.3 85.436016,27.789218,2106.2 85.436019,27.789209,2106.2 85.436023,27.789204,2106.1 85.436026,27.789198,2106.1 85.43603,27.78919,2106 85.436035,27.789186,2106 85.43604,27.789179,2105.9 85.436043,27.789175,2105.9 85.436046,27.789167,2105.8 85.43605,27.789159,2105.8 85.436053,27.789151,2105.7 85.436058,27.789143,2105.6 85.436064,27.789136,2105.6 85.43607,27.789127,2105.5 85.43608,27.789127,2105.4 85.436088,27.789124,2105.4 85.436097,27.789122,2105.3 85.436106,27.789119,2105.2 85.436113,27.789114,2105.2 85.436119,27.789109,2105.1 85.436123,27.789101,2105 85.436124,27.789092,2104.9 85.436123,27.789082,2104.8 85.436122,27.789071,2104.7 85.436118,27.789062,2104.6 85.436118,27.789052,2104.5 85.436116,27.789045,2104.4 85.436114,27.789037,2104.3 85.436114,27.789028,2104.2 85.436117,27.789021,2104.1 85.43612,27.789012,2104 85.436123,27.789004,2103.9 85.436127,27.788998,2103.8 85.43613,27.788992,2103.7 85.436134,27.788985,2103.6 85.436139,27.788977,2103.4 85.436141,27.78897,2103.3 85.436144,27.788963,2103.2 85.43615,27.788956,2103.1 85.436157,27.788951,2103 85.436163,27.788944,2102.8 85.436169,27.788938,2102.7 85.436174,27.788932,2102.6 85.436178,27.788925,2102.5 85.436181,27.788918,2102.4 85.436184,27.788913,2102.3 85.43619,27.788909,2102.2 85.43619,27.78891,2102.1 85.436189,27.788909,2102.1 85.436184,27.788908,2102.1 85.436179,27.788906,2102 85.436176,27.788904,2101.9 85.436171,27.788901,2101.8 85.43617,27.788894,2101.7 85.436169,27.788886,2101.6 85.436174,27.788876,2101.4 85.436175,27.788864,2101.2 85.436172,27.788852,2101 85.436173,27.788842,2100.9 85.436173,27.788833,2100.8 85.436171,27.788823,2100.6 85.436171,27.788813,2100.5 85.436165,27.788806,2100.3 85.436164,27.788796,2100.2 85.436162,27.78879,2100.1 85.436159,27.788784,2100 85.436156,27.788776,2099.9 85.436155,27.788767,2099.7 85.436152,27.788761,2099.6 85.436149,27.788753,2099.5 85.436146,27.788753,2099.5 85.436145,27.78875,2099.4 85.436144,27.788747,2099.4 85.436143,27.788742,2099.3 85.436139,27.788734,2099.2 85.436134,27.788723,2099.1 85.436128,27.788712,2098.9 85.436122,27.788701,2098.7 85.436116,27.788691,2098.6 85.436111,27.788683,2098.5 85.436108,27.788673,2098.3 85.436105,27.788664,2098.2 85.436102,27.788655,2098.1 85.436098,27.788651,2098 85.436092,27.788645,2097.9 85.436087,27.788639,2097.8 85.436085,27.788631,2097.7 85.436082,27.788623,2097.6 85.436079,27.788615,2097.4 85.436078,27.788606,2097.3 85.436073,27.788602,2097.2 85.436068,27.788596,2097.1 85.436065,27.788588,2097 85.436065,27.788581,2096.9 85.436066,27.788573,2096.8 85.436065,27.788566,2096.7 85.436063,27.788558,2096.6 85.43606,27.788553,2096.6 85.436054,27.788549,2096.5 85.43605,27.788546,2096.4 85.436048,27.788546,2096.4 85.436043,27.788544,2096.3 85.436038,27.788542,2096.2 85.436035,27.788541,2096.2 85.436032,27.788538,2096.1 85.436027,27.788533,2096.1 85.436022,27.788527,2095.9 85.436016,27.788521,2095.8 85.436011,27.788515,2095.7 85.436006,27.788509,2095.6 85.436003,27.788502,2095.5 85.436,27.788497,2095.4 85.435996,27.788493,2095.4 85.435995,27.78849,2095.3 85.435994,27.788489,2095.3 85.435993,27.788486,2095.3 85.435989,27.78848,2095.2 85.43599,27.788479,2095.1 85.435989,27.788475,2095.1 85.435988,27.788467,2095 85.435987,27.788457,2094.8 85.435987,27.78845,2094.7 85.43599,27.788443,2094.6 85.43599,27.788437,2094.5 85.435988,27.788431,2094.4 85.435987,27.788425,2094.4 85.435986,27.788419,2094.3 85.435983,27.788413,2094.2 85.43598,27.788406,2094.1 85.435976,27.788398,2093.9 85.43597,27.788392,2093.8 85.435962,27.788387,2093.7 85.435953,27.788383,2093.6 85.435944,27.78838,2093.5 85.435936,27.788378,2093.4 85.435928,27.788378,2093.3 85.435921,27.788379,2093.2 85.435918,27.788379,2093.1 85.435917,27.788378,2093.1 85.43592,27.788378,2093.1 85.43592,27.788377,2093.1 85.435917,27.788374,2093 85.435915,27.788371,2093 85.435912,27.788367,2092.9 85.435909,27.788363,2092.8 85.435909,27.788359,2092.8 85.435904,27.788352,2092.6 85.435898,27.788345,2092.5 85.435893,27.788335,2092.4 85.435893,27.788325,2092.2 85.435894,27.788316,2092.1 85.435894,27.788312,2092.1 85.435892,27.788305,2092 85.435891,27.7883,2091.9 85.43589,27.788294,2091.8 85.435889,27.788287,2091.7 85.435889,27.788286,2091.7 85.435889,27.788281,2091.6 85.435887,27.788273,2091.5 85.435884,27.788265,2091.4 85.435882,27.788254,2091.3 85.435882,27.788243,2091.2 85.435884,27.788234,2091.1 85.435883,27.788222,2090.9 85.435882,27.788211,2090.8 85.435882,27.7882,2090.7 85.43588,27.788189,2090.6 85.43588,27.788178,2090.5 85.435882,27.788166,2090.3 85.435883,27.788156,2090.2 85.435882,27.788146,2090.1 85.435882,27.788136,2090.1 85.435882,27.788126,2090 85.435883,27.788116,2089.9 85.435888,27.788105,2089.8 85.435895,27.788099,2089.7 85.435903,27.788093,2089.6 85.435907,27.788087,2089.6 85.435911,27.788079,2089.5 85.435915,27.78807,2089.4 85.435916,27.788061,2089.4 85.435917,27.788052,2089.3 85.435916,27.788045,2089.3 85.43592,27.788039,2089.2 85.435926,27.788031,2089.1 85.435929,27.788027,2089.1 85.435927,27.788021,2089.1 85.435919,27.788016,2089 85.435914,27.788007,2088.9 85.435912,27.787998,2088.9 85.43591,27.787988,2088.8 85.435904,27.78798,2088.7 85.435896,27.787969,2088.6 85.435889,27.787957,2088.5 85.435884,27.787946,2088.4 85.435881,27.787936,2088.4 85.435878,27.787925,2088.3 85.435875,27.787913,2088.2 85.435872,27.787902,2088.1 85.435868,27.787893,2088 85.435863,27.787888,2088 85.435861,27.787881,2087.9 85.435857,27.787873,2087.9 85.435852,27.787866,2087.8 85.435848,27.787858,2087.7 85.435841,27.78785,2087.7 85.435835,27.787843,2087.6 85.435831,27.787835,2087.5 85.435826,27.787827,2087.5 85.435821,27.78782,2087.4 85.435814,27.787813,2087.4 85.435806,27.787807,2087.3 85.435799,27.787802,2087.2 85.435795,27.787795,2087.2 85.435792,27.787789,2087.1 85.435791,27.787781,2087.1 85.435791,27.78778,2087.1 85.43579,27.787777,2087 85.435785,27.787774,2087 85.435777,27.787769,2086.9 85.435773,27.787766,2086.9 85.435771,27.787765,2086.9 85.435769,27.787772,2086.8 85.435771,27.787779,2086.8 85.435771,27.787781,2086.8 85.43577,27.787781,2086.8 85.435767,27.787779,2086.7 85.43576,27.787775,2086.7 85.43575,27.787769,2086.6 85.435739,27.787762,2086.5 85.43573,27.787754,2086.4 85.43572,27.787745,2086.3 85.435713,27.787736,2086.3 85.435709,27.787725,2086.2 85.435702,27.787716,2086.1 85.435698,27.787704,2086 85.435692,27.787695,2085.9 85.435684,27.787689,2085.8 85.435674,27.787684,2085.7 85.435665,27.787679,2085.6 85.435657,27.787673,2085.6 85.43565,27.787667,2085.5 85.435644,27.787662,2085.4 85.435643,27.787656,2085.4 85.435642,27.78765,2085.3 85.435639,27.78764,2085.2 85.435638,27.787627,2085.1 85.435642,27.787616,2085 85.435642,27.787606,2084.9 85.435647,27.787594,2084.8 85.435652,27.787583,2084.7 85.435655,27.787573,2084.6 85.435659,27.787566,2084.5 85.435664,27.787559,2084.5 85.435665,27.787551,2084.4 85.435667,27.787544,2084.3 85.43567,27.787534,2084.2 85.435676,27.787526,2084.2 85.435681,27.787517,2084.1 85.435686,27.787509,2084 85.435694,27.787499,2083.9 85.435702,27.787489,2083.8 85.435711,27.787481,2083.7 85.435719,27.787474,2083.6 85.435728,27.787466,2083.6 85.435735,27.78746,2083.5 85.435743,27.787455,2083.4 85.435753,27.787449,2083.3 85.435761,27.787443,2083.3 85.435768,27.787436,2083.2 85.435777,27.787428,2083.1 85.435781,27.787423,2083.1 85.435788,27.787417,2083 85.43579,27.787411,2083 85.435794,27.787404,2082.9 85.435796,27.787397,2082.9 85.435783,27.787395,2082.8 85.435774,27.787398,2082.7 85.435772,27.787402,2082.7 85.435772,27.787404,2082.7 85.435773,27.787405,2082.7 85.435771,27.787406,2082.6 85.435772,27.787405,2082.6 85.435773,27.787403,2082.6 85.435777,27.787401,2082.6 85.435785,27.787397,2082.5 85.435791,27.787389,2082.5 85.435802,27.787371,2082.3 85.435816,27.787365,2082.2 85.435827,27.787357,2082.1 85.435838,27.787351,2082 85.435851,27.787344,2081.9 85.435864,27.787338,2081.8 85.435877,27.787332,2081.7 85.435889,27.787327,2081.6 85.4359,27.787319,2081.5 85.435911,27.787314,2081.4 85.435921,27.787311,2081.3 85.435931,27.787307,2081.2 85.435939,27.787301,2081.1 85.435945,27.787292,2081 85.435951,27.787283,2080.9 85.435952,27.787274,2080.8 85.435956,27.787263,2080.7 85.435962,27.787257,2080.6 85.435966,27.787252,2080.5 85.43597,27.787247,2080.4 85.435977,27.787241,2080.3 85.435979,27.787236,2080.2 85.435984,27.787229,2080.1 85.435988,27.787221,2080 85.435988,27.787217,2080 85.435984,27.787217,2079.9 85.43598,27.787219,2079.9 85.435978,27.787221,2079.8 85.435976,27.787222,2079.8 85.435976,27.787222,2079.8 85.435977,27.787222,2079.8 85.435978,27.787221,2079.8 85.435982,27.787216,2079.7 85.435986,27.787212,2079.6 85.435995,27.787207,2079.4 85.436008,27.787198,2079.2 85.436024,27.787188,2078.9 85.436037,27.78718,2078.7 85.436048,27.787173,2078.5 85.436059,27.787168,2078.3 85.436066,27.787164,2078.1 85.436075,27.787159,2078 85.436083,27.787156,2077.8 85.436092,27.787154,2077.7 85.4361,27.787152,2077.6 85.43611,27.787147,2077.4 85.436118,27.787148,2077.2 85.436126,27.787146,2077.1 85.436132,27.787145,2077 85.436138,27.787143,2076.9 85.436137,27.787145,2076.9 85.436132,27.787149,2076.8 85.436129,27.787151,2076.7 85.436128,27.787153,2076.7 85.436127,27.787155,2076.6 85.436129,27.787155,2076.6 85.436134,27.787153,2076.5 85.43614,27.78715,2076.4 85.436153,27.787143,2076.2 85.436165,27.787134,2075.9 85.436177,27.787128,2075.7 85.436184,27.787121,2075.6 85.436186,27.787112,2075.4 85.436186,27.787101,2075.2 85.436187,27.78709,2075.1 85.436189,27.787079,2074.9 85.436193,27.78707,2074.8 85.4362,27.78706,2074.6 85.436206,27.787052,2074.5 85.436215,27.787044,2074.3 85.436219,27.787037,2074.2 85.436225,27.787029,2074.1 85.436229,27.78702,2073.9 85.436232,27.787011,2073.8 85.436233,27.787,2073.7 85.436232,27.786989,2073.5 85.436231,27.786977,2073.4 85.436231,27.786966,2073.3 85.436223,27.786955,2073.1 85.436221,27.786944,2073 85.436216,27.786933,2072.9 85.436212,27.786921,2072.8 85.436208,27.786909,2072.6 85.436204,27.786898,2072.5 85.4362,27.786886,2072.4 85.436198,27.786875,2072.3 85.436192,27.786865,2072.3 85.436187,27.786855,2072.2 85.436181,27.786844,2072.1 85.436178,27.786833,2072 85.436171,27.786824,2071.9 85.436164,27.786814,2071.9 85.436154,27.786804,2071.8 85.436145,27.786794,2071.7 85.436137,27.786785,2071.6 85.436128,27.786778,2071.6 85.436119,27.786769,2071.5 85.436109,27.786764,2071.5 85.436099,27.786758,2071.4 85.436088,27.786753,2071.4 85.436077,27.786747,2071.3 85.436066,27.786742,2071.3 85.436055,27.786736,2071.3 85.436044,27.78673,2071.2 85.436033,27.786727,2071.2 85.436023,27.786722,2071.2 85.436014,27.786715,2071.1 85.436006,27.786709,2071.1 85.435994,27.78671,2071.1 85.435987,27.786719,2071.1 85.435981,27.786723,2071 85.435975,27.786726,2071 85.43597,27.786723,2071 85.435962,27.786718,2071 85.435953,27.786714,2071 85.435945,27.786703,2070.9 85.435939,27.786694,2070.9 85.435934,27.786685,2070.9 85.43593,27.786673,2070.9 85.435925,27.78666,2070.9 85.435919,27.786645,2070.8 85.435915,27.78663,2070.8 85.435916,27.786616,2070.8 85.435917,27.786604,2070.8 85.435919,27.786593,2070.7 85.435922,27.786581,2070.7 85.435924,27.786571,2070.7 85.435926,27.78656,2070.7 85.435926,27.786551,2070.7 85.435927,27.786541,2070.7 85.435929,27.786531,2070.6 85.43593,27.786523,2070.6 85.435925,27.786515,2070.6 85.435921,27.786506,2070.6 85.435923,27.786496,2070.6 85.435925,27.786487,2070.6 85.435928,27.786478,2070.6 85.435932,27.786469,2070.5 85.435937,27.786461,2070.5 85.43594,27.786452,2070.5 85.435943,27.786441,2070.5 85.435944,27.786431,2070.5 85.435943,27.786421,2070.5 85.435941,27.786411,2070.4 85.435939,27.786401,2070.4 85.435934,27.786392,2070.4 85.435929,27.786382,2070.4 85.435926,27.78637,2070.3 85.435923,27.786362,2070.3 85.435923,27.786353,2070.3 85.435923,27.786344,2070.3 85.435922,27.786336,2070.3 85.435921,27.786327,2070.2 85.43592,27.786318,2070.2 85.435918,27.786309,2070.2 85.435917,27.786303,2070.2 85.435916,27.786297,2070.1 85.435916,27.786291,2070.1 85.435912,27.786285,2070.1 85.435907,27.786277,2070.1 85.4359,27.786269,2070 85.435895,27.786262,2070 85.435893,27.786253,2070 85.435892,27.786246,2069.9 85.43589,27.786242,2069.9 85.435884,27.786235,2069.9 85.435881,27.786226,2069.8 85.435877,27.786218,2069.8 85.435875,27.786213,2069.8 85.435873,27.786209,2069.7 85.435872,27.786205,2069.7 85.43587,27.786201,2069.7 85.435868,27.786196,2069.7 85.435866,27.786191,2069.6 85.435866,27.786187,2069.6 85.435868,27.786186,2069.6 85.435869,27.786187,2069.6 85.435868,27.786186,2069.6 85.435869,27.786186,2069.6 85.435868,27.786184,2069.6 85.435865,27.786183,2069.6 85.435854,27.78618,2069.5 85.435843,27.786176,2069.4 85.43584,27.786174,2069.4 85.435833,27.786176,2069.4 85.435827,27.786179,2069.3 85.435823,27.78618,2069.3 85.435821,27.78618,2069.3 85.43582,27.786179,2069.3 85.435821,27.786173,2069.2 85.435821,27.786167,2069.2 85.435822,27.786158,2069.1 85.435822,27.786142,2069 85.43582,27.786127,2068.9 85.435819,27.786114,2068.8 85.435817,27.786104,2068.7 85.435813,27.786095,2068.6 85.43581,27.786086,2068.5 85.435805,27.786079,2068.5 85.435801,27.786071,2068.4 85.435797,27.786066,2068.3 85.435792,27.786061,2068.3 85.435784,27.786052,2068.2 85.435777,27.786043,2068.1 85.435772,27.786033,2068 85.435758,27.786027,2067.8 85.435746,27.78602,2067.7 85.435733,27.786013,2067.6 85.435721,27.786004,2067.4 85.435711,27.785996,2067.3 85.4357,27.785988,2067.2 85.435689,27.785981,2067.1 85.43568,27.785974,2067 85.435667,27.785968,2066.9 85.435655,27.785961,2066.8 85.435643,27.785956,2066.7 85.435632,27.78595,2066.6 85.435624,27.785943,2066.5 85.435615,27.785937,2066.4 85.435609,27.785928,2066.3 85.435603,27.785919,2066.2 85.435599,27.785909,2066.1 85.435594,27.785901,2066.1 85.435589,27.785891,2066 85.435585,27.785882,2065.9 85.435581,27.785871,2065.9 85.435578,27.78586,2065.8 85.435575,27.785849,2065.7 85.435569,27.785839,2065.6 85.435561,27.78583,2065.6 85.435555,27.785823,2065.5 85.43555,27.785813,2065.4 85.435543,27.785806,2065.4 85.435537,27.785799,2065.3 85.435529,27.785793,2065.3 85.435521,27.785787,2065.2 85.435512,27.78578,2065.2 85.435505,27.785775,2065.1 85.435498,27.785769,2065.1 85.43549,27.785762,2065 85.435481,27.785755,2065 85.435472,27.785749,2064.9 85.435464,27.785742,2064.9 85.435455,27.785734,2064.8 85.435447,27.785728,2064.7 85.43544,27.785719,2064.7 85.435436,27.78571,2064.6 85.435431,27.785701,2064.6 85.435427,27.785692,2064.5 85.435426,27.785684,2064.5 85.435422,27.785674,2064.4 85.43542,27.785665,2064.4 85.43542,27.785655,2064.3 85.43542,27.785645,2064.3 85.435421,27.785634,2064.2 85.435419,27.785626,2064.1 85.435417,27.785618,2064.1 85.435412,27.785612,2064.1 85.435406,27.785606,2064 85.4354,27.785599,2064 85.435394,27.785591,2063.9 85.435388,27.785583,2063.8 85.435384,27.785577,2063.8 85.435378,27.785569,2063.7 85.435373,27.785562,2063.7 85.43537,27.785557,2063.7 85.435364,27.785551,2063.6 85.435358,27.785544,2063.6 85.435351,27.785538,2063.5 85.435346,27.78553,2063.5 85.43534,27.785523,2063.4 85.435335,27.785516,2063.4 85.43533,27.785509,2063.3 85.435324,27.785501,2063.2 85.435321,27.785493,2063.2 85.43532,27.785485,2063.1 85.435321,27.785476,2063.1 85.435321,27.785466,2063 85.435318,27.785457,2062.9 85.435313,27.785448,2062.9 85.435305,27.785441,2062.8 85.435294,27.785438,2062.7 85.435285,27.785434,2062.7 85.43528,27.785424,2062.6 85.435276,27.785418,2062.5 85.43527,27.785409,2062.4 85.435265,27.785402,2062.4 85.435261,27.785394,2062.3 85.435255,27.785386,2062.2 85.435248,27.785377,2062.2 85.435241,27.785368,2062.1 85.435235,27.78536,2062 85.435229,27.78535,2061.9 85.435223,27.785341,2061.8 85.435218,27.785332,2061.8 85.435212,27.785323,2061.7 85.435206,27.785314,2061.6 85.435199,27.785306,2061.5 85.435192,27.785298,2061.5 85.435186,27.785288,2061.4 85.435182,27.785281,2061.3 85.435175,27.785273,2061.3 85.435168,27.785265,2061.2 85.435161,27.785257,2061.1 85.435155,27.785248,2061.1 85.435147,27.785239,2061 85.435141,27.78523,2060.9 85.435135,27.785221,2060.9 85.435127,27.785213,2060.8 85.435119,27.785204,2060.7 85.435113,27.785195,2060.7 85.435107,27.785186,2060.6 85.435101,27.785176,2060.5 85.435096,27.785166,2060.5 85.435091,27.785155,2060.4 85.435087,27.785146,2060.4 85.435081,27.785136,2060.3 85.435077,27.785126,2060.2 85.435073,27.785116,2060.2 85.435069,27.785105,2060.1 85.435063,27.785095,2060.1 85.435059,27.785084,2060 85.435057,27.785072,2059.9 85.435054,27.78506,2059.9 85.43505,27.785049,2059.8 85.435045,27.785039,2059.8 85.435039,27.785028,2059.7 85.435033,27.785019,2059.7 85.435027,27.78501,2059.6 85.435022,27.785,2059.6 85.435016,27.784991,2059.5 85.43501,27.784982,2059.5 85.435003,27.784972,2059.4 85.434999,27.784962,2059.4 85.434996,27.784953,2059.4 85.434994,27.784943,2059.3 85.434991,27.784934,2059.3 85.434986,27.784924,2059.3 85.434982,27.784913,2059.2 85.43498,27.784901,2059.2 85.434979,27.784889,2059.1 85.434978,27.784878,2059.1 85.434977,27.784867,2059.1 85.434976,27.784857,2059.1 85.434976,27.784846,2059 85.434976,27.784836,2059 85.434975,27.784826,2059 85.434973,27.784817,2058.9 85.43497,27.784806,2058.9 85.434968,27.784796,2058.9 85.434968,27.784785,2058.9 85.434965,27.784775,2058.8 85.434965,27.784764,2058.8 85.434965,27.784754,2058.8 85.434964,27.784744,2058.7 85.434965,27.784734,2058.7 85.434964,27.784725,2058.7 85.434961,27.784715,2058.7 85.43496,27.784707,2058.7 85.434959,27.784698,2058.6 85.434958,27.784689,2058.6 85.434956,27.78468,2058.6 85.434956,27.784671,2058.6 85.434955,27.784661,2058.5 85.434953,27.784651,2058.5 85.43495,27.784641,2058.5 85.434948,27.784632,2058.5 85.434948,27.784622,2058.5 85.434947,27.784613,2058.4 85.434946,27.784603,2058.4 85.434947,27.784594,2058.4 85.434949,27.784584,2058.4 85.434951,27.784575,2058.4 85.434952,27.784566,2058.3 85.43495,27.784558,2058.3 85.434947,27.78455,2058.3 85.434943,27.78454,2058.3 85.434946,27.784531,2058.3 85.434951,27.784521,2058.3 85.434955,27.784512,2058.2 85.434959,27.784505,2058.2 85.434969,27.784499,2058.2 85.43498,27.784497,2058.2 85.434989,27.7845,2058.2 85.43499,27.784503,2058.2 85.434988,27.784504,2058.2 85.434988,27.784504,2058.2 85.434988,27.784503,2058.2 85.43499,27.784503,2058.2 85.434993,27.784503,2058.2 85.434996,27.784504,2058.1 85.434998,27.784505,2058.1 85.435,27.784507,2058.1 85.435,27.784509,2058.1 85.435,27.784511,2058.1 85.435003,27.784515,2058.1 85.435007,27.784519,2058.1 85.435009,27.784522,2058.1 85.435012,27.784526,2058.1 85.435016,27.78453,2058.1 85.435018,27.784539,2058.1 85.435018,27.784551,2058 85.435019,27.784564,2058 85.435028,27.784578,2058 85.435039,27.784589,2058 85.435051,27.784598,2057.9 85.435066,27.784605,2057.9 85.435082,27.784605,2057.9 85.435093,27.784597,2057.8 85.435097,27.784585,2057.8 85.435104,27.784577,2057.8 85.435114,27.784577,2057.8 85.435124,27.784578,2057.8 85.435128,27.784586,2057.7 85.43512,27.78459,2057.7 85.435111,27.784591,2057.7 85.435104,27.784591,2057.7 85.435096,27.784589,2057.7 85.435089,27.784587,2057.7 85.435088,27.784586,2057.7 85.435092,27.784587,2057.7 85.435095,27.78459,2057.6 85.435096,27.784591,2057.6 85.435096,27.784591,2057.6 85.435096,27.784592,2057.6 85.435096,27.784593,2057.6 85.435094,27.784594,2057.6 85.435095,27.784596,2057.6 85.435096,27.784597,2057.6 85.435098,27.784597,2057.6 85.435098,27.784595,2057.6 85.435099,27.784594,2057.6 85.435099,27.784593,2057.6 85.435099,27.784592,2057.6 85.435099,27.784592,2057.6 85.435099,27.784592,2057.6 85.4351,27.78459,2057.6 85.435099,27.784589,2057.6 85.435099,27.784589,2057.6 85.4351,27.784589,2057.6 85.4351,27.784589,2057.6 85.4351,27.784588,2057.6 85.4351,27.784588,2057.6 85.435101,27.784588,2057.6 85.435101,27.784588,2057.6 85.435101,27.784588,2057.6 85.435102,27.784588,2057.6 85.435102,27.784587,2057.6 85.435103,27.784587,2057.6 85.435104,27.784588,2057.6 85.435104,27.78459,2057.6 85.435102,27.784591,2057.6 85.4351,27.784589,2057.6 85.435099,27.784587,2057.6 85.435096,27.784583,2057.6 85.435095,27.784581,2057.6 85.435093,27.784579,2057.5 85.435094,27.784582,2057.5 85.4351,27.78458,2057.5 85.4351,27.784576,2057.5 85.4351,27.784575,2057.5 85.4351,27.78457,2057.5 85.435098,27.784566,2057.5 85.435097,27.784565,2057.5 85.435096,27.784565,2057.5 85.435094,27.784563,2057.5 85.435094,27.784562,2057.5 85.435092,27.784562,2057.5 85.435089,27.78456,2057.5 85.435086,27.784559,2057.5 85.435083,27.784562,2057.5 85.435078,27.784569,2057.4 85.435073,27.784576,2057.4 85.435068,27.784582,2057.4 85.435063,27.784586,2057.4 85.435059,27.78459,2057.4 85.435054,27.784599,2057.4 85.435052,27.784605,2057.4 85.435054,27.784611,2057.3 85.435055,27.784615,2057.3 85.435057,27.784615,2057.3 85.435056,27.784618,2057.3 85.435055,27.784616,2057.3 85.435054,27.784613,2057.3 85.435055,27.784612,2057.3 85.435054,27.784614,2057.3 85.435055,27.784615,2057.3 85.435055,27.784617,2057.3 85.435055,27.784618,2057.3 85.435054,27.784619,2057.3 85.435054,27.784619,2057.3 85.435055,27.784617,2057.3 85.435055,27.784616,2057.3 85.435054,27.784614,2057.3 85.435054,27.784613,2057.3 85.435054,27.784612,2057.3 85.435054,27.784611,2057.3 85.435054,27.784611,2057.3 85.435054,27.78461,2057.3 85.435054,27.784609,2057.3 85.435054,27.784609,2057.3 85.435054,27.784608,2057.3 85.435054,27.784608,2057.3 85.435054,27.784607,2057.3 85.435054,27.784607,2057.3 85.435054,27.784606,2057.3 85.435053,27.784605,2057.3 85.435053,27.784605,2057.3 85.435052,27.784605,2057.3 85.435052,27.784605,2057.3 85.435052,27.784605,2057.3 85.435053,27.784604,2057.3 85.435053,27.784604,2057.3 85.435052,27.784603,2057.2 85.435051,27.784603,2057.2 85.43505,27.784602,2057.2 85.435049,27.784602,2057.2 85.435049,27.784603,2057.2 85.435048,27.784602,2057.2 85.435046,27.784602,2057.2 85.435044,27.784603,2057.2 85.435043,27.784603,2057.2 85.435041,27.784602,2057.2 85.43504,27.784603,2057.2 85.435041,27.784603,2057.2 85.43504,27.784603,2057.2 85.43504,27.784604,2057.2 85.43504,27.784604,2057.2 85.435041,27.784604,2057.2 85.435043,27.784605,2057.2 85.435042,27.784605,2057.2 85.435043,27.784604,2057.2 85.435043,27.784603,2057.2 85.435044,27.784604,2057.2 85.435044,27.784605,2057.2 85.435044,27.784607,2057.2 85.435044,27.78461,2057.2 85.435043,27.784612,2057.2 85.43504,27.784617,2057.2 85.43503,27.784629,2057.1 85.435023,27.784637,2057.1 85.43502,27.784639,2057.1 85.435023,27.784634,2057.1 85.435024,27.784631,2057.1 85.435022,27.784632,2057.1 85.43502,27.784632,2057.1 85.435015,27.784629,2057.1 85.435009,27.784626,2057.1 85.435001,27.784625,2057.1 85.434995,27.784627,2057.1 85.434984,27.78463,2057 85.434975,27.78464,2057 85.434967,27.784647,2057 85.434955,27.784652,2057 85.434939,27.784655,2056.9 85.43492,27.784655,2056.9 85.4349,27.78465,2056.9 85.434887,27.784644,2056.9 85.43488,27.784628,2056.8 85.434881,27.784614,2056.8 85.434887,27.7846,2056.8 85.434894,27.784586,2056.7 85.434904,27.78457,2056.7 85.434907,27.784561,2056.7 85.434919,27.784548,2056.6 85.434924,27.784542,2056.6 85.434928,27.784541,2056.6 85.434933,27.784543,2056.6 85.434938,27.784543,2056.6 85.434942,27.784542,2056.6 85.434943,27.784541,2056.6 85.434949,27.784536,2056.6 85.434953,27.784533,2056.6 85.434956,27.784532,2056.5 85.434958,27.784529,2056.5 85.43496,27.784526,2056.5 85.434963,27.784524,2056.5 85.434966,27.784521,2056.5 85.434969,27.784519,2056.5 85.434973,27.784516,2056.5 85.434976,27.784514,2056.5 85.434979,27.784511,2056.4 85.434983,27.784509,2056.4 85.434987,27.784506,2056.4 85.434992,27.784504,2056.4 85.434995,27.784501,2056.4 85.435001,27.784498,2056.4 85.435006,27.784494,2056.3 85.435012,27.784489,2056.3 85.435018,27.784484,2056.3 85.435024,27.784479,2056.3 85.435029,27.784475,2056.2 85.435032,27.784473,2056.2 85.435035,27.784471,2056.2 85.435038,27.784469,2056.2 85.435039,27.784468,2056.2 85.435042,27.784467,2056.2 85.435044,27.784466,2056.2 85.435046,27.784466,2056.2 85.435049,27.784466,2056.2 85.435051,27.784465,2056.1 85.435052,27.784465,2056.1 85.435052,27.784466,2056.1 85.435053,27.784466,2056.1 85.435054,27.784467,2056.1 85.435056,27.784467,2056.1 85.435057,27.784467,2056.1 85.435058,27.784467,2056.1 85.435059,27.784467,2056.1 85.435059,27.784467,2056.1 85.435058,27.784468,2056.1 85.435057,27.784469,2056.1 85.435056,27.784469,2056.1 85.435056,27.78447,2056.1 85.435055,27.78447,2056.1 85.435055,27.78447,2056.1 85.435055,27.784471,2056.1 85.435056,27.784471,2056.1 85.435057,27.784471,2056.1 85.435058,27.784471,2056.1 85.435063,27.784474,2056 85.435062,27.784474,2056 85.435061,27.784474,2056 85.43506,27.784474,2056 85.43506,27.784474,2056 85.435059,27.784473,2056 85.435059,27.784474,2056 85.435058,27.784475,2056 85.435056,27.784476,2056 85.435054,27.784477,2056 85.435052,27.784478,2056 85.43505,27.784478,2056 85.435048,27.784479,2056 85.435045,27.78448,2056 85.435041,27.78448,2055.9 85.435037,27.784477,2055.9 85.435034,27.784465,2055.9 85.43503,27.784465,2055.9 85.435022,27.784465,2055.8 85.435008,27.78447,2055.7 85.434999,27.78447,2055.7 85.434993,27.784469,2055.7 85.434989,27.784468,2055.7 85.434985,27.784466,2055.6 85.434983,27.784462,2055.6 85.434987,27.784461,2055.6 85.434989,27.784461,2055.6 85.434991,27.784463,2055.6 85.434992,27.784465,2055.6 85.434994,27.784466,2055.6 85.434995,27.784467,2055.5 85.434994,27.784469,2055.5 85.434994,27.78447,2055.5 85.434994,27.784471,2055.5 85.434994,27.784472,2055.5 85.434994,27.784473,2055.5 85.434994,27.784473,2055.5 85.434995,27.784471,2055.5 85.434995,27.78447,2055.5 85.434996,27.784469,2055.5 85.434997,27.784467,2055.5 85.434996,27.784465,2055.5 85.434995,27.784463,2055.5 85.434995,27.784461,2055.5 85.434995,27.784458,2055.4 85.434994,27.784455,2055.4 85.434995,27.784454,2055.4 85.434995,27.784449,2055.4 85.434995,27.784447,2055.4 85.434994,27.784446,2055.4 85.434994,27.784445,2055.4 85.434994,27.784444,2055.4 85.434994,27.784443,2055.4 85.434994,27.784443,2055.4 85.434994,27.784442,2055.3 85.434994,27.784442,2055.3 85.434994,27.784441,2055.3 85.434994,27.78444,2055.3 85.434995,27.78444,2055.3 85.434995,27.784439,2055.3 85.434995,27.784439,2055.3 85.434995,27.784439,2055.3 85.434996,27.784439,2055.3 85.434995,27.784438,2055.3 85.434993,27.784439,2055.3 85.434992,27.784438,2055.3 85.434991,27.784436,2055.3 85.434991,27.784435,2055.3 85.434991,27.784434,2055.3 85.434991,27.784433,2055.3 85.43499,27.784431,2055.3 85.43499,27.78443,2055.3 85.43499,27.78443,2055.3 85.434989,27.78443,2055.3 85.434989,27.78443,2055.3 85.434988,27.78443,2055.3 85.434987,27.78443,2055.2 85.434987,27.78443,2055.2 85.434986,27.78443,2055.2 85.434985,27.78443,2055.2 85.434985,27.78443,2055.2 85.434985,27.78443,2055.2 85.434985,27.784431,2055.2 85.434984,27.784431,2055.2 85.434983,27.784432,2055.2 85.434983,27.784432,2055.2 85.434984,27.784431,2055.2 85.434986,27.784432,2055.2 85.434988,27.784433,2055.2 85.43499,27.784434,2055.2 85.434991,27.784434,2055.2 85.434991,27.784434,2055.2 85.43499,27.784434,2055.2 85.434991,27.784434,2055.2 85.43499,27.784434,2055.2 85.43499,27.784433,2055.2 85.434991,27.784432,2055.2 85.434991,27.784431,2055.1 85.434992,27.784429,2055.1 85.434992,27.784428,2055.1 85.434991,27.784428,2055.1 85.434997,27.784439,2055.1 85.435001,27.784448,2055 85.435012,27.784463,2054.9 85.43503,27.784475,2054.8 85.435047,27.784481,2054.7 85.435064,27.784484,2054.7 85.435076,27.784484,2054.6 85.435087,27.784484,2054.6 85.435095,27.784477,2054.5 85.435101,27.784476,2054.5 85.435107,27.784478,2054.4 85.435116,27.784481,2054.4 85.435121,27.784482,2054.4 85.435127,27.784478,2054.3 85.435134,27.784473,2054.3 85.435141,27.784471,2054.2 85.435145,27.784463,2054.2 85.435151,27.784459,2054.1 85.435156,27.784455,2054.1 85.43516,27.78445,2054.1 85.435162,27.784443,2054 85.435165,27.784439,2054 85.435169,27.784438,2054 85.435174,27.784437,2053.9 85.43518,27.784432,2053.9 85.435186,27.784429,2053.8 85.435184,27.784425,2053.8 85.43519,27.784421,2053.8 85.435196,27.78442,2053.7 85.435204,27.78442,2053.7 85.435202,27.784418,2053.7 85.435205,27.784417,2053.6 85.435208,27.784417,2053.6 85.435209,27.784416,2053.6 85.435209,27.784415,2053.6 85.435209,27.784414,2053.6 85.435213,27.784409,2053.5 85.435219,27.7844,2053.5 85.435226,27.784386,2053.4 85.435234,27.784374,2053.2 85.435241,27.784364,2053.2 85.43525,27.784359,2053.1 85.435254,27.784353,2053 85.435259,27.784345,2052.9 85.435262,27.784336,2052.9 85.435264,27.784324,2052.8 85.435268,27.784312,2052.6 85.435271,27.7843,2052.5 85.435277,27.784288,2052.4 85.435275,27.784275,2052.3 85.435271,27.784265,2052.2 85.435273,27.784259,2052.1 85.435269,27.78425,2052 85.435267,27.784243,2052 85.435265,27.784233,2051.9 85.435261,27.784224,2051.8 85.435257,27.784212,2051.7 85.435257,27.784203,2051.6 85.435255,27.784189,2051.4 85.435253,27.784179,2051.3 85.435252,27.784169,2051.2 85.435249,27.784155,2051.1 85.435251,27.784143,2051 85.435255,27.784134,2050.9 85.435261,27.784127,2050.8 85.435264,27.784124,2050.7 85.435268,27.784119,2050.7 85.435272,27.784114,2050.6 85.43528,27.784107,2050.5 85.435288,27.784099,2050.4 85.435295,27.784093,2050.3 85.435302,27.784086,2050.2 85.435305,27.784082,2050.1 85.435308,27.784077,2050.1 85.435312,27.78407,2050 85.435317,27.784062,2049.9 85.435326,27.784053,2049.8 85.435336,27.784046,2049.7 85.435345,27.784039,2049.6 85.435351,27.784033,2049.5 85.435357,27.784027,2049.4 85.435364,27.784022,2049.3 85.435368,27.784016,2049.2 85.435368,27.784011,2049.2 85.435373,27.78401,2049.1 85.435381,27.784008,2049.1 85.435388,27.784004,2049 85.435394,27.784002,2048.9 85.4354,27.783997,2048.9 85.435407,27.78399,2048.8 85.435415,27.783982,2048.6 85.435423,27.783974,2048.5 85.43543,27.783967,2048.5 85.435435,27.783963,2048.4 85.435439,27.78396,2048.3 85.435445,27.783955,2048.3 85.43545,27.783947,2048.2 85.435458,27.783941,2048.1 85.435465,27.783935,2048 85.435472,27.783928,2047.9 85.435476,27.783924,2047.9 85.435481,27.783918,2047.8 85.435482,27.783912,2047.7 85.435484,27.783903,2047.6 85.435483,27.783896,2047.6 85.435486,27.783889,2047.5 85.435491,27.783884,2047.4 85.435496,27.783876,2047.3 85.435496,27.783869,2047.3 85.435496,27.783858,2047.2 85.435495,27.783849,2047.1 85.435497,27.783839,2047 85.435501,27.783832,2046.9 85.435501,27.783826,2046.9 85.435498,27.783818,2046.8 85.435498,27.78381,2046.7 85.4355,27.783801,2046.7 85.435504,27.783792,2046.6 85.435508,27.783782,2046.5 85.43551,27.783772,2046.4 85.435509,27.783763,2046.3 85.435508,27.783758,2046.3 85.43551,27.783754,2046.2 85.435511,27.78375,2046.2 85.43551,27.783746,2046.2 85.435511,27.783738,2046.1 85.435514,27.783728,2046 85.435521,27.783719,2045.9 85.435526,27.78371,2045.8 85.435532,27.783702,2045.7 85.435536,27.783695,2045.7 85.435541,27.783687,2045.6 85.435544,27.783679,2045.5 85.435547,27.78367,2045.4 85.435545,27.783663,2045.4 85.435549,27.783654,2045.3 85.435547,27.783644,2045.2 85.435547,27.783635,2045.1 85.435547,27.783627,2045 85.435544,27.783617,2044.9 85.435538,27.78361,2044.8 85.435536,27.783602,2044.7 85.435538,27.783593,2044.6 85.43554,27.783583,2044.5 85.435542,27.783575,2044.4 85.435543,27.783566,2044.3 85.435544,27.783558,2044.2 85.435547,27.783549,2044.1 85.43555,27.783541,2044 85.435553,27.783532,2043.9 85.435556,27.783524,2043.8 85.435559,27.783516,2043.7 85.435561,27.783507,2043.6 85.435564,27.783499,2043.4 85.435569,27.78349,2043.3 85.435564,27.783482,2043.2 85.435554,27.783474,2043 85.435542,27.783467,2042.8 85.43554,27.78346,2042.7 85.435538,27.78345,2042.5 85.435535,27.783439,2042.3 85.435533,27.783428,2042.2 85.435535,27.783415,2041.9 85.435535,27.783405,2041.8 85.435531,27.783394,2041.6 85.435526,27.783384,2041.4 85.435526,27.783374,2041.2 85.435529,27.783363,2041 85.43553,27.783353,2040.8 85.435525,27.783346,2040.7 85.435517,27.783341,2040.5 85.435511,27.783334,2040.3 85.435508,27.783324,2040.2 85.435507,27.783316,2040 85.435504,27.783308,2039.8 85.435501,27.783299,2039.7 85.435501,27.78329,2039.5 85.435497,27.783281,2039.3 85.435492,27.783274,2039.2 85.435485,27.783267,2039 85.435477,27.783261,2038.8 85.43547,27.783259,2038.7 85.435468,27.783252,2038.6 85.435466,27.783246,2038.4 85.435463,27.78324,2038.3 85.435459,27.783232,2038.2 85.435454,27.783228,2038 85.435451,27.783223,2037.9 85.43545,27.783216,2037.8 85.435446,27.78321,2037.7 85.435441,27.783202,2037.5 85.435436,27.783195,2037.3 85.435434,27.78319,2037.2 85.435435,27.783183,2037.1 85.435436,27.78318,2037.1 85.435434,27.783173,2036.9 85.435431,27.78317,2036.8 85.43543,27.783163,2036.7 85.43543,27.783154,2036.5 85.435434,27.783149,2036.4 85.435438,27.783148,2036.4 85.435438,27.783142,2036.3 85.435441,27.783133,2036.1 85.435446,27.783124,2035.9 85.435451,27.783116,2035.8 85.435454,27.783107,2035.6 85.435455,27.783097,2035.4 85.435457,27.783088,2035.2 85.435462,27.78308,2035.1 85.435466,27.783071,2034.9 85.435467,27.783063,2034.8 85.435468,27.783058,2034.7 85.435472,27.783053,2034.6 85.435477,27.783047,2034.4 85.435479,27.783041,2034.3 85.435482,27.783035,2034.2 85.435487,27.783029,2034.1 85.435491,27.783023,2034 85.435495,27.783018,2033.9 85.435494,27.783013,2033.8 85.435491,27.783007,2033.7 85.43549,27.782999,2033.5 85.435495,27.782989,2033.4 85.435493,27.782986,2033.3 85.435499,27.782984,2033.2 85.435505,27.782984,2033.1 85.43551,27.782982,2033 85.435517,27.782976,2032.9 85.435524,27.78297,2032.8 85.435535,27.782963,2032.5 85.435542,27.78296,2032.4 85.43555,27.782956,2032.3 85.435555,27.78295,2032.2 85.435561,27.782944,2032.1 85.435566,27.782939,2032 85.435573,27.782936,2031.8 85.435578,27.782931,2031.7 85.435581,27.782925,2031.6 85.435584,27.78292,2031.5 85.435588,27.782916,2031.4 85.43559,27.782909,2031.3 85.43559,27.782899,2031.2 85.435586,27.782889,2031 85.435586,27.78288,2030.9 85.435584,27.782871,2030.7 85.435583,27.782861,2030.6 85.435574,27.782854,2030.4 85.435566,27.782846,2030.2 85.43556,27.782838,2030.1 85.43555,27.782835,2029.9 85.435545,27.782829,2029.8 85.435544,27.782824,2029.7 85.435542,27.782818,2029.6 85.435539,27.782812,2029.5 85.435537,27.782805,2029.4 85.435525,27.782803,2029.3 85.435517,27.782799,2029.1 85.435511,27.782795,2029 85.435506,27.782791,2028.9 85.435502,27.782787,2028.9 85.435499,27.782778,2028.7 85.435494,27.782777,2028.7 85.435487,27.782772,2028.6 85.435479,27.782767,2028.4 85.435477,27.78276,2028.3 85.435477,27.782751,2028.2 85.435477,27.782743,2028.1 85.435476,27.782736,2028 85.435472,27.782728,2027.9 85.435475,27.782724,2027.9 85.435481,27.782717,2027.7 85.435488,27.782712,2027.6 85.435492,27.782705,2027.6 85.435493,27.782695,2027.4 85.4355,27.782689,2027.3 85.435514,27.782687,2027.2 85.435526,27.782684,2027.1 85.435534,27.782679,2027 85.435539,27.782676,2027 85.435537,27.782671,2026.9 85.435538,27.782665,2026.9 85.435544,27.78266,2026.8 85.435551,27.782656,2026.7 85.435555,27.782653,2026.7 85.435559,27.782646,2026.6 85.435561,27.78264,2026.6 85.435562,27.78263,2026.5 85.435555,27.782624,2026.4 85.435545,27.782617,2026.3 85.435538,27.782611,2026.3 85.435535,27.782603,2026.2 85.435534,27.782595,2026.2 85.435534,27.782586,2026.1 85.435534,27.782576,2026 85.435533,27.782565,2026 85.43553,27.782555,2025.9 85.435527,27.782546,2025.8 85.435523,27.782539,2025.8 85.435518,27.782531,2025.7 85.435511,27.782523,2025.6 85.435504,27.782515,2025.6 85.435497,27.782507,2025.5 85.43549,27.782499,2025.4 85.435482,27.782492,2025.3 85.435476,27.782484,2025.3 85.435469,27.782475,2025.2 85.435461,27.782469,2025.1 85.435454,27.782462,2025 85.435451,27.782454,2024.9 85.435451,27.782445,2024.9 85.435451,27.782436,2024.8 85.43545,27.782428,2024.7 85.435448,27.78242,2024.6 85.435444,27.782413,2024.6 85.435439,27.782405,2024.5 85.435434,27.782399,2024.4 85.435429,27.78239,2024.3 85.435427,27.78238,2024.2 85.435426,27.782373,2024.1 85.435423,27.782365,2024 85.435419,27.782358,2024 85.435418,27.78235,2023.9 85.43542,27.782341,2023.8 85.435424,27.782331,2023.7 85.435426,27.782322,2023.6 85.435429,27.782316,2023.5 85.435426,27.78231,2023.5 85.435423,27.782302,2023.4 85.435422,27.782293,2023.3 85.435425,27.782285,2023.2 85.435432,27.782277,2023.1 85.435437,27.782267,2023 85.435432,27.78226,2023 85.435425,27.782252,2022.9 85.435418,27.782243,2022.8 85.435413,27.782234,2022.7 85.435412,27.782224,2022.6 85.435412,27.782214,2022.5 85.435411,27.782204,2022.5 85.435405,27.782197,2022.4 85.435402,27.782188,2022.3 85.4354,27.782181,2022.3 85.4354,27.782172,2022.2 85.4354,27.782163,2022.1 85.435403,27.782156,2022.1 85.435408,27.78215,2022 85.435408,27.782142,2022 85.435399,27.782142,2021.9 85.435388,27.782144,2021.8 85.43538,27.782139,2021.8 85.435379,27.782134,2021.7 85.435384,27.782125,2021.6 85.435387,27.782117,2021.6 85.43539,27.782107,2021.5 85.435389,27.782098,2021.4 85.435387,27.78209,2021.3 85.435388,27.78208,2021.2 85.435386,27.78207,2021.1 85.435382,27.782063,2021 85.435373,27.78206,2020.9 85.435374,27.782068,2020.8 85.435375,27.78207,2020.8 85.435375,27.782066,2020.7 85.435374,27.782061,2020.7 85.435369,27.782056,2020.6 85.435368,27.782049,2020.5 85.435366,27.782042,2020.4 85.43536,27.782032,2020.3 85.435356,27.782022,2020.1 85.435352,27.782012,2019.9 85.435348,27.782003,2019.8 85.435343,27.781995,2019.7 85.435339,27.781997,2019.6 85.435338,27.782001,2019.5 85.43534,27.782003,2019.5 85.43534,27.782003,2019.5 85.435328,27.782001,2019.3 85.435322,27.781999,2019.2 85.435317,27.781997,2019.1 85.435314,27.781996,2019 85.435311,27.781995,2019 85.435309,27.781995,2019 85.435308,27.781994,2018.9 85.435307,27.781994,2018.9 85.435306,27.781994,2018.9 85.435306,27.781993,2018.9 85.435307,27.781993,2018.9 85.435307,27.781993,2018.9 85.435306,27.781993,2018.8 85.435305,27.781993,2018.8 85.435305,27.781992,2018.8 85.435304,27.781991,2018.8 85.435305,27.781989,2018.7 85.435308,27.781988,2018.7 85.435311,27.781989,2018.6 85.435311,27.781991,2018.6 85.43531,27.781992,2018.6 85.43531,27.781991,2018.6 85.43531,27.781988,2018.5 85.435307,27.781986,2018.4 85.435299,27.781979,2018.3 85.43528,27.781963,2017.8 85.435271,27.781958,2017.6 85.435268,27.781954,2017.5 85.435263,27.781952,2017.4 85.435252,27.781947,2017.2 85.435254,27.781936,2017 85.43526,27.781929,2016.8 85.435264,27.78192,2016.6 85.435264,27.781911,2016.4 85.435267,27.781907,2016.3 85.435268,27.781903,2016.2 85.435268,27.781904,2016.2 85.435268,27.781909,2016.1 85.435269,27.781914,2016 85.43527,27.781917,2015.9 85.43527,27.781918,2015.9 85.435271,27.781916,2015.9 85.435271,27.781913,2015.8 85.435268,27.781909,2015.7 85.435254,27.781904,2015.4 85.435242,27.781896,2015.2 85.435238,27.781892,2015.1 85.435235,27.781886,2014.9 85.435234,27.781884,2014.9 85.435233,27.781889,2014.8 85.43523,27.781894,2014.7 85.435236,27.781897,2014.6 85.435237,27.781898,2014.5 85.435236,27.781896,2014.5 85.435232,27.781892,2014.4 85.435226,27.781888,2014.3 85.435219,27.781883,2014.1 85.435212,27.781879,2014 85.435207,27.781871,2013.8 85.435198,27.781865,2013.6 85.435187,27.781864,2013.5 85.435181,27.781858,2013.3 85.435176,27.78185,2013.1 85.435166,27.781844,2012.9 85.435161,27.781836,2012.8 85.435162,27.781827,2012.6 85.435156,27.781819,2012.4 85.435154,27.781812,2012.2 85.435155,27.781803,2012 85.435156,27.781793,2011.8 85.435153,27.781783,2011.6 85.435151,27.781774,2011.4 85.435147,27.781764,2011.2 85.435144,27.781758,2011 85.435144,27.78175,2010.8 85.435145,27.781739,2010.6 85.435142,27.781742,2010.5 85.435136,27.781743,2010.4 85.435131,27.781739,2010.2 85.43513,27.781734,2010.1 85.435126,27.781728,2009.9 85.435122,27.781721,2009.8 85.435117,27.781711,2009.5 85.43511,27.781702,2009.2 85.435102,27.781695,2008.9 85.435092,27.78169,2008.6 85.435087,27.781684,2008.4 85.435083,27.781676,2008.1 85.435076,27.781672,2007.9 85.435068,27.781666,2007.6 85.435063,27.781659,2007.4 85.435056,27.781655,2007.2 85.435048,27.78165,2007 85.435039,27.781646,2006.7 85.435031,27.781641,2006.5 85.435025,27.781643,2006.3 85.435016,27.781639,2006.1 85.435019,27.781631,2005.8 85.43503,27.781626,2005.6 85.435037,27.781627,2005.4 85.435039,27.781627,2005.4 85.43504,27.781627,2005.3 85.435041,27.781627,2005.3 85.435042,27.781627,2005.3 85.435041,27.781627,2005.3 85.435037,27.781625,2005.2 85.435028,27.78162,2004.9 85.43502,27.781611,2004.6 85.435014,27.781603,2004.4 85.435012,27.781597,2004.3 85.435008,27.781593,2004.2 85.435001,27.781586,2003.9 85.434991,27.781576,2003.6 85.43498,27.781569,2003.4 85.434967,27.781562,2003.1 85.434961,27.781552,2002.9 85.434955,27.781543,2002.7 85.434939,27.781542,2002.5 85.434933,27.781551,2002.3 85.434928,27.781556,2002.2 85.434921,27.781549,2002.1 85.434916,27.781538,2001.9 85.434905,27.781531,2001.8 85.434896,27.781524,2001.7 85.434899,27.781516,2001.6 85.4349,27.781506,2001.4 85.4349,27.781497,2001.3 85.434899,27.78149,2001.3 85.434895,27.781485,2001.2 85.434889,27.78148,2001.1 85.434879,27.781476,2001 85.434867,27.781475,2000.9 85.434861,27.781471,2000.9 85.43486,27.781464,2000.8 85.43486,27.781457,2000.8 85.434858,27.78145,2000.7 85.434856,27.78144,2000.6 85.434849,27.781435,2000.6 85.43484,27.78143,2000.5 85.434837,27.781421,2000.4 85.434834,27.781412,2000.4 85.434828,27.781406,2000.3 85.434826,27.781396,2000.3 85.434822,27.78139,2000.2 85.434821,27.781381,2000.1 85.434819,27.781372,2000.1 85.434813,27.781363,2000 85.434809,27.781358,2000 85.434805,27.781351,2000 85.4348,27.781345,1999.9 85.434794,27.781339,1999.9 85.434784,27.781335,1999.8 85.434774,27.781333,1999.8 85.434769,27.781325,1999.7 85.434767,27.781319,1999.7 85.434764,27.781311,1999.6 85.434759,27.781302,1999.6 85.434751,27.781295,1999.5 85.434741,27.781289,1999.5 85.43473,27.781284,1999.4 85.434719,27.781278,1999.4 85.434704,27.781291,1999.3 85.434691,27.781294,1999.3 85.434678,27.781295,1999.2 85.434665,27.781298,1999.2 85.434654,27.781301,1999.1 85.434644,27.781306,1999.1 85.434634,27.781318,1999 85.434626,27.781327,1999 85.434619,27.781335,1998.9 85.434614,27.781342,1998.9 85.43461,27.781347,1998.8 85.434605,27.781347,1998.8 85.434604,27.781348,1998.8 85.434606,27.781355,1998.7 85.434609,27.781357,1998.7 85.434611,27.781358,1998.7 85.434613,27.781359,1998.7 85.434615,27.781357,1998.7 85.434615,27.781356,1998.7 85.434615,27.781356,1998.7 85.434615,27.781356,1998.7 85.434615,27.781355,1998.7 85.434615,27.781355,1998.7 85.434614,27.781353,1998.7 85.434614,27.781353,1998.7 85.434614,27.781352,1998.6 85.434614,27.781351,1998.6 85.434615,27.78135,1998.6 85.434616,27.781349,1998.6 85.434617,27.781347,1998.6 85.434619,27.781345,1998.6 85.434621,27.781343,1998.6 85.434621,27.781341,1998.6 85.434621,27.781339,1998.5 85.434621,27.781338,1998.5 85.434621,27.781337,1998.5 85.434622,27.781335,1998.5 85.434622,27.781335,1998.5 85.434622,27.781334,1998.5 85.434622,27.781333,1998.5 85.434622,27.781333,1998.5 85.434622,27.781332,1998.5 85.434621,27.781331,1998.5 85.434622,27.781332,1998.5 85.434622,27.781332,1998.5 85.434621,27.781331,1998.5 85.434619,27.78133,1998.5 85.434619,27.78133,1998.5 85.434618,27.781329,1998.4 85.434618,27.78133,1998.4 85.434618,27.78133,1998.4 85.434619,27.78133,1998.4 85.434618,27.781329,1998.4 85.434617,27.78133,1998.4 85.434617,27.78133,1998.4 85.434617,27.78133,1998.4 85.434617,27.78133,1998.4 85.434617,27.78133,1998.4 85.434616,27.78133,1998.4 85.434616,27.78133,1998.4 85.434614,27.781329,1998.4 85.434612,27.781328,1998.4 85.434611,27.781326,1998.4 85.434609,27.781327,1998.3 85.434609,27.781327,1998.3 85.434609,27.781327,1998.3 85.434609,27.781326,1998.3 85.434608,27.781325,1998.3 85.434608,27.781324,1998.3 85.434608,27.781323,1998.3 85.434608,27.781323,1998.3 85.434608,27.781322,1998.3 85.434603,27.781325,1998.3 85.434599,27.781327,1998.2 85.43459,27.781331,1998.2 85.434578,27.781333,1998.1 85.43457,27.781333,1998 85.434562,27.781333,1998 85.434553,27.781327,1997.9 85.434548,27.781317,1997.8 85.434546,27.781309,1997.7 85.434543,27.781301,1997.6 85.434538,27.781295,1997.5 85.434523,27.781293,1997.4 85.43451,27.78129,1997.3 85.434497,27.781287,1997.2 85.434483,27.781283,1997 85.434472,27.781276,1996.9 85.434459,27.781271,1996.7 85.434447,27.781266,1996.5 85.434436,27.781262,1996.4 85.434426,27.781256,1996.2 85.434416,27.78125,1996 85.434405,27.781246,1995.8 85.434394,27.781241,1995.6 85.434384,27.781236,1995.4 85.434373,27.78123,1995.2 85.434362,27.781224,1994.9 85.434352,27.781216,1994.6 85.434344,27.781209,1994.4 85.434336,27.781203,1994.1 85.434323,27.781196,1993.8 85.434315,27.781191,1993.6 85.434304,27.781185,1993.3 85.434293,27.781179,1993 85.434284,27.781175,1992.8 85.434275,27.78117,1992.5 85.434265,27.781163,1992.2 85.434258,27.781157,1992 85.434248,27.781154,1991.8 85.434235,27.781157,1991.5 85.434223,27.781159,1991.2 85.434215,27.781154,1991 85.43421,27.781145,1990.8 85.434203,27.781136,1990.6 85.434195,27.781133,1990.4 85.434185,27.781131,1990.2 85.434176,27.781127,1990 85.434165,27.781127,1989.8 85.434154,27.781126,1989.6 85.434145,27.781125,1989.4 85.434137,27.781132,1989.2 85.434128,27.781135,1989 85.434116,27.78113,1988.8 85.434104,27.781123,1988.5 85.434098,27.781115,1988.3 85.434091,27.781108,1988.1 85.434083,27.781102,1988 85.434077,27.781096,1987.8 85.434073,27.781087,1987.6 85.434065,27.78108,1987.4 85.434054,27.781079,1987.2 85.434042,27.781077,1987 85.434033,27.781074,1986.8 85.434019,27.781072,1986.6 85.434007,27.781071,1986.4 85.434001,27.781062,1986.2 85.433994,27.781052,1986 85.433984,27.781044,1985.7 85.433969,27.781042,1985.5 85.433956,27.781046,1985.2 85.433944,27.781049,1985 85.433931,27.781055,1984.8 85.433919,27.781064,1984.5 85.433904,27.781071,1984.2 85.433888,27.781068,1983.9 85.433874,27.781064,1983.7 85.433858,27.781064,1983.4 85.433842,27.781061,1983 85.433828,27.781062,1982.7 85.433817,27.781065,1982.5 85.433806,27.781061,1982.3 85.433795,27.781056,1982 85.433785,27.781052,1981.8 85.433783,27.781054,1981.7 85.433783,27.781058,1981.6 85.43378,27.781059,1981.5 85.433771,27.781053,1981.3 85.43377,27.781044,1981 85.433758,27.781035,1980.7 85.433758,27.781034,1980.7 85.433748,27.781036,1980.4 85.433738,27.78104,1980.2 85.433732,27.781048,1979.9 85.433723,27.781058,1979.6 85.433714,27.781057,1979.3 85.43371,27.781062,1979.2 85.4337,27.781066,1978.9 85.433695,27.781053,1978.5 85.433711,27.781043,1978 85.433719,27.78104,1977.8 85.433721,27.781038,1977.7 85.43372,27.781038,1977.7 85.43372,27.781036,1977.7 85.433721,27.781035,1977.6 85.433721,27.781034,1977.6 85.433721,27.781034,1977.6 85.433721,27.781033,1977.6 85.433721,27.781032,1977.5 85.43372,27.781031,1977.5 85.433719,27.78103,1977.5 85.43372,27.78103,1977.4 85.43372,27.781029,1977.4 85.433717,27.781028,1977.3 85.433713,27.781025,1977.2 85.433707,27.781022,1977 85.433705,27.781021,1976.9 85.433702,27.781021,1976.8 85.433693,27.781021,1976.6 85.43368,27.781019,1976.2 85.433667,27.781015,1975.8 85.433652,27.781008,1975.3 85.433642,27.781005,1975 85.433635,27.780998,1974.7 85.433629,27.780992,1974.4 85.433624,27.780989,1974.3 85.433616,27.780988,1974 85.433611,27.780987,1973.9 85.433603,27.780983,1973.6 85.433599,27.780984,1973.5 85.433605,27.780989,1973.2 85.433608,27.780991,1973.1 85.433609,27.780992,1973.1 85.433612,27.780993,1973 85.433613,27.780994,1972.9 85.433612,27.780995,1972.9 85.433607,27.780999,1972.7 85.433602,27.780994,1972.5 85.433599,27.780991,1972.3 85.433599,27.780991,1972.3 85.433599,27.780991,1972.3 85.433601,27.780991,1972.3 85.433602,27.780992,1972.2 85.433602,27.780991,1972.2 85.433602,27.780991,1972.2 85.4336,27.78099,1972.1 85.433598,27.780989,1972.1 85.433597,27.780989,1972 85.433597,27.780991,1972 85.433596,27.780991,1971.9 85.433595,27.780992,1971.9 85.433595,27.780992,1971.9 85.433595,27.780991,1971.9 85.433595,27.780991,1971.9 85.433594,27.780991,1971.8 85.433594,27.78099,1971.8 85.433592,27.780989,1971.7 85.433588,27.780996,1971.5 85.433582,27.780997,1971.3 85.433572,27.780996,1971 85.43356,27.780998,1970.6 85.43355,27.780966,1969.6 85.433542,27.780958,1969.2 85.433537,27.780957,1969.1 85.433531,27.78095,1968.8 85.433523,27.780936,1968.3 85.433522,27.78093,1968.1 85.433514,27.780922,1967.8 85.433506,27.780914,1967.5 85.433498,27.780905,1967.1 85.43349,27.780898,1966.8 85.43348,27.780891,1966.5 85.433473,27.780884,1966.2 85.433463,27.780875,1965.8 85.433461,27.780865,1965.5 85.433458,27.780854,1965.2 85.433452,27.780843,1964.8 85.433452,27.780834,1964.6 85.433451,27.780826,1964.4 85.433446,27.780817,1964.1 85.43344,27.780816,1963.9 85.433434,27.780812,1963.7 85.433432,27.780806,1963.5 85.43343,27.780799,1963.3 85.433426,27.780791,1963.1 85.433419,27.780785,1962.8 85.433412,27.780789,1962.6 85.433406,27.780796,1962.3 85.433397,27.780803,1962 85.433382,27.780806,1961.6 85.433372,27.780792,1961.2 85.433371,27.780778,1960.8 85.433367,27.780764,1960.3 85.43336,27.780754,1959.9 85.433356,27.780742,1959.5 85.433362,27.78073,1959.1 85.433371,27.78072,1958.7 85.433382,27.780709,1958.2 85.433391,27.780702,1957.9 85.4334,27.780695,1957.5 85.433409,27.780689,1957.2 85.433418,27.780681,1956.8 85.433427,27.780673,1956.4 85.433431,27.780662,1956 85.433434,27.780652,1955.6 85.433432,27.780638,1955.1 85.433428,27.780627,1954.7 85.433423,27.780616,1954.3 85.433419,27.780605,1953.9 85.433417,27.780596,1953.5 85.433413,27.780587,1953.2 85.43341,27.780579,1952.9 85.433407,27.780571,1952.6 85.433404,27.780565,1952.4 85.433399,27.780558,1952.1 85.433397,27.780549,1951.7 85.433397,27.780541,1951.4 85.433394,27.78053,1951 85.43339,27.780522,1950.7 85.433387,27.780514,1950.5 85.433385,27.780512,1950.4 85.433383,27.780507,1950.2 85.433378,27.780502,1950 85.433363,27.780498,1949.5 85.43335,27.780503,1949.1 85.433336,27.780507,1948.6 85.433323,27.780513,1948.2 85.43331,27.78052,1947.7 85.433307,27.780528,1947.4 85.433312,27.780537,1947.1 85.433315,27.780545,1946.8 85.433321,27.780551,1946.6 85.433322,27.78055,1946.5 85.433322,27.780549,1946.5 85.43332,27.780551,1946.4 85.433317,27.780553,1946.3 85.433311,27.780556,1946.1 85.433298,27.780561,1945.6 85.433286,27.780572,1945.1 85.433273,27.780582,1944.6 85.433264,27.780588,1944.3 85.433254,27.780593,1943.9 85.433244,27.780593,1943.6 85.433243,27.780586,1943.4 85.433247,27.780581,1943.2 85.433253,27.780582,1943 85.433256,27.780582,1942.9 85.433256,27.780579,1942.8 85.433253,27.780576,1942.7 85.433247,27.780572,1942.5 85.433242,27.780569,1942.3 85.433237,27.780565,1942.1 85.433231,27.78056,1941.9 85.433223,27.780556,1941.7 85.433216,27.780552,1941.5 85.433209,27.780553,1941.3 85.433209,27.780558,1941.2 85.433211,27.780563,1941 85.433213,27.780566,1940.9 85.433208,27.780568,1940.8 85.433202,27.780564,1940.6 85.433197,27.780556,1940.3 85.43319,27.780548,1940.1 85.433185,27.780541,1939.8 85.43318,27.780536,1939.7 85.433174,27.780531,1939.5 85.433168,27.780527,1939.3 85.433162,27.780523,1939.1 85.433156,27.780518,1939 85.433152,27.780514,1938.8 85.433145,27.780508,1938.6 85.433142,27.780505,1938.5 85.433134,27.780501,1938.3 85.433123,27.780498,1938.1 85.433109,27.780495,1937.8 85.433096,27.780495,1937.6 85.433085,27.7805,1937.3 85.433088,27.780513,1937 85.433096,27.780524,1936.7 85.433094,27.780527,1936.7 85.433085,27.780528,1936.5 85.433075,27.780527,1936.3 85.433065,27.780523,1936.1 85.433055,27.780518,1935.9 85.433046,27.780513,1935.7 85.433037,27.78051,1935.6 85.433026,27.780507,1935.4 85.433022,27.780502,1935.3 85.433015,27.780497,1935.1 85.43301,27.780486,1934.9 85.433023,27.780479,1934.6 85.433035,27.780479,1934.4 85.433038,27.78048,1934.4 85.433038,27.78048,1934.4 85.433037,27.780479,1934.3 85.433036,27.780478,1934.3 85.433033,27.780475,1934.2 85.433028,27.780471,1934.1 85.433022,27.780464,1934 85.433017,27.780456,1933.8 85.433006,27.780448,1933.6 85.432995,27.780438,1933.3 85.432983,27.780429,1933.1 85.432975,27.780427,1932.9 85.432965,27.780424,1932.8 85.432955,27.78042,1932.6 85.432944,27.780414,1932.4 85.432932,27.780412,1932.2 85.432923,27.780413,1932.1 85.432913,27.780413,1931.9 85.432905,27.780411,1931.8 85.432898,27.780409,1931.7 85.432891,27.780406,1931.5 85.432882,27.780402,1931.4 85.432874,27.780397,1931.2 85.432871,27.780391,1931.1 85.432867,27.780385,1931 85.43286,27.780381,1930.8 85.432853,27.780375,1930.7 85.432846,27.780369,1930.5 85.432838,27.78036,1930.3 85.432831,27.780354,1930.2 85.432823,27.780347,1930 85.432815,27.780344,1929.9 85.432806,27.78034,1929.7 85.432793,27.780332,1929.5 85.43279,27.780326,1929.4 85.432787,27.780316,1929.2 85.432783,27.780306,1929 85.432776,27.780299,1928.8 85.432767,27.780293,1928.7 85.432759,27.780289,1928.5 85.43275,27.780284,1928.4 85.432739,27.780281,1928.2 85.432729,27.780275,1928 85.432718,27.780272,1927.8 85.43271,27.780273,1927.7 85.432698,27.780271,1927.5 85.432689,27.780265,1927.3 85.432685,27.780256,1927.2 85.432683,27.780248,1927 85.432678,27.78024,1926.9 85.432668,27.780235,1926.7 85.432657,27.780232,1926.5 85.432648,27.780233,1926.4 85.432638,27.780232,1926.2 85.432629,27.780231,1926.1 85.432618,27.780229,1925.9 85.432611,27.780227,1925.8 85.432605,27.780228,1925.7 85.432598,27.780227,1925.6 85.432592,27.780226,1925.5 85.432581,27.780225,1925.3 85.432574,27.780227,1925.1 85.432564,27.780227,1925 85.432554,27.780222,1924.8 85.432546,27.780216,1924.6 85.432538,27.780212,1924.4 85.432529,27.780207,1924.2 85.432519,27.780204,1924.1 85.432507,27.780199,1923.8 85.432497,27.780192,1923.6 85.432486,27.780183,1923.3 85.432478,27.780178,1923.2 85.432471,27.780176,1923 85.432462,27.78018,1922.8 85.432453,27.780185,1922.6 85.432445,27.78019,1922.5 85.432435,27.780194,1922.3 85.432427,27.780194,1922.1 85.432421,27.780192,1922 85.432413,27.780192,1921.8 85.432407,27.780195,1921.7 85.432401,27.780197,1921.6 85.432393,27.780198,1921.4 85.43239,27.780202,1921.3 85.432388,27.780205,1921.3 85.43238,27.780209,1921.1 85.432374,27.780214,1920.9 85.432368,27.780218,1920.8 85.432361,27.780221,1920.6 85.432353,27.780222,1920.5 85.432344,27.780224,1920.3 85.432337,27.780226,1920.2 85.432334,27.780227,1920.1 85.432329,27.780224,1920 85.432323,27.78022,1919.8 85.432316,27.780217,1919.7 85.432308,27.780216,1919.5 85.432301,27.780214,1919.3 85.432294,27.780212,1919.2 85.432285,27.780211,1919 85.43228,27.78021,1918.9 85.432273,27.780208,1918.7 85.432263,27.780206,1918.5 85.432257,27.780206,1918.4 85.432248,27.780205,1918.2 85.43224,27.780206,1918 85.432231,27.780207,1917.8 85.432219,27.780209,1917.5 85.432208,27.780211,1917.3 85.432202,27.780212,1917.1 85.432194,27.780214,1916.9 85.432182,27.780216,1916.6 85.432175,27.780217,1916.4 85.432167,27.780217,1916.2 85.432159,27.780218,1916 85.432153,27.780218,1915.9 85.432144,27.780215,1915.7 85.432136,27.780215,1915.5 85.432126,27.780215,1915.2 85.432118,27.780212,1915 85.432109,27.780209,1914.8 85.4321,27.780205,1914.5 85.432092,27.7802,1914.3 85.432086,27.780193,1914 85.432081,27.780182,1913.7 85.432078,27.780175,1913.5 85.432075,27.780167,1913.2 85.432072,27.780163,1913.1 85.432075,27.780161,1913 85.432081,27.780163,1912.8 85.432082,27.780167,1912.7 85.432082,27.780169,1912.7 85.432081,27.78017,1912.6 85.43208,27.780169,1912.6 85.432079,27.780165,1912.5 85.432077,27.780159,1912.3 85.432074,27.780149,1912 85.432075,27.780141,1911.8 85.432077,27.780134,1911.6 85.432077,27.780127,1911.4 85.432077,27.780124,1911.3 85.432077,27.78012,1911.2 85.432078,27.780115,1911 85.432077,27.780117,1911 85.432074,27.780121,1910.8 85.432071,27.780123,1910.7 85.432068,27.780124,1910.6 85.432066,27.780125,1910.6 85.432066,27.780125,1910.6 85.432066,27.780125,1910.6 85.432065,27.780124,1910.5 85.432064,27.78012,1910.4 85.432061,27.780112,1910.2 85.432051,27.780103,1909.8 85.432041,27.780105,1909.6 85.432027,27.780107,1909.2 85.432019,27.780099,1908.9 85.432018,27.780088,1908.6 85.432026,27.780083,1908.4 85.432028,27.780076,1908.2 85.432028,27.780068,1908 85.43203,27.78006,1907.8 85.43203,27.780053,1907.6 85.432029,27.780045,1907.4 85.432027,27.780041,1907.3 85.432022,27.780035,1907.1 85.432015,27.780028,1906.9 85.432006,27.780021,1906.6 85.431997,27.780015,1906.4 85.431991,27.780009,1906.2 85.431985,27.780003,1906 85.43198,27.779995,1905.8 85.431979,27.779988,1905.7 85.431972,27.779978,1905.4 85.431964,27.779974,1905.3 85.43196,27.779966,1905.1 85.431958,27.779956,1904.9 85.431956,27.779946,1904.8 85.431954,27.779935,1904.6 85.431954,27.779927,1904.4 85.431952,27.779921,1904.3 85.431953,27.779913,1904.2 85.431953,27.779903,1904 85.43195,27.779893,1903.9 85.431945,27.779883,1903.7 85.43194,27.779874,1903.6 85.431936,27.779866,1903.4 85.431929,27.779856,1903.3 85.431922,27.779848,1903.1 85.431919,27.779839,1903 85.43192,27.779832,1902.9 85.431924,27.779823,1902.8 85.431929,27.779813,1902.6 85.431932,27.779802,1902.5 85.431938,27.779788,1902.3 85.431942,27.779781,1902.1 85.431944,27.779773,1902 85.431946,27.779767,1901.9 85.431951,27.779763,1901.8 85.431958,27.779762,1901.7 85.431966,27.779762,1901.6 85.431975,27.779761,1901.5 85.431987,27.779758,1901.3 85.431996,27.779756,1901.2 85.432006,27.779755,1901 85.432018,27.779755,1900.8 85.432026,27.779754,1900.7 85.432035,27.77975,1900.5 85.432045,27.779744,1900.3 85.432046,27.779732,1900.1 85.432045,27.779721,1899.8 85.432039,27.779711,1899.6 85.432036,27.779703,1899.4 85.432036,27.779696,1899.2 85.432035,27.779688,1899.1 85.432037,27.779677,1898.8 85.432035,27.779672,1898.6 85.432032,27.779667,1898.5 85.432029,27.779662,1898.3 85.432026,27.779658,1898.2 85.432025,27.779654,1898.1 85.432023,27.779654,1898.1 85.432019,27.779651,1898 85.432015,27.779649,1897.8 85.43201,27.779648,1897.7 85.432005,27.779645,1897.6 85.431998,27.77964,1897.4 85.431991,27.779632,1897.1 85.431984,27.779625,1896.8 85.431978,27.779622,1896.6 85.431973,27.779619,1896.5 85.431968,27.779615,1896.3 85.431964,27.779612,1896.2 85.431959,27.779609,1896 85.431953,27.779606,1895.9 85.43195,27.7796,1895.7 85.431949,27.779595,1895.5 85.43195,27.779589,1895.3 85.431954,27.779584,1895.1 85.43196,27.779582,1894.9 85.431964,27.779578,1894.8 85.431964,27.779572,1894.6 85.431963,27.779563,1894.3 85.431962,27.779556,1894 85.431962,27.779548,1893.8 85.43196,27.779539,1893.5 85.431956,27.779531,1893.3 85.431954,27.779522,1893 85.431952,27.779515,1892.8 85.431946,27.779505,1892.5 85.431944,27.779501,1892.3 85.431943,27.779494,1892.1 85.43194,27.779485,1891.9 85.431934,27.779479,1891.7 85.43193,27.779471,1891.6 85.431917,27.779465,1891.3 85.431902,27.779466,1891 85.431891,27.779463,1890.7 85.431886,27.779464,1890.7 85.431877,27.779464,1890.5 85.431867,27.779465,1890.4 85.431855,27.779463,1890.2 85.431848,27.779459,1890.1 85.431841,27.779455,1889.9 85.431833,27.77945,1889.8 85.431818,27.779447,1889.6 85.431811,27.779444,1889.5 85.431802,27.779439,1889.4 85.431791,27.779433,1889.2 85.431781,27.779426,1889.1 85.431771,27.779419,1888.9 85.43176,27.779414,1888.8 85.43175,27.779409,1888.7 85.43174,27.779402,1888.5 85.431732,27.779397,1888.4 85.431721,27.779392,1888.3 85.431712,27.779388,1888.2 85.431702,27.779383,1888.1 85.431692,27.779378,1888 85.431681,27.779373,1887.9 85.43167,27.779368,1887.8 85.431659,27.779361,1887.7 85.43165,27.779355,1887.6 85.431638,27.779353,1887.5 85.431626,27.779351,1887.4 85.431611,27.779348,1887.2 85.431596,27.779348,1887.1 85.431581,27.779347,1887 85.431567,27.779344,1886.9 85.431553,27.779341,1886.8 85.431541,27.779338,1886.7 85.43153,27.779334,1886.6 85.43152,27.77933,1886.5 85.431508,27.779325,1886.4 85.431496,27.779318,1886.3 85.431483,27.779312,1886.2 85.431471,27.779308,1886.1 85.431458,27.779305,1886 85.431448,27.779299,1885.9 85.431439,27.779292,1885.8 85.43143,27.779285,1885.8 85.431422,27.779277,1885.7 85.431413,27.77927,1885.6 85.431405,27.779262,1885.5 85.431399,27.779247,1885.4 85.431398,27.779239,1885.3 85.431395,27.779228,1885.2 85.431392,27.779217,1885.1 85.431389,27.779206,1885 85.431386,27.779195,1884.9 85.431378,27.779178,1884.8 85.431373,27.779172,1884.7 85.431367,27.779163,1884.6 85.431361,27.779154,1884.5 85.431355,27.779145,1884.5 85.431348,27.779134,1884.4 85.431343,27.779128,1884.3 85.431336,27.779119,1884.2 85.431326,27.779112,1884.1 85.431316,27.779104,1884 85.431304,27.779094,1883.9 85.431297,27.779091,1883.8 85.431285,27.779088,1883.7 85.431275,27.779083,1883.7 85.431269,27.779071,1883.5 85.431264,27.779058,1883.4 85.431255,27.779047,1883.3 85.431251,27.779035,1883.2 85.431245,27.779021,1883 85.431241,27.779011,1882.9 85.431235,27.779002,1882.8 85.431228,27.778992,1882.7 85.431217,27.778985,1882.6 85.431208,27.778981,1882.5 85.431198,27.778977,1882.4 85.431193,27.778971,1882.3 85.431184,27.77896,1882.1 85.431177,27.778954,1882 85.431172,27.778947,1881.9 85.431172,27.778943,1881.9 85.431174,27.778942,1881.8 85.431174,27.778941,1881.8 85.431168,27.778933,1881.7 85.431161,27.778917,1881.5 85.431158,27.77891,1881.4 85.431153,27.778908,1881.3 85.431152,27.778912,1881.3 85.431153,27.778912,1881.2 85.431156,27.778913,1881.2 85.431159,27.778915,1881.2 85.431162,27.778915,1881.1 85.431164,27.778916,1881.1 85.431165,27.778917,1881.1 85.431167,27.778917,1881 85.431168,27.778918,1881 85.431169,27.778919,1881 85.43117,27.778918,1881 85.43117,27.778918,1881 85.431171,27.778919,1881 85.431172,27.778919,1880.9 85.431172,27.778921,1880.9 85.431173,27.778924,1880.9 85.431174,27.778926,1880.8 85.431175,27.778929,1880.8 85.431175,27.77893,1880.8 85.431176,27.778931,1880.7 85.431176,27.778932,1880.7 85.431177,27.778934,1880.7 85.431176,27.778933,1880.7 85.431177,27.778935,1880.6 85.431178,27.778936,1880.6 85.431178,27.778937,1880.6 85.431178,27.778939,1880.6 85.431179,27.77894,1880.6 85.43118,27.778943,1880.5 85.431182,27.778945,1880.5 85.431184,27.778947,1880.4 85.431187,27.77895,1880.4 85.431187,27.778952,1880.3 85.431189,27.778954,1880.3 85.431191,27.778956,1880.2 85.431192,27.778958,1880.2 85.431194,27.77896,1880.2 85.431196,27.778961,1880.1 85.431197,27.778962,1880.1 85.431198,27.778962,1880.1 85.431197,27.778962,1880.1 85.431194,27.778963,1880 85.431191,27.778963,1880 85.431186,27.778957,1879.8 85.431182,27.778948,1879.6 85.431174,27.778935,1879.4 85.43116,27.778927,1879.1 85.431148,27.778929,1878.8 85.431144,27.778932,1878.7 85.431147,27.778936,1878.6 85.431151,27.778939,1878.5 85.431154,27.778939,1878.5 85.431158,27.778939,1878.4 85.43116,27.77894,1878.3 85.431161,27.778942,1878.3 85.431159,27.778944,1878.2 85.431153,27.778948,1878.1 85.431146,27.77895,1877.9 85.431137,27.77895,1877.7 85.431129,27.778943,1877.5 85.431127,27.778934,1877.2 85.431126,27.778926,1877 85.431124,27.778919,1876.8 85.431124,27.778916,1876.8 85.431125,27.778916,1876.7 85.431127,27.778918,1876.7 85.431129,27.778922,1876.5 85.43113,27.778924,1876.5 85.43113,27.778925,1876.5 85.43113,27.778927,1876.4 85.431131,27.778928,1876.4 85.431132,27.778929,1876.3 85.431132,27.778929,1876.3 85.431132,27.77893,1876.3 85.431132,27.77893,1876.3 85.431132,27.77893,1876.3 85.431132,27.77893,1876.3 85.431132,27.778931,1876.3 85.431132,27.778931,1876.3 85.431132,27.778931,1876.3 85.431132,27.778932,1876.3 85.431132,27.778933,1876.2 85.431133,27.778934,1876.2 85.431133,27.778934,1876.2 85.431133,27.778935,1876.2 85.431134,27.778935,1876.2 85.431133,27.778936,1876.1 85.431132,27.778935,1876.1 85.431133,27.778932,1876 85.431134,27.778932,1876 85.431137,27.778931,1875.9 85.431142,27.77893,1875.7 85.431149,27.778928,1875.5 85.431157,27.778927,1875.3 85.431165,27.778922,1875.1 85.431176,27.778914,1874.7 85.43119,27.778906,1874.3 85.431203,27.778901,1873.9 85.431219,27.778899,1873.5 85.431229,27.778892,1873.1 85.43122,27.778879,1872.7 85.431206,27.778874,1872.3 85.431192,27.778869,1871.9 85.431186,27.778865,1871.7 85.43118,27.778865,1871.5 85.431175,27.778869,1871.3 85.43117,27.778872,1871.2 85.431161,27.778873,1870.9 85.431146,27.778871,1870.5 85.431135,27.778865,1870.2 85.431129,27.778854,1869.8 85.431124,27.778842,1869.4 85.43112,27.778829,1869 85.431122,27.778816,1868.6 85.431129,27.778803,1868.2 85.431137,27.778793,1867.9 85.431141,27.778785,1867.7 85.431147,27.778775,1867.3 85.431152,27.77877,1867.1 85.431149,27.778764,1867 85.431142,27.778759,1866.7 85.431134,27.778754,1866.5 85.431131,27.778745,1866.2 85.431138,27.778736,1865.9 85.431152,27.778736,1865.6 85.431166,27.778736,1865.3 85.431171,27.778731,1865.1 85.431168,27.778722,1864.8 85.431159,27.778713,1864.5 85.431147,27.77871,1864.2 85.431135,27.778706,1864 85.431124,27.778702,1863.7 85.431112,27.778701,1863.4 85.431099,27.778702,1863.1 85.431089,27.778705,1862.9 85.431078,27.778708,1862.6 85.431067,27.778708,1862.4 85.431058,27.778704,1862.1 85.431046,27.778696,1861.8 85.431038,27.778689,1861.5 85.431029,27.778682,1861.3 85.43102,27.778674,1861 85.431012,27.778667,1860.7 85.431003,27.77866,1860.4 85.430994,27.778653,1860.2 85.430985,27.778647,1859.9 85.430975,27.778639,1859.6 85.430966,27.778634,1859.4 85.430959,27.778631,1859.2 85.43095,27.778627,1859 85.430941,27.778625,1858.7 85.430932,27.778625,1858.5 85.430922,27.778623,1858.3 85.430913,27.77862,1858.1 85.430904,27.778619,1857.8 85.430896,27.778617,1857.7 85.430889,27.778614,1857.5 85.430882,27.778611,1857.3 85.430874,27.778608,1857.1 85.430864,27.778604,1856.8 85.430857,27.778602,1856.6 85.430849,27.778604,1856.4 85.430839,27.778605,1856.2 85.430827,27.778605,1855.9 85.430819,27.778595,1855.5 85.43081,27.778584,1855.1 85.430795,27.778579,1854.7 85.430787,27.778563,1854.2 85.430791,27.778553,1853.8 85.4308,27.778539,1853.3 85.430814,27.778531,1852.9 85.430827,27.77853,1852.5 85.430837,27.77853,1852.3 85.430842,27.778532,1852.1 85.430843,27.778534,1852.1 85.430841,27.778535,1852 85.430841,27.778534,1852 85.430844,27.778535,1851.9 85.430849,27.778536,1851.7 85.430855,27.778536,1851.6 85.430861,27.778537,1851.4 85.430865,27.778537,1851.3 85.430868,27.778538,1851.2 85.430871,27.778539,1851.1 85.430872,27.778538,1851.1 85.430874,27.778539,1851 85.430875,27.778539,1851 85.430877,27.778539,1850.9 85.430878,27.778539,1850.9 85.430878,27.77854,1850.9 85.430879,27.77854,1850.9 85.43088,27.77854,1850.8 85.430881,27.77854,1850.8 85.430881,27.77854,1850.8 85.430881,27.77854,1850.8 85.430881,27.77854,1850.8 85.430881,27.778539,1850.8 85.430882,27.778539,1850.8 85.430882,27.77854,1850.7 85.430882,27.778541,1850.7 85.430883,27.778543,1850.6 85.430884,27.778546,1850.5 85.430885,27.778548,1850.5 85.430883,27.778553,1850.3 85.430881,27.778559,1850.1 85.430881,27.778562,1850 85.430881,27.778566,1849.9 85.43088,27.778571,1849.7 85.430879,27.778573,1849.7 85.430879,27.778576,1849.6 85.430878,27.778579,1849.5 85.430878,27.77858,1849.5 85.430878,27.778582,1849.4 85.430878,27.778583,1849.4 85.430878,27.778583,1849.4 85.430878,27.778584,1849.4 85.430877,27.778583,1849.3 85.430877,27.778583,1849.3 85.430877,27.778583,1849.3 85.430877,27.778584,1849.3 85.430877,27.778584,1849.3 85.430875,27.778584,1849.2 85.430874,27.778584,1849.2 85.43087,27.778582,1849.1 85.430864,27.778579,1848.9 85.430855,27.778576,1848.7 85.430848,27.778572,1848.5 85.430848,27.778559,1848 85.430864,27.778549,1847.8 85.430874,27.778541,1847.7 85.430886,27.778533,1847.6 85.430897,27.778525,1847.5 85.430906,27.778518,1847.4 85.430922,27.778517,1847.3 85.430922,27.778526,1847.2 85.430917,27.778534,1847.1 85.430916,27.778542,1847 85.43092,27.778543,1847 85.430928,27.778545,1846.9 85.430922,27.778541,1846.8 85.430917,27.778538,1846.8 85.430909,27.778534,1846.7 85.430907,27.778531,1846.7 85.430908,27.778529,1846.7 85.430908,27.778526,1846.6 85.430907,27.778524,1846.6 85.430906,27.778524,1846.6 85.430904,27.778525,1846.6 85.43089,27.778523,1846.4 85.430881,27.778518,1846.3 85.430869,27.778514,1846.2 85.430863,27.778513,1846.2 85.430853,27.778512,1846.1 85.430842,27.778512,1845.9 85.430837,27.778514,1845.9 85.430832,27.77852,1845.8 85.430833,27.778523,1845.8 85.430834,27.778529,1845.7 85.430834,27.778532,1845.7 85.430837,27.77853,1845.6 85.430839,27.778529,1845.6 85.430842,27.778526,1845.6 85.430844,27.778525,1845.5 85.430845,27.778524,1845.5 85.430847,27.778524,1845.5 85.430848,27.778524,1845.5 85.430847,27.778524,1845.5 85.430849,27.778524,1845.5 85.430849,27.778524,1845.5 85.43085,27.778524,1845.4 85.43085,27.778524,1845.4 85.430851,27.778523,1845.4 85.430851,27.778523,1845.4 85.430852,27.778523,1845.4 85.430852,27.778523,1845.4 85.430852,27.778523,1845.4 85.430853,27.778523,1845.4 85.430853,27.778524,1845.4 85.430853,27.778524,1845.4 85.430852,27.778524,1845.4 85.430852,27.778525,1845.4 85.430852,27.778525,1845.4 85.430852,27.778525,1845.4 85.430853,27.778527,1845.4 85.430855,27.778526,1845.3 85.43088,27.778504,1844.9 85.430911,27.7785,1844.6 85.430944,27.778528,1844.1 85.430951,27.77855,1843.8 85.430966,27.778566,1843.6 85.43098,27.778571,1843.4 85.430993,27.77857,1843.2 85.430989,27.778572,1843.2 85.430979,27.778582,1843 85.430981,27.778582,1843 85.430986,27.77858,1843 85.43099,27.77858,1842.9 85.430996,27.778581,1842.8 85.431013,27.778584,1842.6 85.431017,27.778578,1842.6 85.43103,27.778577,1842.4 85.431042,27.778571,1842.3 85.431055,27.778564,1842.1 85.431066,27.778557,1842 85.431077,27.778551,1841.8 85.431085,27.778542,1841.7 85.431094,27.778535,1841.6 85.431106,27.778529,1841.4 85.431116,27.778523,1841.3 85.431125,27.778517,1841.2 85.431134,27.778511,1841.1 85.431143,27.778504,1840.9 85.431148,27.778495,1840.8 85.43115,27.778486,1840.7 85.431159,27.778478,1840.6 85.431162,27.77847,1840.5 85.431166,27.778462,1840.4 85.43117,27.778452,1840.2 85.431173,27.778442,1840.1 85.431175,27.778434,1840 85.431179,27.778426,1839.9 85.431183,27.778419,1839.8 85.431184,27.778411,1839.7 85.431183,27.778402,1839.6 85.431185,27.778395,1839.6 85.431192,27.778388,1839.4 85.431197,27.778379,1839.3 85.431196,27.778369,1839.2 85.431199,27.77836,1839.1 85.431202,27.778351,1839 85.431201,27.778341,1838.8 85.431198,27.778332,1838.7 85.431194,27.778325,1838.6 85.43119,27.778317,1838.5 85.431188,27.778309,1838.4 85.431183,27.778302,1838.3 85.431177,27.778294,1838.2 85.431173,27.778285,1838 85.431168,27.77828,1838 85.431159,27.778274,1837.8 85.431151,27.778268,1837.7 85.431147,27.778258,1837.6 85.431141,27.778253,1837.5 85.431131,27.778248,1837.3 85.431121,27.778243,1837.2 85.43111,27.778239,1837.1 85.431103,27.778238,1837 85.431094,27.778234,1836.9 85.431088,27.778229,1836.7 85.431079,27.778223,1836.6 85.43107,27.778221,1836.5 85.431063,27.778215,1836.4 85.431057,27.778209,1836.3 85.431047,27.7782,1836.1 85.43104,27.778196,1836 85.431033,27.778191,1835.8 85.431029,27.778186,1835.8 85.431024,27.778179,1835.6 85.431019,27.778172,1835.5 85.431013,27.778164,1835.4 85.431008,27.778156,1835.2 85.430998,27.778147,1835 85.430992,27.778146,1834.9 85.430982,27.778143,1834.8 85.430973,27.778138,1834.7 85.430966,27.778134,1834.6 85.430956,27.778131,1834.4 85.430944,27.778129,1834.2 85.430931,27.778124,1834.1 85.430918,27.778118,1833.9 85.430911,27.778112,1833.7 85.430901,27.778107,1833.6 85.430891,27.778102,1833.4 85.430882,27.778097,1833.3 85.43087,27.778089,1833.1 85.430864,27.778083,1833 85.430856,27.778077,1832.8 85.430848,27.77807,1832.7 85.430835,27.778064,1832.5 85.430822,27.778058,1832.3 85.430818,27.778055,1832.3 85.430809,27.778048,1832.1 85.430801,27.778042,1832 85.430797,27.778031,1831.9 85.430792,27.778019,1831.7 85.430784,27.778008,1831.6 85.430775,27.778,1831.4 85.430762,27.777992,1831.3 85.430752,27.777983,1831.1 85.430743,27.777975,1831 85.430729,27.777962,1830.8 85.430716,27.777955,1830.7 85.430698,27.777947,1830.5 85.430682,27.77794,1830.4 85.430666,27.777933,1830.3 85.430647,27.777921,1830.1 85.430641,27.777911,1830 85.430636,27.777905,1829.9 85.430629,27.777901,1829.7 85.430625,27.777891,1829.4 85.430622,27.77789,1829.3 85.430615,27.777885,1829.1 85.430613,27.777882,1828.9 85.430616,27.777878,1828.8 85.430618,27.777876,1828.7 85.430621,27.777874,1828.6 85.430623,27.777872,1828.5 85.430624,27.777871,1828.5 85.430625,27.77787,1828.5 85.430626,27.77787,1828.4 85.430627,27.777869,1828.4 85.430628,27.777867,1828.3 85.43063,27.777866,1828.3 85.430631,27.777865,1828.2 85.430631,27.777863,1828.2 85.43063,27.777863,1828.2 85.43063,27.777864,1828.1 85.430632,27.777865,1828.1 85.430633,27.777866,1828 85.430635,27.777867,1828 85.430636,27.777869,1827.9 85.430634,27.77787,1827.9 85.430631,27.777874,1827.7 85.430632,27.777872,1827.7 85.430632,27.777871,1827.6 85.43063,27.777872,1827.6 85.430626,27.777872,1827.5 85.430618,27.777871,1827.3 85.430601,27.77787,1826.9 85.43057,27.777864,1826.3 85.430554,27.777861,1826.1 85.43055,27.777858,1826.1 85.430545,27.777852,1826 85.430537,27.777841,1825.8 85.430525,27.777829,1825.7 85.430517,27.777809,1825.6 85.430512,27.7778,1825.5 85.430506,27.777789,1825.5 85.4305,27.777777,1825.5 85.430495,27.777763,1825.5 85.430491,27.77775,1825.5 85.430491,27.777735,1825.6 85.430493,27.777724,1825.6 85.430497,27.777712,1825.6 85.430506,27.777703,1825.7 85.430516,27.777695,1825.7 85.430521,27.777684,1825.8 85.430519,27.777676,1825.9 85.430521,27.777667,1825.9 85.430524,27.777658,1826 85.430527,27.777649,1826 85.430531,27.777636,1826.1 85.43053,27.777631,1826.1 85.430529,27.777621,1826.2 85.430525,27.777612,1826.3 85.430516,27.777602,1826.4 85.430508,27.777593,1826.5 85.430496,27.777586,1826.6 85.430488,27.777578,1826.6 85.43048,27.777569,1826.7 85.430474,27.77756,1826.8 85.43047,27.777551,1826.9 85.430466,27.777539,1827 85.430463,27.777531,1827 85.430459,27.777521,1827.1 85.430453,27.777512,1827.2 85.43045,27.777502,1827.3 85.430448,27.777492,1827.4 85.430445,27.777482,1827.4 85.430443,27.777472,1827.5 85.43044,27.777462,1827.6 85.430438,27.777452,1827.6 85.430436,27.777436,1827.7 85.430435,27.77743,1827.7 85.430433,27.777421,1827.8 85.430431,27.777409,1827.8 85.430431,27.777398,1827.9 85.430433,27.777386,1827.9 85.430436,27.777375,1827.9 85.430441,27.777365,1827.9 85.430444,27.777355,1827.9 85.430447,27.777345,1827.9 85.430448,27.777335,1827.9 85.43045,27.777325,1827.9 85.430452,27.777315,1827.8 85.430454,27.777305,1827.8 85.430457,27.777296,1827.7 85.43046,27.777287,1827.6 85.430463,27.777276,1827.5 85.430467,27.777265,1827.4 85.430469,27.777255,1827.2 85.430471,27.777244,1827.1 85.430466,27.777234,1826.9 85.430452,27.777226,1826.6 85.430444,27.777223,1826.4 85.430438,27.777217,1826.2 85.430432,27.777209,1826 85.430424,27.777202,1825.8 85.430411,27.777193,1825.4 85.430399,27.777191,1825.1 85.430387,27.77719,1824.7 85.430381,27.77718,1824.4 85.430377,27.777167,1824 85.430373,27.777154,1823.5 85.430371,27.777142,1823.1 85.430368,27.77713,1822.7 85.430362,27.777117,1822.2 85.430357,27.777112,1822 85.430351,27.777103,1821.7 85.430348,27.777094,1821.4 85.430342,27.777083,1821 85.430333,27.777084,1820.7 85.430326,27.777079,1820.5 85.430324,27.77707,1820.2 85.430319,27.777058,1819.8 85.430315,27.777046,1819.5 85.430312,27.777033,1819.1 85.430311,27.777026,1818.9 85.43031,27.777021,1818.8 85.430309,27.777015,1818.7 85.430307,27.777009,1818.5 85.430298,27.776996,1818.2 85.430299,27.776995,1818.2 85.430298,27.776987,1818 85.430297,27.776978,1817.8 85.430295,27.776969,1817.6 85.430292,27.77696,1817.5 85.430289,27.776953,1817.3 85.430285,27.776944,1817.2 85.430278,27.776944,1817.1 85.430269,27.776944,1816.9 85.43026,27.776942,1816.8 85.430258,27.776935,1816.7 85.430265,27.776927,1816.6 85.430276,27.77692,1816.4 85.430282,27.776911,1816.3 85.430286,27.776902,1816.1 85.430291,27.776895,1816 85.430295,27.776884,1815.9 85.430296,27.776875,1815.8 85.430298,27.776866,1815.6 85.430301,27.776856,1815.5 85.430305,27.776845,1815.4 85.430312,27.776835,1815.2 85.430322,27.776821,1815 85.430326,27.776812,1814.8 85.430329,27.7768,1814.6 85.430323,27.776786,1814.4 85.43031,27.776776,1814.1 85.4303,27.776765,1813.9 85.43029,27.776755,1813.7 85.430277,27.776751,1813.5 85.430258,27.776749,1813.2 85.430252,27.776748,1813.1 85.430244,27.776745,1813 85.430238,27.776739,1812.8 85.430228,27.77674,1812.7 85.430218,27.776734,1812.5 85.430217,27.776729,1812.4 85.430217,27.776717,1812.3 85.430212,27.776703,1812 85.430202,27.776693,1811.9 85.430187,27.776682,1811.6 85.430176,27.776671,1811.4 85.430171,27.776659,1811.3 85.430169,27.776647,1811.1 85.430171,27.776636,1811 85.430179,27.77663,1811 85.430192,27.776626,1811 85.430196,27.776618,1811 85.430198,27.776607,1811 85.430199,27.776597,1811 85.4302,27.776586,1811 85.430203,27.776575,1811 85.430205,27.776563,1811 85.430209,27.776551,1811 85.430211,27.776542,1811 85.430215,27.776531,1811 85.430219,27.776521,1810.9 85.430218,27.776511,1810.6 85.430217,27.776501,1810.4 85.430217,27.77649,1810.1 85.430218,27.776476,1809.7 85.430216,27.776469,1809.6 85.430212,27.776459,1809.3 85.430209,27.776448,1809 85.430201,27.776439,1808.7 85.430195,27.77643,1808.4 85.430188,27.77642,1808.1 85.430177,27.776411,1807.8 85.430168,27.776408,1807.6 85.430159,27.776401,1807.3 85.430147,27.776406,1807 85.430149,27.776419,1806.7 85.430165,27.776427,1806.3 85.430171,27.77644,1805.9 85.430168,27.776455,1805.5 85.43015,27.776461,1805.1 85.430134,27.776454,1804.7 85.430121,27.776447,1804.4 85.430109,27.776439,1804 85.430101,27.77643,1803.7 85.430093,27.77642,1803.4 85.430106,27.776385,1802.5 85.430104,27.776374,1802.2 85.430097,27.77636,1801.8 85.430089,27.776348,1801.5 85.430078,27.776336,1801.1 85.430066,27.776326,1800.7 85.430056,27.776316,1800.3 85.430045,27.776307,1800 85.430032,27.776297,1799.6 85.430022,27.77629,1799.3 85.430013,27.776283,1799.1 85.430004,27.776279,1798.8 85.429993,27.776274,1798.6 85.429979,27.776277,1798.4 85.429969,27.776279,1798.2 85.429958,27.77628,1798 85.429948,27.776282,1797.9 85.429942,27.776281,1797.8 85.429943,27.776272,1797.6 85.42994,27.77627,1797.5 85.429945,27.776274,1797.4 85.429951,27.77628,1797.3 85.429955,27.776283,1797.2 85.429957,27.776285,1797.2 85.429959,27.776286,1797.1 85.429958,27.776286,1797.1 85.429957,27.776286,1797.1 85.429958,27.776286,1797.1 85.429959,27.776286,1797.1 85.42996,27.776285,1797 85.42996,27.776285,1797 85.429961,27.776284,1797 85.429963,27.776284,1797 85.429964,27.776284,1797 85.429965,27.776285,1796.9 85.429968,27.776286,1796.9 85.429972,27.776289,1796.8 85.429976,27.776291,1796.7 85.429978,27.776293,1796.7 85.42998,27.776294,1796.7 85.429982,27.776295,1796.6 85.429982,27.776295,1796.6 85.429981,27.776295,1796.6 85.429981,27.776296,1796.6 85.429981,27.776296,1796.6 85.429982,27.776296,1796.6 85.429983,27.776295,1796.5 85.429984,27.776295,1796.5 85.429985,27.776295,1796.5 85.429987,27.776295,1796.5 85.429987,27.776294,1796.5 85.429988,27.776294,1796.4 85.429989,27.776294,1796.4 85.429989,27.776294,1796.4 85.429989,27.776294,1796.4 85.429992,27.776294,1796.4 85.429992,27.776294,1796.4 85.429999,27.776303,1796.2 85.429999,27.776303,1796.2 85.429999,27.776303,1796.2 85.429999,27.776303,1796.2 85.429999,27.776303,1796.2 85.429999,27.776303,1796.2 85.429999,27.776303,1796.2 85.429999,27.776303,1796.2 85.429999,27.776303,1796.2 85.429999,27.776303,1796.2 85.429999,27.776303,1796.2 85.429999,27.776303,1796.2 85.429999,27.776303,1796.2 85.429999,27.776303,1796.2 85.429999,27.776303,1796.2 85.429999,27.776303,1796.2 85.429999,27.776303,1796.2 85.429999,27.776303,1796.2 85.429999,27.776303,1796.2 85.429999,27.776303,1796.2 85.429999,27.776303,1796.2 85.429999,27.776303,1796.2 85.429999,27.776303,1796.2 85.429999,27.776303,1796.2 85.429999,27.776303,1796.2 85.429999,27.776303,1796.2 85.429999,27.776303,1796.2 85.429999,27.776303,1796.2 85.429999,27.776303,1796.2 85.429999,27.776303,1796.2 85.429999,27.776303,1796.2 85.429999,27.776303,1796.2 85.429999,27.776303,1796.2 85.429999,27.776303,1796.2 85.429999,27.776303,1796.2 85.429999,27.776303,1796.2 85.429999,27.776303,1796.2 85.429999,27.776303,1796.2 85.43,27.776303,1796.2 85.43,27.776303,1796.2 85.43,27.776303,1796.2 85.43,27.776303,1796.2 85.43,27.776303,1796.2 85.43,27.776303,1796.2 85.43,27.776303,1796.2 85.43,27.776303,1796.2 85.43,27.776303,1796.2 85.43,27.776303,1796.2 85.43,27.776303,1796.2 85.43,27.776303,1796.2 85.43,27.776303,1796.2 85.43,27.776303,1796.2 85.43,27.776303,1796.2 85.43,27.776303,1796.2 85.43,27.776303,1796.2 85.43,27.776303,1796.2 85.43,27.776303,1796.2 85.43,27.776303,1796.2 85.43,27.776303,1796.2 85.43,27.776303,1796.2 85.43,27.776303,1796.2 85.43,27.776303,1796.2 85.43,27.776303,1796.2 85.43,27.776303,1796.2 85.430007,27.7763,1796.1 85.430008,27.776294,1795.9 85.43,27.776293,1795.8 85.429992,27.776291,1795.7 85.429989,27.776293,1795.6 85.429989,27.776292,1795.6 85.429987,27.776293,1795.6 85.429987,27.776294,1795.6 85.429987,27.776294,1795.6 85.429987,27.776294,1795.6 85.429985,27.776293,1795.5 85.429982,27.776296,1795.5 85.429976,27.776298,1795.4 85.429972,27.776299,1795.3 85.429971,27.776301,1795.3 85.429966,27.776298,1795.2 85.429962,27.776298,1795.1 85.429961,27.776298,1795.1 85.42996,27.776298,1795.1 85.429959,27.776299,1795.1 85.429956,27.776298,1795 85.429953,27.776296,1795 85.42995,27.776294,1794.9 85.429945,27.776294,1794.8 85.429937,27.776302,1794.7 85.429933,27.776308,1794.6 85.429929,27.776311,1794.5 85.429921,27.77631,1794.4 85.42991,27.776305,1794.2 85.429906,27.776301,1794.2 85.429904,27.776293,1794 85.429906,27.77629,1794 85.42991,27.776289,1793.9 85.429911,27.776288,1793.9 85.429912,27.776288,1793.9 85.429912,27.776288,1793.9 85.429912,27.776288,1793.9 85.429909,27.776288,1793.9 85.429903,27.776288,1793.8 85.429892,27.776289,1793.6 85.429884,27.776289,1793.6 85.429878,27.776285,1793.5 85.429872,27.776279,1793.4 85.429865,27.776271,1793.3 85.42986,27.776263,1793.1 85.429858,27.776257,1793.1 85.429852,27.776251,1793 85.429848,27.776246,1792.9 85.429846,27.776238,1792.8 85.42984,27.776231,1792.7 85.429832,27.776228,1792.6 85.429827,27.776227,1792.6 85.429824,27.776224,1792.5 85.42982,27.776221,1792.5 85.429819,27.776219,1792.5 85.429814,27.776212,1792.4 85.429803,27.776208,1792.3 85.429795,27.776204,1792.2 85.429783,27.776213,1792.1 85.429775,27.776214,1792 85.429767,27.776214,1791.9 85.429759,27.776214,1791.9 85.429751,27.776217,1791.8 85.429747,27.776218,1791.8 85.42974,27.776221,1791.7 85.429732,27.776221,1791.6 85.429721,27.776216,1791.5 85.429724,27.776204,1791.4 85.429735,27.776198,1791.3 85.429713,27.776184,1791.1 85.42972,27.776181,1791.1 85.429722,27.776178,1791 85.42972,27.776175,1791 85.42972,27.776175,1791 85.429719,27.776175,1791 85.429718,27.776172,1791 85.429717,27.776167,1790.9 85.429715,27.776154,1790.8 85.429709,27.776136,1790.7 85.429702,27.776123,1790.6 85.429693,27.776113,1790.5 85.429685,27.776105,1790.4 85.429674,27.776099,1790.3 85.429655,27.776096,1790.1 85.429646,27.776092,1790.1 85.429639,27.776089,1790 85.429629,27.776088,1789.8 85.429622,27.776093,1789.7 85.42962,27.776097,1789.6 85.429616,27.776098,1789.5 85.429608,27.776093,1789.3 85.429596,27.776083,1789.1 85.429581,27.776072,1788.8 85.429567,27.776066,1788.5 85.429555,27.776061,1788.3 85.429544,27.776059,1788.1 85.429532,27.776056,1787.9 85.429524,27.776054,1787.7 85.429515,27.77605,1787.6 85.429504,27.77605,1787.4 85.429494,27.776048,1787.2 85.429484,27.776045,1787.1 85.429472,27.776041,1786.8 85.429459,27.776037,1786.6 85.429447,27.776029,1786.4 85.429437,27.77602,1786.1 85.429425,27.776017,1785.9 85.429413,27.776022,1785.7 85.429401,27.776021,1785.5 85.429388,27.776016,1785.3 85.429376,27.776011,1785.1 85.429366,27.776003,1784.8 85.429355,27.775996,1784.6 85.429346,27.775991,1784.4 85.429345,27.775982,1784.3 85.429347,27.775975,1784.1 85.429341,27.775971,1784 85.429349,27.775966,1783.9 85.429347,27.775955,1783.7 85.42934,27.775945,1783.5 85.429332,27.775936,1783.3 85.429325,27.775928,1783.1 85.429322,27.775918,1783 85.42932,27.775907,1782.8 85.429315,27.775896,1782.7 85.429307,27.775887,1782.5 85.4293,27.775878,1782.4 85.429291,27.775869,1782.2 85.429274,27.775859,1782 85.429269,27.775858,1781.9 85.429265,27.775857,1781.9 85.429265,27.775856,1781.9 85.429264,27.775856,1781.9 85.429262,27.775857,1781.9 85.429253,27.775856,1781.8 85.42925,27.775858,1781.7 85.429246,27.775852,1781.7 85.429244,27.775848,1781.6 85.42924,27.775841,1781.5 85.429235,27.775833,1781.4 85.429231,27.775827,1781.4 85.429227,27.775814,1781.2 85.429225,27.775808,1781.2 85.429221,27.775803,1781.1 85.429216,27.775795,1781 85.429214,27.775787,1780.9 85.429213,27.775779,1780.8 85.429216,27.77577,1780.7 85.42922,27.775763,1780.7 85.429226,27.775756,1780.6 85.429233,27.775752,1780.5 85.429239,27.775748,1780.4 85.429244,27.775742,1780.4 85.429248,27.775738,1780.3 85.429252,27.775734,1780.3 85.429255,27.775728,1780.2 85.429258,27.775723,1780.1 85.429262,27.775715,1780 85.429264,27.77572,1780 85.429261,27.77572,1779.9 85.429261,27.775713,1779.9 85.429264,27.775705,1779.8 85.429269,27.775696,1779.6 85.429275,27.775689,1779.5 85.429278,27.775685,1779.5 85.429283,27.775679,1779.4 85.429286,27.775672,1779.3 85.429291,27.775665,1779.2 85.429296,27.775655,1779 85.429303,27.775645,1778.9 85.429312,27.775635,1778.7 85.429318,27.775628,1778.6 85.429323,27.775619,1778.4 85.429319,27.775608,1778.2 85.429308,27.775598,1778 85.429309,27.775587,1777.8 85.429313,27.775579,1777.7 85.429314,27.775572,1777.6 85.429314,27.775562,1777.4 85.429315,27.775551,1777.3 85.429316,27.775543,1777.1 85.429308,27.775538,1777 85.429295,27.775536,1776.8 85.42929,27.775527,1776.6 85.429292,27.775519,1776.5 85.429292,27.775509,1776.3 85.42929,27.775501,1776.2 85.429286,27.775492,1776 85.429281,27.775484,1775.8 85.429272,27.775476,1775.6 85.429266,27.775468,1775.5 85.429263,27.775457,1775.2 85.429264,27.77545,1775.1 85.429264,27.775441,1774.9 85.429263,27.775432,1774.7 85.42926,27.775429,1774.6 85.429259,27.775424,1774.5 85.429258,27.775419,1774.4 85.429257,27.775408,1774.2 85.429255,27.775403,1774.1 85.429256,27.775395,1773.9 85.429256,27.775384,1773.7 85.429253,27.775377,1773.5 85.429251,27.775368,1773.3 85.429247,27.77536,1773.1 85.429242,27.775354,1772.9 85.429238,27.775345,1772.7 85.429235,27.775339,1772.5 85.429232,27.775339,1772.4 85.429227,27.775336,1772.3 85.429221,27.775332,1772.1 85.429216,27.775329,1772 85.429211,27.775324,1771.8 85.429207,27.77532,1771.7 85.429198,27.775314,1771.4 85.429193,27.77531,1771.2 85.42919,27.775308,1771.2 85.429189,27.775307,1771.1 85.429188,27.775305,1771.1 85.429184,27.775302,1770.9 85.429179,27.7753,1770.8 85.429173,27.775298,1770.6 85.429163,27.775291,1770.3 85.42916,27.775286,1770.2 85.429155,27.77528,1770 85.429152,27.775278,1769.9 85.429147,27.775277,1769.7 85.429142,27.775277,1769.6 85.42914,27.775281,1769.5 85.429139,27.775283,1769.4 85.429134,27.77528,1769.3 85.429132,27.775274,1769.1 85.429128,27.775269,1768.9 85.429123,27.775263,1768.7 85.429115,27.775257,1768.5 85.429106,27.77525,1768.2 85.429099,27.775241,1767.9 85.429089,27.775234,1767.6 85.429076,27.775231,1767.2 85.429069,27.77523,1767.1 85.429065,27.775227,1766.9 85.429063,27.775225,1766.9 85.429061,27.775227,1766.8 85.429054,27.775228,1766.6 85.42904,27.775226,1766.3 85.429027,27.775219,1766 85.42902,27.775207,1765.6 85.429019,27.775196,1765.4 85.429017,27.775186,1765.1 85.42902,27.775179,1765 85.429021,27.77517,1764.7 85.429023,27.775161,1764.5 85.429026,27.775153,1764.3 85.429028,27.775144,1764.1 85.429031,27.775138,1764 85.429029,27.775129,1763.7 85.42903,27.775127,1763.7 85.429028,27.775122,1763.6 85.429025,27.775117,1763.4 85.429028,27.775112,1763.3 85.429031,27.775104,1763.1 85.42903,27.775101,1763 85.429029,27.775094,1762.8 85.429028,27.775085,1762.6 85.429029,27.775077,1762.4 85.429028,27.775067,1762.2 85.429024,27.775056,1761.9 85.429019,27.775051,1761.7 85.429014,27.775052,1761.6 85.429013,27.775044,1761.4 85.42901,27.775045,1761.4 85.429013,27.77504,1761.2 85.429015,27.775033,1761 85.429016,27.775028,1760.9 85.429011,27.775021,1760.7 85.429001,27.775019,1760.4 85.428994,27.775017,1760.3 85.428987,27.775014,1760.1 85.428984,27.775013,1760 85.428979,27.775011,1759.9 85.428975,27.775009,1759.7 85.428973,27.77501,1759.7 85.428969,27.77501,1759.6 85.428963,27.775009,1759.4 85.428956,27.775006,1759.2 85.428948,27.775006,1759 85.428947,27.775006,1759 85.428945,27.775004,1758.9 85.428939,27.775001,1758.8 85.428933,27.774996,1758.5 85.428928,27.774992,1758.4 85.428921,27.774988,1758.1 85.42892,27.774989,1758.1 85.428911,27.77499,1757.9 85.4289,27.774993,1757.6 85.428893,27.774991,1757.4 85.42889,27.774987,1757.2 85.428893,27.774984,1757.1 85.428894,27.774978,1756.9 85.428898,27.774972,1756.7 85.428899,27.774964,1756.5 85.428898,27.774953,1756.2 85.428905,27.774947,1755.9 85.428912,27.77494,1755.7 85.428917,27.774936,1755.5 85.428917,27.77493,1755.3 85.428916,27.77492,1755.1 85.42892,27.774915,1754.9 85.428922,27.774909,1754.7 85.428925,27.774901,1754.5 85.428928,27.774892,1754.3 85.42893,27.774881,1754 85.428932,27.774871,1753.8 85.428938,27.774856,1753.4 85.428938,27.774855,1753.3 85.428939,27.774847,1753.2 85.428942,27.774838,1753 85.428941,27.774829,1752.7 85.428941,27.774814,1752.4 85.428941,27.774808,1752.3 85.428942,27.774799,1752.1 85.428939,27.774791,1751.9 85.428934,27.774782,1751.7 85.428928,27.774775,1751.5 85.428922,27.774766,1751.2 85.428918,27.774759,1751 85.428911,27.774756,1750.9 85.428899,27.774755,1750.6 85.42889,27.774757,1750.4 85.428888,27.774755,1750.4 85.428888,27.774756,1750.3 85.428887,27.774759,1750.3 85.428888,27.774761,1750.2 85.428887,27.774762,1750.2 85.428887,27.774764,1750.1 85.428885,27.774763,1750.1 85.428885,27.774761,1750 85.428864,27.774744,1749.4 85.42885,27.774731,1749 85.428836,27.77472,1748.6 85.428825,27.774708,1748.2 85.428814,27.774693,1747.8 85.428798,27.774689,1747.4 85.428789,27.774681,1747.2 85.428792,27.774662,1746.7 85.428796,27.774644,1746.3 85.428806,27.774633,1746 85.428809,27.774622,1745.9 85.428809,27.774613,1745.8 85.428806,27.774605,1745.7 85.428801,27.7746,1745.6 85.428793,27.774593,1745.5 85.428792,27.774588,1745.4 85.428789,27.774585,1745.4 85.428776,27.774586,1745.3 85.428771,27.774594,1745.2 85.428773,27.774604,1745 85.428769,27.774609,1745 85.428774,27.774614,1744.9 85.428775,27.774616,1744.9 85.428775,27.774616,1744.9 85.428777,27.774614,1744.8 85.428779,27.774614,1744.8 85.42878,27.774613,1744.8 85.428782,27.774613,1744.8 85.428782,27.774613,1744.8 85.428782,27.774613,1744.8 85.428782,27.774612,1744.8 85.428782,27.774611,1744.8 85.428782,27.774611,1744.8 85.428781,27.774611,1744.8 85.428781,27.77461,1744.8 85.428781,27.77461,1744.8 85.428782,27.77461,1744.7 85.428782,27.77461,1744.7 85.428783,27.77461,1744.7 85.428783,27.77461,1744.7 85.428783,27.77461,1744.7 85.428783,27.774611,1744.7 85.428783,27.774611,1744.7 85.428784,27.774612,1744.7 85.428785,27.774612,1744.7 85.428787,27.774612,1744.7 85.428788,27.774612,1744.7 85.42879,27.774612,1744.6 85.428792,27.774613,1744.6 85.428795,27.774613,1744.6 85.428797,27.774614,1744.6 85.4288,27.774616,1744.5 85.428802,27.774617,1744.5 85.428803,27.774617,1744.5 85.428804,27.774618,1744.5 85.428805,27.774618,1744.5 85.428806,27.774617,1744.5 85.428806,27.774617,1744.5 85.428807,27.774618,1744.5 85.428807,27.774618,1744.5 85.428808,27.774618,1744.4 85.428809,27.774618,1744.4 85.42881,27.77462,1744.4 85.42881,27.77462,1744.4 85.428812,27.774622,1744.4 85.428816,27.774624,1744.3 85.42882,27.774626,1744.3 85.428828,27.774625,1744.2 85.42884,27.774622,1744.1 85.428847,27.774623,1744 85.428851,27.774625,1744 85.428852,27.774629,1743.9 85.428848,27.77464,1743.8 85.428847,27.774645,1743.7 85.428851,27.774646,1743.7 85.428852,27.774646,1743.7 85.428853,27.774661,1743.5 85.42886,27.77467,1743.4 85.428866,27.774677,1743.3 85.428868,27.774682,1743.3 85.42887,27.774685,1743.2 85.428872,27.774685,1743.2 85.428876,27.774685,1743.2 85.428877,27.774684,1743.1 85.428886,27.774683,1743.1 85.428891,27.774684,1743 85.428893,27.774682,1743 85.428888,27.774681,1742.9 85.428876,27.774685,1742.8 85.428853,27.77469,1742.6 85.428826,27.774689,1742.3 85.428815,27.774678,1742.1 85.428818,27.774671,1742.1 85.428818,27.774664,1742 85.428823,27.774656,1741.9 85.428829,27.774642,1741.7 85.428822,27.77462,1741.5 85.428802,27.774592,1741.1 85.428787,27.774565,1740.8 85.428781,27.774554,1740.6 85.428773,27.774538,1740.5 85.428767,27.774522,1740.3 85.428764,27.774508,1740.1 85.428761,27.774492,1740 85.428759,27.774479,1739.8 85.428756,27.774467,1739.7 85.428749,27.774458,1739.6 85.428752,27.774446,1739.5 85.428761,27.774436,1739.3 85.428759,27.774425,1739.2 85.428757,27.774423,1739.2 85.428761,27.774416,1739.1 85.428778,27.774409,1738.9 85.428792,27.774402,1738.8 85.428801,27.774393,1738.7 85.428805,27.774382,1738.5 85.428817,27.774373,1738.4 85.42883,27.774365,1738.3 85.428843,27.774358,1738.1 85.428856,27.77435,1738 85.428869,27.774341,1737.8 85.428876,27.774331,1737.7 85.428884,27.774319,1737.6 85.428889,27.774307,1737.4 85.428891,27.774295,1737.3 85.428884,27.77428,1737.1 85.428868,27.774268,1736.9 85.428855,27.774262,1736.8 85.428831,27.774259,1736.6 85.428819,27.774249,1736.4 85.428818,27.774235,1736.2 85.428821,27.774226,1736.1 85.428826,27.774224,1736.1 85.428829,27.774223,1736 85.428833,27.774216,1735.9 85.428839,27.774207,1735.8 85.428841,27.774197,1735.7 85.428841,27.774184,1735.5 85.42884,27.774173,1735.4 85.42884,27.774162,1735.3 85.42884,27.774152,1735.2 85.428839,27.774143,1735.1 85.428836,27.774135,1735 85.428834,27.774127,1734.9 85.428832,27.774119,1734.8 85.428832,27.774111,1734.7 85.428831,27.774102,1734.6 85.428827,27.774093,1734.4 85.428824,27.774084,1734.3 85.428823,27.774074,1734.2 85.428821,27.774066,1734.1 85.42882,27.774055,1733.9 85.42882,27.774045,1733.8 85.428819,27.774035,1733.7 85.428817,27.774025,1733.6 85.428814,27.774018,1733.5 85.428814,27.774008,1733.4 85.428816,27.773998,1733.2 85.428819,27.77399,1733.1 85.428821,27.773978,1732.9 85.428819,27.773971,1732.9 85.428818,27.773964,1732.8 85.428819,27.773955,1732.7 85.428819,27.773947,1732.7 85.428812,27.773939,1732.6 85.428802,27.773932,1732.5 85.428797,27.773922,1732.5 85.428804,27.773919,1732.4 85.428813,27.773913,1732.4 85.428816,27.773905,1732.3 85.428806,27.773899,1732.2 85.428803,27.773897,1732.2 85.428803,27.773899,1732.2 85.428804,27.773897,1732.2 85.42881,27.773894,1732.1 85.42882,27.773897,1732.1 85.428828,27.773901,1732 85.428835,27.773908,1731.9 85.428842,27.773917,1731.9 85.428846,27.773923,1731.8 85.42885,27.773929,1731.8 85.428855,27.773936,1731.7 85.428859,27.773942,1731.7 85.428869,27.773948,1731.8 85.428867,27.773961,1731.8 85.428868,27.773971,1731.9 85.428871,27.773978,1731.9 85.428873,27.77398,1731.9 85.428873,27.773979,1731.9 85.428873,27.773979,1731.9 85.428873,27.773979,1731.9 85.428873,27.773981,1731.9 85.428872,27.773982,1731.9 85.428869,27.773983,1731.9 85.428867,27.773983,1731.9 85.428865,27.773983,1731.9 85.428864,27.773984,1732 85.428864,27.773984,1732 85.428864,27.773984,1732 85.428865,27.773984,1732 85.428865,27.773985,1732 85.428865,27.773985,1732 85.428865,27.773985,1732 85.428865,27.773985,1732 85.428866,27.773985,1732 85.428865,27.773985,1732 85.428865,27.773985,1732 85.428865,27.773985,1732 85.428865,27.773986,1732 85.428866,27.773986,1732 85.428865,27.773986,1732 85.428865,27.773986,1732 85.428865,27.773986,1732 85.428865,27.773986,1732 85.428864,27.773986,1732 85.428864,27.773986,1732 85.428864,27.773986,1732 85.428863,27.773986,1732 85.428858,27.773985,1732 85.428845,27.773979,1732.1 85.428842,27.773974,1732.1 85.428835,27.773965,1732.1 85.428831,27.773963,1732.1 85.428833,27.773965,1732.1 85.428835,27.773966,1732.1 85.428837,27.773963,1732.2 85.428839,27.773961,1732.2 85.428839,27.773959,1732.2 85.428839,27.773958,1732.2 85.42884,27.773957,1732.2 85.42884,27.773957,1732.2 85.42884,27.773956,1732.2 85.42884,27.773955,1732.2 85.42884,27.773955,1732.2 85.428839,27.773955,1732.2 85.428839,27.773956,1732.2 85.428838,27.773957,1732.2 85.428838,27.773957,1732.2 85.428837,27.773958,1732.2 85.428837,27.773959,1732.2 85.428837,27.773961,1732.2 85.428838,27.773961,1732.2 85.428838,27.773965,1732.2 85.428837,27.773969,1732.3 85.428838,27.773976,1732.3 85.428838,27.773984,1732.3 85.428838,27.773998,1732.4 85.428833,27.774005,1732.4 85.42883,27.774004,1732.4 85.428831,27.774003,1732.4 85.428833,27.774003,1732.4 85.428833,27.774003,1732.4 85.428834,27.774003,1732.4 85.428834,27.774002,1732.4 85.428834,27.774002,1732.4 85.428835,27.774002,1732.4 85.428835,27.774003,1732.4 85.428835,27.774003,1732.4 85.428836,27.774003,1732.4 85.428836,27.774003,1732.4 85.428836,27.774003,1732.4 85.428836,27.774003,1732.4 85.428836,27.774003,1732.4 85.428836,27.774003,1732.4 85.428836,27.774002,1732.4 85.428836,27.774002,1732.4 85.428836,27.774002,1732.4 85.428837,27.774003,1732.4 85.428837,27.774004,1732.5 85.428837,27.774005,1732.5 85.428838,27.774005,1732.5 85.428839,27.774006,1732.5 85.428839,27.774006,1732.5 85.428839,27.774006,1732.5 85.428838,27.774005,1732.5 85.428839,27.774005,1732.5 85.428838,27.774005,1732.5 85.428839,27.774005,1732.5 85.42884,27.774005,1732.5 85.428841,27.774005,1732.5 85.428841,27.774005,1732.5 85.428842,27.774006,1732.5 85.428842,27.774005,1732.5 85.428842,27.774005,1732.5 85.428842,27.774006,1732.5 85.428843,27.774006,1732.5 85.428843,27.774006,1732.5 85.428843,27.774006,1732.5 85.428843,27.774005,1732.5 85.428843,27.774005,1732.5 85.428842,27.774005,1732.5 85.428842,27.774006,1732.5 85.428842,27.774005,1732.5 85.428842,27.774005,1732.5 85.428842,27.774005,1732.5 85.428843,27.774005,1732.5 85.428843,27.774001,1732.5 85.428844,27.773999,1732.5 85.428846,27.773996,1732.6 85.428846,27.773992,1732.6 85.428847,27.773987,1732.6 85.428846,27.773984,1732.6 85.428845,27.773983,1732.6 85.428843,27.773984,1732.6 85.428843,27.773985,1732.6 85.428844,27.773985,1732.6 85.428844,27.773985,1732.6 85.428845,27.773985,1732.6 85.428845,27.773984,1732.6 85.428844,27.773984,1732.6 85.428844,27.773984,1732.6 85.428844,27.773984,1732.6 85.428843,27.773984,1732.6 85.428843,27.773984,1732.6 85.428844,27.773984,1732.6 85.428843,27.773984,1732.6 85.428844,27.773984,1732.6 85.428843,27.773984,1732.7 85.428843,27.773984,1732.7 85.428843,27.773984,1732.7 85.428842,27.773984,1732.7 85.428842,27.773984,1732.7 85.428842,27.773984,1732.7 85.428843,27.773983,1732.7 85.428843,27.773983,1732.7 85.428842,27.773983,1732.7 85.428842,27.773983,1732.7 85.428842,27.773983,1732.7 85.428842,27.773983,1732.7 85.428842,27.773983,1732.7 85.428841,27.773983,1732.7 85.428841,27.773983,1732.7 85.428841,27.773983,1732.7 85.428841,27.773983,1732.7 85.42884,27.773983,1732.7 85.42884,27.773983,1732.7 85.42884,27.773984,1732.7 85.428839,27.773984,1732.7 85.428839,27.773984,1732.7 85.428839,27.773984,1732.7 85.428839,27.773986,1732.7 85.42884,27.773987,1732.7 85.428843,27.773987,1732.7 85.428846,27.773987,1732.7 85.428849,27.773986,1732.7 85.428851,27.773984,1732.7 85.428852,27.773984,1732.7 85.428851,27.773984,1732.7 85.428851,27.773983,1732.7 85.42885,27.773983,1732.7 85.428851,27.773983,1732.7 85.428852,27.773982,1732.8 85.428853,27.773982,1732.8 85.428854,27.773982,1732.8 85.428854,27.773981,1732.8 85.428854,27.77398,1732.8 85.428852,27.77398,1732.8 85.428852,27.773979,1732.8 85.428852,27.773979,1732.8 85.428852,27.773978,1732.8 85.428852,27.773978,1732.8 85.428852,27.773978,1732.8 85.428852,27.773978,1732.8 85.428852,27.773978,1732.8 85.428852,27.773978,1732.8 85.428853,27.773978,1732.8 85.428852,27.773977,1732.8 85.428852,27.773977,1732.8 85.428852,27.773977,1732.8 85.428853,27.773977,1732.8 85.428853,27.773977,1732.8 85.428853,27.773978,1732.8 85.428853,27.773978,1732.8 85.428853,27.773978,1732.8 85.428853,27.773978,1732.8 85.428852,27.773978,1732.8 85.428852,27.773978,1732.8 85.428852,27.773978,1732.8 85.428852,27.773978,1732.8 85.428852,27.773978,1732.8 85.428852,27.773978,1732.8 85.428852,27.773978,1732.8 85.428852,27.773978,1732.8 85.428852,27.773978,1732.8 85.428852,27.773978,1732.8 85.428852,27.773978,1732.8 85.428852,27.773978,1732.8 85.428852,27.773978,1732.8 85.428852,27.773978,1732.8 85.428852,27.773978,1732.8 85.428852,27.773978,1732.8 85.428852,27.773978,1732.8 85.428852,27.773978,1732.8 85.428852,27.773978,1732.8 85.428852,27.773978,1732.8 85.428852,27.773978,1732.8 85.428852,27.773978,1732.8 85.428852,27.773978,1732.8 85.428852,27.773978,1732.8 85.428851,27.773977,1732.8 85.428851,27.773977,1732.8 85.428851,27.773977,1732.8 85.428851,27.773977,1732.8 85.428851,27.773978,1732.8 85.428851,27.773978,1732.8 85.428851,27.773978,1732.8 85.428851,27.773978,1732.8 85.42885,27.773978,1732.8 85.42885,27.773978,1732.8 85.42885,27.773978,1732.8 85.42885,27.773978,1732.8 85.42885,27.773978,1732.8 85.42885,27.773978,1732.8 85.42885,27.773978,1732.8 85.42885,27.773978,1732.8 85.42885,27.773978,1732.8 85.42885,27.773978,1732.8 85.42885,27.773978,1732.8 85.42885,27.773978,1732.8 85.42885,27.773978,1732.8 85.42885,27.773978,1732.8 85.42885,27.773977,1732.8 85.42885,27.773977,1732.8 85.42885,27.773977,1732.8 85.42885,27.773977,1732.8 85.42885,27.773977,1732.8 85.42885,27.773977,1732.8 85.42885,27.773977,1732.8 85.42885,27.773977,1732.8 85.42885,27.773977,1732.8 85.42885,27.773977,1732.8 85.42885,27.773976,1732.8 85.42885,27.773976,1732.8 85.42885,27.773976,1732.8 85.428849,27.773976,1732.8 85.42885,27.773975,1732.8 85.428851,27.773975,1732.8 85.428851,27.773975,1732.8 85.428851,27.773975,1732.8 85.428851,27.773975,1732.8 85.428851,27.773975,1732.8 85.428851,27.773975,1732.8 85.428851,27.773975,1732.8 85.428851,27.773975,1732.8 85.428851,27.773975,1732.8 85.428851,27.773975,1732.8 85.428851,27.773976,1732.8 85.428849,27.773978,1732.8 85.428845,27.773981,1732.9 85.428842,27.773983,1732.9 85.42883,27.773986,1732.9 85.428817,27.77399,1733 85.428803,27.773999,1732.8 85.428789,27.774009,1732.5 85.428776,27.774018,1732.2 85.428766,27.774025,1732 85.428758,27.774033,1731.8 85.42875,27.774042,1731.6 85.428742,27.77405,1731.4 85.428734,27.774058,1731.2 85.428733,27.774067,1731 85.428729,27.774074,1730.9 85.428726,27.774083,1730.7 85.428723,27.774093,1730.5 85.428723,27.774102,1730.3 85.428722,27.774112,1730.1 85.428724,27.774122,1730 85.428725,27.774131,1729.8 85.428723,27.774142,1729.6 85.428719,27.774149,1729.4 85.428711,27.774156,1729.2 85.428697,27.774157,1728.9 85.428686,27.774146,1728.6 85.428679,27.774126,1728.1 85.42867,27.77412,1727.9 85.428657,27.774119,1727.6 85.428644,27.774117,1727.3 85.428634,27.774113,1727.1 85.428622,27.774105,1726.7 85.42862,27.774099,1726.6 85.428614,27.774092,1726.3 85.428604,27.774093,1726.1 85.42859,27.774095,1725.7 85.428583,27.774084,1725.4 85.428582,27.774078,1725.2 85.42858,27.774076,1725.1 85.428581,27.774082,1724.9 85.428585,27.774086,1724.7 85.428588,27.774086,1724.7 85.42859,27.774084,1724.6 85.428589,27.774083,1724.5 85.428586,27.774083,1724.4 85.428582,27.774082,1724.3 85.428572,27.774078,1724 85.428567,27.774065,1723.6 85.428558,27.774061,1723.3 85.428549,27.774066,1723 85.428548,27.774072,1722.8 85.428549,27.774076,1722.6 85.42855,27.77408,1722.5 85.42855,27.774081,1722.5 85.428549,27.774081,1722.4 85.428545,27.774081,1722.3 85.428538,27.774078,1722.1 85.428525,27.774073,1721.7 85.428514,27.774072,1721.4 85.428504,27.774073,1721.1 85.4285,27.774076,1720.9 85.428494,27.774081,1720.7 85.428487,27.774083,1720.5 85.428479,27.774079,1720.2 85.428474,27.774074,1720 85.428468,27.774072,1719.8 85.428465,27.774071,1719.7 85.428458,27.774066,1719.4 85.42845,27.774058,1719.1 85.428446,27.774059,1718.9 85.428438,27.774057,1718.7 85.428432,27.774056,1718.5 85.428425,27.774051,1718.3 85.42842,27.774045,1718 85.428415,27.774038,1717.8 85.428403,27.774036,1717.4 85.428402,27.774041,1717.3 85.428405,27.774048,1717 85.428409,27.77405,1716.9 85.42841,27.77405,1716.9 85.428405,27.774048,1716.7 85.428402,27.774046,1716.6 85.42838,27.774041,1716 85.428361,27.774023,1715.2 85.428345,27.77401,1714.6 85.428328,27.774004,1714 85.428311,27.774001,1713.5 85.428299,27.773996,1713.1 85.428293,27.773988,1712.8 85.428284,27.773976,1712.4 85.428278,27.773973,1712.2 85.42827,27.773976,1711.9 85.428264,27.773968,1711.6 85.428264,27.773956,1711.2 85.428267,27.773946,1710.9 85.428268,27.773935,1710.5 85.428266,27.773924,1710.2 85.428264,27.773908,1709.6 85.428265,27.773903,1709.5 85.428261,27.773896,1709.2 85.428255,27.773888,1708.9 85.42825,27.773881,1708.7 85.428246,27.773873,1708.4 85.428243,27.773864,1708.2 85.428241,27.77386,1708 85.428241,27.773852,1707.8 85.428242,27.773848,1707.7 85.428242,27.77384,1707.4 85.428239,27.773831,1707.2 85.42823,27.77383,1707 85.428221,27.773826,1706.7 85.428217,27.773818,1706.5 85.42821,27.773812,1706.3 85.428201,27.773811,1706.1 85.428194,27.773818,1705.8 85.428186,27.773817,1705.6 85.428183,27.773812,1705.5 85.428179,27.773811,1705.4 85.428164,27.7738,1705 85.428162,27.773793,1704.8 85.428158,27.773786,1704.6 85.428146,27.773786,1704.4 85.428142,27.77378,1704.2 85.428139,27.773773,1704 85.428127,27.773767,1703.8 85.428114,27.773775,1703.4 85.428111,27.773787,1703.2 85.428106,27.773785,1703.1 85.428102,27.773783,1703 85.4281,27.773777,1702.8 85.428098,27.773766,1702.6 85.428094,27.773761,1702.4 85.428088,27.77376,1702.3 85.428084,27.773755,1702.2 85.428081,27.773746,1702 85.428079,27.773739,1701.8 85.428077,27.773732,1701.6 85.428075,27.773726,1701.5 85.428073,27.773721,1701.4 85.428067,27.773724,1701.2 85.428059,27.773724,1701.1 85.428059,27.773716,1700.9 85.428062,27.773707,1700.7 85.428061,27.773697,1700.5 85.428057,27.773687,1700.2 85.428058,27.773677,1700 85.428059,27.773665,1699.8 85.428056,27.773656,1699.6 85.428054,27.773646,1699.4 85.428055,27.773635,1699.1 85.428061,27.773623,1698.9 85.42806,27.773612,1698.6 85.428052,27.773603,1698.4 85.428047,27.773595,1698.2 85.428039,27.77359,1698 85.42803,27.773581,1697.8 85.428028,27.773571,1697.5 85.428029,27.773561,1697.3 85.428026,27.773551,1697.1 85.428015,27.773545,1696.9 85.428005,27.773537,1696.7 85.427996,27.773527,1696.4 85.427991,27.77352,1696.3 85.427988,27.773512,1696.1 85.427985,27.773502,1695.9 85.42798,27.773493,1695.7 85.427973,27.773475,1695.4 85.427969,27.773467,1695.2 85.427961,27.773457,1695 85.427951,27.77345,1694.8 85.427942,27.773443,1694.6 85.427929,27.773442,1694.4 85.427916,27.773452,1694.1 85.427909,27.773448,1694 85.4279,27.773441,1693.8 85.427892,27.773433,1693.6 85.427884,27.773425,1693.5 85.427873,27.773416,1693.2 85.427867,27.773415,1693.1 85.42786,27.773406,1692.9 85.427853,27.7734,1692.8 85.427847,27.773392,1692.6 85.42784,27.773383,1692.4 85.42783,27.773375,1692.2 85.427821,27.773367,1692 85.427825,27.773383,1691.8 85.427818,27.773379,1691.6 85.427817,27.773373,1691.5 85.42781,27.773358,1691.2 85.427803,27.773352,1691.1 85.427796,27.773341,1690.9 85.427793,27.773329,1690.7 85.427789,27.773317,1690.4 85.427785,27.773305,1690.2 85.427781,27.773296,1690.1 85.427773,27.773289,1689.9 85.427761,27.773284,1689.7 85.427749,27.773285,1689.5 85.427737,27.773283,1689.3 85.427727,27.773276,1689.1 85.427716,27.773267,1688.9 85.42771,27.773258,1688.7 85.427709,27.773246,1688.5 85.427707,27.773235,1688.3 85.427703,27.773226,1688.2 85.427699,27.773217,1688 85.427695,27.773207,1687.8 85.427693,27.773197,1687.6 85.427689,27.773195,1687.6 85.427686,27.773194,1687.5 85.427683,27.773188,1687.4 85.427681,27.773178,1687.2 85.42768,27.773169,1687.1 85.427679,27.773159,1686.9 85.427676,27.773149,1686.7 85.427672,27.773142,1686.6 85.427669,27.773133,1686.4 85.427665,27.773121,1686.2 85.427658,27.773115,1686 85.427651,27.773105,1685.8 85.427643,27.773101,1685.7 85.427636,27.773094,1685.5 85.427628,27.773087,1685.2 85.427621,27.773078,1685 85.427613,27.773066,1684.7 85.427612,27.773061,1684.6 85.427603,27.773054,1684.4 85.42759,27.773055,1684.1 85.42758,27.77305,1683.8 85.427579,27.773037,1683.5 85.42758,27.773022,1683.2 85.427584,27.773012,1682.9 85.427579,27.773002,1682.6 85.427575,27.772993,1682.4 85.427572,27.772984,1682.1 85.427569,27.772976,1681.9 85.427566,27.772968,1681.7 85.427563,27.772959,1681.4 85.427559,27.772954,1681.2 85.427557,27.772945,1681 85.427557,27.772937,1680.7 85.427557,27.772928,1680.5 85.427564,27.772923,1680.3 85.427574,27.77292,1680 85.427577,27.77291,1679.7 85.427572,27.772904,1679.5 85.42756,27.772901,1679.2 85.427558,27.772898,1679.1 85.427556,27.77289,1678.8 85.427553,27.772879,1678.5 85.427549,27.772868,1678.2 85.427546,27.772853,1677.7 85.427548,27.772842,1677.3 85.427546,27.772831,1677 85.427541,27.772822,1676.7 85.427534,27.772813,1676.3 85.427519,27.772804,1675.8 85.427508,27.772807,1675.5 85.427496,27.772811,1675.1 85.427483,27.772817,1674.7 85.427472,27.772823,1674.3 85.427455,27.772833,1673.7 85.427455,27.772841,1673.4 85.427448,27.77285,1673 85.42745,27.772858,1672.7 85.427443,27.772864,1672.4 85.427437,27.772871,1672.1 85.427434,27.772877,1671.9 85.427426,27.77288,1671.6 85.427416,27.77287,1671.2 85.427412,27.772853,1670.6 85.427411,27.77284,1670.1 85.427408,27.772829,1669.7 85.427403,27.772819,1669.4 85.427396,27.772811,1669 85.42739,27.772805,1668.7 85.427387,27.772797,1668.4 85.427382,27.772786,1668.1 85.427378,27.77278,1667.8 85.427374,27.772773,1667.6 85.427371,27.772765,1667.3 85.427362,27.772756,1666.9 85.427352,27.772745,1666.5 85.427347,27.772737,1666.2 85.42734,27.772727,1665.9 85.427334,27.77272,1665.6 85.427329,27.772708,1665.2 85.427323,27.772698,1664.7 85.427313,27.772695,1664.5 85.427305,27.772692,1664.3 85.427297,27.772699,1664.1 85.42729,27.772708,1663.9 85.42729,27.772708,1663.9 85.427286,27.77271,1663.8 85.427279,27.772714,1663.7 85.427274,27.772716,1663.6 85.427264,27.772716,1663.4 85.427246,27.772713,1663.1 85.427228,27.772705,1662.7 85.427229,27.772691,1662.5 85.427249,27.772684,1662.1 85.427269,27.772685,1661.7 85.427279,27.772683,1661.5 85.427288,27.772678,1661.3 85.427291,27.772673,1661.2 85.427295,27.772668,1661.1 85.427306,27.772662,1660.9 85.427317,27.77266,1660.7 85.427332,27.772653,1660.4 85.427337,27.772645,1660.2 85.427337,27.772636,1660 85.427328,27.772635,1659.9 85.427319,27.772639,1659.7 85.42731,27.772644,1659.5 85.427305,27.772646,1659.4 85.427297,27.772648,1659.3 85.427295,27.772653,1659.2 85.427294,27.772659,1659.1 85.427298,27.772663,1659 85.427303,27.772661,1658.9 85.42731,27.772658,1658.8 85.427313,27.772658,1658.7 85.427316,27.772658,1658.7 85.427319,27.772659,1658.6 85.427323,27.77266,1658.5 85.427324,27.77266,1658.5 85.427325,27.772661,1658.5 85.427327,27.772661,1658.5 85.42733,27.772661,1658.4 85.427333,27.77266,1658.4 85.427336,27.772658,1658.3 85.427339,27.772657,1658.2 85.42734,27.772656,1658.2 85.427341,27.772655,1658.2 85.427341,27.772655,1658.2 85.427341,27.772655,1658.2 85.427342,27.772656,1658.2 85.427342,27.772656,1658.2 85.427342,27.772656,1658.2 85.427342,27.772656,1658.2 85.427343,27.772657,1658.1 85.427343,27.772657,1658.1 85.427343,27.772657,1658.1 85.427343,27.772657,1658.1 85.427344,27.772657,1658.1 85.427344,27.772658,1658.1 85.427344,27.772658,1658.1 85.427345,27.772658,1658.1 85.427345,27.772658,1658.1 85.427345,27.772659,1658.1 85.427346,27.772659,1658.1 85.427346,27.772659,1658.1 85.427346,27.772659,1658.1 85.427347,27.772659,1658 85.427347,27.772659,1658 85.427347,27.77266,1658 85.427347,27.77266,1658 85.427346,27.772661,1658 85.427347,27.772662,1658 85.427347,27.772662,1658 85.427348,27.772662,1658 85.427345,27.772662,1657.9 85.427346,27.77266,1657.9 85.427346,27.772659,1657.9 85.427342,27.772657,1657.8 85.427339,27.772658,1657.7 85.427333,27.772659,1657.6 85.427327,27.77266,1657.5 85.427307,27.772655,1657.2 85.427283,27.772653,1656.8 85.427278,27.772656,1656.7 85.427271,27.772659,1656.6 85.427261,27.77266,1656.4 85.427254,27.772664,1656.3 85.42725,27.772673,1656.1 85.427248,27.772678,1656 85.427244,27.77268,1656 85.427238,27.772687,1655.8 85.427243,27.772688,1655.7 85.427249,27.772687,1655.6 85.427255,27.772684,1655.5 85.42726,27.772679,1655.4 85.427266,27.772675,1655.3 85.427269,27.772673,1655.2 85.427271,27.772672,1655.2 85.427274,27.77267,1655.2 85.427276,27.772669,1655.1 85.427277,27.772668,1655.1 85.427277,27.772666,1655.1 85.427276,27.772663,1655 85.427269,27.77266,1654.9 85.427257,27.772657,1654.7 85.427243,27.772655,1654.5 85.427231,27.772656,1654.3 85.427226,27.77266,1654.2 85.427224,27.772667,1654.1 85.427218,27.772669,1654 85.427211,27.772666,1653.9 85.427205,27.772657,1653.7 85.427195,27.772649,1653.5 85.427186,27.772634,1653.2 85.427179,27.772629,1653.1 85.427175,27.772621,1652.9 85.42717,27.772619,1652.9 85.427168,27.772614,1652.8 85.427169,27.772607,1652.6 85.427168,27.772599,1652.5 85.42716,27.772597,1652.4 85.427153,27.772587,1652.2 85.427151,27.772578,1652 85.427147,27.772566,1651.8 85.427141,27.772556,1651.6 85.427129,27.772555,1651.5 85.427117,27.77256,1651.3 85.427108,27.772558,1651.1 85.427102,27.772553,1651 85.427086,27.772553,1650.8 85.427077,27.772554,1650.6 85.42707,27.772566,1650.4 85.427063,27.772574,1650.2 85.427055,27.772573,1650.1 85.427052,27.772571,1650 85.427049,27.77257,1650 85.427044,27.772569,1649.9 85.427029,27.772567,1649.7 85.427026,27.772567,1649.6 85.427015,27.772567,1649.5 85.427005,27.772578,1649.2 85.427008,27.772594,1649 85.42701,27.772604,1648.8 85.427004,27.772606,1648.7 85.426994,27.772606,1648.6 85.426984,27.772605,1648.4 85.426985,27.772597,1648.3 85.426998,27.77259,1648 85.427012,27.77259,1647.8 85.42702,27.772587,1647.7 85.427026,27.772583,1647.6 85.427033,27.772574,1647.4 85.427038,27.772564,1647.2 85.427049,27.772554,1647 85.42706,27.772549,1646.8 85.427068,27.772548,1646.7 85.427069,27.772544,1646.6 85.427073,27.772537,1646.5 85.427076,27.77253,1646.3 85.427083,27.772516,1646.1 85.427092,27.772494,1645.7 85.427105,27.772478,1645.4 85.427117,27.772476,1645.2 85.427129,27.772471,1645 85.427139,27.772462,1644.8 85.427144,27.772448,1644.5 85.427157,27.772439,1644.3 85.427168,27.772444,1644.1 85.427173,27.772454,1643.9 85.427179,27.772458,1643.8 85.427188,27.772454,1643.6 85.427196,27.772451,1643.5 85.427208,27.772445,1643.3 85.427226,27.772437,1643 85.427241,27.772429,1642.7 85.427253,27.772424,1642.5 85.427271,27.772418,1642.3 85.427278,27.772414,1642.1 85.427285,27.772405,1641.9 85.427298,27.772399,1641.7 85.427306,27.772395,1641.6 85.427315,27.772388,1641.4 85.427322,27.77238,1641.2 85.42733,27.772375,1641.1 85.427341,27.772376,1640.9 85.427349,27.772369,1640.8 85.427344,27.772354,1640.5 85.427328,27.77234,1640.2 85.42731,27.77233,1639.8 85.427288,27.77233,1639.5 85.42727,27.772329,1639.2 85.427248,27.772323,1638.9 85.427228,27.772315,1638.6 85.427213,27.77232,1638.3 85.427203,27.77233,1638 85.427194,27.772338,1637.8 85.427182,27.772338,1637.6 85.42717,27.772337,1637.3 85.427156,27.772338,1637.1 85.427142,27.772343,1636.8 85.427123,27.772343,1636.4 85.427108,27.772339,1636.1 85.427093,27.772337,1635.8 85.427079,27.772333,1635.6 85.427067,27.772325,1635.3 85.427055,27.77232,1635 85.427042,27.772313,1634.7 85.427027,27.772311,1634.4 85.427022,27.772319,1634.2 85.427016,27.772328,1634 85.427004,27.772327,1633.8 85.426992,27.772322,1633.5 85.426981,27.772317,1633.3 85.426972,27.772314,1633.1 85.426964,27.772309,1632.9 85.426956,27.772306,1632.8 85.426947,27.772303,1632.6 85.42694,27.772298,1632.4 85.426933,27.772296,1632.3 85.426923,27.772295,1632.1 85.426912,27.772287,1631.8 85.426901,27.77228,1631.5 85.426891,27.772275,1631.3 85.42688,27.772269,1631 85.426873,27.772264,1630.8 85.426865,27.77226,1630.6 85.426855,27.772257,1630.4 85.426842,27.772255,1630.2 85.426834,27.77226,1630 85.426827,27.772269,1629.7 85.426821,27.772272,1629.6 85.426816,27.772269,1629.5 85.426811,27.772272,1629.3 85.426804,27.772278,1629.1 85.426796,27.772284,1628.9 85.426789,27.77229,1628.7 85.426781,27.772295,1628.5 85.426769,27.772295,1628.2 85.426764,27.772295,1628.1 85.426758,27.772303,1627.9 85.426767,27.772308,1627.7 85.426775,27.772311,1627.5 85.426777,27.772314,1627.4 85.426773,27.772312,1627.3 85.426769,27.772306,1627.1 85.426761,27.772302,1626.9 85.426751,27.772299,1626.7 85.426746,27.772291,1626.5 85.426734,27.772287,1626.2 85.42673,27.772287,1626.1 85.426727,27.772279,1626 85.426721,27.772272,1625.7 85.426715,27.772266,1625.5 85.426712,27.77226,1625.3 85.42671,27.772254,1625.2 85.426705,27.772251,1625 85.426702,27.772251,1624.9 85.426703,27.772251,1624.9 85.426709,27.772252,1624.8 85.426711,27.772249,1624.7 85.426712,27.772249,1624.6 85.426715,27.77225,1624.6 85.42671,27.772248,1624.4 85.426703,27.772247,1624.3 85.426695,27.772245,1624.1 85.426683,27.772244,1623.8 85.426671,27.772241,1623.5 85.426662,27.772238,1623.2 85.426652,27.772233,1622.9 85.426647,27.77223,1622.8 85.42664,27.772226,1622.6 85.426632,27.772221,1622.3 85.426626,27.772215,1622.1 85.426621,27.772207,1621.9 85.426615,27.7722,1621.6 85.426608,27.772195,1621.4 85.4266,27.772188,1621.1 85.426593,27.77218,1620.8 85.426579,27.772169,1620.4 85.426575,27.772168,1620.3 85.426567,27.772162,1620 85.426559,27.772155,1619.8 85.426554,27.772151,1619.6 85.426548,27.772145,1619.4 85.426542,27.772139,1619.1 85.426536,27.772135,1618.9 85.42653,27.77213,1618.7 85.426525,27.772122,1618.4 85.42652,27.772118,1618.3 85.426512,27.772113,1618 85.426501,27.77211,1617.7 85.426489,27.772107,1617.3 85.426479,27.772101,1617 85.42647,27.772097,1616.7 85.426464,27.772091,1616.4 85.426456,27.772088,1616.2 85.426447,27.772081,1615.8 85.42644,27.772076,1615.6 85.426432,27.772069,1615.3 85.426424,27.772062,1614.9 85.426418,27.772056,1614.7 85.426414,27.772051,1614.5 85.426407,27.772048,1614.3 85.426402,27.77205,1614.1 85.426401,27.772047,1614 85.426401,27.772045,1613.9 85.426396,27.77204,1613.7 85.426394,27.772042,1613.6 85.426387,27.77204,1613.4 85.426378,27.772035,1613.1 85.426374,27.772032,1613 85.426368,27.772027,1612.8 85.426354,27.772016,1612.3 85.426353,27.772017,1612.2 85.426349,27.772012,1612.1 85.426346,27.772009,1611.9 85.426343,27.772004,1611.8 85.426337,27.771998,1611.6 85.426335,27.771992,1611.4 85.426331,27.771984,1611.2 85.426326,27.771976,1610.9 85.42632,27.771969,1610.7 85.426312,27.771964,1610.5 85.426302,27.771961,1610.3 85.426292,27.771957,1610.1 85.426284,27.771952,1609.9 85.426279,27.771947,1609.7 85.426276,27.771941,1609.6 85.426266,27.771935,1609.3 85.426262,27.771935,1609.3 85.426254,27.771929,1609.1 85.426252,27.771927,1609 85.426251,27.771921,1608.9 85.426249,27.771913,1608.8 85.426248,27.771905,1608.6 85.426244,27.771897,1608.5 85.42624,27.77189,1608.3 85.426232,27.771886,1608.2 85.426225,27.77188,1608.1 85.426218,27.771873,1607.9 85.426209,27.771866,1607.8 85.426203,27.77186,1607.7 85.4262,27.77185,1607.6 85.426201,27.771859,1607.5 85.426196,27.771853,1607.4 85.426188,27.771846,1607.3 85.426175,27.77184,1607.2 85.426165,27.771836,1607.1 85.426155,27.77183,1607 85.426145,27.771823,1606.9 85.426136,27.771819,1606.9 85.426126,27.771809,1606.8 85.426119,27.771807,1606.8 85.42611,27.7718,1606.7 85.426103,27.771794,1606.7 85.426095,27.771788,1606.6 85.426083,27.771783,1606.6 85.426071,27.771777,1606.5 85.426059,27.77177,1606.5 85.426049,27.771759,1606.4 85.42604,27.771752,1606.4 85.426029,27.771745,1606.3 85.426019,27.771737,1606.3 85.426009,27.771729,1606.3 85.425992,27.771723,1606.2 85.425986,27.771723,1606.2 85.425981,27.771713,1606.2 85.425975,27.771703,1606.2 85.425968,27.771693,1606.1 85.425963,27.771684,1606.1 85.425957,27.771675,1606.1 85.425952,27.771666,1606.1 85.425944,27.771656,1606.1 85.425938,27.771648,1606.1 85.425931,27.771637,1606.1 85.425924,27.771629,1606.1 85.425918,27.771618,1606.1 85.42591,27.771607,1606.1 85.425905,27.771599,1606.1 85.425897,27.771591,1606.1 85.425889,27.771587,1606.1 85.425875,27.771587,1606.1 85.425861,27.771588,1606.1 85.425856,27.771584,1606.1 85.425857,27.771577,1606.1 85.425856,27.771566,1606.1 85.425856,27.771557,1606.1 85.425856,27.771546,1606.1 85.425856,27.771535,1606.1 85.425856,27.771525,1606.1 85.425856,27.771515,1606.1 85.425855,27.771506,1606.2 85.425854,27.771497,1606.2 85.425854,27.771487,1606.2 85.425852,27.771479,1606.3 85.425849,27.771468,1606.4 85.42585,27.771462,1606.4 85.42586,27.771457,1606.5 85.425871,27.771453,1606.5 85.425879,27.771446,1606.6 85.42588,27.771428,1606.7 85.425882,27.771421,1606.8 85.425884,27.771411,1606.9 85.42589,27.771401,1607 85.4259,27.771397,1607.1 85.425913,27.771399,1607.3 85.425926,27.771399,1607.4 85.425937,27.771395,1607.5 85.425949,27.77139,1607.7 85.425958,27.771387,1607.8 85.425967,27.771383,1607.9 85.425977,27.771379,1608 85.425989,27.771375,1608.2 85.425999,27.771373,1608.3 85.42601,27.77137,1608.4 85.426018,27.771364,1608.6 85.426027,27.771357,1608.7 85.426036,27.771353,1608.9 85.426046,27.771348,1609 85.426056,27.771342,1609.2 85.426066,27.771335,1609.4 85.426075,27.77133,1609.5 85.426084,27.771328,1609.7 85.426094,27.771325,1609.9 85.426106,27.771324,1610.1 85.426114,27.771325,1610.2 85.426123,27.771323,1610.4 85.426133,27.77132,1610.6 85.426144,27.771317,1610.8 85.426155,27.771315,1611 85.426162,27.771313,1611.2 85.42617,27.771311,1611.3 85.426177,27.771308,1611.5 85.426185,27.771302,1611.8 85.426193,27.771297,1612 85.426201,27.771294,1612.2 85.426208,27.771289,1612.4 85.426216,27.771284,1612.6 85.426218,27.77128,1612.7 85.426221,27.771274,1612.9 85.426225,27.771271,1613 85.426229,27.771272,1613.1 85.426234,27.771272,1613.2 85.426239,27.771272,1613.3 85.426249,27.771271,1613.6 85.426254,27.771269,1613.7 85.426262,27.77127,1613.9 85.426272,27.771269,1614.1 85.426283,27.771267,1614.4 85.426297,27.771261,1614.8 85.4263,27.771259,1614.9 85.426306,27.771257,1615 85.426313,27.771253,1615.2 85.426317,27.771248,1615.4 85.426321,27.771242,1615.6 85.426324,27.771238,1615.7 85.426329,27.771232,1615.7 85.426329,27.771226,1615.8 85.426329,27.77122,1615.8 85.426329,27.771218,1615.8 85.42633,27.771206,1615.9 85.426329,27.7712,1616 85.426328,27.771195,1616 85.426326,27.771193,1616 85.426326,27.771187,1616.1 85.426322,27.771184,1616.1 85.426321,27.771184,1616.1 85.426321,27.771181,1616.2 85.426318,27.771179,1616.2 85.426317,27.771176,1616.2 85.426315,27.771166,1616.3 85.426313,27.771159,1616.4 85.426313,27.771151,1616.4 85.426314,27.771142,1616.5 85.426315,27.771134,1616.6 85.426317,27.77112,1616.7 85.426318,27.771118,1616.7 85.42632,27.771109,1616.8 85.426321,27.771103,1616.8 85.426323,27.771096,1616.9 85.426328,27.771086,1617 85.426329,27.771084,1617 85.42633,27.77108,1617 85.426329,27.771077,1617 85.42633,27.771074,1617.1 85.426331,27.771074,1617.1 85.426332,27.771075,1617.1 85.426331,27.771074,1617.1 85.426328,27.771077,1617.1 85.426327,27.771077,1617.1 85.426327,27.771078,1617.1 85.426327,27.771079,1617.1 85.426327,27.77108,1617.2 85.426326,27.771079,1617.2 85.426327,27.771079,1617.2 85.426326,27.77108,1617.2 85.426326,27.77108,1617.2 85.426325,27.77108,1617.2 85.426324,27.771082,1617.2 85.426324,27.771081,1617.2 85.426324,27.771082,1617.2 85.426324,27.771083,1617.2 85.426324,27.771084,1617.2 85.426324,27.771084,1617.2 85.426325,27.771083,1617.3 85.426326,27.771083,1617.3 85.426326,27.771083,1617.3 85.426326,27.771083,1617.3 85.426327,27.771083,1617.3 85.426327,27.771083,1617.3 85.426328,27.771081,1617.3 85.42633,27.771081,1617.3 85.426335,27.771084,1617.3 85.426338,27.771088,1617.4 85.426339,27.771087,1617.4 85.42634,27.771085,1617.4 85.426339,27.771082,1617.4 85.426338,27.77108,1617.5 85.426338,27.771079,1617.5 85.426337,27.771078,1617.5 85.426337,27.771078,1617.5 85.426336,27.771078,1617.5 85.426336,27.771077,1617.5 85.426336,27.771077,1617.5 85.426336,27.771077,1617.5 85.426336,27.771077,1617.5 85.426336,27.771076,1617.5 85.426336,27.771076,1617.5 85.426336,27.771076,1617.5 85.426336,27.771076,1617.5 85.426336,27.771075,1617.5 85.426337,27.771076,1617.5 85.426337,27.771076,1617.5 85.426337,27.771077,1617.5 85.426337,27.771077,1617.5 85.426337,27.771077,1617.5 85.426337,27.771078,1617.5 85.426335,27.77108,1617.5 85.426335,27.771081,1617.5 85.426337,27.771082,1617.6 85.426337,27.771083,1617.6 85.426336,27.771083,1617.6 85.426334,27.771084,1617.6 85.426333,27.771084,1617.6 85.426331,27.771084,1617.6 85.42633,27.771085,1617.6 85.426329,27.771085,1617.6 85.426328,27.771086,1617.6 85.426328,27.771087,1617.6 85.426327,27.771087,1617.6 85.426327,27.771087,1617.6 85.426327,27.771088,1617.7 85.426327,27.771088,1617.7 85.426326,27.771089,1617.7 85.426326,27.771089,1617.7 85.426326,27.771089,1617.7 85.426326,27.771089,1617.7 85.426326,27.771089,1617.7 85.426326,27.771089,1617.7 85.426327,27.771089,1617.7 85.426326,27.771088,1617.7 85.426326,27.771088,1617.7 85.426326,27.771086,1617.7 85.426324,27.771082,1617.7 85.426323,27.77108,1617.7 85.426319,27.771079,1617.8 85.426318,27.771079,1617.8 85.426318,27.77108,1617.8 85.426321,27.77108,1617.8 85.426322,27.77108,1617.8 85.426322,27.771077,1617.8 85.426322,27.771076,1617.8 85.426322,27.771075,1617.8 85.426321,27.771074,1617.9 85.42632,27.771074,1617.9 85.426319,27.771072,1617.9 85.426319,27.771072,1617.9 85.426318,27.771071,1617.9 85.426318,27.771071,1617.9 85.426318,27.771069,1617.9 85.426318,27.771069,1617.9 85.426318,27.771069,1617.9 85.426319,27.771069,1617.9 85.42632,27.771068,1617.9 85.42632,27.771068,1617.9 85.426321,27.771066,1617.9 85.42632,27.771066,1617.9 85.42632,27.771063,1618 85.426318,27.771059,1618 85.426319,27.771056,1618 85.426323,27.771058,1618 85.426324,27.771059,1618.1 85.426326,27.771061,1618.1 85.426327,27.771061,1618.1 85.426331,27.771061,1618.1 85.426337,27.771061,1618.1 85.426342,27.771059,1618.2 85.426346,27.771057,1618.2 85.426349,27.771057,1618.2 85.426352,27.771057,1618.2 85.426354,27.771057,1618.3 85.426356,27.771057,1618.3 85.426358,27.771058,1618.3 85.42636,27.771058,1618.3 85.426361,27.771058,1618.3 85.426362,27.771058,1618.3 85.426364,27.771058,1618.3 85.426365,27.771058,1618.3 85.426367,27.771059,1618.3 85.426368,27.771059,1618.4 85.426368,27.771059,1618.4 85.426367,27.771059,1618.4 85.426366,27.771057,1618.4 85.426366,27.771057,1618.4 85.426363,27.771055,1618.4 85.426362,27.771055,1618.4 85.426362,27.771054,1618.4 85.426361,27.771053,1618.4 85.426361,27.771052,1618.4 85.42636,27.771052,1618.4 85.426358,27.771052,1618.4 85.426357,27.771051,1618.5 85.426355,27.771051,1618.5 85.426353,27.771051,1618.5 85.426351,27.77105,1618.5 85.42635,27.77105,1618.5 85.42635,27.771051,1618.5 85.426351,27.771053,1618.5 85.426352,27.771053,1618.5 85.426355,27.771052,1618.5 85.426357,27.771051,1618.6 85.426359,27.771048,1618.6 85.426358,27.771047,1618.6 85.426358,27.771046,1618.6 85.426359,27.771045,1618.6 85.42636,27.771043,1618.6 85.42636,27.77104,1618.6 85.42636,27.77104,1618.6 85.42636,27.771039,1618.7 85.426361,27.771039,1618.7 85.426362,27.771038,1618.7 85.426362,27.771038,1618.7 85.426362,27.771038,1618.7 85.426362,27.771038,1618.7 85.426362,27.771038,1618.7 85.426363,27.771037,1618.7 85.426366,27.771037,1618.7 85.426369,27.771038,1618.7 85.426372,27.77104,1618.7 85.426373,27.771041,1618.7 85.426374,27.771041,1618.8 85.426375,27.771041,1618.8 85.426377,27.771041,1618.8 85.426378,27.77104,1618.8 85.42638,27.771041,1618.8 85.426381,27.771041,1618.8 85.426382,27.771042,1618.8 85.426384,27.771044,1618.8 85.426386,27.771046,1618.8 85.426389,27.771049,1618.9 85.426395,27.771056,1618.9 85.426399,27.771062,1619 85.4264,27.771067,1619 85.426398,27.771071,1619 85.426397,27.771073,1619 85.426394,27.771074,1619 85.426393,27.771076,1619.1 85.426393,27.771078,1619.1 85.426393,27.771079,1619.1 85.426393,27.771081,1619.1 85.426393,27.771084,1619.1 85.426393,27.771085,1619.1 85.426393,27.771087,1619.1 85.426394,27.771088,1619.1 85.426393,27.771089,1619.1 85.426392,27.771092,1619.2 85.42639,27.771092,1619.2 85.426388,27.771091,1619.2 85.426384,27.771089,1619.2 85.426377,27.771087,1619.2 85.426371,27.771084,1619.3 85.426368,27.771083,1619.3 85.426365,27.771083,1619.3 85.426363,27.771082,1619.3 85.42636,27.771081,1619.3 85.426356,27.771082,1619.3 85.426354,27.771082,1619.3 85.426351,27.771082,1619.3 85.426348,27.771083,1619.4 85.426346,27.771083,1619.4 85.426344,27.771085,1619.4 85.426343,27.771086,1619.4 85.426343,27.771087,1619.4 85.426341,27.771087,1619.4 85.426339,27.771087,1619.4 85.426337,27.771087,1619.4 85.426335,27.771087,1619.4 85.426335,27.771087,1619.4 85.426335,27.771088,1619.4 85.426336,27.771088,1619.4 85.426335,27.771088,1619.4 85.426335,27.771089,1619.4 85.426334,27.771089,1619.4 85.426335,27.77109,1619.4 85.426335,27.77109,1619.4 85.426335,27.77109,1619.4 85.426334,27.771089,1619.4 85.426334,27.771088,1619.4 85.426333,27.771087,1619.5 85.426333,27.771087,1619.5 85.426333,27.771087,1619.5 85.426333,27.771087,1619.5 85.426332,27.771086,1619.5 85.426332,27.771086,1619.5 85.426332,27.771086,1619.5 85.426332,27.771086,1619.5 85.426332,27.771086,1619.5 85.426331,27.771086,1619.5 85.426331,27.771086,1619.5 85.426331,27.771086,1619.5 85.426331,27.771086,1619.5 85.426331,27.771086,1619.5 85.426331,27.771086,1619.5 85.426331,27.771087,1619.5 85.426331,27.771086,1619.5 85.426333,27.771086,1619.5 85.426333,27.771085,1619.5 85.426332,27.771084,1619.5 85.42633,27.771082,1619.5 85.426325,27.771079,1619.5 85.426322,27.771079,1619.5 85.426314,27.771076,1619.5 85.426309,27.771076,1619.6 85.426305,27.771079,1619.6 85.426304,27.771083,1619.6 85.426301,27.771084,1619.6 85.426297,27.771086,1619.6 85.426293,27.771088,1619.6 85.426294,27.771088,1619.6 85.426297,27.771086,1619.6 85.426297,27.771084,1619.6 85.426296,27.771082,1619.6 85.426295,27.771079,1619.6 85.426294,27.771076,1619.6 85.426292,27.771072,1619.6 85.426288,27.771072,1619.6 85.426283,27.771075,1619.7 85.426275,27.771076,1619.7 85.426265,27.771077,1619.7 85.426253,27.771076,1619.7 85.426247,27.771075,1619.7 85.42624,27.771072,1619.7 85.426231,27.771067,1619.7 85.426223,27.77106,1619.7 85.426214,27.771049,1619.6 85.42621,27.771041,1619.6 85.426205,27.771033,1619.6 85.426201,27.771025,1619.6 85.426198,27.771018,1619.6 85.426196,27.77101,1619.5 85.426193,27.771004,1619.5 85.426191,27.770999,1619.5 85.426187,27.770993,1619.5 85.426182,27.770986,1619.5 85.426179,27.770978,1619.4 85.426177,27.770971,1619.4 85.426177,27.770965,1619.4 85.426175,27.770959,1619.4 85.426171,27.770953,1619.3 85.426168,27.770947,1619.3 85.426164,27.770937,1619.3 85.426162,27.770934,1619.3 85.426157,27.770928,1619.2 85.42615,27.770922,1619.2 85.426141,27.770918,1619.1 85.426129,27.770911,1619.1 85.426122,27.770909,1619.1 85.426112,27.770904,1619 85.426102,27.770902,1619 85.426092,27.7709,1618.9 85.426081,27.770898,1618.9 85.426071,27.770896,1618.8 85.42606,27.770893,1618.8 85.426049,27.770892,1618.7 85.426036,27.770891,1618.7 85.426024,27.770889,1618.6 85.426012,27.770889,1618.6 85.425994,27.770891,1618.5 85.425984,27.770892,1618.5 85.425972,27.770891,1618.4 85.42596,27.770889,1618.4 85.425946,27.770888,1618.3 85.425937,27.770886,1618.3 85.425926,27.770884,1618.3 85.425916,27.770882,1618.2 85.425906,27.770879,1618.2 85.425895,27.770876,1618.2 85.425886,27.770872,1618.1 85.425874,27.770868,1618.1 85.425865,27.770866,1618.1 85.425853,27.77086,1618 85.425846,27.770855,1618 85.425839,27.770849,1618 85.42583,27.770846,1618 85.425823,27.770839,1618 85.425812,27.770833,1617.9 85.425806,27.77084,1617.9 85.4258,27.770839,1617.9 85.425795,27.77083,1617.8 85.425793,27.770823,1617.8 85.425789,27.770813,1617.8 85.425785,27.770802,1617.8 85.42578,27.770792,1617.7 85.425774,27.770784,1617.7 85.425766,27.770778,1617.7 85.425756,27.770774,1617.6 85.425735,27.770763,1617.6 85.42572,27.770762,1617.5 85.425706,27.77076,1617.5 85.425692,27.770753,1617.5 85.425687,27.770749,1617.5 85.425682,27.770742,1617.4 85.425677,27.770735,1617.4 85.425673,27.770726,1617.4 85.425667,27.770714,1617.3 85.425665,27.770708,1617.3 85.425665,27.770699,1617.3 85.425666,27.770688,1617.3 85.425666,27.770676,1617.2 85.425664,27.770663,1617.2 85.425664,27.770651,1617.2 85.425664,27.770638,1617.1 85.425665,27.770626,1617.1 85.425663,27.770614,1617.1 85.425662,27.770602,1617 85.425661,27.77059,1617 85.425662,27.770578,1617 85.425672,27.770562,1616.9 85.425677,27.770554,1616.9 85.425682,27.770543,1616.9 85.425687,27.770531,1616.9 85.425691,27.770519,1616.8 85.425699,27.770502,1616.8 85.425701,27.770493,1616.8 85.425703,27.77048,1616.7 85.425702,27.770466,1616.7 85.425703,27.770453,1616.6 85.425704,27.770439,1616.6 85.425706,27.770425,1616.6 85.425707,27.770414,1616.5 85.425709,27.770403,1616.5 85.425709,27.77039,1616.4 85.42571,27.770378,1616.4 85.425707,27.770365,1616.3 85.425704,27.770353,1616.3 85.4257,27.770341,1616.2 85.425693,27.770329,1616.1 85.425687,27.770319,1616.1 85.425676,27.770307,1616 85.425667,27.770296,1615.9 85.425658,27.770287,1615.8 85.425646,27.770278,1615.7 85.425636,27.770272,1615.6 85.425625,27.770268,1615.5 85.425613,27.770263,1615.4 85.425603,27.770258,1615.3 85.425591,27.770247,1615.1 85.42558,27.770245,1615 85.425567,27.77024,1614.8 85.425553,27.770236,1614.7 85.42554,27.77023,1614.5 85.425527,27.770224,1614.3 85.425514,27.770217,1614.1 85.425501,27.77021,1613.9 85.425489,27.770199,1613.7 85.425479,27.770193,1613.6 85.425468,27.770185,1613.4 85.42546,27.770176,1613.2 85.425449,27.770167,1613 85.425435,27.770157,1612.7 85.425427,27.77015,1612.6 85.425417,27.770142,1612.4 85.425406,27.770134,1612.2 85.425396,27.770126,1612 85.425386,27.770118,1611.8 85.425375,27.77011,1611.6 85.425365,27.770102,1611.5 85.425355,27.770095,1611.3 85.425345,27.770094,1611.2 85.425337,27.770108,1610.9 85.425329,27.770118,1610.8 85.425319,27.770114,1610.6 85.425316,27.770109,1610.5 85.425309,27.770105,1610.4 85.425301,27.770103,1610.3 85.425293,27.7701,1610.2 85.425287,27.770093,1610.1 85.425287,27.770085,1610 85.425284,27.770076,1609.9 85.425279,27.770066,1609.8 85.425283,27.770058,1609.7 85.425284,27.770047,1609.6 85.425282,27.770038,1609.5 85.42528,27.770027,1609.4 85.425276,27.770017,1609.3 85.425271,27.770007,1609.2 85.425268,27.769998,1609.1 85.425264,27.769989,1609 85.42526,27.769978,1608.9 85.425255,27.769969,1608.8 85.42525,27.769961,1608.7 85.425243,27.769951,1608.6 85.425236,27.769943,1608.6 85.425227,27.769935,1608.5 85.425218,27.769927,1608.4 85.425209,27.76992,1608.4 85.425197,27.769911,1608.3 85.425186,27.769909,1608.2 85.425175,27.769906,1608.2 85.425163,27.769904,1608.1 85.42515,27.769902,1608 85.425136,27.7699,1608 85.425122,27.769898,1607.9 85.425111,27.769897,1607.8 85.425099,27.769896,1607.8 85.425089,27.769892,1607.7 85.425081,27.769884,1607.7 85.425075,27.769876,1607.6 85.425069,27.769866,1607.6 85.425065,27.769856,1607.5 85.425063,27.769845,1607.5 85.425061,27.769832,1607.4 85.42506,27.769825,1607.4 85.425058,27.769817,1607.3 85.425054,27.769808,1607.3 85.425049,27.7698,1607.2 85.425046,27.76979,1607.2 85.425041,27.76978,1607.1 85.425033,27.76977,1607 85.425024,27.769761,1607 85.425016,27.769752,1606.9 85.425006,27.769745,1606.9 85.424997,27.769737,1606.8 85.424989,27.769729,1606.7 85.424976,27.769717,1606.6 85.42497,27.769711,1606.6 85.424961,27.769702,1606.5 85.424951,27.769695,1606.5 85.42494,27.769687,1606.4 85.424931,27.769677,1606.3 85.424925,27.769666,1606.2 85.424919,27.769657,1606.2 85.424911,27.769644,1606.1 85.424907,27.769637,1606 85.424902,27.769626,1606 85.424898,27.769616,1605.9 85.424894,27.769605,1605.8 85.42489,27.769594,1605.8 85.424888,27.769585,1605.7 85.424884,27.769574,1605.6 85.424882,27.769561,1605.6 85.424881,27.769551,1605.5 85.42488,27.769539,1605.5 85.424877,27.769528,1605.4 85.424872,27.769516,1605.3 85.424868,27.769505,1605.3 85.424861,27.769494,1605.2 85.42485,27.769475,1605.1 85.424846,27.769466,1605.1 85.424842,27.769454,1605.1 85.424837,27.769443,1605 85.424831,27.769432,1605 85.424825,27.769422,1604.9 85.42482,27.769412,1604.9 85.424813,27.769402,1604.9 85.424794,27.769389,1604.8 85.424774,27.769378,1604.8 85.424763,27.769368,1604.7 85.424755,27.769359,1604.7 85.424745,27.769352,1604.7 85.424736,27.769344,1604.7 85.424728,27.769337,1604.7 85.42472,27.769329,1604.7 85.424693,27.769312,1604.6 85.424687,27.769304,1604.6 85.424681,27.769296,1604.6 85.424675,27.769288,1604.6 85.424668,27.76928,1604.6 85.424662,27.769272,1604.6 85.424655,27.769264,1604.6 85.424632,27.769251,1604.6 85.424627,27.769246,1604.6 85.42462,27.769238,1604.6 85.424613,27.769231,1604.6 85.424607,27.769222,1604.6 85.4246,27.769214,1604.6 85.424593,27.769206,1604.6 85.424585,27.769198,1604.6 85.42456,27.769195,1604.6 85.424551,27.769191,1604.6 85.424541,27.769185,1604.6 85.424531,27.76918,1604.6 85.424521,27.769176,1604.6 85.424512,27.76917,1604.6 85.424506,27.769163,1604.6 85.424503,27.769155,1604.6 85.424498,27.769144,1604.6 85.424492,27.769138,1604.6 85.424484,27.769133,1604.6 85.424477,27.769127,1604.6 85.424471,27.76912,1604.6 85.424464,27.769114,1604.6 85.424457,27.769107,1604.6 85.42445,27.7691,1604.6 85.424446,27.769086,1604.6 85.424439,27.769081,1604.6 85.42443,27.769076,1604.6 85.424421,27.769073,1604.7 85.42441,27.76907,1604.7 85.4244,27.769067,1604.7 85.424395,27.769062,1604.7 85.424407,27.769053,1604.7 85.424406,27.769053,1604.7 85.424404,27.769052,1604.7 85.424404,27.769055,1604.7 85.424404,27.769058,1604.7 85.424407,27.769059,1604.7 85.42441,27.76906,1604.7 85.424411,27.76906,1604.7 85.42441,27.769065,1604.7 85.424409,27.769065,1604.7 85.424409,27.769065,1604.7 85.424408,27.769065,1604.7 85.424408,27.769063,1604.7 85.424409,27.769063,1604.7 85.42441,27.769063,1604.7 85.42441,27.769062,1604.7 85.424409,27.769062,1604.7 85.424407,27.769062,1604.7 85.424404,27.769064,1604.7 85.424398,27.769066,1604.7 85.424388,27.769069,1604.7 85.424373,27.769071,1604.8 85.424361,27.769069,1604.8 85.424342,27.769084,1604.8 85.424332,27.769085,1604.8 85.424325,27.769081,1604.8 85.424327,27.769074,1604.8 85.424335,27.769069,1604.8 85.424341,27.769068,1604.9 85.424344,27.769068,1604.9 85.424346,27.769069,1604.9 85.424335,27.769087,1604.9 85.424334,27.769089,1604.9 85.424334,27.769087,1604.9 85.424335,27.769084,1604.9 85.424335,27.769082,1604.9 85.424335,27.769079,1604.9 85.424334,27.769075,1604.9 85.424334,27.769066,1604.9 85.424335,27.769059,1604.9 85.424336,27.769046,1604.9 85.424343,27.769035,1604.9 85.424349,27.769027,1604.9 85.424353,27.769017,1604.9 85.424359,27.769007,1604.9 85.424372,27.768995,1604.9 85.424385,27.76899,1604.9 85.424391,27.768984,1604.9 85.424383,27.768981,1604.9 85.424378,27.768977,1604.9 85.424379,27.768972,1604.9 85.424382,27.768963,1604.9 85.424382,27.768951,1604.9 85.424378,27.768939,1604.9 85.424387,27.76894,1604.8 85.424388,27.76893,1604.8 85.424384,27.768919,1604.8 85.424383,27.768905,1604.7 85.424384,27.768893,1604.7 85.424377,27.768878,1604.6 85.424367,27.768872,1604.6 85.424357,27.768869,1604.5 85.424363,27.76889,1604.3 85.424351,27.768893,1604.3 85.424337,27.768896,1604.2 85.424325,27.768896,1604.1 85.424312,27.768899,1604 85.424298,27.768902,1603.9 85.424281,27.76891,1603.7 85.424255,27.768946,1603.3 85.424246,27.768958,1603.1 85.424235,27.768971,1602.9 85.424228,27.768983,1602.8 85.424223,27.768995,1602.6 85.42422,27.769008,1602.4 85.424217,27.769019,1602.3 85.424211,27.769029,1602.2 85.424221,27.769068,1601.7 85.424217,27.769077,1601.5 85.42421,27.769087,1601.4 85.424203,27.769098,1601.2 85.424197,27.769106,1601.1 85.424189,27.76911,1601 85.424182,27.76911,1600.9 85.424174,27.769105,1600.8 85.424164,27.769098,1600.7 85.424157,27.769093,1600.6 85.424148,27.769088,1600.5 85.424139,27.769079,1600.4 85.424128,27.769065,1600.2 85.424136,27.769037,1599.9 85.424135,27.769024,1599.7 85.424133,27.769022,1599.7 85.424129,27.769017,1599.6 85.424122,27.769009,1599.5 85.424114,27.769,1599.4 85.424107,27.768992,1599.3 85.424099,27.768985,1599.2 85.42409,27.768978,1599.1 85.424081,27.76897,1599 85.424074,27.768964,1598.9 85.424069,27.768959,1598.8 85.424061,27.768951,1598.7 85.424054,27.768942,1598.6 85.424049,27.768933,1598.5 85.424043,27.768924,1598.4 85.424036,27.768917,1598.3 85.424029,27.76891,1598.2 85.424024,27.768908,1598.1 85.42402,27.768906,1598.1 85.424017,27.768898,1598 85.424014,27.768888,1597.9 85.424009,27.768879,1597.8 85.424005,27.768868,1597.6 85.424003,27.768855,1597.5 85.424001,27.768836,1597.3 85.424,27.768831,1597.2 85.423994,27.768821,1597.1 85.423991,27.768811,1597 85.42399,27.7688,1596.8 85.42399,27.76879,1596.7 85.423991,27.76878,1596.6 85.423991,27.76877,1596.5 85.42399,27.768759,1596.3 85.423988,27.768751,1596.2 85.423983,27.768743,1596.1 85.423979,27.768736,1596 85.423976,27.768728,1595.9 85.423973,27.768726,1595.8 85.42397,27.768724,1595.8 85.423966,27.76873,1595.7 85.423959,27.768721,1595.5 85.423956,27.768715,1595.5 85.423953,27.768706,1595.3 85.423949,27.768698,1595.2 85.423945,27.768689,1595.1 85.42394,27.76868,1594.9 85.423936,27.768672,1594.8 85.423935,27.768664,1594.7 85.423933,27.76866,1594.6 85.423928,27.768657,1594.5 85.42392,27.768652,1594.4 85.42391,27.768648,1594.2 85.4239,27.768648,1594.1 85.42389,27.768649,1594 85.42388,27.768648,1593.8 85.423868,27.768648,1593.7 85.423857,27.768647,1593.5 85.423847,27.768647,1593.4 85.423836,27.768646,1593.2 85.423827,27.768646,1593.1 85.423823,27.768652,1593 85.423812,27.768661,1592.8 85.423809,27.768676,1592.5 85.423802,27.768686,1592.3 85.423792,27.768692,1592.2 85.42378,27.768696,1592 85.423768,27.7687,1591.8 85.42376,27.768703,1591.7 85.42375,27.768704,1591.5 85.42374,27.768703,1591.4 85.423729,27.768704,1591.2 85.423714,27.768715,1590.9 85.423718,27.768725,1590.7 85.423714,27.768736,1590.6 85.423705,27.76874,1590.4 85.423695,27.76874,1590.3 85.423686,27.768736,1590.1 85.423683,27.768729,1590 85.423684,27.768717,1589.8 85.423685,27.768705,1589.6 85.423681,27.768696,1589.4 85.423679,27.768688,1589.2 85.42367,27.768685,1589.1 85.423663,27.768688,1588.9 85.423654,27.768692,1588.8 85.423646,27.768689,1588.6 85.423641,27.768683,1588.5 85.423637,27.768673,1588.3 85.423642,27.76866,1588 85.423638,27.768651,1587.8 85.423633,27.768646,1587.7 85.423627,27.76864,1587.5 85.423625,27.768631,1587.4 85.423621,27.768625,1587.2 85.423616,27.76862,1587.1 85.423611,27.768612,1586.9 85.423607,27.768605,1586.7 85.423602,27.768593,1586.5 85.423599,27.768587,1586.3 85.42359,27.768588,1586.1 85.423582,27.768597,1585.9 85.423579,27.768609,1585.6 85.423581,27.768621,1585.4 85.423585,27.768621,1585.3 85.423592,27.768615,1585.1 85.423601,27.768611,1584.9 85.423605,27.768607,1584.8 85.423609,27.768605,1584.7 85.423612,27.768601,1584.6 85.423612,27.768593,1584.4 85.423615,27.768589,1584.3 85.423617,27.768591,1584.2 85.423621,27.768589,1584.1 85.423625,27.768587,1584 85.423631,27.768581,1583.8 85.423636,27.768575,1583.6 85.42364,27.768566,1583.4 85.423653,27.768552,1583 85.423672,27.768544,1582.5 85.423679,27.768549,1582.3 85.423681,27.768551,1582.3 85.423683,27.768557,1582.1 85.423691,27.768552,1581.9 85.423698,27.768544,1581.7 85.423703,27.768532,1581.4 85.423701,27.768526,1581.2 85.423693,27.768522,1581 85.423693,27.76852,1581 85.423694,27.768518,1580.9 85.423693,27.768516,1580.9 85.423693,27.768514,1580.8 85.423693,27.768514,1580.8 85.423695,27.768511,1580.7 85.423697,27.768508,1580.6 85.4237,27.768506,1580.5 85.423704,27.768504,1580.4 85.423708,27.768501,1580.3 85.423714,27.768499,1580.2 85.423718,27.768498,1580.1 85.423733,27.768491,1579.7 85.423749,27.768485,1579.3 85.423764,27.768473,1578.9 85.42377,27.768466,1578.7 85.423782,27.768461,1578.4 85.423794,27.768457,1578.1 85.423807,27.768445,1577.7 85.423814,27.76843,1577.3 85.423802,27.768429,1577 85.423792,27.768432,1576.8 85.423789,27.768432,1576.7 85.42379,27.76843,1576.6 85.42379,27.768428,1576.6 85.423788,27.768424,1576.5 85.423786,27.768419,1576.3 85.423781,27.76841,1576.1 85.423774,27.768396,1575.7 85.423768,27.768384,1575.3 85.423759,27.768373,1575 85.42375,27.768366,1574.7 85.423739,27.768361,1574.4 85.423728,27.768357,1574.2 85.423715,27.768355,1573.9 85.423701,27.768356,1573.6 85.423691,27.768359,1573.3 85.423681,27.768365,1573 85.423672,27.768374,1572.7 85.423661,27.768381,1572.4 85.423647,27.768392,1572 85.423641,27.768395,1571.8 85.423637,27.7684,1571.7 85.423632,27.768406,1571.5 85.423626,27.768411,1571.3 85.423618,27.768415,1571.1 85.423612,27.768416,1571 85.423607,27.768417,1570.9 85.423601,27.768416,1570.7 85.423596,27.768414,1570.6 85.423583,27.768414,1570.3 85.423582,27.768412,1570.3 85.423582,27.76841,1570.2 85.423578,27.768407,1570.1 85.423572,27.768403,1569.9 85.423566,27.768395,1569.7 85.423558,27.768392,1569.5 85.423558,27.768381,1569.3 85.423558,27.768369,1569 85.423567,27.768358,1568.7 85.423579,27.768354,1568.4 85.423593,27.768358,1568.1 85.423596,27.768362,1568 85.423595,27.768363,1568 85.423603,27.768363,1567.8 85.423606,27.768363,1567.8 85.42361,27.768364,1567.7 85.423613,27.768364,1567.6 85.423617,27.768364,1567.6 85.423624,27.768364,1567.4 85.423632,27.768363,1567.3 85.423642,27.768361,1567.1 85.423648,27.768359,1566.9 85.423651,27.768358,1566.9 85.423663,27.768355,1566.7 85.423671,27.768353,1566.5 85.423674,27.768353,1566.4 85.423683,27.768351,1566.3 85.423691,27.768349,1566.1 85.423705,27.768343,1565.8 85.423719,27.768337,1565.6 85.423738,27.768329,1565.2 85.423751,27.768322,1564.9 85.423764,27.768312,1564.7 85.423774,27.768308,1564.5 85.423785,27.768308,1564.3 85.423799,27.768303,1564 85.423806,27.7683,1563.9 85.423816,27.768295,1563.7 85.423826,27.768293,1563.6 85.423838,27.768292,1563.4 85.423851,27.768295,1563.1 85.42386,27.768297,1563 85.423868,27.768295,1562.8 85.423875,27.768288,1562.7 85.423884,27.768284,1562.5 85.423894,27.768285,1562.3 85.423904,27.768283,1562.2 85.423914,27.768281,1562 85.423925,27.768279,1561.8 85.423935,27.768275,1561.6 85.423946,27.76827,1561.4 85.423951,27.768268,1561.3 85.423957,27.768263,1561.2 85.423961,27.768259,1561.1 85.423965,27.768254,1560.9 85.423969,27.768252,1560.9 85.423972,27.76825,1560.8 85.423976,27.768248,1560.7 85.423978,27.768248,1560.7 85.423982,27.768246,1560.6 85.423988,27.768244,1560.5 85.423995,27.76824,1560.3 85.424001,27.768235,1560.2 85.424012,27.768229,1559.9 85.424019,27.768223,1559.7 85.424024,27.768221,1559.6 85.42403,27.768217,1559.4 85.424031,27.768213,1559.3 85.424035,27.768209,1559.2 85.424039,27.768207,1559.1 85.424045,27.768207,1559 85.424051,27.768209,1558.9 85.42406,27.768211,1558.7 85.424068,27.768212,1558.5 85.424076,27.76821,1558.3 85.424084,27.768211,1558.2 85.424091,27.768213,1558 85.424099,27.768212,1557.8 85.424105,27.76821,1557.7 85.424113,27.768208,1557.5 85.424122,27.768207,1557.3 85.424134,27.768207,1557.1 85.42414,27.768204,1556.9 85.424146,27.768197,1556.7 85.424137,27.768184,1556.3 85.424123,27.768176,1555.9 85.424105,27.768171,1555.5 85.424086,27.76817,1555.1 85.424071,27.768167,1554.7 85.424043,27.768173,1554.1 85.42403,27.768176,1553.8 85.424013,27.768181,1553.4 85.423995,27.768189,1552.9 85.423979,27.768199,1552.4 85.423962,27.768215,1551.8 85.423949,27.768221,1551.5 85.423935,27.768226,1551.1 85.423923,27.768231,1550.8 85.423912,27.768234,1550.6 85.423898,27.768235,1550.2 85.423894,27.768231,1550.1 85.423896,27.768224,1549.9 85.423903,27.768222,1549.7 85.423905,27.768224,1549.6 85.42391,27.768226,1549.5 85.42391,27.768227,1549.5 85.423912,27.768226,1549.4 85.423911,27.768225,1549.4 85.423909,27.768227,1549.3 85.4239,27.768228,1549.1 85.423891,27.768227,1548.9 85.423874,27.768228,1548.5 85.423862,27.768231,1548.1 85.423854,27.768234,1547.9 85.423843,27.768235,1547.7 85.423837,27.768235,1547.5 85.423828,27.768236,1547.3 85.423818,27.76824,1547 85.423809,27.768242,1546.8 85.423804,27.768237,1546.6 85.423796,27.768231,1546.4 85.423791,27.768227,1546.2 85.423788,27.768219,1546 85.423778,27.768211,1545.7 85.423776,27.768204,1545.5 85.423767,27.768195,1545.1 85.423759,27.768188,1544.9 85.42375,27.768183,1544.6 85.423738,27.768183,1544.3 85.423728,27.768181,1544.1 85.423723,27.768167,1543.7 85.423719,27.768152,1543.2 85.423724,27.768138,1542.8 85.423721,27.768125,1542.5 85.423719,27.768115,1542.2 85.423718,27.768104,1541.9 85.423722,27.768096,1541.7 85.423729,27.768089,1541.4 85.423729,27.768082,1541.2 85.423729,27.768076,1541 85.423731,27.768067,1540.8 85.423735,27.768065,1540.7 85.423741,27.76806,1540.5 85.423745,27.768053,1540.3 85.423749,27.768042,1539.9 85.423755,27.768035,1539.7 85.423759,27.768028,1539.5 85.42376,27.768017,1539.2 85.423762,27.768006,1538.9 85.423759,27.767994,1538.6 85.423748,27.76798,1538.2 85.423742,27.767973,1537.9 85.423736,27.767965,1537.7 85.423729,27.767953,1537.3 85.423718,27.767944,1537 85.423708,27.767936,1536.7 85.423697,27.76793,1536.4 85.423686,27.767928,1536.1 85.423681,27.767926,1536 85.423681,27.767925,1536 85.423679,27.767919,1535.8 85.423672,27.767909,1535.6 85.423666,27.767901,1535.3 85.423658,27.767893,1535.1 85.423651,27.767888,1534.9 85.423648,27.76788,1534.7 85.423649,27.767869,1534.4 85.423649,27.767863,1534.3 85.42365,27.767854,1534 85.423652,27.767844,1533.8 85.423656,27.767836,1533.6 85.42366,27.767827,1533.4 85.423661,27.767819,1533.2 85.423669,27.767814,1533 85.423681,27.76781,1532.7 85.423693,27.767812,1532.5 85.423701,27.767813,1532.3 85.423702,27.767813,1532.3 85.423704,27.767808,1532.2 85.423706,27.767803,1532.1 85.423705,27.767799,1532 85.423702,27.767792,1531.8 85.423702,27.767791,1531.8 85.423704,27.767795,1531.7 85.423706,27.767792,1531.6 85.423711,27.767788,1531.5 85.423717,27.767783,1531.4 85.423727,27.767774,1531.1 85.423736,27.767765,1530.9 85.423744,27.767757,1530.6 85.423753,27.76775,1530.4 85.423761,27.767744,1530.2 85.423768,27.767736,1530 85.42377,27.767728,1529.9 85.423768,27.76772,1529.7 85.423771,27.767712,1529.5 85.423776,27.767711,1529.4 85.423783,27.767708,1529.3 85.423787,27.767706,1529.2 85.423792,27.767703,1529.1 85.423798,27.767697,1528.9 85.423802,27.76769,1528.8 85.423804,27.767678,1528.5 85.423799,27.767668,1528.3 85.423789,27.767658,1528 85.423782,27.767647,1527.8 85.423766,27.767638,1527.4 85.423752,27.767626,1527.1 85.423743,27.767619,1526.9 85.423732,27.767614,1526.6 85.423725,27.767608,1526.4 85.423717,27.767604,1526.3 85.423702,27.767602,1526 85.423692,27.767599,1525.8 85.423682,27.767592,1525.6 85.423675,27.767584,1525.3 85.423669,27.767576,1525.1 85.423665,27.767567,1524.9 85.423663,27.767561,1524.8 85.423659,27.767555,1524.7 85.423654,27.767546,1524.5 85.423646,27.767539,1524.2 85.423626,27.76753,1523.8 85.423614,27.767531,1523.6 85.423609,27.767526,1523.5 85.423631,27.767525,1523.1 85.423657,27.767536,1522.6 85.423681,27.767552,1522 85.423691,27.767553,1521.8 85.423702,27.76755,1521.7 85.423709,27.767545,1521.5 85.423715,27.767542,1521.4 85.423722,27.767538,1521.2 85.423729,27.767539,1521.1 85.423736,27.767545,1521 85.423744,27.767553,1520.8 85.423751,27.767563,1520.5 85.42376,27.767571,1520.3 85.423774,27.767575,1520.1 85.423777,27.767572,1520 85.423781,27.76757,1519.9 85.423788,27.767572,1519.8 85.423791,27.767572,1519.8 85.423788,27.767571,1519.7 85.423789,27.767568,1519.7 85.423791,27.767564,1519.6 85.423795,27.76756,1519.5 85.423791,27.767553,1519.4 85.423783,27.767551,1519.3 85.42378,27.76755,1519.2 85.423775,27.767547,1519.1 85.423771,27.767541,1519 85.423768,27.767539,1518.9 85.423764,27.767532,1518.8 85.423762,27.76753,1518.8 85.423761,27.767533,1518.7 85.423759,27.767532,1518.7 85.423757,27.76753,1518.6 85.423757,27.767527,1518.6 85.423754,27.767526,1518.5 85.423751,27.767522,1518.5 85.423749,27.767516,1518.4 85.423748,27.767508,1518.2 85.42374,27.767499,1518.1 85.423734,27.767486,1517.8 85.423732,27.767475,1517.7 85.42373,27.767463,1517.5 85.423725,27.767452,1517.3 85.423716,27.767446,1517.1 85.423706,27.767439,1516.9 85.423701,27.767437,1516.9 85.423698,27.767438,1516.8 85.423697,27.767443,1516.7 85.423695,27.767447,1516.7 85.423693,27.767448,1516.6 85.423692,27.767448,1516.6 85.423689,27.767445,1516.5 85.423683,27.76744,1516.4 85.423676,27.767434,1516.3 85.423671,27.767426,1516.2 85.423668,27.767414,1516 85.423667,27.767403,1515.8 85.423666,27.767391,1515.6 85.423663,27.76738,1515.4 85.423659,27.767373,1515.3 85.423652,27.767364,1515.1 85.423645,27.767357,1514.9 85.423645,27.767346,1514.7 85.423646,27.767339,1514.6 85.423639,27.767334,1514.4 85.423632,27.767336,1514.3 85.423633,27.767338,1514.3 85.423638,27.767339,1514.2 85.42364,27.767338,1514.2 85.42364,27.767335,1514.1 85.423637,27.76733,1514 85.423636,27.767323,1513.9 85.423634,27.767315,1513.7 85.423634,27.767308,1513.6 85.423628,27.7673,1513.4 85.423621,27.767298,1513.3 85.423612,27.767294,1513.1 85.423609,27.767287,1512.9 85.423611,27.767279,1512.8 85.423612,27.767271,1512.6 85.423609,27.767264,1512.4 85.423604,27.767258,1512.3 85.423602,27.767253,1512.2 85.423603,27.767247,1512.1 85.423603,27.76724,1511.9 85.423601,27.767241,1511.9 85.423602,27.767238,1511.8 85.423603,27.767231,1511.7 85.423605,27.767227,1511.6 85.423604,27.767223,1511.5 85.423606,27.767217,1511.3 85.423608,27.767211,1511.2 85.423607,27.767207,1511.1 85.423609,27.767211,1511 85.42361,27.767204,1510.8 85.423614,27.767198,1510.7 85.423617,27.767191,1510.5 85.423623,27.767184,1510.3 85.423623,27.767177,1510.2 85.423621,27.767176,1510.1 85.423621,27.767177,1510.1 85.423621,27.767175,1510 85.423621,27.767173,1510 85.42362,27.767173,1510 85.423619,27.767173,1510 85.423623,27.767171,1509.9 85.423623,27.767172,1509.8 85.423621,27.76717,1509.8 85.423617,27.767169,1509.7 85.423617,27.767168,1509.7 85.423618,27.767164,1509.6 85.423618,27.767159,1509.5 85.423618,27.767152,1509.3 85.423618,27.76714,1509 85.423617,27.767124,1508.7 85.423618,27.76711,1508.4 85.423618,27.767106,1508.3 85.42362,27.767096,1508 85.423624,27.767087,1507.8 85.423627,27.767077,1507.6 85.423626,27.767068,1507.4 85.423627,27.767059,1507.2 85.423627,27.76705,1507 85.423623,27.767049,1506.9 85.423628,27.767046,1506.8 85.423631,27.76705,1506.7 85.423633,27.767046,1506.6 85.423632,27.767044,1506.6 85.42363,27.76704,1506.5 85.423627,27.76704,1506.4 85.423627,27.767039,1506.4 85.423627,27.767036,1506.3 85.42363,27.767032,1506.2 85.423635,27.767023,1506 85.423638,27.767014,1505.8 85.423641,27.767006,1505.6 85.423648,27.766994,1505.4 85.423655,27.766985,1505.2 85.423661,27.766975,1504.9 85.423667,27.766965,1504.7 85.423669,27.766955,1504.5 85.423666,27.766945,1504.3 85.423667,27.766939,1504.2 85.423673,27.766932,1504.1 85.423681,27.766927,1503.9 85.423687,27.76692,1503.8 85.423693,27.766907,1503.5 85.423692,27.766903,1503.5 85.423692,27.766894,1503.3 85.423696,27.766886,1503.2 85.423702,27.766879,1503 85.423708,27.766872,1502.9 85.423711,27.766862,1502.7 85.423717,27.766851,1502.5 85.423718,27.766842,1502.4 85.42372,27.766832,1502.2 85.423722,27.766822,1502.1 85.423722,27.766813,1502 85.423722,27.766804,1501.8 85.423719,27.766793,1501.7 85.423716,27.766784,1501.5 85.423714,27.766775,1501.4 85.423714,27.766765,1501.2 85.423709,27.766758,1501.1 85.423709,27.76675,1501 85.423711,27.766743,1500.9 85.423712,27.766734,1500.8 85.423713,27.766723,1500.6 85.423719,27.766716,1500.5 85.423715,27.766707,1500.3 85.423701,27.766706,1500.1 85.423692,27.766701,1500 85.423687,27.766695,1499.9 85.423683,27.766689,1499.8 85.423679,27.766681,1499.7 85.423678,27.766671,1499.5 85.423679,27.766662,1499.4 85.423678,27.766651,1499.2 85.423682,27.766642,1499 85.423691,27.766631,1498.8 85.423693,27.766629,1498.8 85.42369,27.766637,1498.7 85.423693,27.766641,1498.6 85.4237,27.766637,1498.5 85.423705,27.766627,1498.3 85.423713,27.766613,1498 85.423719,27.766597,1497.7 85.423727,27.766579,1497.4 85.423731,27.766569,1497.2 85.423732,27.766561,1497.1 85.423725,27.76656,1497 85.423716,27.766562,1496.9 85.423711,27.766563,1496.8 85.423714,27.76656,1496.7 85.423722,27.766556,1496.6 85.423732,27.766548,1496.4 85.423744,27.766536,1496.1 85.423753,27.766523,1495.8 85.423752,27.766519,1495.8 85.423748,27.766518,1495.7 85.423746,27.766513,1495.6 85.423755,27.76651,1495.5 85.423761,27.766515,1495.4 85.423758,27.766517,1495.3 85.423763,27.766521,1495.2 85.423769,27.766518,1495.1 85.423773,27.766516,1495 85.423782,27.766508,1494.8 85.42379,27.766498,1494.6 85.42379,27.766492,1494.5 85.423788,27.766488,1494.4 85.423791,27.766484,1494.4 85.423795,27.766479,1494.3 85.4238,27.766474,1494.1 85.423808,27.766464,1493.9 85.423818,27.766456,1493.7 85.423826,27.766446,1493.5 85.423833,27.766435,1493.3 85.423839,27.766426,1493.1 85.423843,27.76642,1493 85.423844,27.766413,1492.8 85.423847,27.766405,1492.7 85.423839,27.766402,1492.6 85.423841,27.766392,1492.4 85.423823,27.766391,1492.1 85.423805,27.766385,1491.8 85.423788,27.76638,1491.5 85.423777,27.766373,1491.3 85.423771,27.766357,1491 85.423771,27.766347,1490.8 85.42377,27.766339,1490.6 85.423759,27.766333,1490.4 85.423742,27.766333,1490.1 85.423736,27.766334,1490 85.423737,27.766331,1489.9 85.423739,27.766329,1489.9 85.423738,27.76633,1489.9 85.423741,27.76633,1489.8 85.423743,27.766324,1489.7 85.42374,27.766313,1489.5 85.423747,27.766309,1489.3 85.423752,27.766303,1489.2 85.423753,27.766286,1488.9 85.423757,27.766279,1488.7 85.423764,27.766271,1488.5 85.423769,27.766262,1488.3 85.423773,27.766255,1488.2 85.42378,27.766245,1488 85.423784,27.76624,1487.9 85.423788,27.766234,1487.7 85.42379,27.766226,1487.6 85.423791,27.766221,1487.5 85.423792,27.766213,1487.3 85.423793,27.766207,1487.2 85.423795,27.766199,1487.1 85.423793,27.76619,1486.9 85.42379,27.766182,1486.8 85.423788,27.766173,1486.6 85.423785,27.766164,1486.4 85.423787,27.766155,1486.3 85.423789,27.766146,1486.1 85.423787,27.766138,1486 85.423782,27.766132,1485.9 85.423779,27.766122,1485.7 85.423779,27.766116,1485.6 85.423772,27.766112,1485.5 85.423771,27.766106,1485.4 85.423762,27.766103,1485.3 85.423756,27.766097,1485.2 85.423752,27.766091,1485.1 85.42375,27.766083,1485 85.423748,27.766074,1484.8 85.423743,27.766066,1484.7 85.423736,27.766064,1484.6 85.423738,27.766062,1484.6 85.423739,27.766056,1484.5 85.42374,27.766051,1484.4 85.42374,27.766045,1484.3 85.42374,27.766046,1484.3 85.42374,27.766046,1484.3 85.423742,27.766046,1484.3 85.423745,27.766038,1484.2 85.423751,27.766038,1484.1 85.423758,27.766033,1484.1 85.423765,27.766025,1483.9 85.423771,27.766026,1483.9 85.423776,27.766021,1483.8 85.423776,27.766029,1483.7 85.423779,27.766037,1483.6 85.423783,27.766038,1483.6 85.42379,27.766037,1483.5 85.423798,27.766033,1483.4 85.423807,27.766032,1483.4 85.423818,27.766026,1483.2 85.423819,27.766022,1483.2 85.423821,27.766018,1483.2 85.423827,27.766016,1483.1 85.423834,27.766011,1483.1 85.423841,27.766004,1483 85.423846,27.766001,1482.9 85.423853,27.765994,1482.9 85.423862,27.765985,1482.8 85.423871,27.765982,1482.7 85.423879,27.765986,1482.7 85.423891,27.765983,1482.6 85.423886,27.76597,1482.5 85.423886,27.765958,1482.5 85.423884,27.765947,1482.4 85.423884,27.765938,1482.3 85.423877,27.765924,1482.3 85.423873,27.765918,1482.2 85.423877,27.765914,1482.2 85.423883,27.765914,1482.2 85.423888,27.765909,1482.2 85.42389,27.765894,1482.1 85.423893,27.765886,1482.1 85.423897,27.765874,1482 85.423897,27.765861,1481.9 85.423896,27.765851,1481.8 85.423891,27.765835,1481.7 85.423889,27.765828,1481.7 85.423887,27.765818,1481.6 85.423882,27.765808,1481.5 85.423877,27.765798,1481.4 85.42387,27.765788,1481.3 85.423867,27.765778,1481.3 85.423865,27.765768,1481.2 85.423863,27.76576,1481.1 85.42386,27.76575,1481 85.423857,27.765744,1481 85.423851,27.765738,1480.9 85.423851,27.765733,1480.9 85.423846,27.765725,1480.8 85.423843,27.765718,1480.7 85.423846,27.765709,1480.6 85.423832,27.765705,1480.5 85.423821,27.765698,1480.4 85.423816,27.76569,1480.3 85.423815,27.765689,1480.3 85.42382,27.765693,1480.2 85.42382,27.765694,1480.2 85.423816,27.76569,1480.2 85.423815,27.765687,1480.1 85.423815,27.765681,1480.1 85.423816,27.765671,1480 85.423814,27.765656,1479.8 85.423813,27.765642,1479.7 85.423812,27.765633,1479.6 85.42381,27.765625,1479.5 85.423809,27.765619,1479.4 85.423804,27.765611,1479.4 85.423801,27.765603,1479.3 85.423797,27.765595,1479.2 85.42379,27.765593,1479.1 85.423779,27.765597,1479 85.423771,27.7656,1478.9 85.423767,27.765597,1478.9 85.423761,27.765595,1478.8 85.423755,27.765585,1478.7 85.423752,27.765584,1478.7 85.423746,27.76558,1478.6 85.423745,27.765576,1478.5 85.423747,27.765567,1478.4 85.423751,27.765558,1478.3 85.42375,27.765552,1478.3 85.423751,27.765545,1478.2 85.423757,27.765541,1478.1 85.423762,27.765535,1478 85.423766,27.765527,1477.9 85.423768,27.765519,1477.8 85.423769,27.765511,1477.8 85.423772,27.765503,1477.7 85.423779,27.765497,1477.6 85.423783,27.765489,1477.5 85.42379,27.76548,1477.3 85.423794,27.765477,1477.3 85.423797,27.765469,1477.2 85.4238,27.765464,1477.1 85.423799,27.765457,1477 85.423796,27.76545,1476.9 85.423796,27.765442,1476.8 85.423801,27.765435,1476.7 85.423806,27.765425,1476.5 85.423805,27.765417,1476.4 85.423808,27.765408,1476.3 85.423816,27.765396,1476.1 85.42382,27.765389,1475.9 85.423825,27.765379,1475.8 85.423835,27.765372,1475.6 85.423842,27.765364,1475.4 85.423847,27.765354,1475.2 85.423851,27.765345,1475.1 85.423853,27.765338,1474.9 85.423855,27.765331,1474.8 85.423857,27.765325,1474.7 85.423859,27.765319,1474.6 85.423862,27.765312,1474.5 85.423861,27.765305,1474.3 85.423859,27.765297,1474.2 85.423854,27.765289,1474 85.423851,27.765279,1473.8 85.423847,27.76527,1473.6 85.423848,27.765259,1473.4 85.423848,27.765249,1473.2 85.423849,27.765238,1473 85.423844,27.765231,1472.9 85.423843,27.765221,1472.7 85.423839,27.765212,1472.5 85.423833,27.765202,1472.3 85.423828,27.765195,1472.2 85.423825,27.765187,1472 85.42382,27.765181,1471.9 85.423815,27.765174,1471.7 85.423811,27.765166,1471.6 85.423809,27.765159,1471.5 85.42381,27.765156,1471.4 85.423808,27.765149,1471.3 85.423803,27.765143,1471.2 85.423798,27.765135,1471 85.423794,27.765131,1470.9 85.423789,27.765125,1470.8 85.423785,27.76512,1470.7 85.42378,27.765115,1470.6 85.42378,27.765105,1470.4 85.423782,27.765103,1470.4 85.42378,27.765097,1470.3 85.423778,27.765088,1470.1 85.423775,27.76508,1470 85.423773,27.765072,1469.9 85.423772,27.765065,1469.8 85.42377,27.765056,1469.6 85.423766,27.765047,1469.5 85.423763,27.765039,1469.4 85.423758,27.765024,1469.2 85.423757,27.765023,1469.1 85.423755,27.765015,1469 85.423751,27.765012,1468.9 85.42375,27.765006,1468.9 85.423748,27.764998,1468.7 85.423747,27.764992,1468.6 85.423745,27.764984,1468.5 85.423739,27.764977,1468.4 85.423734,27.76497,1468.3 85.423734,27.76496,1468.1 85.423732,27.764955,1468 85.423729,27.764949,1467.9 85.423727,27.764943,1467.9 85.423725,27.764936,1467.7 85.423718,27.76493,1467.6 85.423708,27.764924,1467.4 85.423703,27.764919,1467.3 85.4237,27.764911,1467.2 85.423695,27.764904,1467.1 85.423689,27.7649,1467 85.423686,27.764888,1466.8 85.423685,27.764884,1466.7 85.423684,27.764877,1466.6 85.423685,27.764869,1466.5 85.423685,27.764859,1466.3 85.423684,27.764847,1466.1 85.423684,27.764844,1466 85.423684,27.764838,1466 85.423685,27.764834,1465.9 85.423685,27.764829,1465.8 85.423682,27.764822,1465.7 85.423679,27.764817,1465.6 85.423678,27.764809,1465.5 85.423679,27.764802,1465.3 85.423677,27.764795,1465.2 85.423666,27.764788,1465 85.423661,27.764785,1464.9 85.42365,27.764781,1464.8 85.423634,27.764777,1464.5 85.423622,27.764772,1464.4 85.423617,27.764764,1464.2 85.423614,27.764753,1464.1 85.423611,27.764747,1464 85.423607,27.76474,1463.8 85.423603,27.764729,1463.7 85.4236,27.764725,1463.6 85.423596,27.764716,1463.4 85.423596,27.764709,1463.3 85.42359,27.764702,1463.2 85.423583,27.764695,1463.1 85.423578,27.764687,1462.9 85.423574,27.764675,1462.8 85.423566,27.764673,1462.6 85.423557,27.764669,1462.5 85.423549,27.764662,1462.4 85.423541,27.764655,1462.2 85.423532,27.764648,1462.1 85.423528,27.764642,1462 85.423524,27.764633,1461.9 85.423521,27.764627,1461.8 85.423516,27.764619,1461.6 85.423509,27.764609,1461.5 85.423504,27.764603,1461.4 85.423497,27.764594,1461.2 85.423491,27.764586,1461.1 85.423485,27.764578,1461 85.423478,27.76457,1460.8 85.423472,27.764565,1460.7 85.423467,27.764559,1460.6 85.423462,27.764553,1460.5 85.423456,27.764548,1460.4 85.423447,27.764536,1460.3 85.423445,27.764534,1460.2 85.423443,27.764532,1460.2 85.42344,27.764525,1460.1 85.423436,27.764517,1460 85.423429,27.764502,1459.8 85.423428,27.764497,1459.7 85.423428,27.764491,1459.6 85.423426,27.764482,1459.5 85.423425,27.764472,1459.4 85.423424,27.764462,1459.3 85.42342,27.764453,1459.2 85.42341,27.764448,1459.1 85.423401,27.764441,1459 85.423403,27.764429,1458.8 85.423411,27.764418,1458.7 85.423416,27.764403,1458.5 85.423414,27.764395,1458.4 85.423411,27.76439,1458.4 85.423408,27.764382,1458.3 85.423402,27.764373,1458.2 85.423396,27.764366,1458.1 85.423386,27.76436,1458 85.42338,27.764354,1457.9 85.423379,27.764344,1457.8 85.423379,27.764336,1457.7 85.423373,27.764328,1457.7 85.423369,27.764319,1457.6 85.423367,27.764308,1457.5 85.423367,27.764299,1457.4 85.423364,27.764289,1457.3 85.423359,27.76428,1457.2 85.42335,27.764269,1457 85.423346,27.764264,1457 85.423342,27.764255,1456.9 85.423341,27.764246,1456.8 85.423338,27.764236,1456.7 85.423332,27.764228,1456.6 85.423325,27.764218,1456.5 85.423323,27.76421,1456.4 85.42332,27.764202,1456.4 85.423313,27.764189,1456.2 85.423312,27.764179,1456.2 85.423309,27.764168,1456.1 85.423308,27.764156,1456 85.423306,27.764145,1455.9 85.423303,27.764134,1455.8 85.423301,27.764123,1455.7 85.423299,27.764112,1455.6 85.423292,27.764101,1455.5 85.423291,27.764092,1455.4 85.423286,27.764083,1455.3 85.423281,27.764072,1455.3 85.423274,27.764062,1455.2 85.423259,27.764055,1455.1 85.42325,27.76405,1455 85.423247,27.764041,1454.9 85.423243,27.764032,1454.9 85.423237,27.764023,1454.8 85.42323,27.764014,1454.7 85.423218,27.764004,1454.6 85.423214,27.763999,1454.6 85.423211,27.76399,1454.5 85.423209,27.763979,1454.4 85.423206,27.763966,1454.4 85.4232,27.763957,1454.3 85.423193,27.763945,1454.2 85.423188,27.763936,1454.1 85.423183,27.763926,1454.1 85.423177,27.763918,1454 85.423172,27.763908,1453.9 85.423166,27.763901,1453.9 85.423162,27.763891,1453.8 85.42315,27.763898,1453.7 85.423145,27.763888,1453.6 85.42314,27.763876,1453.5 85.423137,27.763865,1453.4 85.423134,27.763853,1453.4 85.423118,27.763831,1453.1 85.423114,27.763823,1453.1 85.423111,27.763813,1453 85.423106,27.763804,1452.9 85.423102,27.763794,1452.8 85.423099,27.763784,1452.7 85.423083,27.763765,1452.5 85.423078,27.763757,1452.4 85.423072,27.763749,1452.3 85.423068,27.763741,1452.2 85.423064,27.763731,1452.1 85.423059,27.763722,1452 85.423055,27.763711,1451.8 85.423048,27.763699,1451.7 85.423047,27.763693,1451.6 85.423048,27.763683,1451.5 85.423048,27.763673,1451.4 85.423044,27.763664,1451.3 85.423038,27.763655,1451.2 85.423036,27.763646,1451.1 85.423034,27.763636,1450.9 85.423019,27.763622,1450.7 85.423016,27.763614,1450.6 85.423017,27.763605,1450.5 85.423018,27.763596,1450.4 85.423017,27.763586,1450.3 85.423017,27.763576,1450.1 85.423015,27.763566,1450 85.422999,27.763555,1449.8 85.422994,27.763547,1449.7 85.422993,27.763536,1449.6 85.422991,27.763526,1449.4 85.422989,27.763516,1449.3 85.422988,27.763505,1449.2 85.422988,27.763495,1449 85.422973,27.76349,1448.9 85.422969,27.763486,1448.8 85.422967,27.763479,1448.7 85.422966,27.763472,1448.6 85.422965,27.763463,1448.5 85.422963,27.763455,1448.3 85.42296,27.763447,1448.2 85.422957,27.763439,1448.1 85.42295,27.763428,1447.9 85.422949,27.76342,1447.8 85.422947,27.763409,1447.7 85.422947,27.7634,1447.6 85.422945,27.763389,1447.4 85.422943,27.763379,1447.3 85.42294,27.763368,1447.1 85.422918,27.763365,1446.9 85.422904,27.763369,1446.7 85.422891,27.763369,1446.5 85.422885,27.763361,1446.4 85.42288,27.763354,1446.3 85.422872,27.76335,1446.2 85.422868,27.763346,1446.1 85.422862,27.763339,1446 85.422857,27.763334,1445.9 85.422856,27.763331,1445.8 85.422852,27.763327,1445.8 85.422847,27.763318,1445.6 85.422843,27.763312,1445.5 85.422837,27.763308,1445.4 85.422831,27.7633,1445.3 85.42283,27.763293,1445.2 85.422831,27.763289,1445.2 85.422832,27.763284,1445.1 85.422835,27.763276,1445 85.422838,27.76327,1444.9 85.422837,27.763264,1444.8 85.422833,27.763258,1444.7 85.422831,27.763253,1444.6 85.422844,27.763255,1444.4 85.422848,27.763252,1444.4 85.422845,27.763246,1444.3 85.42284,27.763239,1444.2 85.422836,27.763233,1444.1 85.42283,27.763225,1443.9 85.422826,27.763216,1443.8 85.422826,27.763212,1443.7 85.422826,27.763206,1443.6 85.422824,27.763195,1443.5 85.422817,27.763185,1443.3 85.422804,27.763179,1443.1 85.422794,27.763173,1442.9 85.422791,27.763165,1442.8 85.422787,27.763157,1442.7 85.422774,27.763157,1442.5 85.422764,27.763153,1442.3 85.422751,27.763155,1442.2 85.422739,27.76316,1442 85.422729,27.763164,1441.8 85.42272,27.763175,1441.6 85.422714,27.763188,1441.4 85.422713,27.7632,1441.2 85.422728,27.76322,1440.8 85.42273,27.763217,1440.7 85.422731,27.763213,1440.6 85.42273,27.763216,1440.6 85.422728,27.763221,1440.5 85.422725,27.763226,1440.4 85.42272,27.76323,1440.3 85.422717,27.763233,1440.2 85.42272,27.763229,1440.1 85.422725,27.763223,1440 85.422727,27.76322,1439.9 85.422728,27.763219,1439.9 85.422726,27.763216,1439.8 85.422725,27.763214,1439.8 85.422724,27.763211,1439.8 85.422723,27.763208,1439.7 85.422722,27.763205,1439.6 85.422722,27.763201,1439.6 85.422725,27.763201,1439.5 85.422728,27.763199,1439.5 85.422729,27.763197,1439.4 85.422731,27.763193,1439.4 85.422733,27.763189,1439.3 85.422735,27.763185,1439.2 85.422734,27.763177,1439.1 85.422732,27.763164,1438.8 85.422727,27.763139,1438.3 85.422723,27.763124,1438 85.422718,27.763111,1437.8 85.422714,27.763098,1437.5 85.422713,27.763086,1437.3 85.42271,27.763077,1437.1 85.422717,27.763084,1436.9 85.422716,27.763085,1436.9 85.42273,27.763101,1436.5 85.42273,27.763101,1436.5 85.42273,27.763101,1436.5 85.42273,27.763101,1436.5 85.42272,27.763093,1436.3 85.422717,27.76309,1436.2 85.422713,27.763087,1436.1 85.422709,27.763084,1436 85.422709,27.763084,1436 85.422709,27.763084,1436 85.4227,27.763076,1435.8 85.4227,27.763076,1435.8 85.4227,27.763076,1435.8 85.4227,27.763076,1435.8 85.422689,27.763067,1435.5 85.422689,27.763067,1435.5 85.422689,27.763067,1435.5 85.422689,27.763067,1435.5 85.42268,27.76306,1435.3 85.42268,27.76306,1435.3 85.42268,27.76306,1435.3 85.422671,27.763053,1435.1 85.422671,27.763053,1435.1 85.422671,27.763053,1435.1 85.422671,27.763053,1435.1 85.422671,27.763053,1435.1 85.422662,27.763046,1434.9 85.422662,27.763046,1434.9 85.422662,27.763046,1434.9 85.422662,27.763046,1434.9 85.422653,27.763038,1434.6 85.422653,27.763038,1434.6 85.422653,27.763038,1434.6 85.422653,27.763038,1434.6 85.422644,27.763031,1434.4 85.422644,27.763031,1434.4 85.422644,27.763031,1434.4 85.422644,27.763031,1434.4 85.422644,27.763031,1434.4 85.422644,27.763031,1434.4 85.422635,27.763024,1434.2 85.422635,27.763024,1434.2 85.422635,27.763024,1434.2 85.422625,27.763015,1434 85.422625,27.763015,1434 85.422625,27.763015,1434 85.422625,27.763015,1434 85.422625,27.763015,1434 85.422625,27.763015,1434 85.422625,27.763015,1434 85.422625,27.763015,1434 85.422625,27.763015,1434 85.422616,27.763008,1433.7 85.422616,27.763008,1433.7 85.422616,27.763008,1433.7 85.422616,27.763008,1433.7 85.422616,27.763008,1433.7 85.422607,27.763,1433.5 85.422607,27.763,1433.5 85.422607,27.763,1433.5 85.422597,27.762992,1433.3 85.422596,27.762991,1433.2 85.422595,27.76299,1433.2 85.422594,27.76299,1433.2 85.422593,27.762989,1433.1 85.422592,27.762988,1433.1 85.422592,27.762988,1433.1 85.422591,27.762987,1433.1 85.42259,27.762986,1433.1 85.422589,27.762986,1433 85.422588,27.762985,1433 85.422588,27.762984,1433 85.422587,27.762984,1433 85.422586,27.762983,1432.9 85.422585,27.762982,1432.9 85.422584,27.762982,1432.9 85.422583,27.762981,1432.9 85.422583,27.76298,1432.9 85.422582,27.76298,1432.8 85.422581,27.762979,1432.8 85.422579,27.762968,1432.6 85.422571,27.762969,1432.4 85.422567,27.762973,1432.3 85.422566,27.762977,1432.2 85.422563,27.76298,1432.1 85.422559,27.762975,1432 85.422557,27.762979,1431.9 85.422552,27.762973,1431.8 85.422545,27.76297,1431.6 85.422543,27.762966,1431.5 85.422544,27.76295,1431.2 85.422548,27.762936,1430.8 85.42255,27.76293,1430.7 85.422549,27.762929,1430.7 85.422544,27.762921,1430.5 85.422541,27.762914,1430.3 85.422541,27.762916,1430.3 85.422542,27.762922,1430.1 85.422539,27.762932,1429.9 85.422537,27.76294,1429.7 85.422535,27.762954,1429.4 85.422535,27.762969,1429.1 85.422536,27.762981,1428.8 85.422541,27.76299,1428.5 85.422548,27.762985,1428.4 85.422548,27.762987,1428.3 85.422542,27.76299,1428.2 85.422533,27.762994,1428 85.422528,27.762998,1427.8 85.422521,27.763003,1427.6 85.422511,27.762997,1427.4 85.422499,27.762994,1427.1 85.422494,27.762995,1427 85.422487,27.762998,1426.9 85.422479,27.763003,1426.6 85.422475,27.76301,1426.5 85.422472,27.763015,1426.3 85.422464,27.76302,1426.1 85.422454,27.763025,1425.9 85.422443,27.763033,1425.6 85.422437,27.763039,1425.4 85.422431,27.763045,1425.2 85.422425,27.76305,1425 85.422422,27.763057,1424.8 85.422419,27.763062,1424.7 85.422413,27.763063,1424.6 85.422402,27.763063,1424.3 85.422392,27.763067,1424.1 85.422394,27.763074,1423.9 85.422406,27.763077,1423.7 85.422414,27.763074,1423.5 85.422403,27.763067,1423.2 85.422388,27.763061,1422.8 85.422353,27.763049,1422 85.422353,27.763049,1422 85.422353,27.763049,1422 85.422353,27.763049,1422 85.422327,27.763007,1420.9 85.422327,27.763007,1420.9 85.422327,27.763007,1420.9 85.422327,27.763007,1420.9 85.422327,27.763007,1420.9 85.422327,27.763007,1420.9 85.422299,27.762962,1419.7 85.422299,27.762962,1419.7 85.42231,27.762779,1415.5 85.422316,27.762685,1413.8 85.422315,27.762635,1413.2 85.422313,27.762614,1412.9 85.422304,27.762603,1412.8 85.42229,27.762599,1412.7 85.42229,27.762594,1412.7 85.422292,27.762583,1412.6 85.42229,27.762568,1412.5 85.422287,27.762553,1412.4 85.422282,27.762535,1412.3 85.422278,27.762514,1412.2 85.422237,27.762469,1412 85.422237,27.762469,1412 85.422237,27.762469,1412 85.422237,27.762469,1412 85.422228,27.762443,1411.9 85.422223,27.76243,1411.8 85.422218,27.762416,1411.8 85.422213,27.762403,1411.8 85.422208,27.762389,1411.7 85.422206,27.762384,1411.7 85.422202,27.76238,1411.7 85.422197,27.762376,1411.7 85.42219,27.762372,1411.7 85.422185,27.762367,1411.6 85.42218,27.762362,1411.6 85.422168,27.762337,1411.5 85.422164,27.762334,1411.5 85.422164,27.762326,1411.5 85.422163,27.76232,1411.5 85.422163,27.762311,1411.4 85.422163,27.762302,1411.4 85.422163,27.762293,1411.4 85.422165,27.762282,1411.3 85.42216,27.76227,1411.3 85.42216,27.76226,1411.2 85.422162,27.762249,1411.2 85.422161,27.762238,1411.1 85.422161,27.762226,1411.1 85.42216,27.762215,1411 85.422159,27.762203,1411 85.422159,27.762191,1410.9 85.422131,27.762173,1410.7 85.422127,27.762162,1410.6 85.422122,27.762152,1410.5 85.422119,27.762141,1410.4 85.422113,27.76213,1410.3 85.422109,27.76212,1410.2 85.422105,27.762107,1410.1 85.422079,27.762102,1409.8 85.422072,27.762093,1409.7 85.422066,27.762082,1409.5 85.42206,27.762072,1409.4 85.422055,27.76206,1409.2 85.422049,27.762049,1409 85.422041,27.76204,1408.8 85.422032,27.762032,1408.6 85.422017,27.762023,1408.3 85.422006,27.762017,1408.1 85.421996,27.762009,1407.9 85.421989,27.761999,1407.7 85.421973,27.761999,1407.4 85.421956,27.762001,1407 85.421942,27.761999,1406.8 85.421926,27.761994,1406.4 85.421917,27.761985,1406.1 85.421905,27.761976,1405.8 85.421895,27.761967,1405.5 85.421888,27.761955,1405.2 85.421882,27.761943,1404.9 85.421874,27.761932,1404.5 85.421867,27.761921,1404.2 85.421858,27.761912,1403.9 85.421849,27.761902,1403.6 85.421837,27.761889,1403.2 85.421823,27.761877,1402.8 85.421803,27.761867,1402.2 85.421787,27.761857,1401.8 85.421768,27.761847,1401.3 85.42175,27.761836,1400.8 85.421731,27.761823,1400.3 85.421709,27.761809,1399.7 85.421692,27.761793,1399.2 85.421676,27.761775,1398.6 85.421671,27.761758,1398.2 85.42167,27.761742,1397.8 85.421683,27.761727,1397.4 85.42168,27.761711,1397 85.421677,27.761696,1396.6 85.42167,27.761681,1396.2 85.421657,27.761664,1395.8 85.421646,27.761652,1395.5 85.421633,27.761639,1395.1 85.421623,27.761626,1394.7 85.421617,27.761613,1394.5 85.421617,27.761602,1394.2 85.421612,27.761589,1394 85.421604,27.761575,1393.6 85.421595,27.761562,1393.4 85.421587,27.761547,1393.1 85.421581,27.761533,1392.8 85.421576,27.761517,1392.5 85.421575,27.761502,1392.2 85.421582,27.761488,1392 85.421584,27.761477,1391.8 85.421586,27.761465,1391.7 85.421589,27.761452,1391.6 85.421591,27.76144,1391.5 85.421591,27.761428,1391.5 85.42159,27.761416,1391.4 85.42159,27.761404,1391.3 85.421548,27.761383,1391 85.421539,27.761369,1390.9 85.421535,27.761357,1390.8 85.421525,27.761353,1390.8 85.421513,27.761363,1390.7 85.421509,27.761379,1390.6 85.421503,27.76139,1390.5 85.421494,27.761389,1390.5 85.421487,27.761384,1390.4 85.421476,27.76138,1390.4 85.421467,27.761371,1390.3 85.421464,27.761361,1390.3 85.42146,27.761351,1390.2 85.421455,27.761342,1390.2 85.421452,27.761331,1390.2 85.421451,27.761319,1390.1 85.421438,27.761301,1390.1 85.421434,27.761294,1390.1 85.42143,27.761284,1390 85.421427,27.761273,1390 85.421424,27.761261,1390 85.42142,27.76125,1390 85.421414,27.761241,1390 85.421412,27.76123,1390 85.421419,27.761225,1390 85.421418,27.76122,1390 85.421414,27.761213,1390 85.421408,27.761205,1390 85.421404,27.761196,1390 85.4214,27.761186,1390 85.421394,27.761177,1390 85.42139,27.761167,1390 85.421377,27.761165,1390 85.421373,27.76116,1390 85.42137,27.761149,1390 85.421367,27.761137,1390 85.421363,27.761126,1390 85.421358,27.761116,1390 85.421354,27.761105,1390 85.421347,27.761096,1390 85.421334,27.761088,1390.1 85.421325,27.761077,1390.1 85.421316,27.761068,1390.1 85.421309,27.76106,1390.1 85.4213,27.761051,1390.1 85.421291,27.761043,1390.1 85.421284,27.761035,1390.1 85.42127,27.76103,1390.2 85.421262,27.761027,1390.2 85.421257,27.761019,1390.2 85.421249,27.761011,1390.2 85.421242,27.761002,1390.2 85.421235,27.760991,1390.3 85.421229,27.76098,1390.3 85.421222,27.760969,1390.3 85.421223,27.760962,1390.3 85.42123,27.760957,1390.3 85.421235,27.760948,1390.4 85.421237,27.760936,1390.4 85.421235,27.760925,1390.4 85.421229,27.760913,1390.4 85.421223,27.760902,1390.5 85.421213,27.760893,1390.5 85.421196,27.760883,1390.6 85.421189,27.76088,1390.6 85.42118,27.760876,1390.6 85.421171,27.760877,1390.7 85.42116,27.760881,1390.7 85.421139,27.760893,1390.8 85.421131,27.76089,1390.8 85.421125,27.760882,1390.9 85.421121,27.760872,1390.9 85.421124,27.760865,1391 85.421125,27.760856,1391 85.421125,27.760845,1391.1 85.421125,27.760835,1391.1 85.421124,27.760824,1391.1 85.421122,27.760813,1391.2 85.421121,27.760803,1391.2 85.421122,27.760792,1391.2 85.421125,27.760783,1391.2 85.42113,27.760774,1391.2 85.421135,27.760765,1391.2 85.421141,27.760757,1391.2 85.421147,27.760748,1391.2 85.42115,27.760736,1391.2 85.421139,27.760711,1391.3 85.421137,27.760702,1391.3 85.421137,27.760691,1391.3 85.421138,27.76068,1391.3 85.421141,27.760668,1391.3 85.421146,27.760657,1391.3 85.421149,27.760646,1391.3 85.421152,27.760635,1391.3 85.421141,27.76061,1391.3 85.421142,27.7606,1391.3 85.421144,27.760589,1391.3 85.421148,27.760579,1391.3 85.421153,27.760568,1391.3 85.421158,27.760558,1391.3 85.421165,27.760547,1391.3 85.421172,27.760537,1391.3 85.421166,27.760515,1391.3 85.42117,27.760505,1391.3 85.421175,27.760495,1391.3 85.421182,27.760486,1391.3 85.421188,27.760476,1391.3 85.421193,27.760466,1391.3 85.421197,27.760457,1391.3 85.421202,27.760447,1391.3 85.42119,27.76044,1391.3 85.421191,27.760432,1391.3 85.421194,27.760422,1391.3 85.421195,27.760412,1391.3 85.421196,27.760401,1391.3 85.421198,27.760391,1391.3 85.421195,27.760382,1391.2 85.42119,27.760372,1391.2 85.421176,27.760357,1391.2 85.421174,27.760347,1391.2 85.421173,27.760336,1391.2 85.421171,27.760324,1391.2 85.421169,27.760313,1391.2 85.421166,27.760303,1391.2 85.421164,27.760292,1391.2 85.421151,27.760275,1391.2 85.421148,27.760269,1391.2 85.421146,27.760259,1391.2 85.421145,27.760248,1391.2 85.421143,27.760238,1391.1 85.421144,27.760228,1391.1 85.421142,27.760218,1391.1 85.421141,27.760207,1391.1 85.421121,27.760189,1391.1 85.421118,27.76018,1391.1 85.421117,27.76017,1391.1 85.421114,27.76016,1391.1 85.421113,27.760149,1391.1 85.421113,27.760138,1391.1 85.42111,27.760128,1391.1 85.421109,27.760118,1391.1 85.421109,27.760106,1391.1 85.421107,27.760097,1391 85.421106,27.760086,1391 85.421109,27.760073,1391 85.421102,27.760067,1391 85.421091,27.760063,1391 85.421083,27.760056,1391 85.421074,27.760044,1391 85.421073,27.760035,1391 85.421072,27.760022,1391 85.42107,27.760009,1391 85.421067,27.759996,1391 85.421067,27.759983,1390.9 85.421064,27.759971,1390.9 85.421061,27.759959,1390.9 85.421048,27.759948,1390.9 85.421045,27.759939,1390.9 85.421042,27.759927,1390.9 85.421038,27.759914,1390.8 85.421034,27.759902,1390.8 85.421031,27.75989,1390.8 85.421026,27.759878,1390.8 85.421023,27.759867,1390.8 85.421011,27.759852,1390.7 85.421008,27.759843,1390.7 85.421006,27.759834,1390.7 85.421003,27.759824,1390.7 85.421001,27.759814,1390.7 85.420999,27.759802,1390.6 85.420998,27.759791,1390.6 85.420994,27.75978,1390.6 85.420968,27.759748,1390.5 85.420962,27.759738,1390.4 85.420958,27.759727,1390.4 85.420953,27.759718,1390.4 85.420948,27.759708,1390.3 85.420943,27.759699,1390.3 85.42094,27.759689,1390.3 85.420918,27.759672,1390.2 85.420914,27.759663,1390.2 85.420911,27.759654,1390.2 85.420908,27.759644,1390.1 85.420906,27.759634,1390.1 85.420904,27.759624,1390.1 85.420902,27.759615,1390 85.420898,27.759605,1390 85.42089,27.759592,1390 85.420886,27.75958,1389.9 85.420884,27.759569,1389.9 85.42088,27.759558,1389.9 85.420876,27.759547,1389.8 85.420869,27.759537,1389.8 85.420863,27.759527,1389.8 85.420857,27.759517,1389.7 85.420835,27.759497,1389.7 85.420829,27.759488,1389.6 85.420824,27.759479,1389.6 85.42082,27.759469,1389.6 85.420814,27.759461,1389.6 85.420808,27.759454,1389.5 85.420803,27.759445,1389.5 85.420799,27.759436,1389.5 85.420813,27.759442,1389.4 85.420812,27.759433,1389.4 85.420811,27.759422,1389.4 85.420811,27.75941,1389.4 85.420808,27.759398,1389.3 85.420804,27.759387,1389.3 85.4208,27.759376,1389.3 85.420795,27.759363,1389.3 85.420784,27.759358,1389.2 85.420781,27.759347,1389.2 85.420779,27.759337,1389.2 85.420777,27.759325,1389.2 85.420776,27.759314,1389.1 85.420775,27.759303,1389.1 85.420775,27.759293,1389.1 85.420778,27.759284,1389.1 85.420777,27.759279,1389.1 85.420777,27.759268,1389.1 85.420778,27.759258,1389 85.420778,27.759248,1389 85.420778,27.759238,1389 85.420778,27.759229,1389 85.42078,27.75922,1389 85.420778,27.759238,1388.9 85.420781,27.759239,1388.9 85.420791,27.759239,1388.9 85.420798,27.759242,1388.9 85.420801,27.759245,1388.9 85.420798,27.759248,1388.9 85.420795,27.759249,1388.9 85.420794,27.759248,1388.9 85.420788,27.759238,1388.9 85.420787,27.759237,1388.9 85.420788,27.759237,1388.9 85.420789,27.759238,1388.9 85.420788,27.75924,1388.9 85.420787,27.759241,1388.9 85.420788,27.759241,1388.9 85.420787,27.759242,1388.9 85.420787,27.759242,1388.9 85.420786,27.759243,1388.8 85.420786,27.759244,1388.8 85.420786,27.759245,1388.8 85.420785,27.759246,1388.8 85.420785,27.759246,1388.8 85.420786,27.759247,1388.8 85.420786,27.759249,1388.8 85.420786,27.759248,1388.8 85.420787,27.759248,1388.8 85.420787,27.759248,1388.8 85.420786,27.759248,1388.8 85.420786,27.759248,1388.8 85.420786,27.759248,1388.8 85.420786,27.759248,1388.8 85.420778,27.75924,1388.8 85.420777,27.75924,1388.8 85.420777,27.75924,1388.8 85.420778,27.75924,1388.8 85.420778,27.75924,1388.8 85.420778,27.75924,1388.8 85.420778,27.75924,1388.8 85.420779,27.759242,1388.8 85.420779,27.759242,1388.8 85.420779,27.759242,1388.8 85.42078,27.759242,1388.8 85.42078,27.759243,1388.8 85.42078,27.759243,1388.8 85.42078,27.759243,1388.8 85.420781,27.759244,1388.8 85.420781,27.759247,1388.8 85.420781,27.759247,1388.8 85.420781,27.759247,1388.8 85.420782,27.759247,1388.8 85.420782,27.759246,1388.8 85.420782,27.759246,1388.8 85.420782,27.759246,1388.8 85.420783,27.759246,1388.8 85.42078,27.759242,1388.8 85.42078,27.759242,1388.8 85.42078,27.759242,1388.8 85.42078,27.759242,1388.8 85.42078,27.759242,1388.8 85.42078,27.759242,1388.8 85.42078,27.759243,1388.8 85.420776,27.759244,1388.8 85.420776,27.759244,1388.8 85.420776,27.759245,1388.8 85.420776,27.759245,1388.8 85.420776,27.759246,1388.8 85.420776,27.759246,1388.8 85.420776,27.759246,1388.8 85.420776,27.759246,1388.8 85.420773,27.759241,1388.8 85.420773,27.759241,1388.8 85.420772,27.759241,1388.8 85.420772,27.759241,1388.8 85.420772,27.759241,1388.8 85.420771,27.759242,1388.8 85.420771,27.759242,1388.8 85.420771,27.759243,1388.8 85.420768,27.759237,1388.7 85.420768,27.759236,1388.7 85.420768,27.759236,1388.7 85.420768,27.759237,1388.7 85.420768,27.759238,1388.7 85.420768,27.759238,1388.7 85.420768,27.759239,1388.7 85.420769,27.759247,1388.7 85.420769,27.759249,1388.7 85.420769,27.759249,1388.7 85.420769,27.75925,1388.7 85.420769,27.75925,1388.7 85.420769,27.759251,1388.7 85.420769,27.759251,1388.7 85.420768,27.759251,1388.7 85.420768,27.759246,1388.7 85.420768,27.759245,1388.7 85.420768,27.759245,1388.7 85.420768,27.759246,1388.7 85.420768,27.759246,1388.7 85.420768,27.759246,1388.7 85.420768,27.759247,1388.7 85.420768,27.759241,1388.7 85.420768,27.75924,1388.7 85.420768,27.759241,1388.7 85.420768,27.759241,1388.7 85.420768,27.759242,1388.7 85.420768,27.759242,1388.7 85.420768,27.759242,1388.7 85.420768,27.759243,1388.7 85.42077,27.759245,1388.7 85.42077,27.759246,1388.7 85.42077,27.759246,1388.7 85.42077,27.759247,1388.7 85.42077,27.759247,1388.7 85.42077,27.759247,1388.7 85.42077,27.759248,1388.7 85.420772,27.759251,1388.7 85.420773,27.759252,1388.7 85.420773,27.759251,1388.7 85.420772,27.759251,1388.7 85.420772,27.759253,1388.7 85.420773,27.759254,1388.6 85.420772,27.759255,1388.6 85.420771,27.759256,1388.6 85.420771,27.759254,1388.6 85.42077,27.759254,1388.6 85.42077,27.759255,1388.6 85.420769,27.759256,1388.6 85.420769,27.759256,1388.6 85.420769,27.759258,1388.6 85.420769,27.759258,1388.6 85.420769,27.759258,1388.6 85.42077,27.759256,1388.6 85.42077,27.759256,1388.6 85.42077,27.759256,1388.6 85.42077,27.759256,1388.6 85.420769,27.759256,1388.6 85.420769,27.759257,1388.6 85.420769,27.759257,1388.6 85.420767,27.759255,1388.6 85.420766,27.759255,1388.6 85.420766,27.759255,1388.6 85.420766,27.759255,1388.6 85.420766,27.759256,1388.6 85.420766,27.759256,1388.6 85.420765,27.759256,1388.6 85.420765,27.759256,1388.6 85.420766,27.759255,1388.6 85.420766,27.759255,1388.6 85.420766,27.759255,1388.6 85.420766,27.759255,1388.6 85.420766,27.759255,1388.6 85.420766,27.759255,1388.6 85.420765,27.759255,1388.6 85.420766,27.759252,1388.6 85.420767,27.759252,1388.6 85.420767,27.759252,1388.6 85.420767,27.759252,1388.6 85.420766,27.759252,1388.6 85.420767,27.759252,1388.6 85.420766,27.759252,1388.6 85.420764,27.759252,1388.6 85.420769,27.759251,1388.6 85.420769,27.759251,1388.6 85.420768,27.759252,1388.6 85.420768,27.759252,1388.6 85.420767,27.759252,1388.6 85.420767,27.759253,1388.6 85.420767,27.759253,1388.6 85.420765,27.759252,1388.6 85.420765,27.759252,1388.6 85.420764,27.759252,1388.6 85.420763,27.759252,1388.6 85.420763,27.759252,1388.6 85.420764,27.759253,1388.6 85.420764,27.759254,1388.6 85.420764,27.759255,1388.6 85.420767,27.759263,1388.6 85.420769,27.759265,1388.5 85.42077,27.759266,1388.5 85.420767,27.759266,1388.5 85.420764,27.759266,1388.5 85.420763,27.759266,1388.5 85.420762,27.759265,1388.5 85.420761,27.759265,1388.5 85.420761,27.759273,1388.5 85.420761,27.759274,1388.5 85.420761,27.759275,1388.5 85.420762,27.759276,1388.5 85.420763,27.759276,1388.5 85.420763,27.759275,1388.5 85.420765,27.759275,1388.5 85.420764,27.759271,1388.5 85.420765,27.75927,1388.5 85.420764,27.75927,1388.5 85.420763,27.75927,1388.5 85.420762,27.75927,1388.5 85.420762,27.75927,1388.5 85.420763,27.759271,1388.5 85.420762,27.759271,1388.5 85.420761,27.759263,1388.5 85.420762,27.759263,1388.5 85.420765,27.759264,1388.5 85.420769,27.759266,1388.5 85.420777,27.759268,1388.4 85.420784,27.759266,1388.4 85.420786,27.759263,1388.4 85.420778,27.759268,1388.4 85.420778,27.759268,1388.4 85.420778,27.759266,1388.4 85.420778,27.759264,1388.4 85.420778,27.759263,1388.4 85.420777,27.759261,1388.4 85.420777,27.759261,1388.4 85.420776,27.75926,1388.4 85.420773,27.759262,1388.4 85.420773,27.759262,1388.4 85.420774,27.759261,1388.4 85.420774,27.75926,1388.4 85.420773,27.759259,1388.4 85.420773,27.759258,1388.4 85.420775,27.759257,1388.4 85.420773,27.759265,1388.4 85.420774,27.759265,1388.4 85.420775,27.759264,1388.3 85.420776,27.759263,1388.3 85.420777,27.759262,1388.3 85.420778,27.75926,1388.3 85.420776,27.75926,1388.3 85.420775,27.759259,1388.3 85.420774,27.759263,1388.3 85.420775,27.759263,1388.3 85.420777,27.759263,1388.3 85.420778,27.759263,1388.3 85.420779,27.759263,1388.3 85.420781,27.759262,1388.3 85.420782,27.759261,1388.3 85.420776,27.759269,1388.3 85.420776,27.759269,1388.3 85.420776,27.759268,1388.3 85.420778,27.759266,1388.3 85.420779,27.759265,1388.3 85.42078,27.759264,1388.3 85.420781,27.759263,1388.3 85.420781,27.759262,1388.3 85.420779,27.759261,1388.3 85.420781,27.759261,1388.3 85.420782,27.759261,1388.3 85.420782,27.75926,1388.3 85.420782,27.759258,1388.3 85.420781,27.759257,1388.2 85.420778,27.759257,1388.2 85.420775,27.759263,1388.2 85.420774,27.759263,1388.2 85.420774,27.759263,1388.2 85.420774,27.759262,1388.2 85.420776,27.759261,1388.2 85.420777,27.759261,1388.2 85.420778,27.75926,1388.2 85.420777,27.75926,1388.2 85.420774,27.75926,1388.2 85.420774,27.75926,1388.2 85.420773,27.75926,1388.2 85.420773,27.75926,1388.2 85.420774,27.759261,1388.2 85.420775,27.759261,1388.2 85.420777,27.759261,1388.2 85.420777,27.75926,1388.2 85.420777,27.75926,1388.2 85.420777,27.75926,1388.2 85.420777,27.759261,1388.2 85.420776,27.759261,1388.2 85.420777,27.759261,1388.2 85.420775,27.759261,1388.2 85.420773,27.759262,1388.2 85.420769,27.759269,1388.2 85.420765,27.759274,1388.1 85.420763,27.759278,1388.1 85.420764,27.759279,1388.1 85.420769,27.759273,1388.1 85.420772,27.759271,1388.1 85.420772,27.75927,1388.1 85.420767,27.759276,1388.1 85.420767,27.759278,1388.1 85.420766,27.759278,1388.1 85.420767,27.759279,1388.1 85.420767,27.759278,1388.1 85.420766,27.759279,1388.1 85.420766,27.759279,1388.1 85.420766,27.759279,1388.1 85.420768,27.759279,1388.1 85.420769,27.759279,1388.1 85.420769,27.759279,1388.1 85.420769,27.759278,1388.1 85.420769,27.759278,1388.1 85.420769,27.759278,1388.1 85.420769,27.759278,1388.1 85.420771,27.759277,1388.1 85.42077,27.759278,1388.1 85.420769,27.759279,1388.1 85.420768,27.75928,1388.1 85.420767,27.75928,1388.1 85.420767,27.759281,1388.1 85.420766,27.759281,1388.1 85.420766,27.759282,1388.1 85.420766,27.759286,1388 85.420766,27.759286,1388 85.420766,27.759287,1388 85.420765,27.759287,1388 85.420765,27.759288,1388 85.420765,27.759288,1388 85.420765,27.759288,1388 85.420765,27.759291,1388 85.420765,27.759292,1388 85.420767,27.759292,1388 85.420769,27.75929,1388 85.420767,27.759288,1388 85.420767,27.759287,1388 85.420767,27.759286,1388 85.420767,27.759285,1388 85.420766,27.759282,1388 85.420765,27.759282,1388 85.420764,27.759284,1388 85.42076,27.759285,1388 85.420757,27.759287,1388 85.420757,27.759289,1388 85.42076,27.759289,1388 85.420766,27.759288,1388 85.420767,27.759289,1388 85.420767,27.759289,1388 85.420767,27.75929,1388 85.420766,27.75929,1387.9 85.420765,27.75929,1387.9 85.420765,27.75929,1387.9 85.420765,27.759287,1387.9 85.420765,27.759287,1387.9 85.420765,27.759286,1387.9 85.420764,27.759285,1387.9 85.420764,27.759286,1387.9 85.420764,27.759286,1387.9 85.420763,27.759286,1387.9 85.420763,27.759286,1387.9 85.420763,27.759286,1387.9 85.420763,27.759286,1387.9 85.420763,27.759286,1387.9 85.420763,27.759285,1387.9 85.420763,27.759285,1387.9 85.420763,27.759286,1387.9 85.420763,27.759286,1387.9 85.420766,27.759287,1387.9 85.420766,27.759287,1387.9 85.420766,27.759287,1387.9 85.420766,27.759287,1387.9 85.420766,27.759288,1387.9 85.420765,27.759288,1387.9 85.420765,27.759288,1387.9 85.420765,27.759288,1387.9 85.420767,27.759286,1387.9 85.420767,27.759286,1387.9 85.420767,27.759286,1387.9 85.420767,27.759286,1387.9 85.420767,27.759286,1387.9 85.420767,27.759287,1387.9 85.420767,27.759287,1387.9 85.420767,27.759288,1387.9 85.420767,27.759288,1387.9 85.420767,27.759289,1387.9 85.420767,27.759289,1387.9 85.420767,27.759289,1387.9 85.420767,27.759289,1387.9 85.420767,27.75929,1387.9 85.420767,27.75929,1387.9 85.420767,27.759293,1387.9 85.420767,27.759293,1387.9 85.420767,27.759295,1387.9 85.420768,27.759297,1387.9 85.420769,27.759298,1387.9 85.420769,27.759298,1387.9 85.420769,27.759298,1387.9 85.420771,27.759292,1387.9 85.420772,27.759291,1387.9 85.420772,27.759291,1387.9 85.420772,27.759291,1387.9 85.420772,27.759291,1387.9 85.420772,27.759291,1387.9 85.420772,27.759291,1387.9 85.420772,27.759291,1387.9 85.420776,27.759284,1387.9 85.420777,27.759284,1387.9 85.420777,27.759284,1387.9 85.420777,27.759284,1387.9 85.420777,27.759285,1387.9 85.420778,27.759286,1387.9 85.420778,27.759285,1387.8 85.420773,27.759288,1387.8 85.420774,27.759288,1387.8 85.420773,27.759288,1387.8 85.420773,27.759288,1387.8 85.420773,27.759288,1387.8 85.420774,27.759288,1387.8 85.420775,27.759289,1387.8 85.420776,27.759289,1387.8 85.420775,27.759289,1387.8 85.420775,27.759288,1387.8 85.420775,27.759288,1387.8 85.420776,27.759287,1387.8 85.420775,27.759287,1387.8 85.420769,27.759291,1387.8 85.420769,27.759291,1387.8 85.420771,27.759291,1387.8 85.420772,27.759291,1387.8 85.420773,27.759291,1387.8 85.420771,27.759291,1387.8 85.42077,27.75929,1387.8 85.420768,27.759284,1387.8 85.420768,27.759283,1387.8 85.420767,27.759282,1387.8 85.420767,27.759282,1387.8 85.420767,27.759281,1387.8 85.420766,27.759281,1387.8 85.420766,27.759281,1387.8 85.420759,27.759301,1387.7 85.420755,27.759306,1387.7 85.420753,27.759308,1387.7 85.420752,27.759308,1387.7 85.420751,27.759308,1387.7 85.420751,27.759304,1387.7 85.420752,27.759302,1387.7 85.420752,27.759301,1387.7 85.420752,27.7593,1387.7 85.420752,27.7593,1387.7 85.420752,27.759304,1387.7 85.420752,27.759304,1387.7 85.420751,27.759304,1387.7 85.420751,27.759303,1387.7 85.420751,27.759303,1387.7 85.42075,27.759303,1387.7 85.42075,27.759302,1387.7 85.42075,27.759302,1387.7 85.420751,27.759304,1387.7 85.42075,27.759303,1387.7 85.42075,27.759303,1387.7 85.42075,27.759302,1387.7 85.420751,27.759301,1387.7 85.420751,27.759289,1387.6 85.420747,27.759287,1387.6 85.420745,27.759287,1387.6 85.420744,27.759287,1387.6 85.420744,27.759286,1387.6 85.420744,27.759286,1387.6 85.420743,27.759285,1387.6 85.420744,27.759281,1387.6 85.420745,27.759279,1387.6 85.420745,27.759278,1387.6 85.420745,27.759277,1387.6 85.420744,27.759277,1387.6 85.420744,27.759277,1387.6 85.420744,27.759277,1387.6 85.420741,27.759278,1387.6 85.42074,27.759278,1387.6 85.420739,27.759278,1387.6 85.420739,27.759278,1387.6 85.420739,27.759277,1387.6 85.42074,27.759277,1387.6 85.420742,27.759277,1387.6 85.420741,27.759277,1387.6 85.420741,27.759277,1387.6 85.420741,27.759277,1387.6 85.420742,27.759276,1387.6 85.420745,27.759276,1387.6 85.420743,27.759274,1387.6 85.420734,27.759293,1387.5 85.420734,27.759295,1387.5 85.420734,27.759295,1387.5 85.420735,27.759295,1387.5 85.420735,27.759295,1387.5 85.420733,27.759295,1387.5 85.42073,27.759295,1387.5 85.420732,27.75929,1387.5 85.420735,27.759285,1387.5 85.420733,27.759286,1387.5 85.42073,27.759286,1387.5 85.420728,27.759284,1387.5 85.42073,27.759283,1387.5 85.420733,27.759282,1387.5 85.420736,27.759282,1387.5 85.420739,27.759304,1387.4 85.420734,27.759305,1387.4 85.420731,27.759306,1387.4 85.420729,27.759308,1387.4 85.420726,27.759306,1387.4 85.420731,27.759297,1387.4 85.42073,27.759296,1387.4 85.420728,27.759294,1387.4 85.420726,27.759293,1387.4 85.420724,27.759292,1387.4 85.420721,27.75929,1387.4 85.420719,27.759289,1387.4 85.420721,27.759283,1387.4 85.420721,27.759281,1387.4 85.420719,27.75928,1387.4 85.420718,27.759279,1387.4 85.420716,27.759279,1387.3 85.420725,27.759277,1387.3 85.420725,27.759277,1387.3 85.420724,27.759276,1387.3 85.420723,27.759275,1387.3 85.420721,27.759275,1387.3 85.420719,27.759274,1387.3 85.420718,27.759273,1387.3 85.420716,27.759273,1387.3 85.420721,27.759261,1387.3 85.420721,27.75926,1387.3 85.42072,27.759259,1387.3 85.420719,27.759259,1387.3 85.420717,27.759258,1387.3 85.420716,27.759258,1387.3 85.420715,27.759258,1387.3 85.420717,27.759254,1387.3 85.420717,27.759254,1387.3 85.420716,27.759253,1387.3 85.420715,27.759253,1387.3 85.420712,27.759253,1387.3 85.420711,27.759253,1387.3 85.42071,27.759253,1387.3 85.420709,27.759252,1387.3 85.420715,27.75925,1387.3 85.420714,27.75925,1387.3 85.420714,27.75925,1387.3 85.420713,27.759249,1387.2 85.420712,27.759249,1387.2 85.420711,27.759249,1387.2 85.42071,27.759249,1387.2 85.420712,27.759244,1387.2 85.420711,27.759244,1387.2 85.42071,27.759244,1387.2 85.420709,27.759243,1387.2 85.420709,27.759243,1387.2 85.420708,27.759243,1387.2 85.420707,27.759243,1387.2 85.420706,27.759243,1387.2 85.420709,27.759236,1387.2 85.420708,27.759235,1387.2 85.420707,27.759235,1387.2 85.420706,27.759235,1387.2 85.420705,27.759235,1387.2 85.420704,27.759235,1387.2 85.420703,27.759235,1387.2 85.420711,27.759235,1387.2 85.420712,27.759235,1387.2 85.420711,27.759235,1387.2 85.42071,27.759235,1387.2 85.420709,27.759235,1387.2 85.420708,27.759235,1387.2 85.420707,27.759235,1387.2 85.420705,27.759235,1387.2 85.420708,27.75923,1387.2 85.420707,27.75923,1387.2 85.420707,27.75923,1387.2 85.420706,27.75923,1387.2 85.4207,27.759227,1387.2 85.4207,27.759227,1387.2 85.420699,27.759229,1387.2 85.420698,27.75923,1387.1 85.420697,27.759231,1387.1</coordinates></LineString></Placemark></Document></kml>