<kml><Document><name>mymapstest</name><Placemark><LineString><coordinates>85.248283,27.670677,0 85.248262,27.670568,0 85.248242,27.67046,0 85.24824,27.670469,0 85.248238,27.670474,0 85.248236,27.670466,0 85.248229,27.670463,0 85.248221,27.670459,0 85.248215,27.670449,0 85.24821,27.67044,0 85.248207,27.67043,0 85.248209,27.670411,0 85.248209,27.670392,0 85.24821,27.670375,0 85.248211,27.670357,0 85.248212,27.670337,0 85.248213,27.670321,0 85.248215,27.670306,0 85.248215,27.670289,0 85.248215,27.670274,0 85.248214,27.67026,0 85.248212,27.670245,0 85.248209,27.670231,0 85.248206,27.670217,0 85.248203,27.670204,0 85.2482,27.670191,0 85.248197,27.670177,0 85.248194,27.670163,0 85.248189,27.670149,0 85.248183,27.670136,0 85.248178,27.670124,0 85.248172,27.670113,0 85.248168,27.670104,0 85.248164,27.670096,0 85.24816,27.670086,0 85.248156,27.670075,0 85.248153,27.670063,0 85.248149,27.670051,0 85.248145,27.67004,0 85.248142,27.67003,0 85.248138,27.670019,0 85.248136,27.670008,0 85.248133,27.669998,0 85.248129,27.669988,0 85.248126,27.669979,0 85.248126,27.669969,0 85.248127,27.669958,0 85.248125,27.669947,0 85.248123,27.669937,0 85.248119,27.669926,0 85.248115,27.669916,0 85.24811,27.669905,0 85.248105,27.669894,0 85.248099,27.669883,0 85.248093,27.669872,0 85.248087,27.669861,0 85.248082,27.669852,0 85.248077,27.669842,0 85.248072,27.669833,0 85.248067,27.669824,0 85.248061,27.669816,0 85.248054,27.669808,0 85.248048,27.6698,0 85.24804,27.669794,0 85.248034,27.669787,0 85.248027,27.66978,0 85.24802,27.669773,0 85.248013,27.669766,0 85.248007,27.669758,0 85.248002,27.669751,0 85.247997,27.669744,0 85.24799,27.669737,0 85.247983,27.66973,0 85.247976,27.669723,0 85.247968,27.669715,0 85.247961,27.669707,0 85.247955,27.669701,0 85.247948,27.669694,0 85.247942,27.669686,0 85.247936,27.669679,0 85.247928,27.669672,0 85.247921,27.669667,0 85.247914,27.669661,0 85.247907,27.669656,0 85.2479,27.66965,0 85.247893,27.669643,0 85.247884,27.669638,0 85.247875,27.669634,0 85.247866,27.66963,0 85.247856,27.669626,0 85.247844,27.669623,0 85.247833,27.66962,0 85.247823,27.669617,0 85.247812,27.669613,0 85.247801,27.669608,0 85.247792,27.669603,0 85.247784,27.669598,0 85.247775,27.669593,0 85.247767,27.669588,0 85.247758,27.669583,0 85.24775,27.669578,0 85.247741,27.669572,0 85.247732,27.669565,0 85.247723,27.669558,0 85.247714,27.669551,0 85.247706,27.669544,0 85.247699,27.669537,0 85.247691,27.669529,0 85.247683,27.669523,0 85.247675,27.669516,0 85.247667,27.669509,0 85.24766,27.669502,0 85.247653,27.669494,0 85.247645,27.669486,0 85.247636,27.669477,0 85.247629,27.669468,0 85.247623,27.66946,0 85.247617,27.669452,0 85.247611,27.669445,0 85.247606,27.669437,0 85.2476,27.66943,0 85.247595,27.669424,0 85.247589,27.669417,0 85.247582,27.669408,0 85.247576,27.669399,0 85.24757,27.669392,0 85.247565,27.669387,0 85.247562,27.669383,0 85.247553,27.669371,0 85.247554,27.669369,0 85.247555,27.669366,0 85.247555,27.669362,0 85.247555,27.669358,0 85.247553,27.669354,0 85.247551,27.669351,0 85.247548,27.669348,0 85.247539,27.669334,0 85.247538,27.669331,0 85.247534,27.669325,0 85.24753,27.669315,0 85.247525,27.669305,0 85.24752,27.669294,0 85.247515,27.669282,0 85.247512,27.669272,0 85.247508,27.669261,0 85.247503,27.669252,0 85.247497,27.669245,0 85.247492,27.66924,0 85.247485,27.669236,0 85.247479,27.669233,0 85.247473,27.669234,0 85.247468,27.669235,0 85.247463,27.669238,0 85.247458,27.66924,0 85.247455,27.669242,0 85.247448,27.669249,0 85.247454,27.669249,0 85.247454,27.669254,0 85.247453,27.669263,0 85.247453,27.669269,0 85.247453,27.66927,0 85.247454,27.669271,0 85.247459,27.669274,0 85.247462,27.669272,0 85.247468,27.669267,0 85.247476,27.66926,0 85.247486,27.669252,0 85.247497,27.669243,0 85.24751,27.669234,0 85.247523,27.669224,0 85.247535,27.669213,0 85.247547,27.669202,0 85.247558,27.669191,0 85.247569,27.669181,0 85.24758,27.669172,0 85.247591,27.669164,0 85.247604,27.669157,0 85.247616,27.669149,0 85.247629,27.669143,0 85.247643,27.669139,0 85.247658,27.669137,0 85.247673,27.669136,0 85.247688,27.669136,0 85.247702,27.669135,0 85.247717,27.669135,0 85.247734,27.669136,0 85.24775,27.669138,0 85.247766,27.669139,0 85.247782,27.669137,0 85.247798,27.669133,0 85.247812,27.669128,0 85.247826,27.669124,0 85.247841,27.669122,0 85.247855,27.66912,0 85.247871,27.669118,0 85.247888,27.669115,0 85.247904,27.669113,0 85.24792,27.669111,0 85.247936,27.66911,0 85.247951,27.669109,0 85.247966,27.669108,0 85.247981,27.669107,0 85.247996,27.669106,0 85.248009,27.669105,0 85.248023,27.669103,0 85.248038,27.669101,0 85.248053,27.669098,0 85.248068,27.669094,0 85.248081,27.669091,0 85.248094,27.669087,0 85.248108,27.669084,0 85.248121,27.66908,0 85.248135,27.669076,0 85.24815,27.669072,0 85.248164,27.669067,0 85.248178,27.669062,0 85.248192,27.669057,0 85.248208,27.669053,0 85.248222,27.669048,0 85.248237,27.669044,0 85.248253,27.669041,0 85.248269,27.669038,0 85.248285,27.669035,0 85.248299,27.66903,0 85.248313,27.669024,0 85.248327,27.669017,0 85.248341,27.66901,0 85.248354,27.669002,0 85.248368,27.668994,0 85.24838,27.668987,0 85.248392,27.668979,0 85.248405,27.668971,0 85.24842,27.668963,0 85.248434,27.668953,0 85.248447,27.668943,0 85.24846,27.668933,0 85.248473,27.668924,0 85.248485,27.668915,0 85.248496,27.668908,0 85.248508,27.668901,0 85.24852,27.668894,0 85.248534,27.668889,0 85.248548,27.668884,0 85.248563,27.668878,0 85.248578,27.668873,0 85.248594,27.668867,0 85.248609,27.66886,0 85.248625,27.668854,0 85.248639,27.668848,0 85.248653,27.66884,0 85.248664,27.66883,0 85.248672,27.668819,0 85.248678,27.668805,0 85.248684,27.66879,0 85.248691,27.668774,0 85.248697,27.668758,0 85.248702,27.668743,0 85.248707,27.668728,0 85.248711,27.668714,0 85.248713,27.668699,0 85.248715,27.668683,0 85.248716,27.668669,0 85.248716,27.668655,0 85.248714,27.668642,0 85.248711,27.668629,0 85.248708,27.668617,0 85.248706,27.668605,0 85.248705,27.668595,0 85.248705,27.668587,0 85.248704,27.668579,0 85.248703,27.66857,0 85.248702,27.66856,0 85.248702,27.668548,0 85.248702,27.668536,0 85.248702,27.668522,0 85.248701,27.66851,0 85.248701,27.668497,0 85.2487,27.668484,0 85.248698,27.66847,0 85.248698,27.668456,0 85.248698,27.668442,0 85.2487,27.668429,0 85.248703,27.668415,0 85.248704,27.668401,0 85.248706,27.668388,0 85.248709,27.668374,0 85.248711,27.668361,0 85.248712,27.668348,0 85.248714,27.668335,0 85.248718,27.668321,0 85.248721,27.668307,0 85.248722,27.668294,0 85.248722,27.66828,0 85.248722,27.668266,0 85.248722,27.668253,0 85.248723,27.668239,0 85.248723,27.668226,0 85.248723,27.668212,0 85.248724,27.668198,0 85.24872,27.668185,0 85.248716,27.668175,0 85.248712,27.668166,0 85.248714,27.668159,0 85.248719,27.668155,0 85.248729,27.668156,0 85.248741,27.668156,0 85.248753,27.668154,0 85.248767,27.668151,0 85.248779,27.668147,0 85.24879,27.668143,0 85.248802,27.668137,0 85.248815,27.668131,0 85.248827,27.668123,0 85.248838,27.668113,0 85.248848,27.668102,0 85.248856,27.66809,0 85.248862,27.668077,0 85.248867,27.668063,0 85.248871,27.668049,0 85.248875,27.668036,0 85.24888,27.668024,0 85.248886,27.668014,0 85.248893,27.668007,0 85.248901,27.668001,0 85.24891,27.667997,0 85.248921,27.667993,0 85.248932,27.667989,0 85.248944,27.667986,0 85.248954,27.667982,0 85.248962,27.667978,0 85.248969,27.667974,0 85.248975,27.667971,0 85.248991,27.667967,0 85.248992,27.667967,0 85.248993,27.667968,0 85.248997,27.667967,0 85.249004,27.667967,0 85.249014,27.667967,0 85.249025,27.667967,0 85.249038,27.667967,0 85.249052,27.667968,0 85.249068,27.667968,0 85.249083,27.667968,0 85.2491,27.667969,0 85.249116,27.66797,0 85.249134,27.667973,0 85.249152,27.667977,0 85.249172,27.667979,0 85.249192,27.667979,0 85.24921,27.667977,0 85.249227,27.667973,0 85.249243,27.66797,0 85.24926,27.667965,0 85.249275,27.667957,0 85.24929,27.667947,0 85.249304,27.667935,0 85.249317,27.667923,0 85.249331,27.667911,0 85.249345,27.6679,0 85.249359,27.66789,0 85.249371,27.667882,0 85.249383,27.667875,0 85.249394,27.667867,0 85.249405,27.66786,0 85.249417,27.667851,0 85.249428,27.667842,0 85.24944,27.667833,0 85.24945,27.667825,0 85.249458,27.667817,0 85.249463,27.667812,0 85.249464,27.667807,0 85.249464,27.667802,0 85.249464,27.667798,0 85.24947,27.667791,0 85.249472,27.66779,0 85.249476,27.667787,0 85.24948,27.667783,0 85.249491,27.667771,0 85.24949,27.667771,0 85.249488,27.667767,0 85.249484,27.667761,0 85.249481,27.667754,0 85.249477,27.667746,0 85.249473,27.667737,0 85.249469,27.667726,0 85.249462,27.667716,0 85.249455,27.667707,0 85.249449,27.6677,0 85.249441,27.667697,0 85.249431,27.667696,0 85.24942,27.667697,0 85.249411,27.667699,0 85.249403,27.667701,0 85.249395,27.667705,0 85.249389,27.667712,0 85.249385,27.667719,0 85.249383,27.667726,0 85.249385,27.667734,0 85.249387,27.66774,0 85.249391,27.667746,0 85.249397,27.667751,0 85.249403,27.667755,0 85.249408,27.667761,0 85.249414,27.667769,0 85.249421,27.66778,0 85.249428,27.667791,0 85.249433,27.667801,0 85.249433,27.667809,0 85.24943,27.667815,0 85.249425,27.66782,0 85.249419,27.667827,0 85.249413,27.667833,0 85.249407,27.667841,0 85.249401,27.667848,0 85.249396,27.667855,0 85.24939,27.667861,0 85.249385,27.667869,0 85.249381,27.667877,0 85.24938,27.667884,0 85.24938,27.66789,0 85.249383,27.667897,0 85.249387,27.667903,0 85.249392,27.667911,0 85.249397,27.667917,0 85.249402,27.667923,0 85.249415,27.667944,0 85.249417,27.667946,0 85.249423,27.66795,0 85.24943,27.667957,0 85.249439,27.667964,0 85.249448,27.667973,0 85.249458,27.667984,0 85.249468,27.667995,0 85.249476,27.668004,0 85.249483,27.668012,0 85.249491,27.668018,0 85.249499,27.668023,0 85.249508,27.668025,0 85.249513,27.668026,0 85.249519,27.668026,0 85.249523,27.668026,0 85.249523,27.668025,0 85.249518,27.668024,0 85.249512,27.668024,0 85.249509,27.668025,0 85.249506,27.668028,0 85.249507,27.668032,0 85.249511,27.668039,0 85.24952,27.668045,0 85.24953,27.668052,0 85.249537,27.668059,0 85.249544,27.668064,0 85.249549,27.66807,0 85.249556,27.668074,0 85.249561,27.668077,0 85.249564,27.66808,0 85.249569,27.668082,0 85.249574,27.668081,0 85.249578,27.668083,0 85.249582,27.668082,0 85.249584,27.668083,0 85.249586,27.668084,0 85.249587,27.668086,0 85.249586,27.668086,0 85.249587,27.668086,0 85.249598,27.668071,0 85.249598,27.668067,0 85.249601,27.66806,0 85.249608,27.668055,0 85.249615,27.66805,0 85.249619,27.668045,0 85.249619,27.668042,0 85.249617,27.668039,0 85.249616,27.668038,0 85.249617,27.668039,0 85.249619,27.668043,0 85.249622,27.668046,0 85.249626,27.668048,0 85.249629,27.668049,0 85.249631,27.668045,0 85.249632,27.668037,0 85.249632,27.668026,0 85.249631,27.668014,0 85.249629,27.668001,0 85.249623,27.667988,0 85.249617,27.667973,0 85.249611,27.667961,0 85.249605,27.667949,0 85.249597,27.667938,0 85.249588,27.667927,0 85.249579,27.667916,0 85.24957,27.667904,0 85.249561,27.667893,0 85.249552,27.667884,0 85.249545,27.667876,0 85.249539,27.66787,0 85.249533,27.667867,0 85.249527,27.667863,0 85.249513,27.667856,0 85.249512,27.667854,0 85.249517,27.667851,0 85.249515,27.667851,0 85.249513,27.667852,0 85.249511,27.667852,0 85.249505,27.667851,0 85.249503,27.667851,0 85.249501,27.667851,0 85.249487,27.667851,0 85.249486,27.667851,0 85.249484,27.667852,0 85.249482,27.667852,0 85.24948,27.667851,0 85.249476,27.667851,0 85.249471,27.667851,0 85.249466,27.667853,0 85.249461,27.667855,0 85.249455,27.667857,0 85.24945,27.667859,0 85.249435,27.667868,0 85.249432,27.66787,0 85.249424,27.667876,0 85.249414,27.667883,0 85.249401,27.667891,0 85.249387,27.6679,0 85.249373,27.66791,0 85.249358,27.667918,0 85.249342,27.667926,0 85.249325,27.667932,0 85.249312,27.667935,0 85.249303,27.667937,0 85.249296,27.667937,0 85.249293,27.667936,0 85.24929,27.667934,0 85.249291,27.667933,0 85.249292,27.667932,0 85.249299,27.667928,0 85.249299,27.667926,0 85.249297,27.667924,0 85.249297,27.667913,0 85.249297,27.66791,0 85.249296,27.667907,0 85.249295,27.667903,0 85.249296,27.6679,0 85.249296,27.667896,0 85.249297,27.667892,0 85.249296,27.667886,0 85.249296,27.667878,0 85.249294,27.667867,0 85.249291,27.667854,0 85.249287,27.66784,0 85.249281,27.667828,0 85.249275,27.667816,0 85.249268,27.667804,0 85.249262,27.667792,0 85.249257,27.667783,0 85.249254,27.667774,0 85.249251,27.667762,0 85.24925,27.66775,0 85.249251,27.667738,0 85.249252,27.667728,0 85.249254,27.667719,0 85.249255,27.667709,0 85.249255,27.667701,0 85.249255,27.667693,0 85.249255,27.667685,0 85.249252,27.667677,0 85.249247,27.667668,0 85.249242,27.667658,0 85.249236,27.667647,0 85.24923,27.667636,0 85.24923,27.667624,0 85.249231,27.667613,0 85.249233,27.667603,0 85.249232,27.66759,0 85.249229,27.667578,0 85.249225,27.667568,0 85.24922,27.667562,0 85.249217,27.667557,0 85.249213,27.667552,0 85.249209,27.667545,0 85.249204,27.667538,0 85.249198,27.66753,0 85.249192,27.66752,0 85.249186,27.667509,0 85.249181,27.667498,0 85.249178,27.667488,0 85.249174,27.667477,0 85.24917,27.667467,0 85.249165,27.667458,0 85.24916,27.667449,0 85.249153,27.667439,0 85.249148,27.667432,0 85.24914,27.667425,0 85.249137,27.667421,0 85.249133,27.667416,0 85.249128,27.667413,0 85.249119,27.667406,0 85.249117,27.667407,0 85.249116,27.667407,0 85.249114,27.667413,0 85.249117,27.667416,0 85.249118,27.667416,0 85.249118,27.667414,0 85.249118,27.667412,0 85.249117,27.66741,0 85.249115,27.667408,0 85.249106,27.667405,0 85.249101,27.667402,0 85.249094,27.667399,0 85.249085,27.667395,0 85.249077,27.667391,0 85.249071,27.667385,0 85.249066,27.667379,0 85.249062,27.667372,0 85.24906,27.667365,0 85.249057,27.667358,0 85.249056,27.667352,0 85.249056,27.667348,0 85.249058,27.667343,0 85.249059,27.667338,0 85.249059,27.667332,0 85.249058,27.667327,0 85.249058,27.667322,0 85.249057,27.667319,0 85.249056,27.667316,0 85.249054,27.667313,0 85.24905,27.667312,0 85.249045,27.66731,0 85.249039,27.667309,0 85.249033,27.667309,0 85.249028,27.667309,0 85.249025,27.667309,0 85.249022,27.667307,0 85.249019,27.667306,0 85.249016,27.667303,0 85.24901,27.6673,0 85.249004,27.667298,0 85.248999,27.667296,0 85.248994,27.667295,0 85.248991,27.667293,0 85.248986,27.667293,0 85.24898,27.667293,0 85.248974,27.667294,0 85.248968,27.667295,0 85.248963,27.667295,0 85.248959,27.667295,0 85.248955,27.667295,0 85.24895,27.667294,0 85.248944,27.667294,0 85.248937,27.667296,0 85.248931,27.667297,0 85.248924,27.667298,0 85.248918,27.667299,0 85.248914,27.667299,0 85.248898,27.6673,0 85.248897,27.667299,0 85.248895,27.667299,0 85.248893,27.667297,0 85.248893,27.667296,0 85.248893,27.667293,0 85.248891,27.66729,0 85.248889,27.667287,0 85.248885,27.667283,0 85.248878,27.667281,0 85.248871,27.667281,0 85.248862,27.667281,0 85.248852,27.667284,0 85.248841,27.667289,0 85.24883,27.667293,0 85.248819,27.667296,0 85.248809,27.667299,0 85.248798,27.6673,0 85.248787,27.667302,0 85.248775,27.667305,0 85.248764,27.667309,0 85.248752,27.667314,0 85.248739,27.667319,0 85.248724,27.667322,0 85.24871,27.667326,0 85.248695,27.667333,0 85.248682,27.66734,0 85.248669,27.667347,0 85.248656,27.667355,0 85.248643,27.667362,0 85.248628,27.667368,0 85.248613,27.667373,0 85.248599,27.667376,0 85.248586,27.667379,0 85.248575,27.667382,0 85.248565,27.667386,0 85.248556,27.667391,0 85.248548,27.667394,0 85.24854,27.667398,0 85.248531,27.667403,0 85.24852,27.667408,0 85.24851,27.667416,0 85.248501,27.667425,0 85.248492,27.667434,0 85.248483,27.66744,0 85.248474,27.667446,0 85.248467,27.66745,0 85.248461,27.667454,0 85.248457,27.667457,0 85.248445,27.667463,0 85.248448,27.667472,0 85.248449,27.667471,0 85.248451,27.667465,0 85.248452,27.667464,0 85.248451,27.667461,0 85.248451,27.667459,0 85.248448,27.66745,0 85.248448,27.667449,0 85.248451,27.667447,0 85.248457,27.667444,0 85.248463,27.667439,0 85.248471,27.667433,0 85.248477,27.667426,0 85.248482,27.66742,0 85.248486,27.667415,0 85.248492,27.667409,0 85.248498,27.667402,0 85.248503,27.667393,0 85.248506,27.667385,0 85.248508,27.667378,0 85.248509,27.667371,0 85.248512,27.667365,0 85.248515,27.667362,0 85.248518,27.667359,0 85.248522,27.667357,0 85.248533,27.667349,0 85.248531,27.667349,0 85.248533,27.667349,0 85.248535,27.667347,0 85.248535,27.667346,0 85.248536,27.667346,0 85.248537,27.667344,0 85.248538,27.667344,0 85.248539,27.667343,0 85.248538,27.667341,0 85.248537,27.667341,0 85.248535,27.66734,0 85.248528,27.667337,0 85.248527,27.667337,0 85.248521,27.667349,0 85.248522,27.66735,0 85.248526,27.667355,0 85.248531,27.667362,0 85.248535,27.667364,0 85.248536,27.667364,0 85.248539,27.667364,0 85.248548,27.667365,0 85.24855,27.667375,0 85.24855,27.667376,0 85.248545,27.667382,0 85.248543,27.667382,0 85.248539,27.667382,0 85.248535,27.667382,0 85.24853,27.667383,0 85.248524,27.667383,0 85.248519,27.667384,0 85.248503,27.667385,0 85.248502,27.667386,0 85.2485,27.667389,0 85.248478,27.667384,0 85.248468,27.66739,0 85.248465,27.66739,0 85.248458,27.667391,0 85.248449,27.667391,0 85.24844,27.667391,0 85.24843,27.66739,0 85.248419,27.667388,0 85.248407,27.667386,0 85.248397,27.667387,0 85.248388,27.667387,0 85.24838,27.667387,0 85.248373,27.667386,0 85.248367,27.667385,0 85.248361,27.667382,0 85.248355,27.66738,0 85.24835,27.667379,0 85.248348,27.667381,0 85.248346,27.667383,0 85.248343,27.667386,0 85.248341,27.667388,0 85.248339,27.667391,0 85.248339,27.667393,0 85.248337,27.667395,0 85.248337,27.667397,0 85.248335,27.667399,0 85.248333,27.6674,0 85.248329,27.667399,0 85.248324,27.667397,0 85.24832,27.667396,0 85.248322,27.667407,0 85.248322,27.667408,0 85.248327,27.667419,0 85.24833,27.667427,0 85.24832,27.667424,0 85.248317,27.667424,0 85.248313,27.667423,0 85.248305,27.66742,0 85.248295,27.667416,0 85.248284,27.667412,0 85.248272,27.667406,0 85.248261,27.6674,0 85.24825,27.667394,0 85.248239,27.667388,0 85.248231,27.667383,0 85.248225,27.667379,0 85.248219,27.667376,0 85.248212,27.667374,0 85.248213,27.667375,0 85.248214,27.667377,0 85.248216,27.667378,0 85.24822,27.667377,0 85.248225,27.667374,0 85.24823,27.667372,0 85.248235,27.667377,0 85.248229,27.667385,0 85.248232,27.667387,0 85.248229,27.667387,0 85.248228,27.667386,0 85.248226,27.667385,0 85.248224,27.667384,0 85.248222,27.667382,0 85.248221,27.66738,0 85.248214,27.667376,0 85.248213,27.667375,0 85.248207,27.667372,0 85.248204,27.667371,0 85.248203,27.667371,0 85.248201,27.66737,0 85.2482,27.667369,0 85.248198,27.667368,0 85.248194,27.667364,0 85.248192,27.667362,0 85.248182,27.667359,0 85.248179,27.667358,0 85.248172,27.667358,0 85.248161,27.667354,0 85.24815,27.667349,0 85.248137,27.667345,0 85.248122,27.667342,0 85.248107,27.667338,0 85.248091,27.667333,0 85.248077,27.667328,0 85.248066,27.667324,0 85.248037,27.667316,0 85.248036,27.667315,0 85.24803,27.667309,0 85.248029,27.667308,0 85.248027,27.667308,0 85.248026,27.667309,0 85.248026,27.66731,0 85.248027,27.667309,0 85.248028,27.667308,0 85.248028,27.667306,0 85.248027,27.667305,0 85.248026,27.667305,0 85.248025,27.667306,0 85.248023,27.667306,0 85.248021,27.667307,0 85.248012,27.667302,0 85.248011,27.667299,0 85.248006,27.667304,0 85.247999,27.667306,0 85.247986,27.667307,0 85.247982,27.667305,0 85.247975,27.667301,0 85.247966,27.667296,0 85.247956,27.667292,0 85.247944,27.667287,0 85.24793,27.66728,0 85.247915,27.667272,0 85.247899,27.667266,0 85.247885,27.667259,0 85.247876,27.667253,0 85.247868,27.667248,0 85.247862,27.667244,0 85.247858,27.66724,0 85.247852,27.667239,0 85.247844,27.667236,0 85.247835,27.667232,0 85.247827,27.667227,0 85.247819,27.667221,0 85.247811,27.667213,0 85.247803,27.667208,0 85.247795,27.667204,0 85.247787,27.667201,0 85.24778,27.6672,0 85.247775,27.667199,0 85.24777,27.667197,0 85.247754,27.667194,0 85.247753,27.667194,0 85.247751,27.667195,0 85.247747,27.667195,0 85.247744,27.667197,0 85.247739,27.667199,0 85.247733,27.667198,0 85.247729,27.667197,0 85.247723,27.667196,0 85.247718,27.667195,0 85.247711,27.667193,0 85.247704,27.667191,0 85.247698,27.667189,0 85.247692,27.667188,0 85.24769,27.667186,0 85.247687,27.667184,0 85.247683,27.667182,0 85.247677,27.66718,0 85.247671,27.667177,0 85.247667,27.667174,0 85.247663,27.667171,0 85.247659,27.667168,0 85.247656,27.667166,0 85.247653,27.667168,0 85.247653,27.667167,0 85.247651,27.667163,0 85.247649,27.667162,0 85.247647,27.667161,0 85.247645,27.66716,0 85.247642,27.667159,0 85.247639,27.667159,0 85.247635,27.667157,0 85.24763,27.667154,0 85.247625,27.667152,0 85.24762,27.667152,0 85.247617,27.667152,0 85.247616,27.667154,0 85.247615,27.667155,0 85.247613,27.667155,0 85.24761,27.667153,0 85.247605,27.667151,0 85.247602,27.667148,0 85.247597,27.667145,0 85.247593,27.667144,0 85.247588,27.667143,0 85.247583,27.667144,0 85.247578,27.667143,0 85.247574,27.667141,0 85.24757,27.66714,0 85.247566,27.667139,0 85.247563,27.667138,0 85.24756,27.667136,0 85.247557,27.667134,0 85.247556,27.667131,0 85.247552,27.667126,0 85.247546,27.667122,0 85.247543,27.667121,0 85.247538,27.667119,0 85.24754,27.667123,0 85.247536,27.667123,0 85.247533,27.667128,0 85.24753,27.667124,0 85.247529,27.667122,0 85.247528,27.667119,0 85.247527,27.667117,0 85.247526,27.667112,0 85.247527,27.667107,0 85.247529,27.667103,0 85.247531,27.667097,0 85.247533,27.66709,0 85.247536,27.667084,0 85.24754,27.667079,0 85.247545,27.667075,0 85.24755,27.667072,0 85.247555,27.667068,0 85.247561,27.667065,0 85.247568,27.667064,0 85.247574,27.667061,0 85.247581,27.667057,0 85.247588,27.667052,0 85.247599,27.667047,0 85.24761,27.667039,0 85.24762,27.667032,0 85.247627,27.667024,0 85.247631,27.667016,0 85.247635,27.667008,0 85.24764,27.667001,0 85.247645,27.666997,0 85.247651,27.666994,0 85.247657,27.666992,0 85.247664,27.666989,0 85.24767,27.666986,0 85.247675,27.666983,0 85.24768,27.66698,0 85.247685,27.666977,0 85.24769,27.666973,0 85.247694,27.666971,0 85.247699,27.666967,0 85.247705,27.666964,0 85.247712,27.666963,0 85.247721,27.666961,0 85.247729,27.666958,0 85.247735,27.666954,0 85.247738,27.666949,0 85.24774,27.666945,0 85.24774,27.666941,0 85.247743,27.666937,0 85.247747,27.666931,0 85.24775,27.666924,0 85.247753,27.666918,0 85.247754,27.66691,0 85.247756,27.666903,0 85.247759,27.666898,0 85.247763,27.666894,0 85.247767,27.666889,0 85.247772,27.666884,0 85.247777,27.66688,0 85.247783,27.666877,0 85.247788,27.666873,0 85.247793,27.66687,0 85.247797,27.666866,0 85.247801,27.666862,0 85.247804,27.666858,0 85.247807,27.666854,0 85.24781,27.66685,0 85.247815,27.666848,0 85.24782,27.666846,0 85.247825,27.666845,0 85.24783,27.666843,0 85.247834,27.666839,0 85.247839,27.666836,0 85.247844,27.666831,0 85.247851,27.666826,0 85.247858,27.666821,0 85.247865,27.666815,0 85.24787,27.666809,0 85.247874,27.666804,0 85.247878,27.666799,0 85.247882,27.666795,0 85.247888,27.66679,0 85.247893,27.666786,0 85.247899,27.666781,0 85.247903,27.666777,0 85.247908,27.666773,0 85.247912,27.66677,0 85.247917,27.666766,0 85.247922,27.666762,0 85.247928,27.666757,0 85.247936,27.666753,0 85.247945,27.666748,0 85.247954,27.666743,0 85.247962,27.666738,0 85.247969,27.666733,0 85.247976,27.666728,0 85.247981,27.666724,0 85.247986,27.666719,0 85.247992,27.666714,0 85.247997,27.666707,0 85.248003,27.666701,0 85.24801,27.666693,0 85.248015,27.666684,0 85.248018,27.666675,0 85.248018,27.666666,0 85.248017,27.666658,0 85.248016,27.666649,0 85.248013,27.666638,0 85.248012,27.66663,0 85.248012,27.666621,0 85.248014,27.666613,0 85.248015,27.666604,0 85.248016,27.666595,0 85.248018,27.666587,0 85.24802,27.66658,0 85.248021,27.666575,0 85.248025,27.666564,0 85.248013,27.666557,0 85.248012,27.666556,0 85.248008,27.666552,0 85.248007,27.666551,0 85.248005,27.66655,0 85.248001,27.666547,0 85.247998,27.666545,0 85.247994,27.666543,0 85.247991,27.666541,0 85.24798,27.666535,0 85.247979,27.666535,0 85.247976,27.66653,0 85.247975,27.66653,0 85.247972,27.66653,0 85.247969,27.666529,0 85.247966,27.666528,0 85.247963,27.666527,0 85.24796,27.666524,0 85.247958,27.666523,0 85.247954,27.66652,0 85.247949,27.666516,0 85.247942,27.666512,0 85.247931,27.666507,0 85.24792,27.666502,0 85.247909,27.666498,0 85.247899,27.666493,0 85.247889,27.666489,0 85.247879,27.666483,0 85.247869,27.666478,0 85.247861,27.666474,0 85.247855,27.666471,0 85.24785,27.66647,0 85.247844,27.66647,0 85.247839,27.666472,0 85.247836,27.666474,0 85.247833,27.666476,0 85.247831,27.666478,0 85.247828,27.66648,0 85.247825,27.666483,0 85.247823,27.666485,0 85.247807,27.66649,0 85.247807,27.666499,0 85.247806,27.666501,0 85.247803,27.666503,0 85.247798,27.666514,0 85.247797,27.66652,0 85.247794,27.666521,0 85.24779,27.666524,0 85.247785,27.666527,0 85.24778,27.666528,0 85.247775,27.666529,0 85.247771,27.666529,0 85.247768,27.666528,0 85.24776,27.666525,0 85.247759,27.666524,0 85.247752,27.666522,0 85.247752,27.666525,0 85.247748,27.666529,0 85.247747,27.666529,0 85.247747,27.66653,0 85.247745,27.666531,0 85.247735,27.666534,0 85.247727,27.666532,0 85.247723,27.666532,0 85.247717,27.66653,0 85.24771,27.666528,0 85.247701,27.666526,0 85.247693,27.666524,0 85.247685,27.666523,0 85.247677,27.666521,0 85.24767,27.666519,0 85.247663,27.666517,0 85.247649,27.666514,0 85.247644,27.666514,0 85.247643,27.666515,0 85.247643,27.66652,0 85.247643,27.666527,0 85.247643,27.666533,0 85.247627,27.666547,0 85.24762,27.666534,0 85.24762,27.666532,0 85.247619,27.666529,0 85.247617,27.666525,0 85.247616,27.666522,0 85.247614,27.666518,0 85.247611,27.666512,0 85.247609,27.666506,0 85.247607,27.666501,0 85.247603,27.666496,0 85.247598,27.666492,0 85.247592,27.66649,0 85.247585,27.666487,0 85.247578,27.666485,0 85.247572,27.666484,0 85.247565,27.666482,0 85.247557,27.666479,0 85.247548,27.666476,0 85.247537,27.666473,0 85.247525,27.666469,0 85.247515,27.666464,0 85.247506,27.666461,0 85.247499,27.666459,0 85.247494,27.666458,0 85.247488,27.666456,0 85.247483,27.666452,0 85.247481,27.666449,0 85.247478,27.666444,0 85.247478,27.666441,0 85.24748,27.666439,0 85.24747,27.666439,0 85.247469,27.666439,0 85.247468,27.666439,0 85.247471,27.666439,0 85.247475,27.666437,0 85.247478,27.666433,0 85.247482,27.666428,0 85.247484,27.666423,0 85.247485,27.666418,0 85.247485,27.666415,0 85.247483,27.666411,0 85.247481,27.666409,0 85.247479,27.666407,0 85.247476,27.666403,0 85.247474,27.6664,0 85.247473,27.666394,0 85.247472,27.666387,0 85.247471,27.666379,0 85.247469,27.666369,0 85.247466,27.66636,0 85.247464,27.666352,0 85.247464,27.666344,0 85.247464,27.666336,0 85.247464,27.666328,0 85.247465,27.666319,0 85.247463,27.666311,0 85.247461,27.666304,0 85.247457,27.666298,0 85.247453,27.666294,0 85.247442,27.666284,0 85.247442,27.666285,0 85.24744,27.666285,0 85.247438,27.666285,0 85.247434,27.666283,0 85.247429,27.66628,0 85.247424,27.666277,0 85.247419,27.666275,0 85.247417,27.666273,0 85.247415,27.66627,0 85.247411,27.666264,0 85.24741,27.666264,0 85.247407,27.666263,0 85.247402,27.666263,0 85.2474,27.666262,0 85.247398,27.666262,0 85.247395,27.666263,0 85.247391,27.666262,0 85.247385,27.66626,0 85.24738,27.666258,0 85.247374,27.666256,0 85.247369,27.666255,0 85.247361,27.666255,0 85.247355,27.666254,0 85.247348,27.666254,0 85.24734,27.666254,0 85.247333,27.666254,0 85.247327,27.666255,0 85.247321,27.666256,0 85.247314,27.666255,0 85.247308,27.666255,0 85.247303,27.666254,0 85.247299,27.666253,0 85.247294,27.66625,0 85.247288,27.666246,0 85.247283,27.666243,0 85.247278,27.66624,0 85.247272,27.666238,0 85.247268,27.666236,0 85.247259,27.666226,0 85.247258,27.666226,0 85.247257,27.666223,0 85.247254,27.666221,0 85.247254,27.66622,0 85.247253,27.666219,0 85.247241,27.66622,0 85.247238,27.66622,0 85.247238,27.666219,0 85.247237,27.666217,0 85.247237,27.666215,0 85.247236,27.666212,0 85.247235,27.66621,0 85.247229,27.666201,0 85.247228,27.666201,0 85.247223,27.666196,0 85.247221,27.666195,0 85.247214,27.666188,0 85.247211,27.666187,0 85.247202,27.666184,0 85.247189,27.666183,0 85.247171,27.66618,0 85.24715,27.666175,0 85.247132,27.666172,0 85.247113,27.666168,0 85.247096,27.666165,0 85.247081,27.666163,0 85.24707,27.666162,0 85.247062,27.66616,0 85.247058,27.666159,0 85.247055,27.666156,0 85.247054,27.666151,0 85.247055,27.666146,0 85.247056,27.66614,0 85.247057,27.666134,0 85.247056,27.666127,0 85.247056,27.66612,0 85.247055,27.666114,0 85.247053,27.666109,0 85.247051,27.666106,0 85.247049,27.666105,0 85.247048,27.666108,0 85.247046,27.666112,0 85.247043,27.666115,0 85.247038,27.666119,0 85.247031,27.666122,0 85.247024,27.666125,0 85.247008,27.666128,0 85.247008,27.666127,0 85.247009,27.666124,0 85.24701,27.66612,0 85.24701,27.666117,0 85.24701,27.666113,0 85.247011,27.666098,0 85.247011,27.666097,0 85.247012,27.666095,0 85.247008,27.66609,0 85.247007,27.66609,0 85.247005,27.666092,0 85.247004,27.666096,0 85.247004,27.666099,0 85.247005,27.666108,0 85.247004,27.666108,0 85.247002,27.666108,0 85.246999,27.666107,0 85.246995,27.666105,0 85.246995,27.666104,0 85.246994,27.666103,0 85.246995,27.666102,0 85.246998,27.6661,0 85.247,27.666098,0 85.247,27.666095,0 85.247,27.666092,0 85.246999,27.66609,0 85.246999,27.666087,0 85.246998,27.666083,0 85.246996,27.666078,0 85.246993,27.666073,0 85.246991,27.666068,0 85.24699,27.666063,0 85.246989,27.666058,0 85.246987,27.666054,0 85.246985,27.666051,0 85.24698,27.666042,0 85.246979,27.666042,0 85.246977,27.666042,0 85.246974,27.666042,0 85.24697,27.666041,0 85.24696,27.666043,0 85.24696,27.666044,0 85.246955,27.666053,0 85.246954,27.666054,0 85.246951,27.666055,0 85.246947,27.666058,0 85.246942,27.666061,0 85.246938,27.666065,0 85.246927,27.666077,0 85.246926,27.666077,0 85.246924,27.666077,0 85.246921,27.666075,0 85.246918,27.666073,0 85.246913,27.666067,0 85.246905,27.666063,0 85.246903,27.666062,0 85.246898,27.66606,0 85.246893,27.666058,0 85.246889,27.666058,0 85.246883,27.666056,0 85.246878,27.666056,0 85.246873,27.666056,0 85.246869,27.666057,0 85.246855,27.666058,0 85.246853,27.666059,0 85.246849,27.66606,0 85.246845,27.666062,0 85.246841,27.666065,0 85.246838,27.666068,0 85.246831,27.666071,0 85.246823,27.666074,0 85.246814,27.666077,0 85.246805,27.666079,0 85.246797,27.66608,0 85.24679,27.66608,0 85.246785,27.666079,0 85.246781,27.666078,0 85.24677,27.666067,0 85.246767,27.66606,0 85.246767,27.666059,0 85.246768,27.666057,0 85.24677,27.666055,0 85.24677,27.666051,0 85.246769,27.666047,0 85.246767,27.666035,0 85.246767,27.666036,0 85.24675,27.666043,0 85.246749,27.666043,0 85.246747,27.666043,0 85.246744,27.666043,0 85.246742,27.666043,0 85.246738,27.666042,0 85.246734,27.666041,0 85.246731,27.66604,0 85.246724,27.666037,0 85.246723,27.666036,0 85.24672,27.666033,0 85.246716,27.666029,0 85.24671,27.666024,0 85.246705,27.666018,0 85.246699,27.666011,0 85.246693,27.666005,0 85.246687,27.665998,0 85.246681,27.665992,0 85.246676,27.665986,0 85.246671,27.665981,0 85.246666,27.665976,0 85.246662,27.665972,0 85.246659,27.665968,0 85.246655,27.665965,0 85.246649,27.665954,0 85.246649,27.665953,0 85.246649,27.665951,0 85.246649,27.665948,0 85.246648,27.665944,0 85.246648,27.665941,0 85.246647,27.665937,0 85.246647,27.665934,0 85.246647,27.665931,0 85.246637,27.665924,0 85.246632,27.665924,0 85.246631,27.665924,0 85.246629,27.665923,0 85.24662,27.66592,0 85.246619,27.665915,0 85.246617,27.665907,0 85.246617,27.665906,0 85.246617,27.665903,0 85.246616,27.665898,0 85.246616,27.665893,0 85.246614,27.665879,0 85.24661,27.665877,0 85.246609,27.665876,0 85.246607,27.665872,0 85.246604,27.665867,0 85.246599,27.665859,0 85.246592,27.665851,0 85.246585,27.665843,0 85.24658,27.665835,0 85.246575,27.665827,0 85.246569,27.665818,0 85.246563,27.665809,0 85.246556,27.665801,0 85.246552,27.665794,0 85.24655,27.665788,0 85.246544,27.66577,0 85.246544,27.665769,0 85.246543,27.665766,0 85.246542,27.665764,0 85.246541,27.665762,0 85.246539,27.665759,0 85.246537,27.665758,0 85.246527,27.665756,0 85.246526,27.665756,0 85.246523,27.665757,0 85.24652,27.665757,0 85.246511,27.665762,0 85.246511,27.665764,0 85.246509,27.665767,0 85.246506,27.66577,0 85.246503,27.665773,0 85.246501,27.665777,0 85.246498,27.665779,0 85.246495,27.665781,0 85.246494,27.665783,0 85.246492,27.665786,0 85.246489,27.665787,0 85.246486,27.665789,0 85.246483,27.665791,0 85.246481,27.665793,0 85.246481,27.665795,0 85.24648,27.665797,0 85.246482,27.665799,0 85.246481,27.665796,0 85.24648,27.665796,0 85.246479,27.665797,0 85.246477,27.665798,0 85.246471,27.665801,0 85.246469,27.6658,0 85.246466,27.665798,0 85.246463,27.665797,0 85.246462,27.665797,0 85.246461,27.665796,0 85.24646,27.665796,0 85.246459,27.665796,0 85.246457,27.665798,0 85.246456,27.665799,0 85.246454,27.665801,0 85.246453,27.665806,0 85.246451,27.665811,0 85.24645,27.665813,0 85.24645,27.665815,0 85.246449,27.665818,0 85.246448,27.66582,0 85.246444,27.665834,0 85.246444,27.665835,0 85.246442,27.665839,0 85.246441,27.665845,0 85.246439,27.665853,0 85.246437,27.665861,0 85.246435,27.665868,0 85.246431,27.665876,0 85.246427,27.665883,0 85.246423,27.665891,0 85.24642,27.665899,0 85.246418,27.665906,0 85.246411,27.665924,0 85.24641,27.665925,0 85.246408,27.665929,0 85.246404,27.665934,0 85.246401,27.66594,0 85.246393,27.665957,0 85.246393,27.665958,0 85.246394,27.665959,0 85.246403,27.665962,0 85.246406,27.665964,0 85.246406,27.665969,0 85.246405,27.665969,0 85.246405,27.66597,0 85.246402,27.665971,0 85.2464,27.665973,0 85.246391,27.665981,0 85.24639,27.665981,0 85.246388,27.665981,0 85.246385,27.665982,0 85.246376,27.665987,0 85.246375,27.665987,0 85.246373,27.665987,0 85.246371,27.665988,0 85.246369,27.665989,0 85.246367,27.665991,0 85.246365,27.665992,0 85.246361,27.665993,0 85.246357,27.665995,0 85.246354,27.665996,0 85.246336,27.665999,0 85.246328,27.666001,0 85.24632,27.665996,0 85.246319,27.665995,0 85.246318,27.665986,0 85.246316,27.665982,0 85.246315,27.665976,0 85.246313,27.665972,0 85.246306,27.665969,0 85.246305,27.665969,0 85.246295,27.665971,0 85.246285,27.665971,0 85.24628,27.665971,0 85.246279,27.665971,0 85.246277,27.66597,0 85.246276,27.665968,0 85.246274,27.665966,0 85.246272,27.665964,0 85.24627,27.665961,0 85.246268,27.665959,0 85.246266,27.665955,0 85.246265,27.665952,0 85.246264,27.665949,0 85.246262,27.665946,0 85.246258,27.665937,0 85.246258,27.665936,0 85.246258,27.665935,0 85.246258,27.665932,0 85.246257,27.665929,0 85.246256,27.665926,0 85.246254,27.665923,0 85.246252,27.66592,0 85.246249,27.665918,0 85.246247,27.665915,0 85.24624,27.665909,0 85.246233,27.665907,0 85.246232,27.665908,0 85.246228,27.665911,0 85.246222,27.665915,0 85.246214,27.665919,0 85.246206,27.665925,0 85.246197,27.665931,0 85.246188,27.665936,0 85.246178,27.665939,0 85.246169,27.665944,0 85.246159,27.665947,0 85.246151,27.665951,0 85.246132,27.665956,0 85.246132,27.665951,0 85.246132,27.665949,0 85.246134,27.665947,0 85.246136,27.665943,0 85.246138,27.66594,0 85.24614,27.665935,0 85.246141,27.665931,0 85.246142,27.665927,0 85.246143,27.665924,0 85.246145,27.66592,0 85.246145,27.665917,0 85.246145,27.665912,0 85.246145,27.665909,0 85.246143,27.665905,0 85.246141,27.665901,0 85.24614,27.665896,0 85.246139,27.665891,0 85.246138,27.665887,0 85.246137,27.665884,0 85.246137,27.665879,0 85.246137,27.665875,0 85.246137,27.665871,0 85.24613,27.665859,0 85.246129,27.665859,0 85.246123,27.665861,0 85.246122,27.665861,0 85.24612,27.665862,0 85.246116,27.665864,0 85.246111,27.665867,0 85.246108,27.665871,0 85.246106,27.665874,0 85.246104,27.665877,0 85.246097,27.665886,0 85.246095,27.665888,0 85.24609,27.665894,0 85.246083,27.665901,0 85.246076,27.665909,0 85.246069,27.665918,0 85.24606,27.665926,0 85.246052,27.665935,0 85.246044,27.665944,0 85.246036,27.665953,0 85.246029,27.665961,0 85.246024,27.665967,0 85.24602,27.665973,0 85.246014,27.665976,0 85.246009,27.665979,0 85.246003,27.66598,0 85.245997,27.665982,0 85.245992,27.665984,0 85.245988,27.665988,0 85.245983,27.665991,0 85.245978,27.665995,0 85.245974,27.665998,0 85.245969,27.666,0 85.245959,27.666002,0 85.24595,27.666003,0 85.245942,27.666005,0 85.245935,27.666006,0 85.245931,27.666006,0 85.245927,27.666006,0 85.245924,27.666003,0 85.245915,27.665994,0 85.245915,27.665993,0 85.245912,27.665992,0 85.245908,27.66599,0 85.245904,27.66599,0 85.2459,27.66599,0 85.245895,27.665991,0 85.245889,27.665992,0 85.245883,27.665993,0 85.245876,27.665994,0 85.245869,27.665996,0 85.245861,27.665997,0 85.245854,27.665999,0 85.245847,27.665999,0 85.24584,27.666,0 85.245833,27.666,0 85.245826,27.666001,0 85.245819,27.666001,0 85.245809,27.666001,0 85.2458,27.666003,0 85.245788,27.666004,0 85.245777,27.666006,0 85.245766,27.666008,0 85.245753,27.66601,0 85.24574,27.666012,0 85.245728,27.666014,0 85.245716,27.666016,0 85.245703,27.666017,0 85.245691,27.66602,0 85.245681,27.666022,0 85.245657,27.666026,0 85.245657,27.666025,0 85.245654,27.666025,0 85.245647,27.666024,0 85.24564,27.666024,0 85.245633,27.666023,0 85.245626,27.666022,0 85.245612,27.666018,0 85.245616,27.666018,0 85.245629,27.666021,0 85.245631,27.666021,0 85.245636,27.666022,0 85.245643,27.666023,0 85.245651,27.666023,0 85.245661,27.666023,0 85.245672,27.666023,0 85.245683,27.666024,0 85.245695,27.666025,0 85.245707,27.666028,0 85.24572,27.666029,0 85.245733,27.66603,0 85.245748,27.666029,0 85.245762,27.666027,0 85.245775,27.666025,0 85.245785,27.666021,0 85.245793,27.666014,0 85.245799,27.666005,0 85.245803,27.665997,0 85.245805,27.665989,0 85.245806,27.665979,0 85.245807,27.665969,0 85.245808,27.665958,0 85.245807,27.665947,0 85.245806,27.665937,0 85.245802,27.665927,0 85.245797,27.665918,0 85.245792,27.66591,0 85.245788,27.665901,0 85.245784,27.665895,0 85.245781,27.66589,0 85.245776,27.665878,0 85.245781,27.665879,0 85.245781,27.66588,0 85.245784,27.665874,0 85.245783,27.665873,0 85.245782,27.66587,0 85.24578,27.665867,0 85.24578,27.665863,0 85.245781,27.665858,0 85.245781,27.665853,0 85.24578,27.665849,0 85.245778,27.665845,0 85.245779,27.665833,0 85.245778,27.665832,0 85.245782,27.665833,0 85.245785,27.665832,0 85.24579,27.66583,0 85.245795,27.665827,0 85.245799,27.665826,0 85.245802,27.665826,0 85.245803,27.665826,0 85.245802,27.665826,0 85.2458,27.665824,0 85.245797,27.665822,0 85.245793,27.665818,0 85.245789,27.665816,0 85.245783,27.665814,0 85.245778,27.665812,0 85.245773,27.665811,0 85.24577,27.66581,0 85.245766,27.665809,0 85.245763,27.665809,0 85.245764,27.665813,0 85.245765,27.665813,0 85.245766,27.665813,0 85.245776,27.665811,0 85.245781,27.665811,0 85.245782,27.665811,0 85.245783,27.665814,0 85.245782,27.665821,0 85.245781,27.66583,0 85.24578,27.665838,0 85.24578,27.665845,0 85.245779,27.665851,0 85.245779,27.665856,0 85.245779,27.665871,0 85.245776,27.66587,0 85.245774,27.665873,0 85.245768,27.665868,0 85.245767,27.665868,0 85.245765,27.665868,0 85.245763,27.665868,0 85.24576,27.665867,0 85.245758,27.665866,0 85.245755,27.665864,0 85.245752,27.665862,0 85.245748,27.665858,0 85.245749,27.66586,0 85.245751,27.665864,0 85.245754,27.665868,0 85.245758,27.665872,0 85.245762,27.665875,0 85.245778,27.665881,0 85.24578,27.665881,0 85.245794,27.665878,0 85.245795,27.665877,0 85.245797,27.665875,0 85.245808,27.665866,0 85.245806,27.665866,0 85.245799,27.66587,0 85.245798,27.665876,0 85.245796,27.66588,0 85.245795,27.665886,0 85.245793,27.665893,0 85.245791,27.6659,0 85.245788,27.665907,0 85.245785,27.665914,0 85.245781,27.665922,0 85.245778,27.665929,0 85.245774,27.665935,0 85.245766,27.665951,0 85.245769,27.665945,0 85.24577,27.665943,0 85.245772,27.66594,0 85.245775,27.665938,0 85.245777,27.665934,0 85.24578,27.66593,0 85.245784,27.665925,0 85.245784,27.665926,0 85.245785,27.665928,0 85.245811,27.66594,0 85.245816,27.66595,0 85.245815,27.665951,0 85.245816,27.665953,0 85.245819,27.665957,0 85.245821,27.665961,0 85.245822,27.665965,0 85.245824,27.66597,0 85.245825,27.665975,0 85.245828,27.66598,0 85.245833,27.665985,0 85.245838,27.665987,0 85.245844,27.665988,0 85.24585,27.665988,0 85.245855,27.665987,0 85.245859,27.665986,0 85.245862,27.665985,0 85.245863,27.665983,0 85.245874,27.665986,0 85.245878,27.665987,0 85.245885,27.665987,0 85.245896,27.66599,0 85.24591,27.665994,0 85.245923,27.665996,0 85.245937,27.665998,0 85.245955,27.666,0 85.245975,27.666,0 85.245995,27.666,0 85.24601,27.665996,0 85.246021,27.66599,0 85.246028,27.665984,0 85.246035,27.665978,0 85.246042,27.66597,0 85.24605,27.665962,0 85.246058,27.665953,0 85.246065,27.665943,0 85.246072,27.665935,0 85.246078,27.665928,0 85.246083,27.665922,0 85.246089,27.665917,0 85.246094,27.665914,0 85.246099,27.665912,0 85.246104,27.665911,0 85.24611,27.66591,0 85.246115,27.665907,0 85.24612,27.665903,0 85.246124,27.665895,0 85.246127,27.665885,0 85.246129,27.665876,0 85.24613,27.665868,0 85.246128,27.665861,0 85.246125,27.665853,0 85.246122,27.665844,0 85.246119,27.665835,0 85.246116,27.665826,0 85.246111,27.665818,0 85.246107,27.66581,0 85.246103,27.665803,0 85.246099,27.665797,0 85.246095,27.665791,0 85.246092,27.665785,0 85.246088,27.665779,0 85.246084,27.665773,0 85.24608,27.665767,0 85.246074,27.66576,0 85.246068,27.665752,0 85.24606,27.665744,0 85.246052,27.665737,0 85.246042,27.665731,0 85.24603,27.665725,0 85.246021,27.665719,0 85.246015,27.665715,0 85.246008,27.66571,0 85.246001,27.665704,0 85.245994,27.665696,0 85.245989,27.665689,0 85.245985,27.66568,0 85.245982,27.665671,0 85.245978,27.665661,0 85.245974,27.665652,0 85.24597,27.665642,0 85.245965,27.665633,0 85.24596,27.665624,0 85.245955,27.665616,0 85.245951,27.665608,0 85.245945,27.665601,0 85.24594,27.665595,0 85.245935,27.665589,0 85.245931,27.665583,0 85.245928,27.665577,0 85.245925,27.66557,0 85.245922,27.665563,0 85.245921,27.665558,0 85.24592,27.665553,0 85.245919,27.665546,0 85.245917,27.665541,0 85.245915,27.665535,0 85.245914,27.66553,0 85.245912,27.665525,0 85.245911,27.665518,0 85.24591,27.665511,0 85.245909,27.665503,0 85.245908,27.665495,0 85.245908,27.665487,0 85.245907,27.665479,0 85.245907,27.665472,0 85.245907,27.665465,0 85.245905,27.665457,0 85.245905,27.665449,0 85.245905,27.665441,0 85.245905,27.665433,0 85.245904,27.665425,0 85.245902,27.665417,0 85.245899,27.665409,0 85.245894,27.665401,0 85.245888,27.665393,0 85.245883,27.665384,0 85.245878,27.665375,0 85.245874,27.665366,0 85.245871,27.665358,0 85.245871,27.66535,0 85.24587,27.665342,0 85.24587,27.665333,0 85.245869,27.665325,0 85.245868,27.665317,0 85.245866,27.66531,0 85.245861,27.665304,0 85.245856,27.665299,0 85.245851,27.665293,0 85.245848,27.665288,0 85.245847,27.665275,0 85.245848,27.665269,0 85.245849,27.665262,0 85.24585,27.665256,0 85.245851,27.665249,0 85.245852,27.665242,0 85.245853,27.665236,0 85.245854,27.665229,0 85.245855,27.665222,0 85.245856,27.665216,0 85.245857,27.665209,0 85.245858,27.665202,0 85.245859,27.665196,0 85.24586,27.665189,0 85.245861,27.665182,0 85.245862,27.665176,0 85.245863,27.665169,0 85.245864,27.665163,0 85.245865,27.665156,0 85.245866,27.665149,0 85.245867,27.665143,0 85.245868,27.665136,0 85.245869,27.665129,0 85.245869,27.665123,0 85.24587,27.665116,0 85.245871,27.665109,0 85.245872,27.665103,0 85.245873,27.665096,0 85.245874,27.665089,0 85.245875,27.665083,0 85.245876,27.665076,0 85.245877,27.66507,0 85.245878,27.665063,0 85.245879,27.665056,0 85.24588,27.66505,0 85.245881,27.665043,0 85.245882,27.665036,0 85.245883,27.66503,0 85.245884,27.665023,0 85.245885,27.665016,0 85.245886,27.66501,0 85.245887,27.665003,0 85.245888,27.664996,0 85.245884,27.664991,0 85.24588,27.664987,0 85.245868,27.664972,0 85.245865,27.664967,0 85.245862,27.664964,0 85.245856,27.664957,0 85.245847,27.664948,0 85.245837,27.66494,0 85.245828,27.66493,0 85.245821,27.664921,0 85.245814,27.664911,0 85.245807,27.664902,0 85.245798,27.664892,0 85.245789,27.664884,0 85.24578,27.664876,0 85.245771,27.664869,0 85.245763,27.664862,0 85.245757,27.664855,0 85.24575,27.664848,0 85.245744,27.66484,0 85.245738,27.664833,0 85.245732,27.664826,0 85.245725,27.66482,0 85.245717,27.664816,0 85.245709,27.664811,0 85.245702,27.664806,0 85.245694,27.664799,0 85.245687,27.664793,0 85.245679,27.664787,0 85.245672,27.66478,0 85.245666,27.664774,0 85.245659,27.664768,0 85.245651,27.664762,0 85.245643,27.664755,0 85.245635,27.66475,0 85.245627,27.664743,0 85.245621,27.664737,0 85.245615,27.664731,0 85.245608,27.664724,0 85.245601,27.664718,0 85.245593,27.664712,0 85.245586,27.664707,0 85.24558,27.664703,0 85.245574,27.6647,0 85.24557,27.664697,0 85.245568,27.664692,0 85.245567,27.664687,0 85.245568,27.664681,0 85.245568,27.664675,0 85.245562,27.66467,0 85.245557,27.664666,0 85.245553,27.664663,0 85.24555,27.664661,0 85.245549,27.664658,0 85.245549,27.664646,0 85.245549,27.664644,0 85.245548,27.66464,0 85.245547,27.664636,0 85.245546,27.664633,0 85.245545,27.664629,0 85.245544,27.664624,0 85.245544,27.66462,0 85.245543,27.664616,0 85.245542,27.664612,0 85.245541,27.664608,0 85.24554,27.664603,0 85.245539,27.664598,0 85.245538,27.664593,0 85.245537,27.664589,0 85.245537,27.664584,0 85.245537,27.66458,0 85.245535,27.664576,0 85.245535,27.664572,0 85.245536,27.664569,0 85.245536,27.664566,0 85.245536,27.664563,0 85.245537,27.664559,0 85.245537,27.664556,0 85.245537,27.664552,0 85.245536,27.664548,0 85.245536,27.664543,0 85.245534,27.664539,0 85.245532,27.664536,0 85.245529,27.664533,0 85.245526,27.664523,0 85.245526,27.664522,0 85.245525,27.66452,0 85.245524,27.664518,0 85.245523,27.664515,0 85.245521,27.664511,0 85.24552,27.664507,0 85.245519,27.664502,0 85.245518,27.664497,0 85.245516,27.664492,0 85.245513,27.664487,0 85.245509,27.664483,0 85.245505,27.664479,0 85.245502,27.664474,0 85.2455,27.66447,0 85.245496,27.664465,0 85.245491,27.66446,0 85.245486,27.664455,0 85.245481,27.66445,0 85.245478,27.664444,0 85.245476,27.664438,0 85.245474,27.664433,0 85.245473,27.664426,0 85.245473,27.66442,0 85.245474,27.664413,0 85.245476,27.664407,0 85.245476,27.664401,0 85.245476,27.664395,0 85.245475,27.664389,0 85.245474,27.664383,0 85.245473,27.664378,0 85.245473,27.664374,0 85.245471,27.66437,0 85.245465,27.664364,0 85.245461,27.664362,0 85.245458,27.664361,0 85.245454,27.66436,0 85.245451,27.664358,0 85.245447,27.664357,0 85.245444,27.664355,0 85.24544,27.664354,0 85.245437,27.664352,0 85.245433,27.664351,0 85.245429,27.66435,0 85.245426,27.664348,0 85.245422,27.664347,0 85.245419,27.664345,0 85.245415,27.664344,0 85.245412,27.664343,0 85.245408,27.664341,0 85.245405,27.66434,0 85.245401,27.664338,0 85.245398,27.664337,0 85.245394,27.664335,0 85.24539,27.664334,0 85.245387,27.664333,0 85.245383,27.664331,0 85.24538,27.66433,0 85.245376,27.664328,0 85.245373,27.664327,0 85.245369,27.664326,0 85.245366,27.664324,0 85.245362,27.664323,0 85.245359,27.664321,0 85.245355,27.66432,0 85.245351,27.664318,0 85.245348,27.664317,0 85.245344,27.664316,0 85.245341,27.664314,0 85.245337,27.664313,0 85.245334,27.664311,0 85.24533,27.66431,0 85.245327,27.664308,0 85.245323,27.664307,0 85.245319,27.664306,0 85.245316,27.664304,0 85.245312,27.664303,0 85.245309,27.664301,0 85.245305,27.6643,0 85.245302,27.664299,0 85.245298,27.664297,0 85.245295,27.664296,0 85.245291,27.664294,0 85.245288,27.664293,0 85.245284,27.664291,0 85.24528,27.66429,0 85.245277,27.664289,0 85.245273,27.664287,0 85.24527,27.664286,0 85.245266,27.664284,0 85.245263,27.664283,0 85.245259,27.664281,0 85.245256,27.66428,0 85.245252,27.664279,0 85.245249,27.664277,0 85.245245,27.664276,0 85.245241,27.664274,0 85.245238,27.664273,0 85.245234,27.664272,0 85.245231,27.66427,0 85.245227,27.664269,0 85.245224,27.664267,0 85.245222,27.664263,0 85.245219,27.664258,0 85.245216,27.664252,0 85.245212,27.664248,0 85.245209,27.664246,0 85.245205,27.664244,0 85.245201,27.664242,0 85.245196,27.66424,0 85.24519,27.66424,0 85.245185,27.66424,0 85.245181,27.664239,0 85.245177,27.664239,0 85.245174,27.664238,0 85.245171,27.664237,0 85.245168,27.664237,0 85.245164,27.664236,0 85.245161,27.664234,0 85.245153,27.664229,0 85.245152,27.664228,0 85.245152,27.664226,0 85.245151,27.664225,0 85.245149,27.664222,0 85.245147,27.664219,0 85.245145,27.664215,0 85.245142,27.664212,0 85.24514,27.664208,0 85.245137,27.664205,0 85.245134,27.664202,0 85.24513,27.664198,0 85.245126,27.664195,0 85.245123,27.664191,0 85.24512,27.664187,0 85.245119,27.664183,0 85.245118,27.66418,0 85.245116,27.664175,0 85.245114,27.664172,0 85.245112,27.664169,0 85.245108,27.664166,0 85.245104,27.664163,0 85.2451,27.66416,0 85.245096,27.664156,0 85.245091,27.664152,0 85.245088,27.664149,0 85.245077,27.664141,0 85.245076,27.66414,0 85.245074,27.664139,0 85.245072,27.664137,0 85.245068,27.664135,0 85.245066,27.664132,0 85.245063,27.664128,0 85.245063,27.664125,0 85.245062,27.664121,0 85.245061,27.664117,0 85.245061,27.664113,0 85.24506,27.664109,0 85.245059,27.664104,0 85.245058,27.6641,0 85.245054,27.664096,0 85.245049,27.664091,0 85.245043,27.664085,0 85.245036,27.664082,0 85.245029,27.664079,0 85.245024,27.664075,0 85.245021,27.664071,0 85.245018,27.664067,0 85.245015,27.664064,0 85.245012,27.664059,0 85.24501,27.664055,0 85.245008,27.664051,0 85.245006,27.664048,0 85.244997,27.664039,0 85.244996,27.664038,0 85.244995,27.664038,0 85.244993,27.664036,0 85.244989,27.664033,0 85.244985,27.664032,0 85.244981,27.664029,0 85.244978,27.664026,0 85.244976,27.664023,0 85.244972,27.664022,0 85.24496,27.664014,0 85.24496,27.664013,0 85.244959,27.664012,0 85.244957,27.66401,0 85.244955,27.664008,0 85.244952,27.664006,0 85.244949,27.664004,0 85.24494,27.663996,0 85.24494,27.663995,0 85.244939,27.663994,0 85.244939,27.663988,0 85.244939,27.663986,0 85.244938,27.663983,0 85.244936,27.66398,0 85.244935,27.663976,0 85.244929,27.663968,0 85.244932,27.663964,0 85.24494,27.663963,0 85.244945,27.663961,0 85.244946,27.66396,0 85.244957,27.663959,0 85.244959,27.663948,0 85.244959,27.663946,0 85.244959,27.663943,0 85.24496,27.663934,0 85.24496,27.663933,0 85.244961,27.663932,0 85.244957,27.663918,0 85.244954,27.663915,0 85.244949,27.663908,0 85.244942,27.6639,0 85.244937,27.663891,0 85.244931,27.66388,0 85.244925,27.66387,0 85.244916,27.663859,0 85.244907,27.66385,0 85.244897,27.663841,0 85.244887,27.663834,0 85.244879,27.663827,0 85.244872,27.663821,0 85.244866,27.663815,0 85.244862,27.663809,0 85.244857,27.663803,0 85.244852,27.663796,0 85.244848,27.663788,0 85.244844,27.663779,0 85.244841,27.66377,0 85.244836,27.663761,0 85.24483,27.663752,0 85.244822,27.663744,0 85.244814,27.663737,0 85.244804,27.66373,0 85.244793,27.663724,0 85.244781,27.66372,0 85.244768,27.663716,0 85.244755,27.663713,0 85.244743,27.66371,0 85.24473,27.663709,0 85.244717,27.663707,0 85.244704,27.663705,0 85.244692,27.663703,0 85.244681,27.663701,0 85.244672,27.663699,0 85.244662,27.663695,0 85.244652,27.663691,0 85.244641,27.663686,0 85.24463,27.66368,0 85.24462,27.663673,0 85.24461,27.663665,0 85.2446,27.663656,0 85.244588,27.663648,0 85.244578,27.663641,0 85.244568,27.663635,0 85.244558,27.663629,0 85.244548,27.663621,0 85.24454,27.663614,0 85.244534,27.663607,0 85.244528,27.6636,0 85.24452,27.663592,0 85.244511,27.663585,0 85.244503,27.663579,0 85.244494,27.663575,0 85.244487,27.66357,0 85.244481,27.663565,0 85.244475,27.663559,0 85.244469,27.663556,0 85.244451,27.66355,0 85.244451,27.663549,0 85.244452,27.663549,0 85.244454,27.663548,0 85.244459,27.663548,0 85.244459,27.663533,0 85.244458,27.663532,0 85.244455,27.663529,0 85.244452,27.663525,0 85.24445,27.663522,0 85.244441,27.663508,0 85.24444,27.663507,0 85.244439,27.663503,0 85.244435,27.663497,0 85.244431,27.663492,0 85.244425,27.663486,0 85.24442,27.663481,0 85.244413,27.663478,0 85.244404,27.663475,0 85.244393,27.663473,0 85.244383,27.66347,0 85.244359,27.663465,0 85.244354,27.663462,0 85.244352,27.663462,0 85.244348,27.663462,0 85.244343,27.663462,0 85.244339,27.663462,0 85.244324,27.66346,0 85.244324,27.663459,0 85.244324,27.663457,0 85.244323,27.663448,0 85.244321,27.663445,0 85.244321,27.663444,0 85.244321,27.663442,0 85.244321,27.663439,0 85.244318,27.663423,0 85.244316,27.663422,0 85.244313,27.663417,0 85.244308,27.663412,0 85.244304,27.663408,0 85.244299,27.663404,0 85.244294,27.663398,0 85.244289,27.663393,0 85.244285,27.663387,0 85.244279,27.663381,0 85.244274,27.663377,0 85.244269,27.663375,0 85.244265,27.663373,0 85.244261,27.663372,0 85.244257,27.663372,0 85.244243,27.663377,0 85.244242,27.663378,0 85.244239,27.663378,0 85.244235,27.663378,0 85.244229,27.663377,0 85.244223,27.663376,0 85.244217,27.663375,0 85.244211,27.663375,0 85.24419,27.663365,0 85.244189,27.663365,0 85.244186,27.663363,0 85.244181,27.663363,0 85.244175,27.663363,0 85.244169,27.663362,0 85.244162,27.663361,0 85.244151,27.663354,0 85.244151,27.663353,0 85.244153,27.663345,0 85.244153,27.663344,0 85.244152,27.663343,0 85.244152,27.663341,0 85.24415,27.66334,0 85.244148,27.663338,0 85.244144,27.663337,0 85.24414,27.663337,0 85.244137,27.663336,0 85.244133,27.663334,0 85.244129,27.663332,0 85.244125,27.663331,0 85.244121,27.66333,0 85.244118,27.663329,0 85.24411,27.663327,0 85.244109,27.663326,0 85.244106,27.663326,0 85.244101,27.66332,0 85.244101,27.663319,0 85.244101,27.663318,0 85.244101,27.663315,0 85.2441,27.663312,0 85.244101,27.66331,0 85.2441,27.663309,0 85.244099,27.663306,0 85.244095,27.663304,0 85.244092,27.663303,0 85.244088,27.663302,0 85.244082,27.663303,0 85.244078,27.663303,0 85.244076,27.663306,0 85.244062,27.66331,0 85.24406,27.663311,0 85.244059,27.663312,0 85.244057,27.663314,0 85.244047,27.663315,0 85.244046,27.663315,0 85.244045,27.663314,0 85.244044,27.663311,0 85.244041,27.663307,0 85.24404,27.663303,0 85.24404,27.663298,0 85.244042,27.663294,0 85.244045,27.663291,0 85.244047,27.663289,0 85.24405,27.663287,0 85.244054,27.663286,0 85.244058,27.663284,0 85.244062,27.663283,0 85.244065,27.663283,0 85.244068,27.663281,0 85.244067,27.663281,0 85.244064,27.663281,0 85.24406,27.663281,0 85.244045,27.663281,0 85.244038,27.663281,0 85.244037,27.663281,0 85.244036,27.663281,0 85.244033,27.663281,0 85.244028,27.663278,0 85.244025,27.663276,0 85.244022,27.663273,0 85.244019,27.663271,0 85.244017,27.663268,0 85.244014,27.663266,0 85.244011,27.663264,0 85.244008,27.663261,0 85.244005,27.663259,0 85.244003,27.663256,0 85.244,27.663254,0 85.243997,27.663252,0 85.243994,27.663249,0 85.243991,27.663247,0 85.243988,27.663244,0 85.243986,27.663242,0 85.243983,27.663239,0 85.24398,27.663237,0 85.243977,27.663235,0 85.243974,27.663232,0 85.243972,27.66323,0 85.243969,27.663227,0 85.243966,27.663225,0 85.243963,27.663223,0 85.24396,27.66322,0 85.243957,27.663218,0 85.243955,27.663215,0 85.243952,27.663213,0 85.243949,27.66321,0 85.243946,27.663208,0 85.243943,27.663206,0 85.243941,27.663203,0 85.243938,27.663201,0 85.243935,27.663198,0 85.243932,27.663196,0 85.243929,27.663193,0 85.243926,27.663191,0 85.243924,27.663189,0 85.243921,27.663186,0 85.243918,27.663184,0 85.243915,27.663181,0 85.243912,27.663179,0 85.24391,27.663177,0 85.243907,27.663174,0 85.243904,27.663172,0 85.243901,27.663169,0 85.243898,27.663167,0 85.243895,27.663164,0 85.243893,27.663162,0 85.24389,27.66316,0 85.243887,27.663157,0 85.243884,27.663155,0 85.243881,27.663152,0 85.243879,27.66315,0 85.243876,27.663148,0 85.243873,27.663145,0 85.24387,27.663143,0 85.243867,27.66314,0 85.243865,27.663138,0 85.243862,27.663135,0 85.243859,27.663133,0 85.243856,27.663131,0 85.243853,27.663128,0 85.24385,27.663126,0 85.243848,27.663123,0 85.243845,27.663121,0 85.243842,27.663119,0 85.243839,27.663116,0 85.243836,27.663114,0 85.243834,27.663111,0 85.243831,27.663109,0 85.243828,27.663106,0 85.243825,27.663104,0 85.243822,27.663102,0 85.243819,27.663099,0 85.243817,27.663097,0 85.243814,27.663094,0 85.243811,27.663092,0 85.243808,27.66309,0 85.243805,27.663087,0 85.243803,27.663085,0 85.2438,27.663082,0 85.243797,27.66308,0 85.243794,27.663077,0 85.243791,27.663075,0 85.243788,27.663073,0 85.243786,27.66307,0 85.243783,27.663068,0 85.24378,27.663065,0 85.243777,27.663063,0 85.243772,27.663058,0 85.24377,27.663056,0 85.243767,27.663055,0 85.243765,27.663053,0 85.243762,27.663051,0 85.24376,27.663049,0 85.243758,27.663048,0 85.243755,27.663046,0 85.243753,27.663044,0 85.24375,27.663043,0 85.243748,27.663041,0 85.243746,27.663039,0 85.243743,27.663037,0 85.243741,27.663036,0 85.243738,27.663034,0 85.243736,27.663032,0 85.243733,27.66303,0 85.243731,27.663029,0 85.243729,27.663027,0 85.243726,27.663025,0 85.243724,27.663023,0 85.243721,27.663022,0 85.243719,27.66302,0 85.243717,27.663018,0 85.243714,27.663016,0 85.243712,27.663015,0 85.243709,27.663013,0 85.243707,27.663011,0 85.243704,27.663009,0 85.243702,27.663008,0 85.2437,27.663006,0 85.243697,27.663004,0 85.243695,27.663002,0 85.243692,27.663001,0 85.24369,27.662999,0 85.243688,27.662997,0 85.243685,27.662996,0 85.243683,27.662994,0 85.24368,27.662992,0 85.243678,27.66299,0 85.243676,27.662989,0 85.243673,27.662987,0 85.243658,27.66297,0 85.243653,27.662966,0 85.243649,27.662963,0 85.243644,27.66296,0 85.243639,27.662956,0 85.243635,27.662953,0 85.24363,27.66295,0 85.243625,27.662947,0 85.243621,27.662943,0 85.243616,27.66294,0 85.243611,27.662937,0 85.243607,27.662934,0 85.243602,27.66293,0 85.243598,27.662927,0 85.243593,27.662924,0 85.243588,27.66292,0 85.243584,27.662917,0 85.243579,27.662914,0 85.243574,27.662911,0 85.24357,27.662907,0 85.243565,27.662904,0 85.24356,27.662901,0 85.243556,27.662898,0 85.243551,27.662894,0 85.243546,27.662891,0 85.243542,27.662888,0 85.243537,27.662885,0 85.243533,27.662881,0 85.243528,27.662878,0 85.243523,27.662875,0 85.243521,27.662871,0 85.243519,27.662869,0 85.243514,27.662858,0 85.243514,27.662856,0 85.243514,27.662853,0 85.243514,27.662849,0 85.243513,27.662845,0 85.243513,27.66284,0 85.243511,27.662837,0 85.243506,27.662834,0 85.2435,27.662832,0 85.243493,27.66283,0 85.243484,27.662827,0 85.243474,27.662824,0 85.243466,27.662822,0 85.243457,27.66282,0 85.243449,27.662818,0 85.243439,27.662815,0 85.243431,27.662813,0 85.243425,27.662811,0 85.24342,27.662808,0 85.243417,27.662804,0 85.243408,27.662795,0 85.243404,27.662785,0 85.243403,27.662783,0 85.243401,27.66278,0 85.243397,27.662776,0 85.243392,27.662771,0 85.243388,27.662765,0 85.243384,27.662758,0 85.243381,27.662751,0 85.243377,27.662744,0 85.243373,27.662735,0 85.243371,27.662729,0 85.243368,27.662723,0 85.243365,27.662718,0 85.243356,27.662707,0 85.243355,27.662706,0 85.243352,27.662704,0 85.243345,27.6627,0 85.243343,27.662699,0 85.243336,27.66269,0 85.243336,27.662687,0 85.243336,27.662681,0 85.243335,27.662674,0 85.243331,27.662664,0 85.243326,27.662653,0 85.24332,27.662641,0 85.243313,27.66263,0 85.243307,27.662619,0 85.2433,27.662608,0 85.243296,27.6626,0 85.243286,27.66258,0 85.243285,27.662578,0 85.243283,27.662575,0 85.24328,27.662571,0 85.243276,27.662566,0 85.243269,27.662557,0 85.243263,27.662549,0 85.243258,27.662542,0 85.243255,27.662535,0 85.243251,27.66253,0 85.243246,27.662526,0 85.243241,27.662521,0 85.243235,27.662517,0 85.24323,27.662513,0 85.243225,27.662509,0 85.243221,27.662505,0 85.243216,27.6625,0 85.243211,27.662496,0 85.243203,27.66249,0 85.243192,27.662482,0 85.243182,27.662474,0 85.243172,27.662467,0 85.243164,27.662459,0 85.243156,27.662451,0 85.24315,27.662442,0 85.243146,27.662434,0 85.243142,27.662426,0 85.243139,27.662419,0 85.243135,27.662412,0 85.243131,27.662407,0 85.243127,27.662401,0 85.243122,27.662393,0 85.243116,27.662384,0 85.243107,27.662375,0 85.243098,27.662369,0 85.243088,27.662364,0 85.24308,27.66236,0 85.243071,27.662356,0 85.243063,27.662353,0 85.243057,27.66235,0 85.243051,27.662347,0 85.243045,27.662344,0 85.24304,27.662342,0 85.243035,27.662338,0 85.243032,27.662333,0 85.243027,27.662327,0 85.243023,27.662319,0 85.243019,27.662311,0 85.243015,27.662303,0 85.243011,27.662295,0 85.243006,27.662287,0 85.243001,27.66228,0 85.242999,27.662273,0 85.242997,27.662264,0 85.242995,27.662256,0 85.242993,27.662248,0 85.242992,27.662241,0 85.242991,27.662232,0 85.24299,27.662225,0 85.242988,27.662217,0 85.242986,27.662209,0 85.242983,27.662201,0 85.24298,27.662193,0 85.242977,27.662185,0 85.242973,27.662176,0 85.242972,27.662167,0 85.242972,27.662158,0 85.242972,27.66215,0 85.242972,27.662141,0 85.242968,27.662133,0 85.242964,27.662124,0 85.242959,27.662116,0 85.242955,27.662107,0 85.242949,27.662098,0 85.242942,27.66209,0 85.242935,27.662084,0 85.242928,27.662078,0 85.24292,27.662072,0 85.242913,27.662066,0 85.242905,27.662058,0 85.242896,27.662051,0 85.242886,27.662044,0 85.242877,27.662036,0 85.242867,27.662029,0 85.242858,27.662022,0 85.242849,27.662016,0 85.242843,27.662009,0 85.242841,27.662,0 85.242839,27.661992,0 85.242835,27.661985,0 85.24283,27.661977,0 85.242822,27.66197,0 85.242815,27.661961,0 85.242808,27.661954,0 85.2428,27.661948,0 85.242793,27.661941,0 85.242786,27.661934,0 85.242779,27.661928,0 85.242771,27.661919,0 85.242763,27.661911,0 85.242754,27.661903,0 85.242746,27.661894,0 85.242739,27.661886,0 85.242732,27.661878,0 85.242726,27.66187,0 85.242721,27.661861,0 85.242719,27.661851,0 85.242717,27.661843,0 85.242707,27.661819,0 85.242706,27.661818,0 85.242701,27.661814,0 85.242694,27.661807,0 85.242685,27.661798,0 85.242675,27.661788,0 85.242669,27.661777,0 85.242664,27.661766,0 85.242659,27.661755,0 85.242652,27.661744,0 85.242644,27.661734,0 85.242636,27.661723,0 85.242629,27.661712,0 85.242623,27.6617,0 85.242619,27.661688,0 85.242617,27.661677,0 85.242618,27.661667,0 85.242617,27.661657,0 85.242613,27.661643,0 85.24261,27.661637,0 85.242607,27.661631,0 85.242604,27.661626,0 85.242601,27.66162,0 85.242598,27.661614,0 85.242595,27.661609,0 85.242592,27.661603,0 85.242589,27.661597,0 85.242586,27.661592,0 85.242583,27.661586,0 85.242579,27.66158,0 85.242576,27.661575,0 85.242573,27.661569,0 85.24257,27.661563,0 85.242567,27.661558,0 85.242564,27.661552,0 85.242561,27.661547,0 85.242558,27.661541,0 85.242555,27.661535,0 85.242552,27.66153,0 85.242549,27.661524,0 85.242546,27.661518,0 85.242543,27.661513,0 85.24254,27.661507,0 85.242536,27.661501,0 85.242533,27.661496,0 85.24253,27.66149,0 85.242527,27.661484,0 85.242524,27.661479,0 85.242521,27.661473,0 85.242518,27.661467,0 85.242515,27.661462,0 85.242512,27.661456,0 85.242509,27.66145,0 85.242506,27.661445,0 85.242503,27.661439,0 85.2425,27.661433,0 85.242497,27.661428,0 85.242493,27.661422,0 85.24249,27.661416,0 85.242487,27.661411,0 85.242484,27.661405,0 85.242481,27.661399,0 85.242478,27.661394,0 85.242475,27.661388,0 85.242472,27.661382,0 85.242469,27.661377,0 85.242466,27.661371,0 85.242463,27.661366,0 85.24246,27.66136,0 85.242457,27.661354,0 85.242453,27.661349,0 85.24245,27.661343,0 85.242447,27.661337,0 85.242444,27.661332,0 85.242441,27.661326,0 85.242438,27.66132,0 85.242435,27.661315,0 85.242432,27.661309,0 85.242429,27.661303,0 85.242426,27.661298,0 85.242423,27.661292,0 85.24242,27.661286,0 85.242417,27.661281,0 85.242414,27.661275,0 85.24241,27.661269,0 85.242407,27.661264,0 85.242404,27.661258,0 85.242401,27.661252,0 85.242398,27.661247,0 85.242395,27.661241,0 85.242392,27.661235,0 85.242389,27.66123,0 85.242386,27.661224,0 85.242383,27.661218,0 85.24238,27.661213,0 85.242377,27.661207,0 85.242374,27.661201,0 85.24237,27.661196,0 85.242367,27.66119,0 85.242364,27.661184,0 85.242361,27.661179,0 85.242358,27.661173,0 85.242355,27.661168,0 85.242352,27.661162,0 85.242349,27.661156,0 85.242346,27.661151,0 85.242343,27.661145,0 85.24234,27.661139,0 85.242337,27.661134,0 85.242334,27.661128,0 85.242331,27.661122,0 85.242327,27.661117,0 85.242324,27.661111,0 85.242321,27.661105,0 85.242318,27.6611,0 85.242315,27.661094,0 85.242312,27.661088,0 85.242309,27.661083,0 85.242306,27.661077,0 85.242303,27.661071,0 85.2423,27.661066,0 85.242292,27.661059,0 85.242286,27.661053,0 85.242279,27.661047,0 85.242272,27.661041,0 85.242265,27.661037,0 85.242258,27.661032,0 85.242253,27.661029,0 85.242248,27.661025,0 85.242243,27.661022,0 85.242239,27.661017,0 85.242234,27.661012,0 85.242229,27.661008,0 85.242222,27.661004,0 85.242216,27.661001,0 85.24221,27.660997,0 85.242204,27.660993,0 85.242198,27.660988,0 85.242191,27.660982,0 85.242186,27.660976,0 85.242182,27.66097,0 85.242177,27.660965,0 85.242172,27.660959,0 85.242166,27.660953,0 85.24216,27.660947,0 85.242154,27.660942,0 85.242147,27.660936,0 85.24214,27.660931,0 85.242135,27.660925,0 85.242131,27.660921,0 85.242128,27.660915,0 85.242124,27.660909,0 85.24212,27.660902,0 85.242115,27.660897,0 85.242109,27.660892,0 85.242106,27.660887,0 85.242102,27.660885,0 85.242099,27.660883,0 85.242095,27.660881,0 85.242091,27.660879,0 85.242086,27.660877,0 85.242081,27.660876,0 85.242075,27.660872,0 85.242068,27.660867,0 85.242063,27.660861,0 85.242057,27.660855,0 85.242052,27.660849,0 85.242047,27.660844,0 85.242043,27.660838,0 85.242041,27.660831,0 85.242039,27.660825,0 85.242038,27.660819,0 85.242035,27.660814,0 85.242032,27.660809,0 85.242027,27.660804,0 85.242023,27.660799,0 85.242019,27.660796,0 85.242015,27.660792,0 85.242011,27.660789,0 85.242007,27.660786,0 85.242005,27.660783,0 85.242002,27.66078,0 85.241999,27.660777,0 85.241993,27.66077,0 85.241987,27.660764,0 85.241982,27.660757,0 85.241977,27.660749,0 85.241972,27.660742,0 85.241968,27.660734,0 85.241963,27.660726,0 85.241956,27.660719,0 85.241949,27.660713,0 85.241939,27.660707,0 85.24193,27.660703,0 85.241919,27.660698,0 85.241908,27.660694,0 85.241887,27.660677,0 85.241886,27.660676,0 85.241887,27.660672,0 85.241888,27.660671,0 85.24189,27.660667,0 85.24189,27.660666,0 85.241885,27.660654,0 85.241882,27.660651,0 85.241876,27.660647,0 85.241869,27.660641,0 85.24186,27.660634,0 85.24185,27.660627,0 85.24184,27.660619,0 85.241831,27.660611,0 85.241821,27.660602,0 85.241813,27.660595,0 85.241806,27.660589,0 85.241799,27.660586,0 85.24179,27.660583,0 85.241783,27.66058,0 85.241778,27.660577,0 85.241774,27.660572,0 85.241769,27.660569,0 85.241763,27.660566,0 85.241757,27.660562,0 85.241752,27.66056,0 85.241747,27.660556,0 85.241743,27.660553,0 85.241739,27.660549,0 85.241734,27.660545,0 85.241729,27.660539,0 85.241725,27.660533,0 85.241721,27.660527,0 85.241717,27.66052,0 85.241714,27.660512,0 85.241711,27.660504,0 85.241708,27.660497,0 85.241703,27.66049,0 85.241699,27.660484,0 85.241694,27.66048,0 85.241688,27.660477,0 85.241681,27.660475,0 85.241676,27.660473,0 85.241669,27.660472,0 85.241661,27.66047,0 85.241653,27.660467,0 85.241647,27.660463,0 85.241642,27.660459,0 85.241637,27.660455,0 85.241632,27.660451,0 85.241625,27.660445,0 85.241619,27.660441,0 85.241612,27.660436,0 85.241607,27.66043,0 85.2416,27.660425,0 85.241593,27.660418,0 85.241586,27.660414,0 85.24158,27.66041,0 85.241571,27.660398,0 85.24157,27.660397,0 85.241568,27.660395,0 85.241565,27.66039,0 85.241561,27.660385,0 85.241558,27.66038,0 85.241549,27.660368,0 85.241546,27.660363,0 85.241545,27.660362,0 85.241541,27.66036,0 85.241538,27.660358,0 85.241536,27.660354,0 85.241535,27.66035,0 85.241533,27.660345,0 85.241531,27.660331,0 85.24153,27.66033,0 85.241528,27.660328,0 85.241525,27.660325,0 85.24152,27.660322,0 85.241515,27.660317,0 85.241509,27.660312,0 85.241503,27.660306,0 85.241499,27.6603,0 85.241495,27.660295,0 85.241492,27.660293,0 85.241486,27.66029,0 85.241478,27.660287,0 85.24147,27.660282,0 85.241463,27.660276,0 85.241457,27.660268,0 85.241452,27.660261,0 85.241448,27.660253,0 85.241443,27.660246,0 85.241438,27.660239,0 85.241433,27.660232,0 85.241428,27.660226,0 85.241423,27.66022,0 85.24142,27.660214,0 85.241419,27.660207,0 85.24142,27.660199,0 85.241418,27.660191,0 85.241415,27.660181,0 85.241411,27.660172,0 85.241406,27.660165,0 85.241399,27.66016,0 85.241393,27.660156,0 85.241387,27.660152,0 85.241381,27.660148,0 85.241375,27.660143,0 85.241371,27.660138,0 85.241366,27.660133,0 85.241362,27.660128,0 85.241358,27.660123,0 85.241356,27.660116,0 85.241354,27.660109,0 85.241353,27.660102,0 85.241353,27.660096,0 85.241356,27.660091,0 85.241359,27.660085,0 85.241361,27.660079,0 85.241362,27.660072,0 85.241363,27.660065,0 85.241364,27.66006,0 85.241364,27.660054,0 85.241365,27.660049,0 85.241365,27.660042,0 85.241362,27.660034,0 85.241361,27.660027,0 85.241359,27.660019,0 85.241358,27.660012,0 85.241355,27.660005,0 85.241352,27.659996,0 85.241346,27.659987,0 85.24134,27.659979,0 85.241335,27.659972,0 85.241329,27.659965,0 85.241324,27.65996,0 85.24132,27.659954,0 85.241315,27.659949,0 85.241311,27.659943,0 85.241306,27.659936,0 85.2413,27.659928,0 85.241295,27.659919,0 85.241287,27.659902,0 85.241283,27.659894,0 85.241278,27.659886,0 85.241274,27.659877,0 85.241269,27.659869,0 85.241265,27.659861,0 85.24126,27.659852,0 85.241256,27.659844,0 85.241251,27.659836,0 85.241247,27.659827,0 85.241243,27.659819,0 85.241238,27.659811,0 85.241234,27.659802,0 85.241229,27.659794,0 85.241225,27.659786,0 85.24122,27.659778,0 85.241216,27.659769,0 85.241212,27.659761,0 85.241206,27.659752,0 85.241201,27.659743,0 85.241197,27.659734,0 85.241195,27.659726,0 85.241194,27.659719,0 85.241194,27.659711,0 85.241191,27.659705,0 85.241188,27.659699,0 85.241185,27.659692,0 85.241181,27.659683,0 85.241176,27.659673,0 85.241173,27.659662,0 85.241171,27.659652,0 85.241168,27.659641,0 85.241168,27.659628,0 85.241169,27.659616,0 85.241171,27.659605,0 85.241172,27.659595,0 85.241171,27.659584,0 85.241168,27.659574,0 85.241165,27.659563,0 85.241164,27.659552,0 85.241162,27.65954,0 85.241161,27.659531,0 85.24116,27.659523,0 85.241158,27.659515,0 85.241155,27.659507,0 85.241152,27.659499,0 85.241148,27.659493,0 85.241144,27.659487,0 85.241138,27.659482,0 85.241132,27.659474,0 85.241125,27.659468,0 85.241119,27.659463,0 85.241113,27.65946,0 85.241105,27.659458,0 85.241097,27.659455,0 85.241089,27.659451,0 85.241083,27.659447,0 85.241079,27.659444,0 85.241075,27.65944,0 85.241072,27.659437,0 85.24107,27.659434,0 85.241068,27.659429,0 85.241067,27.659424,0 85.241065,27.659416,0 85.241061,27.659408,0 85.241055,27.6594,0 85.241048,27.659393,0 85.241043,27.659386,0 85.241038,27.659381,0 85.24103,27.659376,0 85.241022,27.659371,0 85.241013,27.659366,0 85.241004,27.65936,0 85.240994,27.659353,0 85.240987,27.659347,0 85.240981,27.659341,0 85.240976,27.659335,0 85.240972,27.659329,0 85.240968,27.659323,0 85.240963,27.659317,0 85.24096,27.659311,0 85.240945,27.659295,0 85.240944,27.659293,0 85.240939,27.659287,0 85.240933,27.659278,0 85.240925,27.65927,0 85.240918,27.659261,0 85.240912,27.659253,0 85.240906,27.659247,0 85.240901,27.659242,0 85.240896,27.659238,0 85.240882,27.659227,0 85.24088,27.659227,0 85.240875,27.659226,0 85.240869,27.659225,0 85.240863,27.659224,0 85.240857,27.659221,0 85.240852,27.659218,0 85.240847,27.659215,0 85.240843,27.659212,0 85.240831,27.6592,0 85.24083,27.6592,0 85.240828,27.659198,0 85.240827,27.659197,0 85.240824,27.659195,0 85.240818,27.659193,0 85.240812,27.659191,0 85.240807,27.659188,0 85.240802,27.659186,0 85.240798,27.659183,0 85.240787,27.659172,0 85.240787,27.659171,0 85.240787,27.65917,0 85.240786,27.659167,0 85.240786,27.659164,0 85.240785,27.659161,0 85.240783,27.659157,0 85.240781,27.659154,0 85.240779,27.659151,0 85.240779,27.659148,0 85.240779,27.659145,0 85.24078,27.659143,0 85.240778,27.65914,0 85.240774,27.659134,0 85.24077,27.659132,0 85.240767,27.65913,0 85.240764,27.659128,0 85.24076,27.659126,0 85.240757,27.659123,0 85.240753,27.659121,0 85.24075,27.659119,0 85.240747,27.659117,0 85.240743,27.659115,0 85.24074,27.659113,0 85.240736,27.65911,0 85.240733,27.659108,0 85.24073,27.659106,0 85.240726,27.659104,0 85.240723,27.659102,0 85.24072,27.659099,0 85.240716,27.659097,0 85.240713,27.659095,0 85.240709,27.659093,0 85.240706,27.659091,0 85.240703,27.659088,0 85.240699,27.659086,0 85.240696,27.659084,0 85.240692,27.659082,0 85.240689,27.65908,0 85.240686,27.659078,0 85.240682,27.659075,0 85.240679,27.659073,0 85.240676,27.659071,0 85.240672,27.659069,0 85.240669,27.659067,0 85.240665,27.659064,0 85.240662,27.659062,0 85.240659,27.65906,0 85.240655,27.659058,0 85.240652,27.659056,0 85.240649,27.659053,0 85.240645,27.659051,0 85.240642,27.659049,0 85.240638,27.659047,0 85.240635,27.659045,0 85.240632,27.659043,0 85.240628,27.65904,0 85.240625,27.659038,0 85.240621,27.659036,0 85.240618,27.659034,0 85.240615,27.659032,0 85.240611,27.659029,0 85.240608,27.659027,0 85.240605,27.659025,0 85.240601,27.659023,0 85.240598,27.659021,0 85.240594,27.659018,0 85.240591,27.659016,0 85.240588,27.659014,0 85.240584,27.659012,0 85.240581,27.65901,0 85.240578,27.659008,0 85.240574,27.659005,0 85.240571,27.659003,0 85.240567,27.659001,0 85.240564,27.658999,0 85.240561,27.658997,0 85.240557,27.658994,0 85.240554,27.658992,0 85.24055,27.65899,0 85.240547,27.658988,0 85.240544,27.658986,0 85.24054,27.658983,0 85.240537,27.658981,0 85.240534,27.658979,0 85.24053,27.658977,0 85.240527,27.658975,0 85.240523,27.658973,0 85.24052,27.65897,0 85.240517,27.658968,0 85.240513,27.658966,0 85.24051,27.658964,0 85.240506,27.658962,0 85.240503,27.658959,0 85.2405,27.658957,0 85.240496,27.658955,0 85.240493,27.658953,0 85.24049,27.658951,0 85.240486,27.658949,0 85.240483,27.658946,0 85.240479,27.658944,0 85.240476,27.658942,0 85.240473,27.65894,0 85.240469,27.658938,0 85.240466,27.658935,0 85.240463,27.658933,0 85.240459,27.658931,0 85.240456,27.658929,0 85.240452,27.658927,0 85.240449,27.658924,0 85.240446,27.658922,0 85.240442,27.65892,0 85.240439,27.658918,0 85.240435,27.658916,0 85.240432,27.658914,0 85.240429,27.658911,0 85.240425,27.658909,0 85.240422,27.658907,0 85.240419,27.658905,0 85.240415,27.658903,0 85.240412,27.6589,0 85.240408,27.658898,0 85.240398,27.658896,0 85.240395,27.658893,0 85.240391,27.658891,0 85.240388,27.658888,0 85.240384,27.658885,0 85.24038,27.658883,0 85.240377,27.65888,0 85.240373,27.658878,0 85.24037,27.658875,0 85.240366,27.658872,0 85.240363,27.65887,0 85.240359,27.658867,0 85.240356,27.658865,0 85.240352,27.658862,0 85.240349,27.658859,0 85.240345,27.658857,0 85.240341,27.658854,0 85.240338,27.658852,0 85.240334,27.658849,0 85.240331,27.658846,0 85.240327,27.658844,0 85.240324,27.658841,0 85.24032,27.658839,0 85.240317,27.658836,0 85.240313,27.658833,0 85.24031,27.658831,0 85.240306,27.658828,0 85.240302,27.658826,0 85.240299,27.658823,0 85.240295,27.65882,0 85.240292,27.658818,0 85.240288,27.658815,0 85.240285,27.658813,0 85.240281,27.65881,0 85.240278,27.658807,0 85.240274,27.658805,0 85.24027,27.658802,0 85.240267,27.658799,0 85.240263,27.658797,0 85.24026,27.658794,0 85.240256,27.658792,0 85.240253,27.658789,0 85.240249,27.658786,0 85.240246,27.658784,0 85.240242,27.658781,0 85.240239,27.658779,0 85.240235,27.658776,0 85.240231,27.658773,0 85.240228,27.658771,0 85.240224,27.658768,0 85.240221,27.658766,0 85.240217,27.658763,0 85.240214,27.65876,0 85.24021,27.658758,0 85.240207,27.658755,0 85.240203,27.658753,0 85.2402,27.65875,0 85.240196,27.658747,0 85.240192,27.658745,0 85.240189,27.658742,0 85.240185,27.65874,0 85.240182,27.658737,0 85.240178,27.658734,0 85.240175,27.658732,0 85.240171,27.658729,0 85.240168,27.658726,0 85.240164,27.658724,0 85.24016,27.658721,0 85.240153,27.658716,0 85.24015,27.658714,0 85.240148,27.658711,0 85.240146,27.658709,0 85.240144,27.658707,0 85.240142,27.658704,0 85.24014,27.658702,0 85.240137,27.6587,0 85.240135,27.658697,0 85.240133,27.658695,0 85.240131,27.658693,0 85.240129,27.65869,0 85.240127,27.658688,0 85.240124,27.658685,0 85.240122,27.658683,0 85.24012,27.658681,0 85.240118,27.658678,0 85.240116,27.658676,0 85.240114,27.658674,0 85.240111,27.658671,0 85.240109,27.658669,0 85.240107,27.658666,0 85.240097,27.658662,0 85.240096,27.658658,0 85.240094,27.658655,0 85.240093,27.658651,0 85.240092,27.658648,0 85.24009,27.658645,0 85.240089,27.658641,0 85.240087,27.658638,0 85.240086,27.658634,0 85.240084,27.658631,0 85.240083,27.658628,0 85.240082,27.658624,0 85.24008,27.658621,0 85.240079,27.658617,0 85.240077,27.658614,0 85.240076,27.658611,0 85.240075,27.658607,0 85.240073,27.658604,0 85.240072,27.6586,0 85.24007,27.658597,0 85.240069,27.658594,0 85.240067,27.65859,0 85.240066,27.658587,0 85.240065,27.658583,0 85.240063,27.65858,0 85.240062,27.658576,0 85.24006,27.658573,0 85.240059,27.65857,0 85.240058,27.658566,0 85.240056,27.658563,0 85.240055,27.658559,0 85.240053,27.658556,0 85.240052,27.658553,0 85.24005,27.658549,0 85.240049,27.658546,0 85.240048,27.658542,0 85.240046,27.658539,0 85.240045,27.658536,0 85.240043,27.658532,0 85.240042,27.658529,0 85.240041,27.658525,0 85.240039,27.658522,0 85.240038,27.658519,0 85.240036,27.658515,0 85.240035,27.658512,0 85.240034,27.658508,0 85.240032,27.658505,0 85.240031,27.658501,0 85.240029,27.658498,0 85.240028,27.658495,0 85.240026,27.658491,0 85.240025,27.658488,0 85.240024,27.658484,0 85.240022,27.658481,0 85.240021,27.658478,0 85.240019,27.658474,0 85.240018,27.658471,0 85.240017,27.658467,0 85.240015,27.658464,0 85.240014,27.658461,0 85.240012,27.658457,0 85.240011,27.658454,0 85.240009,27.65845,0 85.240008,27.658447,0 85.240007,27.658444,0 85.240005,27.65844,0 85.240004,27.658437,0 85.240002,27.658433,0 85.240001,27.65843,0 85.24,27.658427,0 85.239998,27.658423,0 85.239997,27.65842,0 85.239995,27.658416,0 85.239994,27.658413,0 85.239992,27.658409,0 85.239991,27.658406,0 85.23999,27.658403,0 85.239988,27.658399,0 85.239987,27.658396,0 85.239985,27.658392,0 85.239984,27.658389,0 85.239983,27.658386,0 85.239981,27.658382,0 85.23998,27.658379,0 85.239978,27.658375,0 85.239977,27.658372,0 85.239975,27.658369,0 85.239974,27.658365,0 85.239973,27.658362,0 85.239971,27.658358,0 85.23997,27.658355,0 85.239968,27.658352,0 85.239967,27.658348,0 85.239966,27.658345,0 85.239964,27.658341,0 85.239963,27.658338,0 85.239961,27.658335,0 85.23996,27.658331,0 85.239958,27.658328,0 85.239957,27.658324,0 85.239956,27.658321,0 85.239954,27.658317,0 85.239953,27.658314,0 85.239951,27.658311,0 85.23995,27.658307,0 85.239949,27.658304,0 85.239947,27.6583,0 85.239946,27.658297,0 85.239944,27.658294,0 85.239943,27.65829,0 85.239941,27.658287,0 85.23994,27.658283,0 85.239939,27.65828,0 85.239937,27.658277,0 85.239936,27.658273,0 85.239934,27.65827,0 85.239933,27.658266,0 85.239932,27.658263,0 85.23993,27.65826,0 85.239929,27.658256,0 85.239927,27.658253,0 85.239926,27.658249,0 85.239924,27.658246,0 85.239923,27.658243,0 85.239922,27.658239,0 85.23992,27.658236,0 85.239919,27.658232,0 85.239917,27.658229,0 85.239916,27.658225,0 85.239915,27.658222,0 85.239913,27.658219,0 85.239912,27.658215,0 85.23991,27.658212,0 85.239909,27.658208,0 85.239907,27.658205,0 85.239906,27.658202,0 85.239905,27.658198,0 85.239903,27.658195,0 85.239902,27.658191,0 85.2399,27.658188,0 85.239894,27.658183,0 85.239891,27.658181,0 85.239888,27.658178,0 85.239885,27.658175,0 85.239882,27.658172,0 85.239879,27.65817,0 85.239877,27.658167,0 85.239874,27.658164,0 85.239869,27.658159,0 85.239867,27.658156,0 85.239865,27.658154,0 85.239863,27.658151,0 85.239861,27.658149,0 85.239859,27.658146,0 85.239857,27.658144,0 85.239855,27.658142,0 85.239853,27.658139,0 85.239851,27.658137,0 85.239849,27.658134,0 85.239847,27.658132,0 85.239845,27.658129,0 85.239843,27.658127,0 85.239841,27.658124,0 85.239839,27.658122,0 85.239837,27.658119,0 85.239835,27.658117,0 85.239833,27.658114,0 85.239831,27.658112,0 85.239829,27.658109,0 85.239827,27.658107,0 85.239825,27.658104,0 85.239823,27.658102,0 85.239821,27.658099,0 85.239819,27.658097,0 85.239817,27.658094,0 85.239815,27.658092,0 85.239813,27.658089,0 85.239811,27.658087,0 85.239809,27.658085,0 85.239807,27.65808,0 85.239805,27.658077,0 85.239802,27.658074,0 85.2398,27.658071,0 85.239798,27.658068,0 85.239796,27.658065,0 85.239794,27.658062,0 85.239791,27.658059,0 85.239789,27.658056,0 85.239787,27.658053,0 85.239785,27.65805,0 85.239783,27.658047,0 85.23978,27.658044,0 85.239778,27.658041,0 85.239776,27.658038,0 85.239774,27.658035,0 85.239772,27.658032,0 85.239769,27.658029,0 85.239767,27.658026,0 85.239765,27.658023,0 85.239763,27.65802,0 85.239761,27.658017,0 85.239758,27.658014,0 85.239756,27.65801,0 85.239754,27.658007,0 85.239752,27.658004,0 85.23975,27.658001,0 85.239747,27.657998,0 85.239745,27.657995,0 85.239743,27.657992,0 85.239741,27.657989,0 85.239735,27.657986,0 85.239733,27.657984,0 85.239731,27.657982,0 85.239729,27.65798,0 85.239727,27.657978,0 85.239725,27.657976,0 85.239723,27.657973,0 85.239721,27.657971,0 85.239719,27.657969,0 85.239717,27.657967,0 85.239715,27.657965,0 85.239713,27.657963,0 85.239711,27.657961,0 85.239709,27.657959,0 85.239707,27.657957,0 85.239705,27.657955,0 85.239703,27.657953,0 85.239701,27.657951,0 85.239699,27.657949,0 85.239697,27.657946,0 85.239695,27.657944,0 85.239693,27.657942,0 85.239691,27.65794,0 85.239689,27.657938,0 85.239687,27.657936,0 85.239685,27.657934,0 85.239683,27.657932,0 85.239681,27.65793,0 85.239679,27.657928,0 85.239677,27.657926,0 85.239675,27.657924,0 85.239673,27.657921,0 85.239671,27.657919,0 85.239669,27.657917,0 85.239667,27.657915,0 85.239664,27.657913,0 85.239662,27.657911,0 85.23966,27.657909,0 85.239658,27.657907,0 85.239656,27.657905,0 85.239654,27.657903,0 85.239652,27.657901,0 85.23965,27.657899,0 85.239648,27.657896,0 85.239646,27.657894,0 85.239644,27.657892,0 85.239642,27.65789,0 85.23964,27.657888,0 85.239638,27.657886,0 85.239636,27.657884,0 85.239634,27.657882,0 85.239632,27.65788,0 85.23963,27.657878,0 85.239628,27.657876,0 85.239626,27.657874,0 85.239624,27.657872,0 85.239622,27.657869,0 85.23962,27.657867,0 85.239618,27.657863,0 85.239616,27.65786,0 85.239614,27.657857,0 85.239611,27.657854,0 85.239609,27.657852,0 85.239607,27.657849,0 85.239604,27.657846,0 85.239602,27.657844,0 85.239599,27.657841,0 85.239597,27.657838,0 85.239595,27.657835,0 85.239592,27.657833,0 85.23959,27.65783,0 85.239588,27.657827,0 85.239585,27.657825,0 85.239583,27.657822,0 85.23958,27.657819,0 85.239578,27.657816,0 85.239576,27.657814,0 85.239573,27.657811,0 85.239571,27.657808,0 85.239568,27.657805,0 85.239566,27.657803,0 85.239564,27.6578,0 85.239561,27.657797,0 85.239559,27.657795,0 85.239557,27.657792,0 85.239554,27.657789,0 85.239552,27.657786,0 85.239549,27.657784,0 85.239547,27.657781,0 85.239545,27.657778,0 85.239542,27.657776,0 85.239535,27.65777,0 85.239533,27.657767,0 85.239531,27.657765,0 85.239528,27.657763,0 85.239526,27.65776,0 85.239524,27.657758,0 85.239522,27.657756,0 85.23952,27.657753,0 85.239518,27.657751,0 85.239515,27.657749,0 85.239513,27.657747,0 85.239511,27.657744,0 85.239509,27.657742,0 85.239507,27.65774,0 85.239505,27.657737,0 85.239502,27.657735,0 85.2395,27.657733,0 85.239498,27.65773,0 85.239496,27.657728,0 85.239494,27.657726,0 85.239492,27.657723,0 85.239489,27.657721,0 85.239487,27.657719,0 85.239485,27.657717,0 85.239483,27.657714,0 85.239481,27.657712,0 85.239473,27.657711,0 85.239468,27.65771,0 85.239464,27.657709,0 85.23946,27.657709,0 85.239456,27.657705,0 85.239454,27.657702,0 85.239451,27.657698,0 85.239449,27.657695,0 85.239447,27.657692,0 85.239445,27.657689,0 85.239442,27.657685,0 85.239424,27.657685,0 85.239418,27.657684,0 85.239413,27.657683,0 85.239408,27.657682,0 85.239403,27.657682,0 85.239398,27.657681,0 85.239382,27.657678,0 85.239376,27.657677,0 85.239369,27.657676,0 85.239362,27.657675,0 85.23935,27.657673,0 85.239345,27.657671,0 85.23934,27.65767,0 85.239336,27.657668,0 85.239331,27.657667,0 85.239326,27.657665,0 85.239321,27.657663,0 85.239313,27.65766,0 85.23931,27.657659,0 85.239307,27.657657,0 85.239304,27.657656,0 85.239301,27.657655,0 85.239298,27.657653,0 85.239295,27.657652,0 85.239292,27.657651,0 85.239291,27.657646,0 85.239291,27.657645,0 85.23929,27.657643,0 85.23929,27.657642,0 85.239289,27.657641,0 85.239288,27.65764,0 85.239288,27.657639,0 85.239287,27.657638,0 85.239286,27.657637,0 85.239286,27.657635,0 85.239285,27.657634,0 85.239285,27.657633,0 85.239284,27.657632,0 85.239283,27.657631,0 85.239283,27.65763,0 85.239282,27.657629,0 85.239281,27.657627,0 85.239281,27.657626,0 85.23928,27.657625,0 85.23928,27.657624,0 85.239279,27.657623,0 85.239278,27.657622,0 85.239278,27.65762,0 85.239277,27.657619,0 85.239276,27.657618,0 85.239276,27.657617,0 85.239275,27.657616,0 85.239275,27.657615,0 85.239274,27.657614,0 85.239273,27.657612,0 85.239273,27.657611,0 85.239272,27.65761,0 85.239271,27.657609,0 85.239271,27.657608,0 85.23927,27.657607,0 85.23927,27.657606,0 85.239269,27.657604,0 85.239268,27.657603,0 85.239268,27.657602,0 85.239267,27.657601,0 85.239266,27.6576,0 85.239266,27.657599,0 85.239265,27.657598,0 85.239265,27.657596,0 85.239264,27.657595,0 85.239263,27.657594,0 85.239263,27.657593,0 85.239262,27.657592,0 85.239261,27.657591,0 85.239261,27.65759,0 85.23926,27.657588,0 85.23926,27.657587,0 85.239259,27.657586,0 85.239256,27.657588,0 85.239256,27.65759,0 85.239257,27.657591,0 85.239257,27.657593,0 85.239257,27.657594,0 85.239257,27.657596,0 85.239257,27.657597,0 85.239258,27.657599,0 85.239258,27.6576,0 85.239258,27.657602,0 85.239258,27.657604,0 85.239259,27.657605,0 85.239259,27.657607,0 85.239259,27.657608,0 85.239259,27.65761,0 85.239259,27.657611,0 85.23926,27.657613,0 85.23926,27.657614,0 85.23926,27.657616,0 85.23926,27.657617,0 85.23926,27.657619,0 85.239261,27.657621,0 85.239261,27.657622,0 85.239261,27.657624,0 85.239261,27.657625,0 85.239261,27.657627,0 85.239262,27.657628,0 85.239262,27.65763,0 85.239262,27.657631,0 85.239262,27.657633,0 85.239263,27.657635,0 85.239263,27.657636,0 85.239276,27.657635,0 85.239278,27.657635,0 85.23928,27.657634,0 85.239281,27.657634,0 85.239283,27.657633,0 85.239285,27.657633,0 85.239286,27.657632,0 85.239288,27.657632,0 85.239291,27.657626,0 85.239289,27.657624,0 85.239287,27.657622,0 85.239285,27.65762,0 85.239283,27.657618,0 85.239281,27.657617,0 85.23928,27.657615,0 85.239278,27.657613,0 85.239276,27.657611,0 85.239274,27.657609,0 85.239272,27.657607,0 85.23927,27.657606,0 85.239268,27.657604,0 85.239266,27.657602,0 85.239265,27.6576,0 85.239263,27.657598,0 85.239261,27.657596,0 85.239259,27.657595,0 85.239257,27.657593,0 85.239255,27.657591,0 85.239253,27.657589,0 85.239251,27.657587,0 85.23925,27.657586,0 85.239248,27.657584,0 85.239246,27.657582,0 85.239244,27.65758,0 85.239242,27.657578,0 85.23924,27.657576,0 85.239238,27.657575,0 85.239236,27.657573,0 85.239235,27.657571,0 85.239233,27.657569,0 85.239231,27.657567,0 85.239229,27.657565,0 85.239227,27.657564,0 85.239225,27.657562,0 85.239223,27.65756,0 85.239221,27.657558,0 85.23922,27.657556,0 85.23922,27.657552,0 85.23922,27.657551,0 85.23922,27.657549,0 85.239221,27.657548,0 85.239221,27.657546,0 85.239221,27.657544,0 85.239222,27.657543,0 85.239222,27.657541,0 85.239222,27.65754,0 85.239222,27.657538,0 85.239223,27.657536,0 85.239223,27.657535,0 85.239223,27.657533,0 85.239224,27.657532,0 85.239224,27.65753,0 85.239224,27.657528,0 85.239225,27.657527,0 85.239225,27.657525,0 85.239225,27.657524,0 85.239226,27.657522,0 85.239226,27.657513,0 85.239227,27.65751,0 85.239228,27.657506,0 85.239229,27.657502,0 85.239229,27.657498,0 85.23923,27.657494,0 85.239231,27.65749,0 85.239232,27.657486,0 85.239233,27.657482,0 85.239233,27.657478,0 85.239234,27.657474,0 85.239235,27.65747,0 85.239236,27.657466,0 85.239237,27.657462,0 85.239232,27.657455,0 85.239231,27.657451,0 85.23923,27.657448,0 85.239229,27.657445,0 85.239229,27.657441,0 85.239228,27.657438,0 85.239227,27.657435,0 85.239226,27.657431,0 85.239225,27.657428,0 85.239224,27.657425,0 85.239223,27.657421,0 85.239222,27.657418,0 85.239221,27.657415,0 85.23922,27.657411,0 85.23922,27.657408,0 85.239219,27.657405,0 85.239218,27.657401,0 85.239217,27.657398,0 85.239216,27.657395,0 85.239215,27.657391,0 85.239214,27.657388,0 85.239213,27.657385,0 85.239212,27.657381,0 85.239211,27.657378,0 85.239211,27.657375,0 85.23921,27.657371,0 85.239209,27.657368,0 85.239208,27.657365,0 85.239207,27.657361,0 85.239206,27.657358,0 85.239205,27.657354,0 85.239204,27.657351,0 85.239203,27.657348,0 85.239202,27.657344,0 85.239202,27.657341,0 85.239201,27.657338,0 85.2392,27.657334,0 85.239199,27.657331,0 85.239198,27.657328,0 85.239197,27.657324,0 85.239196,27.657321,0 85.239195,27.657318,0 85.239194,27.657314,0 85.239193,27.657311,0 85.239193,27.657308,0 85.239192,27.657304,0 85.239191,27.657301,0 85.23919,27.657298,0 85.239189,27.657294,0 85.239188,27.657291,0 85.239187,27.657288,0 85.239186,27.657284,0 85.239185,27.657281,0 85.239184,27.657278,0 85.239184,27.657274,0 85.239183,27.657271,0 85.239182,27.657268,0 85.239181,27.657264,0 85.23918,27.657261,0 85.239179,27.657258,0 85.239178,27.657254,0 85.239177,27.657251,0 85.239176,27.657248,0 85.239175,27.657244,0 85.239175,27.657241,0 85.239174,27.657238,0 85.239173,27.657234,0 85.239172,27.657231,0 85.239171,27.657228,0 85.23917,27.657224,0 85.239169,27.657221,0 85.239168,27.657218,0 85.239167,27.657214,0 85.239166,27.657211,0 85.239166,27.657208,0 85.239165,27.657204,0 85.239164,27.657201,0 85.239163,27.657198,0 85.239162,27.657194,0 85.239161,27.657191,0 85.23916,27.657188,0 85.239159,27.657184,0 85.239158,27.657181,0 85.239157,27.657178,0 85.239157,27.657174,0 85.239156,27.657171,0 85.239155,27.657168,0 85.239154,27.657164,0 85.239153,27.657161,0 85.239152,27.657158,0 85.239151,27.657154,0 85.23915,27.657151,0 85.239149,27.657148,0 85.239148,27.657144,0 85.239148,27.657141,0 85.239147,27.657138,0 85.239146,27.657134,0 85.239145,27.657131,0 85.239138,27.657126,0 85.239135,27.657123,0 85.239132,27.65712,0 85.23913,27.657117,0 85.239127,27.657114,0 85.239126,27.657109,0 85.239125,27.657107,0 85.239124,27.657104,0 85.239122,27.657102,0 85.239121,27.6571,0 85.23912,27.657097,0 85.239118,27.657095,0 85.239117,27.657092,0 85.239116,27.65709,0 85.239114,27.657081,0 85.239113,27.657076,0 85.239111,27.657071,0 85.23911,27.657065,0 85.239107,27.657063,0 85.239106,27.657062,0 85.239102,27.657058,0 85.2391,27.657055,0 85.239098,27.657053,0 85.239096,27.65705,0 85.239093,27.657047,0 85.239094,27.657046,0 85.239095,27.657045,0 85.239096,27.657045,0 85.239096,27.657044,0 85.239097,27.657044,0 85.239097,27.657043,0 85.239098,27.657042,0 85.239099,27.657041,0 85.2391,27.65704,0 85.239101,27.657039,0 85.239101,27.657038,0 85.239102,27.657038,0 85.239102,27.657037,0 85.239103,27.657037,0 85.239103,27.657036,0 85.239104,27.657036,0 85.239104,27.657035,0 85.239105,27.657034,0 85.239106,27.657033,0 85.239107,27.657032,0 85.239107,27.657031,0 85.239108,27.657031,0 85.239108,27.65703,0 85.239109,27.65703,0 85.23911,27.657029,0 85.239119,27.657028,0 85.239121,27.657028,0 85.239131,27.657026,0 85.239134,27.657024,0 85.239137,27.657022,0 85.23914,27.65702,0 85.239143,27.657018,0 85.239147,27.657016,0 85.23915,27.657014,0 85.239153,27.657012,0 85.239156,27.657009,0 85.239159,27.657007,0 85.239162,27.657005,0 85.239165,27.657003,0 85.239168,27.657001,0 85.239172,27.656999,0 85.239175,27.656997,0 85.239178,27.656995,0 85.239181,27.656993,0 85.239184,27.656991,0 85.239187,27.656989,0 85.23919,27.656987,0 85.239194,27.656984,0 85.239197,27.656982,0 85.2392,27.65698,0 85.239203,27.656978,0 85.239206,27.656976,0 85.239207,27.65697,0 85.239206,27.656966,0 85.239205,27.656963,0 85.239205,27.656959,0 85.239204,27.656955,0 85.239203,27.656951,0 85.239203,27.656947,0 85.239202,27.656943,0 85.239201,27.656939,0 85.239201,27.656932,0 85.2392,27.656929,0 85.2392,27.656925,0 85.239196,27.656919,0 85.239194,27.656916,0 85.239193,27.656913,0 85.239191,27.65691,0 85.23919,27.656906,0 85.239189,27.656903,0 85.239187,27.6569,0 85.239186,27.656897,0 85.239184,27.656894,0 85.239181,27.656889,0 85.239178,27.656886,0 85.239175,27.656884,0 85.239172,27.656881,0 85.239169,27.656879,0 85.239166,27.656876,0 85.239163,27.656874,0 85.23916,27.656871,0 85.239157,27.656869,0 85.239155,27.656866,0 85.239152,27.656864,0 85.239149,27.656861,0 85.239146,27.656859,0 85.239143,27.656856,0 85.23914,27.656854,0 85.239137,27.656851,0 85.239134,27.656849,0 85.239131,27.656846,0 85.239128,27.656844,0 85.239119,27.656843,0 85.239113,27.656841,0 85.239107,27.65684,0 85.239101,27.656838,0 85.239095,27.656837,0 85.239089,27.656836,0 85.239083,27.656834,0 85.239078,27.656833,0 85.239072,27.656832,0 85.239066,27.65683,0 85.23906,27.656829,0 85.239054,27.656827,0 85.239048,27.656826,0 85.239042,27.656825,0 85.239037,27.656823,0 85.239031,27.656822,0 85.239025,27.656821,0 85.239019,27.656819,0 85.239013,27.656818,0 85.239007,27.656816,0 85.239001,27.656815,0 85.238995,27.656814,0 85.238985,27.656811,0 85.23898,27.65681,0 85.238975,27.656809,0 85.23897,27.656808,0 85.238965,27.656807,0 85.23896,27.656806,0 85.238952,27.656806,0 85.238947,27.656806,0 85.238943,27.656806,0 85.238937,27.656803,0 85.238935,27.6568,0 85.238933,27.656796,0 85.23893,27.656793,0 85.238928,27.65679,0 85.238926,27.656786,0 85.238924,27.656783,0 85.238921,27.656779,0 85.238919,27.656776,0 85.238917,27.656773,0 85.238914,27.656769,0 85.238912,27.656766,0 85.23891,27.656763,0 85.238908,27.656759,0 85.238905,27.656756,0 85.238903,27.656753,0 85.238901,27.656749,0 85.238898,27.656746,0 85.238896,27.656742,0 85.238894,27.656739,0 85.238892,27.656736,0 85.238889,27.656732,0 85.238887,27.656729,0 85.238885,27.656726,0 85.238882,27.656722,0 85.23888,27.656719,0 85.238878,27.656716,0 85.238876,27.656712,0 85.238873,27.656709,0 85.238871,27.656705,0 85.238869,27.656702,0 85.238867,27.656699,0 85.238864,27.656695,0 85.238862,27.656692,0 85.23886,27.656689,0 85.238857,27.656685,0 85.238855,27.656682,0 85.238853,27.656678,0 85.238851,27.656675,0 85.238848,27.656672,0 85.238846,27.656668,0 85.238844,27.656665,0 85.238841,27.656662,0 85.238839,27.656658,0 85.238832,27.656652,0 85.238831,27.656648,0 85.238831,27.656644,0 85.238831,27.656641,0 85.23883,27.656637,0 85.23883,27.656634,0 85.23883,27.65663,0 85.238829,27.656626,0 85.238829,27.656623,0 85.238829,27.656619,0 85.238828,27.656616,0 85.238828,27.656612,0 85.238828,27.656608,0 85.238817,27.656599,0 85.238815,27.656598,0 85.238813,27.656598,0 85.23881,27.656598,0 85.238808,27.656597,0 85.238806,27.656597,0 85.238804,27.656596,0 85.238793,27.656591,0 85.238792,27.656587,0 85.23879,27.656582,0 85.238789,27.656578,0 85.238787,27.656573,0 85.238786,27.656568,0 85.238784,27.656564,0 85.238783,27.656559,0 85.238783,27.656553,0 85.238783,27.656551,0 85.238784,27.656549,0 85.238784,27.656547,0 85.238785,27.656546,0 85.238785,27.656544,0 85.238786,27.656542,0 85.238786,27.65654,0 85.238791,27.656537,0 85.238794,27.656536,0 85.238798,27.656536,0 85.238802,27.656535,0 85.238805,27.656534,0 85.238809,27.656534,0 85.238813,27.656533,0 85.238816,27.656533,0 85.238815,27.656528,0 85.238812,27.656525,0 85.23881,27.656522,0 85.238807,27.656519,0 85.238805,27.656517,0 85.238802,27.656514,0 85.2388,27.656511,0 85.238797,27.656508,0 85.238795,27.656505,0 85.238792,27.656503,0 85.23879,27.6565,0 85.238787,27.656497,0 85.238785,27.656494,0 85.238782,27.656491,0 85.238774,27.656484,0 85.238772,27.65648,0 85.238769,27.656475,0 85.238767,27.65647,0 85.238765,27.656466,0 85.238763,27.656461,0 85.23876,27.656457,0 85.238758,27.656452,0 85.238756,27.656448,0 85.238754,27.656443,0 85.238751,27.656439,0 85.238749,27.656434,0 85.238747,27.65643,0 85.238745,27.656425,0 85.238742,27.65642,0 85.23874,27.656418,0 85.238738,27.656417,0 85.238737,27.656416,0 85.238736,27.656415,0 85.238735,27.656414,0 85.238734,27.656412,0 85.238732,27.656411,0 85.238731,27.65641,0 85.23873,27.656409,0 85.238733,27.656403,0 85.238735,27.6564,0 85.238737,27.656398,0 85.238739,27.656395,0 85.238741,27.656392,0 85.238742,27.656389,0 85.238744,27.656386,0 85.238746,27.656384,0 85.23875,27.656377,0 85.238751,27.656374,0 85.238752,27.656372,0 85.238753,27.656369,0 85.238755,27.656366,0 85.238756,27.656364,0 85.238757,27.656361,0 85.238758,27.656358,0 85.238759,27.656356,0 85.238761,27.656353,0 85.238762,27.65635,0 85.238763,27.656347,0 85.238764,27.656345,0 85.238766,27.656342,0 85.238767,27.656339,0 85.238768,27.656337,0 85.238769,27.656334,0 85.238771,27.656331,0 85.238772,27.656328,0 85.238773,27.656326,0 85.238774,27.656323,0 85.238775,27.65632,0 85.238777,27.656315,0 85.238777,27.656312,0 85.238777,27.656309,0 85.238774,27.656301,0 85.238773,27.656297,0 85.238771,27.656293,0 85.23877,27.656289,0 85.238773,27.656286,0 85.238776,27.656285,0 85.238779,27.656284,0 85.238783,27.656283,0 85.238786,27.656282,0 85.238789,27.656281,0 85.238792,27.65628,0 85.238795,27.656278,0 85.238797,27.656266,0 85.238797,27.656262,0 85.238796,27.656258,0 85.238795,27.656254,0 85.238795,27.65625,0 85.238794,27.656246,0 85.238793,27.656242,0 85.238792,27.656238,0 85.238792,27.656234,0 85.238791,27.65623,0 85.23879,27.656226,0 85.23879,27.656222,0 85.238789,27.656218,0 85.238788,27.656213,0 85.238787,27.656209,0 85.238787,27.656205,0 85.238786,27.656201,0 85.238785,27.656197,0 85.238785,27.656193,0 85.238784,27.656189,0 85.238794,27.656174,0 85.238799,27.656168,0 85.238804,27.656161,0 85.238809,27.656154,0 85.238814,27.656147,0 85.238819,27.65614,0 85.238824,27.656134,0 85.238826,27.656127,0 85.238826,27.656125,0 85.238826,27.656124,0 85.238826,27.656122,0 85.238826,27.65612,0 85.238826,27.656119,0 85.238825,27.656117,0 85.238825,27.656116,0 85.238825,27.656114,0 85.238825,27.656113,0 85.238825,27.656111,0 85.238825,27.65611,0 85.238825,27.656108,0 85.238824,27.656106,0 85.238824,27.656105,0 85.238824,27.656103,0 85.238824,27.656102,0 85.238823,27.656102,0 85.238821,27.656101,0 85.238819,27.6561,0 85.238818,27.656098,0 85.238816,27.656097,0 85.238814,27.656096,0 85.238807,27.65609,0 85.238804,27.656088,0 85.2388,27.656086,0 85.238797,27.656083,0 85.238793,27.656081,0 85.238788,27.656078,0 85.238787,27.656078,0 85.238786,27.656077,0 85.238785,27.656076,0 85.238784,27.656076,0 85.238783,27.656075,0 85.238781,27.656075,0 85.23878,27.656074,0 85.238779,27.656073,0 85.238778,27.656073,0 85.238777,27.656072,0 85.238775,27.656072,0 85.238774,27.656071,0 85.238773,27.65607,0 85.238772,27.65607,0 85.238771,27.656069,0 85.238769,27.656069,0 85.238768,27.656068,0 85.238767,27.656067,0 85.238766,27.656067,0 85.238766,27.656061,0 85.238769,27.656059,0 85.238773,27.656057,0 85.238777,27.656056,0 85.238781,27.656054,0 85.238784,27.656053,0 85.238788,27.656051,0 85.238792,27.656049,0 85.238795,27.656048,0 85.238799,27.656046,0 85.238803,27.656044,0 85.238807,27.656043,0 85.23881,27.656041,0 85.238814,27.65604,0 85.238818,27.656038,0 85.238822,27.656036,0 85.238825,27.656035,0 85.238829,27.656033,0 85.238832,27.65603,0 85.238833,27.656026,0 85.238835,27.656023,0 85.238836,27.656019,0 85.238837,27.656016,0 85.238839,27.656013,0 85.23884,27.656009,0 85.238841,27.656006,0 85.238843,27.656003,0 85.238844,27.65599,0 85.238844,27.655985,0 85.238844,27.65598,0 85.238843,27.655975,0 85.238843,27.655971,0 85.238843,27.655966,0 85.238842,27.655961,0 85.238842,27.655956,0 85.238842,27.655952,0 85.238841,27.655947,0 85.238841,27.655942,0 85.238841,27.655937,0 85.23884,27.655933,0 85.23884,27.655928,0 85.23884,27.655923,0 85.23884,27.655918,0 85.238839,27.655914,0 85.238839,27.655909,0 85.238839,27.655904,0 85.238838,27.655899,0 85.238838,27.655895,0 85.238838,27.65589,0 85.238837,27.655885,0 85.238837,27.65588,0 85.238837,27.655876,0 85.238836,27.655871,0 85.238836,27.655866,0 85.238836,27.655861,0 85.238836,27.655857,0 85.238835,27.655852,0 85.238835,27.655847,0 85.238835,27.655842,0 85.238834,27.655838,0 85.238834,27.655833,0 85.238834,27.655828,0 85.238833,27.655823,0 85.238833,27.655819,0 85.238833,27.655814,0 85.238832,27.655809,0 85.238832,27.655804,0 85.238832,27.6558,0 85.238831,27.655795,0 85.238831,27.65579,0 85.238831,27.655785,0 85.238831,27.655781,0 85.23883,27.655776,0 85.23883,27.655771,0 85.23883,27.655766,0 85.238829,27.655762,0 85.238829,27.655757,0 85.238829,27.655752,0 85.238828,27.655747,0 85.238828,27.655743,0 85.238828,27.655738,0 85.238827,27.655733,0 85.238827,27.655728,0 85.238827,27.655724,0 85.238827,27.655719,0 85.238826,27.655714,0 85.238826,27.655709,0 85.238826,27.655705,0 85.238825,27.6557,0 85.238825,27.655695,0 85.238825,27.65569,0 85.238824,27.655686,0 85.238824,27.655681,0 85.238824,27.655676,0 85.238823,27.655671,0 85.238823,27.655667,0 85.238823,27.655662,0 85.238823,27.655657,0 85.238822,27.655652,0 85.238822,27.655648,0 85.238822,27.655643,0 85.238821,27.655638,0 85.238821,27.655633,0 85.238821,27.655629,0 85.23882,27.655624,0 85.23882,27.655619,0 85.23882,27.655614,0 85.238819,27.65561,0 85.238819,27.655605,0 85.238819,27.6556,0 85.238823,27.655595,0 85.238824,27.655592,0 85.238826,27.655589,0 85.238828,27.655586,0 85.238827,27.655578,0 85.238824,27.655575,0 85.238821,27.655572,0 85.238818,27.655569,0 85.238815,27.655566,0 85.238813,27.655562,0 85.23881,27.655559,0 85.238807,27.655556,0 85.238804,27.655553,0 85.238801,27.65555,0 85.238798,27.655546,0 85.238795,27.655543,0 85.238792,27.65554,0 85.23879,27.655537,0 85.238787,27.655534,0 85.238784,27.655531,0 85.238781,27.655527,0 85.238778,27.655524,0 85.238775,27.655521,0 85.238772,27.655518,0 85.238769,27.655515,0 85.238767,27.655511,0 85.238764,27.655508,0 85.238767,27.6555,0 85.238769,27.655496,0 85.238771,27.655492,0 85.238774,27.655488,0 85.238776,27.655484,0 85.238778,27.65548,0 85.23878,27.655476,0 85.23878,27.655467,0 85.238779,27.655463,0 85.238778,27.655459,0 85.238777,27.655455,0 85.238775,27.655451,0 85.238774,27.655447,0 85.238773,27.655443,0 85.238772,27.655438,0 85.238764,27.65543,0 85.238761,27.655427,0 85.238757,27.655424,0 85.238754,27.655421,0 85.23875,27.655418,0 85.238747,27.655414,0 85.238743,27.655411,0 85.238739,27.655408,0 85.238736,27.655405,0 85.238733,27.655391,0 85.23873,27.655385,0 85.238727,27.655378,0 85.238724,27.655372,0 85.238722,27.655366,0 85.238719,27.655359,0 85.238716,27.655353,0 85.238713,27.655347,0 85.23871,27.65534,0 85.238708,27.655334,0 85.238705,27.655328,0 85.238702,27.655321,0 85.238699,27.655315,0 85.238696,27.655309,0 85.238693,27.655302,0 85.238691,27.655296,0 85.238688,27.65529,0 85.238685,27.655283,0 85.238682,27.655277,0 85.238679,27.655271,0 85.238677,27.655264,0 85.238674,27.655258,0 85.238671,27.655252,0 85.238668,27.655245,0 85.238665,27.655239,0 85.238663,27.655231,0 85.238661,27.655226,0 85.238659,27.655221,0 85.238656,27.655217,0 85.238654,27.655212,0 85.238652,27.655208,0 85.23865,27.655203,0 85.238648,27.655198,0 85.238643,27.655187,0 85.238642,27.655182,0 85.23864,27.655176,0 85.238638,27.655171,0 85.238637,27.655166,0 85.238635,27.65516,0 85.238634,27.655155,0 85.238632,27.65515,0 85.23863,27.655144,0 85.238629,27.655139,0 85.238627,27.655133,0 85.238625,27.655128,0 85.238624,27.655123,0 85.238622,27.655117,0 85.238613,27.655105,0 85.238606,27.655098,0 85.238598,27.655092,0 85.23859,27.655085,0 85.238583,27.655079,0 85.238575,27.655072,0 85.238567,27.655065,0 85.238559,27.655059,0 85.238552,27.655052,0 85.238544,27.655046,0 85.238536,27.655039,0 85.238529,27.655033,0 85.238521,27.655026,0 85.238511,27.655017,0 85.238507,27.655014,0 85.238502,27.655012,0 85.238498,27.655009,0 85.238494,27.655006,0 85.238489,27.655004,0 85.238485,27.655001,0 85.238481,27.654998,0 85.238476,27.654996,0 85.238472,27.654993,0 85.238468,27.65499,0 85.238463,27.654988,0 85.238459,27.654985,0 85.238454,27.654982,0 85.23845,27.65498,0 85.238446,27.654977,0 85.238441,27.654975,0 85.238437,27.654972,0 85.238433,27.654969,0 85.238428,27.654967,0 85.238424,27.654964,0 85.23842,27.654961,0 85.238415,27.654959,0 85.238411,27.654956,0 85.238407,27.654953,0 85.238402,27.654951,0 85.238398,27.654948,0 85.238393,27.654946,0 85.238389,27.654943,0 85.238385,27.65494,0 85.238379,27.654935,0 85.238377,27.654932,0 85.238374,27.654929,0 85.238372,27.654926,0 85.23837,27.654923,0 85.238367,27.65492,0 85.238365,27.654917,0 85.238362,27.654914,0 85.238356,27.654908,0 85.238353,27.654905,0 85.23835,27.654902,0 85.238347,27.654899,0 85.238344,27.654896,0 85.238341,27.654893,0 85.238338,27.65489,0 85.238335,27.654887,0 85.238331,27.654879,0 85.238329,27.654875,0 85.238326,27.654871,0 85.238324,27.654866,0 85.238322,27.654862,0 85.23832,27.654858,0 85.238317,27.654854,0 85.238315,27.65485,0 85.238313,27.654846,0 85.238311,27.654842,0 85.238308,27.654837,0 85.238306,27.654833,0 85.238304,27.654829,0 85.238299,27.654829,0 85.238295,27.654828,0 85.238291,27.654827,0 85.238287,27.654826,0 85.238283,27.654826,0 85.238279,27.654825,0 85.238275,27.654824,0 85.238264,27.65482,0 85.238262,27.65482,0 85.238259,27.65482,0 85.238256,27.65482,0 85.238254,27.654821,0 85.238251,27.654821,0 85.238249,27.654821,0 85.238245,27.654819,0 85.238244,27.654817,0 85.238243,27.654815,0 85.238242,27.654813,0 85.238241,27.654811,0 85.23824,27.654809,0 85.23824,27.654807,0 85.238239,27.654805,0 85.238238,27.654803,0 85.238237,27.654801,0 85.238236,27.654799,0 85.238235,27.654797,0 85.238235,27.654795,0 85.238234,27.654793,0 85.238233,27.654791,0 85.238232,27.654789,0 85.238231,27.654787,0 85.23823,27.654785,0 85.238229,27.654783,0 85.238229,27.654781,0 85.238228,27.654779,0 85.238227,27.654777,0 85.238226,27.654775,0 85.238225,27.654773,0 85.238224,27.654771,0 85.238224,27.654769,0 85.238223,27.654767,0 85.238222,27.654765,0 85.238221,27.654764,0 85.23822,27.654762,0 85.238219,27.65476,0 85.238219,27.654758,0 85.238218,27.654756,0 85.238217,27.654754,0 85.238208,27.654743,0 85.238203,27.654739,0 85.238198,27.654736,0 85.238193,27.654732,0 85.238188,27.654729,0 85.238183,27.654725,0 85.238178,27.654722,0 85.238173,27.654718,0 85.238165,27.654713,0 85.238161,27.654711,0 85.238157,27.654709,0 85.238153,27.654707,0 85.238148,27.654705,0 85.238144,27.654703,0 85.23814,27.654701,0 85.238136,27.654699,0 85.238132,27.654697,0 85.238128,27.654695,0 85.238124,27.654693,0 85.23812,27.654691,0 85.238116,27.654689,0 85.238111,27.654687,0 85.238106,27.654679,0 85.238104,27.654674,0 85.238102,27.654669,0 85.2381,27.654665,0 85.238098,27.65466,0 85.238095,27.654655,0 85.238093,27.654651,0 85.238091,27.654646,0 85.238084,27.654642,0 85.238081,27.654641,0 85.238077,27.654641,0 85.238073,27.65464,0 85.23807,27.654639,0 85.238066,27.654639,0 85.238062,27.654638,0 85.238059,27.654637,0 85.238055,27.654637,0 85.238051,27.654636,0 85.238048,27.654635,0 85.238044,27.654635,0 85.238037,27.65463,0 85.238035,27.654628,0 85.238033,27.654627,0 85.23803,27.654626,0 85.238028,27.654625,0 85.238026,27.654624,0 85.238017,27.654618,0 85.238011,27.654613,0 85.238005,27.654609,0 85.237999,27.654604,0 85.237994,27.654599,0 85.237988,27.654595,0 85.237982,27.65459,0 85.237976,27.654586,0 85.237971,27.654581,0 85.237965,27.654577,0 85.237959,27.654572,0 85.237953,27.654567,0 85.237948,27.654563,0 85.237942,27.654558,0 85.237936,27.654554,0 85.23793,27.654549,0 85.237924,27.654545,0 85.237919,27.65454,0 85.237913,27.654536,0 85.237907,27.654531,0 85.237901,27.654526,0 85.237896,27.654522,0 85.23789,27.654517,0 85.237884,27.654513,0 85.237878,27.654504,0 85.237875,27.654501,0 85.237873,27.654497,0 85.23787,27.654494,0 85.237863,27.654489,0 85.237861,27.654488,0 85.237859,27.654487,0 85.237854,27.654483,0 85.237852,27.654481,0 85.23785,27.654479,0 85.237848,27.654477,0 85.237843,27.654475,0 85.237841,27.654475,0 85.237832,27.654472,0 85.237828,27.65447,0 85.237823,27.654468,0 85.237818,27.654462,0 85.237816,27.654457,0 85.237813,27.654452,0 85.23781,27.654447,0 85.237807,27.654442,0 85.237805,27.654437,0 85.237802,27.654432,0 85.237799,27.654427,0 85.237796,27.654422,0 85.237793,27.654417,0 85.237791,27.654412,0 85.237788,27.654407,0 85.237785,27.654402,0 85.237782,27.654397,0 85.23778,27.654392,0 85.237777,27.654387,0 85.237774,27.654382,0 85.237765,27.654362,0 85.237761,27.654355,0 85.237757,27.654348,0 85.237753,27.654341,0 85.237749,27.654334,0 85.237745,27.654327,0 85.237741,27.65432,0 85.237733,27.654312,0 85.237729,27.654309,0 85.237724,27.654306,0 85.23772,27.654303,0 85.237715,27.6543,0 85.237711,27.654297,0 85.237701,27.654296,0 85.237697,27.654296,0 85.237689,27.654295,0 85.237685,27.654294,0 85.237682,27.654292,0 85.237678,27.654291,0 85.237675,27.65429,0 85.237671,27.654288,0 85.237665,27.654284,0 85.237662,27.654283,0 85.237659,27.654281,0 85.237656,27.65428,0 85.237652,27.654278,0 85.237649,27.654276,0 85.237642,27.654274,0 85.237639,27.654273,0 85.237636,27.654273,0 85.237633,27.654272,0 85.237629,27.654271,0 85.237626,27.65427,0 85.237623,27.654269,0 85.23762,27.654269,0 85.237614,27.654265,0 85.237612,27.654262,0 85.237609,27.65426,0 85.237606,27.654258,0 85.237603,27.654255,0 85.2376,27.654253,0 85.237597,27.654251,0 85.237594,27.654248,0 85.237591,27.654246,0 85.237589,27.654244,0 85.237586,27.654241,0 85.237583,27.654239,0 85.23758,27.654237,0 85.237577,27.654234,0 85.237574,27.654232,0 85.237569,27.654228,0 85.237567,27.654227,0 85.237561,27.654222,0 85.237559,27.654219,0 85.237557,27.654216,0 85.237555,27.654213,0 85.237554,27.65421,0 85.237552,27.654207,0 85.237549,27.654198,0 85.237548,27.654196,0 85.237548,27.654193,0 85.237547,27.654191,0 85.237547,27.654189,0 85.237546,27.654187,0 85.237545,27.654185,0 85.237545,27.654183,0 85.23754,27.654178,0 85.237537,27.654175,0 85.237535,27.654173,0 85.237533,27.65417,0 85.23753,27.654168,0 85.237528,27.654165,0 85.237526,27.654163,0 85.237523,27.65416,0 85.237521,27.654158,0 85.237519,27.654155,0 85.237517,27.654153,0 85.237514,27.65415,0 85.237512,27.654146,0 85.23751,27.654143,0 85.237508,27.654141,0 85.237506,27.654138,0 85.237504,27.654136,0 85.237502,27.654133,0 85.2375,27.654131,0 85.237493,27.654127,0 85.237489,27.654125,0 85.237485,27.654123,0 85.237481,27.654121,0 85.237477,27.654119,0 85.237473,27.654118,0 85.237469,27.654116,0 85.237467,27.654112,0 85.237465,27.654111,0 85.237463,27.65411,0 85.23746,27.654108,0 85.237458,27.654107,0 85.237456,27.654105,0 85.237453,27.654104,0 85.237448,27.654101,0 85.237446,27.6541,0 85.237444,27.654098,0 85.237442,27.654097,0 85.23744,27.654095,0 85.237438,27.654094,0 85.237438,27.654088,0 85.237438,27.654086,0 85.237439,27.654079,0 85.237439,27.654076,0 85.237439,27.654073,0 85.237439,27.654069,0 85.23744,27.654066,0 85.23744,27.654063,0 85.237434,27.654057,0 85.237429,27.654055,0 85.237425,27.654053,0 85.237421,27.654051,0 85.237417,27.654049,0 85.237413,27.654046,0 85.237408,27.654042,0 85.237405,27.65404,0 85.237402,27.654037,0 85.237399,27.654035,0 85.237396,27.654033,0 85.237394,27.65403,0 85.237391,27.654028,0 85.237387,27.654022,0 85.237385,27.654019,0 85.237383,27.654017,0 85.237381,27.654015,0 85.237379,27.654013,0 85.237377,27.654011,0 85.237375,27.654008,0 85.237373,27.654006,0 85.237367,27.654001,0 85.237363,27.653999,0 85.23736,27.653997,0 85.237357,27.653995,0 85.237354,27.653993,0 85.237351,27.653991,0 85.237348,27.653989,0 85.237345,27.653987,0 85.237342,27.653985,0 85.237339,27.653983,0 85.237336,27.653982,0 85.237337,27.653977,0 85.237337,27.653974,0 85.237337,27.653972,0 85.237337,27.65397,0 85.237337,27.653968,0 85.237338,27.653965,0 85.237338,27.653963,0 85.237338,27.653953,0 85.237338,27.65395,0 85.237338,27.653947,0 85.237337,27.653944,0 85.237337,27.653941,0 85.237336,27.653938,0 85.237336,27.653933,0 85.237335,27.653931,0 85.237335,27.653928,0 85.237334,27.653925,0 85.237334,27.653922,0 85.237326,27.653904,0 85.237325,27.653903,0 85.237324,27.653903,0 85.237319,27.6539,0 85.237317,27.6539,0 85.237312,27.653895,0 85.23731,27.653892,0 85.237308,27.65389,0 85.237306,27.653887,0 85.237303,27.653884,0 85.237301,27.653882,0 85.237295,27.653874,0 85.237291,27.65387,0 85.237287,27.653865,0 85.237283,27.65386,0 85.237278,27.653855,0 85.237274,27.65385,0 85.23727,27.653845,0 85.237266,27.65384,0 85.237262,27.653835,0 85.237257,27.65383,0 85.237253,27.653825,0 85.237242,27.65381,0 85.237239,27.653803,0 85.237235,27.653797,0 85.237231,27.65379,0 85.237227,27.653784,0 85.237223,27.653777,0 85.237221,27.653773,0 85.237221,27.653771,0 85.237222,27.653769,0 85.237222,27.653767,0 85.237225,27.653761,0 85.237225,27.653758,0 85.237226,27.653755,0 85.237227,27.653752,0 85.237226,27.653746,0 85.237224,27.653743,0 85.237222,27.653741,0 85.23722,27.653738,0 85.237218,27.653736,0 85.237217,27.653733,0 85.237215,27.65373,0 85.237213,27.653728,0 85.237211,27.653725,0 85.237209,27.653723,0 85.237207,27.65372,0 85.237206,27.653717,0 85.237204,27.653715,0 85.237202,27.653712,0 85.2372,27.65371,0 85.237198,27.653699,0 85.237196,27.653694,0 85.237195,27.653689,0 85.237194,27.653683,0 85.237192,27.653678,0 85.237189,27.653665,0 85.237189,27.653661,0 85.237188,27.653656,0 85.237187,27.653651,0 85.237186,27.653646,0 85.237186,27.653642,0 85.237192,27.653632,0 85.237191,27.65363,0 85.23719,27.653628,0 85.237189,27.653625,0 85.237189,27.653623,0 85.237188,27.653621,0 85.237183,27.653616,0 85.237181,27.653612,0 85.237178,27.653609,0 85.237176,27.653605,0 85.237173,27.653601,0 85.23717,27.653598,0 85.237168,27.653594,0 85.237165,27.65359,0 85.237162,27.653587,0 85.23716,27.653583,0 85.237157,27.653579,0 85.237155,27.653576,0 85.237147,27.653571,0 85.237144,27.65357,0 85.237142,27.653569,0 85.237132,27.653564,0 85.237132,27.653562,0 85.237131,27.65356,0 85.237131,27.653557,0 85.23713,27.653555,0 85.23713,27.653553,0 85.237129,27.653551,0 85.237129,27.653549,0 85.237129,27.653547,0 85.237128,27.653544,0 85.237128,27.653542,0 85.237126,27.653527,0 85.237126,27.653525,0 85.237126,27.653522,0 85.237126,27.65352,0 85.237125,27.653518,0 85.237125,27.653515,0 85.237123,27.653509,0 85.237121,27.653507,0 85.23712,27.653504,0 85.237118,27.653502,0 85.237117,27.653499,0 85.237115,27.653497,0 85.237114,27.653494,0 85.237112,27.653492,0 85.237108,27.653488,0 85.237107,27.653487,0 85.237105,27.653485,0 85.237102,27.653482,0 85.2371,27.653481,0 85.237099,27.65348,0 85.237094,27.653477,0 85.237091,27.653475,0 85.237087,27.653474,0 85.237084,27.653472,0 85.237081,27.65347,0 85.237078,27.653468,0 85.237074,27.653466,0 85.237071,27.653464,0 85.237068,27.653462,0 85.237065,27.65346,0 85.237061,27.653459,0 85.237058,27.653457,0 85.237055,27.653455,0 85.237052,27.653453,0 85.237049,27.653451,0 85.237045,27.653449,0 85.237042,27.653447,0 85.237039,27.653446,0 85.237034,27.65344,0 85.237032,27.653437,0 85.23703,27.653434,0 85.237028,27.65343,0 85.237026,27.653427,0 85.237023,27.653424,0 85.237021,27.653421,0 85.237019,27.653417,0 85.237017,27.653414,0 85.237015,27.653403,0 85.237014,27.6534,0 85.237012,27.653398,0 85.237011,27.653395,0 85.23701,27.653393,0 85.237008,27.653391,0 85.237007,27.653388,0 85.237006,27.653386,0 85.237005,27.653383,0 85.237003,27.653381,0 85.236995,27.65338,0 85.236991,27.653378,0 85.236988,27.653377,0 85.236984,27.653376,0 85.23698,27.653375,0 85.236976,27.653374,0 85.236972,27.653373,0 85.236968,27.653372,0 85.236965,27.653371,0 85.236961,27.65337,0 85.236956,27.653366,0 85.236953,27.653365,0 85.236949,27.653363,0 85.236946,27.653361,0 85.236943,27.65336,0 85.23694,27.653358,0 85.236936,27.653356,0 85.236933,27.653355,0 85.23693,27.653353,0 85.236926,27.653352,0 85.236923,27.65335,0 85.23692,27.653348,0 85.236916,27.653347,0 85.236913,27.653345,0 85.23691,27.653344,0 85.236906,27.653342,0 85.236903,27.65334,0 85.236894,27.653333,0 85.236891,27.653329,0 85.236888,27.653325,0 85.236885,27.653321,0 85.236882,27.653317,0 85.236879,27.653313,0 85.236877,27.653309,0 85.236874,27.653305,0 85.236871,27.653301,0 85.236868,27.653297,0 85.236865,27.653293,0 85.236862,27.653289,0 85.236859,27.653285,0 85.236856,27.653281,0 85.236853,27.653276,0 85.236851,27.653272,0 85.236848,27.653268,0 85.236845,27.653264,0 85.236842,27.65326,0 85.236839,27.653256,0 85.236836,27.653252,0 85.236833,27.653248,0 85.23683,27.653244,0 85.236824,27.653235,0 85.23682,27.653229,0 85.236817,27.653224,0 85.236813,27.653218,0 85.23681,27.653213,0 85.236806,27.653207,0 85.236797,27.653194,0 85.236794,27.653189,0 85.236791,27.653184,0 85.236788,27.653178,0 85.236784,27.653173,0 85.236781,27.653168,0 85.236778,27.653163,0 85.236774,27.653157,0 85.236762,27.653151,0 85.236757,27.653149,0 85.236752,27.653147,0 85.236746,27.653145,0 85.236741,27.653143,0 85.236736,27.653141,0 85.236731,27.653139,0 85.236723,27.653138,0 85.236719,27.653137,0 85.236716,27.653136,0 85.236712,27.653135,0 85.236709,27.653134,0 85.236705,27.653133,0 85.236702,27.653132,0 85.236698,27.653131,0 85.236698,27.653124,0 85.236699,27.65312,0 85.236699,27.653116,0 85.2367,27.653112,0 85.2367,27.653108,0 85.236701,27.653104,0 85.236701,27.6531,0 85.236702,27.653096,0 85.236696,27.653088,0 85.236693,27.653085,0 85.236691,27.653081,0 85.236688,27.653078,0 85.236685,27.653074,0 85.236684,27.653071,0 85.236683,27.65307,0 85.236678,27.653064,0 85.236675,27.653061,0 85.236671,27.653058,0 85.236668,27.653055,0 85.236665,27.653052,0 85.236662,27.653049,0 85.236658,27.653046,0 85.236655,27.653044,0 85.236652,27.653041,0 85.236649,27.653035,0 85.236647,27.653033,0 85.236646,27.653031,0 85.236645,27.653028,0 85.236642,27.653016,0 85.236645,27.653016,0 85.236647,27.653015,0 85.236649,27.653014,0 85.236651,27.653013,0 85.236653,27.653012,0 85.236655,27.653011,0 85.236657,27.65301,0 85.236657,27.653005,0 85.236656,27.653002,0 85.236654,27.652999,0 85.236653,27.652997,0 85.236652,27.652994,0 85.23665,27.652991,0 85.236649,27.652988,0 85.236648,27.652985,0 85.236646,27.652982,0 85.236645,27.652979,0 85.236644,27.652977,0 85.236643,27.652974,0 85.236641,27.652971,0 85.23664,27.652968,0 85.236639,27.652965,0 85.236637,27.652962,0 85.236636,27.652959,0 85.236634,27.652956,0 85.236632,27.652954,0 85.236631,27.652952,0 85.236622,27.652947,0 85.236617,27.652944,0 85.236612,27.652942,0 85.236608,27.652939,0 85.236603,27.652936,0 85.236598,27.652934,0 85.236587,27.652929,0 85.236582,27.652926,0 85.236577,27.652923,0 85.236572,27.65292,0 85.236566,27.652918,0 85.236561,27.652915,0 85.236556,27.652912,0 85.236551,27.652909,0 85.236544,27.652907,0 85.236543,27.652906,0 85.236542,27.652903,0 85.236543,27.652902,0 85.236543,27.6529,0 85.236543,27.652899,0 85.236543,27.652898,0 85.236537,27.652891,0 85.236533,27.652886,0 85.236528,27.652881,0 85.236524,27.652877,0 85.236519,27.652872,0 85.236515,27.652868,0 85.23651,27.652863,0 85.236506,27.652858,0 85.236501,27.652854,0 85.236497,27.652849,0 85.236492,27.652844,0 85.236488,27.65284,0 85.236483,27.652835,0 85.236479,27.652831,0 85.236474,27.652826,0 85.236468,27.65281,0 85.236467,27.652805,0 85.236466,27.652799,0 85.236464,27.652794,0 85.236463,27.652789,0 85.236461,27.65278,0 85.236461,27.652777,0 85.23646,27.652773,0 85.23646,27.652769,0 85.23646,27.652766,0 85.236459,27.652762,0 85.236459,27.652758,0 85.236459,27.652754,0 85.236456,27.652746,0 85.236453,27.652742,0 85.23645,27.652739,0 85.236447,27.652735,0 85.236444,27.652731,0 85.236441,27.652727,0 85.236438,27.652721,0 85.236437,27.652718,0 85.236436,27.652715,0 85.236435,27.652712,0 85.236434,27.652709,0 85.236433,27.652706,0 85.236433,27.652703,0 85.236432,27.6527,0 85.236431,27.652697,0 85.236431,27.652691,0 85.236431,27.652689,0 85.236431,27.652686,0 85.236431,27.652683,0 85.236431,27.652681,0 85.236431,27.652671,0 85.23643,27.652667,0 85.23643,27.652662,0 85.23643,27.652658,0 85.236429,27.652653,0 85.236429,27.652649,0 85.236429,27.652644,0 85.236428,27.65264,0 85.236428,27.652635,0 85.236428,27.652631,0 85.236428,27.652626,0 85.236427,27.652622,0 85.236427,27.652617,0 85.236427,27.652613,0 85.236426,27.652605,0 85.236427,27.652602,0 85.236427,27.652598,0 85.236428,27.652595,0 85.236428,27.652591,0 85.236429,27.652588,0 85.23643,27.652581,0 85.236428,27.652578,0 85.236427,27.652576,0 85.236425,27.652573,0 85.236424,27.65257,0 85.236422,27.652568,0 85.236421,27.652565,0 85.236419,27.652563,0 85.236418,27.65256,0 85.236416,27.652557,0 85.236415,27.652555,0 85.236413,27.652552,0 85.236412,27.652549,0 85.23641,27.652547,0 85.236408,27.652546,0 85.236406,27.652547,0 85.236403,27.652547,0 85.236401,27.652547,0 85.236399,27.652547,0 85.236387,27.652548,0 85.236382,27.652547,0 85.236378,27.652546,0 85.236374,27.652546,0 85.236369,27.652545,0 85.236353,27.652544,0 85.236351,27.652542,0 85.236348,27.65254,0 85.236346,27.652538,0 85.236343,27.652535,0 85.236338,27.652532,0 85.236336,27.652531,0 85.236334,27.652529,0 85.236333,27.652527,0 85.236331,27.652526,0 85.236329,27.652524,0 85.236327,27.652522,0 85.236326,27.652521,0 85.236324,27.652519,0 85.236322,27.652517,0 85.236321,27.652516,0 85.236319,27.652514,0 85.236316,27.652509,0 85.236316,27.652508,0 85.236316,27.652507,0 85.236312,27.652503,0 85.236309,27.652501,0 85.236307,27.6525,0 85.236304,27.652498,0 85.236301,27.652496,0 85.236298,27.652494,0 85.236296,27.652492,0 85.236293,27.65249,0 85.23629,27.652488,0 85.236287,27.652486,0 85.236285,27.652485,0 85.236282,27.652483,0 85.236279,27.652481,0 85.236276,27.652479,0 85.236273,27.652475,0 85.236269,27.652473,0 85.236266,27.652471,0 85.236262,27.652469,0 85.236258,27.652467,0 85.236255,27.652465,0 85.236251,27.652463,0 85.236248,27.65246,0 85.236244,27.652458,0 85.236241,27.652456,0 85.236237,27.652454,0 85.236233,27.652452,0 85.236231,27.65245,0 85.236226,27.652449,0 85.236225,27.652449,0 85.236223,27.65245,0 85.236222,27.65245,0 85.23622,27.652451,0 85.236219,27.652451,0 85.236217,27.652452,0 85.236216,27.652452,0 85.236216,27.652461,0 85.236216,27.652463,0 85.236215,27.652465,0 85.236215,27.652468,0 85.236214,27.65247,0 85.236214,27.652472,0 85.236213,27.652475,0 85.236213,27.652477,0 85.236207,27.652477,0 85.236205,27.652476,0 85.236203,27.652476,0 85.236201,27.652476,0 85.236198,27.652475,0 85.236196,27.652475,0 85.236194,27.652474,0 85.236188,27.652479,0 85.236182,27.65248,0 85.236176,27.652482,0 85.236171,27.652484,0 85.236158,27.652486,0 85.236154,27.652488,0 85.236151,27.652487,0 85.236151,27.652485,0 85.236148,27.65247,0 85.236148,27.652471,0 85.236148,27.652472,0 85.236148,27.652473,0 85.236148,27.652475,0 85.236148,27.652476,0 85.236152,27.652476,0 85.236154,27.652474,0 85.236156,27.652473,0 85.236158,27.652471,0 85.236159,27.652469,0 85.236161,27.652468,0 85.236161,27.652464,0 85.236162,27.652463,0 85.236162,27.652462,0 85.236162,27.652461,0 85.236167,27.652465,0 85.236168,27.652463,0 85.236168,27.652461,0 85.236166,27.652454,0 85.236164,27.652451,0 85.236161,27.652448,0 85.236159,27.652445,0 85.236157,27.652442,0 85.236154,27.652438,0 85.236152,27.652435,0 85.236149,27.652432,0 85.236147,27.652429,0 85.236145,27.652426,0 85.236142,27.652422,0 85.23614,27.652419,0 85.236137,27.652416,0 85.236135,27.652413,0 85.236133,27.65241,0 85.23613,27.652406,0 85.236128,27.652403,0 85.236125,27.6524,0 85.236123,27.652397,0 85.23612,27.652394,0 85.236115,27.652388,0 85.236111,27.652385,0 85.236108,27.652382,0 85.236104,27.65238,0 85.2361,27.652377,0 85.236096,27.652374,0 85.236093,27.65237,0 85.23609,27.652367,0 85.236088,27.652364,0 85.236086,27.652362,0 85.236083,27.652359,0 85.236081,27.652356,0 85.236079,27.652353,0 85.236076,27.652351,0 85.236074,27.652348,0 85.236072,27.652345,0 85.236069,27.652342,0 85.236067,27.65234,0 85.236065,27.652337,0 85.236062,27.652334,0 85.23606,27.652331,0 85.236058,27.652329,0 85.236055,27.652326,0 85.236053,27.652323,0 85.23605,27.65232,0 85.236049,27.65232,0 85.236049,27.652319,0 85.236045,27.652312,0 85.236045,27.65231,0 85.236045,27.652308,0 85.236045,27.652305,0 85.236045,27.652303,0 85.236045,27.652301,0 85.236043,27.652294,0 85.236041,27.65229,0 85.23604,27.652286,0 85.236038,27.652282,0 85.236036,27.652278,0 85.236035,27.652274,0 85.236033,27.65227,0 85.236026,27.652264,0 85.236022,27.652259,0 85.236018,27.652254,0 85.236013,27.65225,0 85.236009,27.652245,0 85.236005,27.65224,0 85.236,27.652235,0 85.235996,27.65223,0 85.235991,27.652225,0 85.235987,27.652221,0 85.235983,27.652216,0 85.235978,27.652211,0 85.235974,27.652206,0 85.23597,27.652201,0 85.235965,27.652196,0 85.235961,27.652192,0 85.235957,27.652187,0 85.235947,27.652185,0 85.235943,27.652183,0 85.235938,27.652182,0 85.235934,27.65218,0 85.235929,27.652178,0 85.235924,27.652177,0 85.23592,27.652175,0 85.235915,27.652173,0 85.235911,27.652172,0 85.235906,27.65217,0 85.235901,27.652169,0 85.235897,27.652167,0 85.235892,27.652165,0 85.235888,27.652164,0 85.235883,27.652162,0 85.235879,27.652161,0 85.235874,27.652159,0 85.235869,27.652157,0 85.235865,27.652156,0 85.23586,27.652154,0 85.235856,27.652152,0 85.235851,27.652151,0 85.235846,27.652149,0 85.235842,27.652148,0 85.235837,27.652146,0 85.235833,27.652144,0 85.235828,27.652143,0 85.235824,27.652141,0 85.235819,27.65214,0 85.235814,27.652138,0 85.235803,27.652134,0 85.235801,27.652134,0 85.2358,27.652133,0 85.235799,27.652133,0 85.235797,27.652132,0 85.235796,27.652132,0 85.23579,27.652127,0 85.235787,27.652123,0 85.235784,27.652118,0 85.235781,27.652114,0 85.235778,27.652109,0 85.235775,27.652105,0 85.235771,27.6521,0 85.235768,27.652096,0 85.235765,27.652091,0 85.235762,27.652087,0 85.235759,27.652082,0 85.235756,27.652078,0 85.235753,27.652074,0 85.23575,27.652069,0 85.235747,27.652065,0 85.235744,27.65206,0 85.235741,27.652056,0 85.235738,27.652051,0 85.235734,27.652047,0 85.235731,27.652042,0 85.235728,27.652038,0 85.235723,27.652035,0 85.23572,27.652034,0 85.235716,27.652033,0 85.235712,27.652031,0 85.235709,27.65203,0 85.235705,27.652028,0 85.235702,27.652027,0 85.235698,27.652023,0 85.235696,27.652021,0 85.235694,27.652018,0 85.235692,27.652016,0 85.23569,27.652014,0 85.235688,27.652011,0 85.235686,27.652009,0 85.235681,27.652004,0 85.235679,27.652002,0 85.235677,27.652,0 85.235674,27.651998,0 85.235672,27.651995,0 85.23567,27.651993,0 85.235667,27.651991,0 85.235665,27.651989,0 85.23566,27.651983,0 85.235657,27.651981,0 85.235655,27.651978,0 85.235652,27.651975,0 85.23565,27.651972,0 85.235648,27.651969,0 85.235645,27.651966,0 85.235643,27.651963,0 85.23564,27.65196,0 85.235638,27.651958,0 85.235636,27.651955,0 85.235633,27.651952,0 85.235631,27.651949,0 85.235629,27.651946,0 85.235628,27.651945,0 85.235623,27.651941,0 85.235621,27.651939,0 85.235619,27.651937,0 85.235616,27.651935,0 85.235614,27.651929,0 85.235613,27.651925,0 85.235611,27.65192,0 85.23561,27.651915,0 85.235608,27.65191,0 85.235607,27.651906,0 85.235605,27.651901,0 85.235603,27.651896,0 85.235602,27.651891,0 85.2356,27.651887,0 85.235599,27.651882,0 85.235597,27.651877,0 85.235596,27.651872,0 85.235594,27.651868,0 85.235593,27.651863,0 85.235591,27.651858,0 85.23559,27.651853,0 85.235588,27.651849,0 85.235587,27.651844,0 85.235585,27.651839,0 85.235584,27.651834,0 85.235582,27.65183,0 85.235581,27.651825,0 85.235579,27.65182,0 85.23558,27.6518,0 85.235579,27.651791,0 85.235579,27.651782,0 85.235578,27.651773,0 85.235578,27.651764,0 85.235578,27.651755,0 85.235577,27.651746,0 85.235576,27.651728,0 85.235575,27.651727,0 85.235573,27.651725,0 85.235571,27.651724,0 85.235562,27.651711,0 85.235557,27.651704,0 85.235552,27.651696,0 85.235547,27.651689,0 85.235542,27.651681,0 85.23553,27.651663,0 85.235526,27.651657,0 85.235514,27.651639,0 85.23551,27.651632,0 85.235506,27.651625,0 85.235502,27.651619,0 85.235498,27.651612,0 85.235494,27.651605,0 85.23549,27.651599,0 85.235489,27.651588,0 85.235489,27.651584,0 85.235489,27.65158,0 85.235489,27.651577,0 85.235489,27.651573,0 85.235489,27.651569,0 85.235489,27.651565,0 85.235489,27.651561,0 85.235489,27.651557,0 85.235488,27.651552,0 85.235487,27.65155,0 85.235485,27.651548,0 85.235484,27.651545,0 85.235483,27.651543,0 85.235482,27.651541,0 85.235481,27.651539,0 85.23548,27.651537,0 85.23548,27.651528,0 85.23548,27.651526,0 85.23548,27.651525,0 85.235478,27.65152,0 85.235478,27.651518,0 85.235477,27.651515,0 85.235477,27.651513,0 85.235476,27.65151,0 85.235476,27.651508,0 85.235475,27.651505,0 85.235472,27.651492,0 85.235472,27.65149,0 85.235471,27.651487,0 85.23547,27.651484,0 85.235469,27.651481,0 85.235464,27.651476,0 85.235462,27.651474,0 85.235456,27.651467,0 85.235454,27.651465,0 85.235447,27.651457,0 85.235445,27.651455,0 85.235437,27.651446,0 85.235433,27.651443,0 85.23543,27.65144,0 85.235426,27.651437,0 85.235422,27.651432,0 85.235422,27.65143,0 85.235421,27.651428,0 85.235421,27.651422,0 85.235421,27.651418,0 85.235422,27.651415,0 85.235422,27.651411,0 85.235423,27.651408,0 85.235423,27.651404,0 85.235424,27.651401,0 85.235424,27.651397,0 85.235424,27.651394,0 85.235425,27.651391,0 85.235425,27.651387,0 85.235426,27.651384,0 85.235433,27.651382,0 85.235436,27.65138,0 85.235439,27.651378,0 85.235442,27.651376,0 85.235445,27.651374,0 85.235448,27.651372,0 85.235451,27.65137,0 85.235454,27.651368,0 85.235457,27.651366,0 85.23546,27.651364,0 85.235465,27.651348,0 85.235465,27.651346,0 85.235465,27.651344,0 85.235465,27.651342,0 85.235465,27.65134,0 85.235465,27.651332,0 85.235464,27.651328,0 85.235464,27.651323,0 85.235463,27.651319,0 85.235463,27.651315,0 85.235462,27.65131,0 85.235462,27.651306,0 85.235462,27.651301,0 85.235459,27.651295,0 85.235457,27.651292,0 85.235455,27.65129,0 85.235453,27.651287,0 85.235451,27.651285,0 85.235449,27.651282,0 85.235447,27.65128,0 85.235439,27.651273,0 85.235438,27.651273,0 85.235437,27.651272,0 85.235436,27.651271,0 85.235429,27.651257,0 85.235429,27.651252,0 85.235429,27.651247,0 85.235429,27.651242,0 85.235429,27.651237,0 85.235429,27.651232,0 85.235429,27.651226,0 85.23543,27.651221,0 85.23543,27.651216,0 85.23543,27.651211,0 85.23543,27.651206,0 85.235427,27.651198,0 85.235425,27.651195,0 85.235422,27.651192,0 85.23542,27.651189,0 85.235418,27.651186,0 85.235416,27.651183,0 85.235414,27.65118,0 85.235412,27.651177,0 85.235409,27.651174,0 85.235407,27.651171,0 85.235405,27.651168,0 85.235403,27.651165,0 85.235401,27.651162,0 85.235404,27.651158,0 85.235405,27.651154,0 85.235407,27.651151,0 85.235408,27.651147,0 85.235409,27.651143,0 85.235411,27.65114,0 85.235408,27.651128,0 85.235407,27.651123,0 85.235403,27.651109,0 85.235401,27.651104,0 85.235398,27.651099,0 85.235396,27.651094,0 85.235394,27.651089,0 85.235392,27.651083,0 85.235389,27.651078,0 85.235385,27.651074,0 85.235382,27.651071,0 85.23538,27.651068,0 85.235377,27.651066,0 85.235374,27.651063,0 85.235372,27.65106,0 85.235369,27.651057,0 85.235367,27.651054,0 85.235364,27.651051,0 85.235361,27.651049,0 85.235359,27.651046,0 85.235356,27.651043,0 85.235353,27.65104,0 85.235351,27.651037,0 85.235348,27.651035,0 85.235346,27.651032,0 85.235343,27.651029,0 85.23534,27.651026,0 85.235338,27.651023,0 85.235335,27.65102,0 85.235333,27.651018,0 85.23533,27.651015,0 85.235327,27.651012,0 85.235325,27.651009,0 85.235322,27.651006,0 85.23532,27.651004,0 85.235317,27.651001,0 85.235319,27.650997,0 85.235321,27.650995,0 85.235329,27.650988,0 85.235334,27.650984,0 85.235338,27.65098,0 85.235342,27.650977,0 85.235346,27.650973,0 85.23535,27.650969,0 85.235354,27.650965,0 85.235358,27.650962,0 85.235362,27.650958,0 85.235366,27.650954,0 85.235371,27.65095,0 85.235374,27.650943,0 85.235374,27.650939,0 85.235374,27.650935,0 85.235374,27.650931,0 85.235374,27.650926,0 85.235374,27.650922,0 85.235373,27.650918,0 85.235373,27.650914,0 85.235373,27.65091,0 85.23537,27.650901,0 85.235369,27.650897,0 85.235368,27.650894,0 85.235367,27.650891,0 85.235365,27.650887,0 85.235356,27.650877,0 85.235354,27.650874,0 85.235352,27.650872,0 85.23535,27.650869,0 85.235348,27.650867,0 85.235346,27.650864,0 85.235344,27.650861,0 85.235341,27.650855,0 85.235339,27.650852,0 85.235334,27.650845,0 85.235332,27.650842,0 85.235329,27.650838,0 85.235327,27.650835,0 85.235325,27.650831,0 85.235323,27.650828,0 85.235317,27.65082,0 85.235314,27.650817,0 85.235311,27.650814,0 85.235307,27.650811,0 85.235304,27.650808,0 85.235301,27.650806,0 85.235298,27.650803,0 85.235295,27.6508,0 85.235292,27.650797,0 85.235289,27.650794,0 85.235286,27.650791,0 85.235283,27.650788,0 85.23528,27.650785,0 85.235277,27.650782,0 85.235274,27.650779,0 85.23527,27.650776,0 85.235267,27.650774,0 85.235264,27.650771,0 85.235261,27.650768,0 85.235258,27.650765,0 85.235255,27.650762,0 85.235252,27.650759,0 85.235249,27.650756,0 85.235246,27.650753,0 85.235243,27.65075,0 85.23524,27.650747,0 85.235236,27.650744,0 85.235233,27.650741,0 85.235225,27.650732,0 85.23522,27.650726,0 85.235215,27.65072,0 85.23521,27.650715,0 85.235205,27.650709,0 85.2352,27.650703,0 85.235195,27.650698,0 85.23519,27.650692,0 85.235186,27.650678,0 85.235183,27.65067,0 85.23518,27.650662,0 85.235177,27.650655,0 85.235174,27.650647,0 85.235171,27.650639,0 85.235164,27.650628,0 85.23516,27.650625,0 85.235156,27.650622,0 85.235152,27.650619,0 85.235148,27.650616,0 85.235144,27.650613,0 85.23514,27.65061,0 85.235136,27.650607,0 85.235132,27.650604,0 85.235128,27.650601,0 85.235122,27.650605,0 85.23512,27.650608,0 85.235118,27.650611,0 85.235116,27.650614,0 85.235114,27.650617,0 85.235112,27.65062,0 85.235109,27.650624,0 85.235107,27.650627,0 85.235105,27.65063,0 85.235103,27.650633,0 85.235101,27.650636,0 85.235099,27.650639,0 85.235097,27.650642,0 85.235093,27.650645,0 85.235091,27.650646,0 85.235088,27.650647,0 85.235085,27.650648,0 85.235083,27.65065,0 85.235078,27.650654,0 85.235076,27.650656,0 85.235074,27.650657,0 85.235068,27.650663,0 85.235065,27.650665,0 85.235062,27.650668,0 85.235058,27.65067,0 85.235055,27.650673,0 85.235048,27.650678,0 85.235045,27.650682,0 85.235042,27.650685,0 85.235039,27.650688,0 85.235036,27.650692,0 85.235033,27.650695,0 85.23503,27.650699,0 85.235027,27.650702,0 85.235022,27.650706,0 85.23502,27.650708,0 85.235013,27.65071,0 85.23501,27.650711,0 85.235007,27.650712,0 85.235004,27.650714,0 85.235001,27.650715,0 85.234986,27.65072,0 85.234984,27.65072,0 85.234981,27.650719,0 85.234979,27.650719,0 85.234977,27.650719,0 85.234974,27.650719,0 85.23497,27.650714,0 85.234969,27.650711,0 85.234968,27.650707,0 85.234967,27.650704,0 85.234965,27.6507,0 85.234964,27.650697,0 85.234963,27.650693,0 85.234962,27.650689,0 85.23496,27.650686,0 85.234959,27.650682,0 85.234957,27.65068,0 85.234956,27.650679,0 85.23495,27.650674,0 85.234947,27.650672,0 85.234944,27.65067,0 85.234941,27.650667,0 85.234938,27.650665,0 85.234935,27.650662,0 85.234932,27.65066,0 85.234927,27.650653,0 85.234924,27.650649,0 85.234922,27.650646,0 85.234919,27.650642,0 85.234916,27.650639,0 85.234913,27.650635,0 85.23491,27.650632,0 85.234901,27.650626,0 85.234896,27.650625,0 85.23489,27.650623,0 85.234884,27.650621,0 85.234878,27.65062,0 85.234872,27.650618,0 85.234866,27.650616,0 85.234861,27.650615,0 85.234851,27.650609,0 85.234848,27.650606,0 85.234845,27.650604,0 85.234841,27.650601,0 85.234838,27.650598,0 85.234835,27.650595,0 85.234832,27.650592,0 85.234833,27.650584,0 85.234834,27.650583,0 85.234834,27.650581,0 85.234835,27.65058,0 85.234836,27.650578,0 85.23484,27.650576,0 85.234842,27.650575,0 85.234852,27.650563,0 85.234855,27.65056,0 85.234858,27.650558,0 85.23486,27.650555,0 85.234863,27.650553,0 85.234866,27.65055,0 85.234869,27.650548,0 85.234872,27.650545,0 85.234875,27.650543,0 85.234878,27.65054,0 85.234881,27.650537,0 85.234884,27.65054,0 85.234883,27.650539,0 85.234883,27.650538,0 85.234882,27.650538,0 85.234882,27.650537,0 85.234882,27.650536,0 85.234881,27.650536,0 85.234881,27.650535,0 85.23488,27.650535,0 85.23488,27.650534,0 85.234883,27.650533,0 85.234884,27.650534,0 85.234884,27.650535,0 85.234885,27.650535,0 85.234885,27.650536,0 85.234885,27.650537,0 85.234886,27.650537,0 85.234886,27.650538,0 85.234887,27.650538,0 85.234887,27.650539,0 85.234888,27.65054,0 85.234888,27.650541,0 85.234889,27.650541,0 85.234889,27.650542,0 85.23489,27.650545,0 85.234886,27.650546,0 85.234883,27.650547,0 85.234879,27.650549,0 85.234875,27.65055,0 85.234872,27.650551,0 85.234868,27.650552,0 85.234864,27.650553,0 85.234861,27.650554,0 85.234857,27.650556,0 85.234835,27.650551,0 85.234824,27.650548,0 85.234813,27.650544,0 85.234803,27.650541,0 85.234792,27.650538,0 85.234781,27.650535,0 85.234771,27.650532,0 85.23476,27.650529,0 85.234741,27.650517,0 85.234734,27.650511,0 85.234726,27.650505,0 85.234718,27.6505,0 85.23471,27.650494,0 85.234702,27.650488,0 85.234688,27.650476,0 85.23468,27.65047,0 85.234672,27.650465,0 85.234665,27.650459,0 85.234657,27.650454,0 85.234649,27.650448,0 85.234642,27.650442,0 85.234634,27.650437,0 85.234621,27.650424,0 85.234614,27.650419,0 85.234608,27.650414,0 85.234602,27.650409,0 85.234595,27.650404,0 85.234589,27.650398,0 85.234582,27.650393,0 85.234576,27.650388,0 85.234562,27.650381,0 85.234556,27.650378,0 85.23455,27.650375,0 85.234544,27.650372,0 85.234538,27.650369,0 85.234532,27.650366,0 85.234519,27.650359,0 85.234514,27.650356,0 85.234509,27.650353,0 85.234503,27.650349,0 85.234498,27.650346,0 85.234493,27.650343,0 85.234488,27.65034,0 85.234483,27.650337,0 85.234476,27.65033,0 85.234474,27.650327,0 85.234471,27.650323,0 85.234469,27.65032,0 85.234466,27.650317,0 85.234464,27.650313,0 85.234461,27.65031,0 85.234459,27.650307,0 85.234456,27.650304,0 85.234454,27.6503,0 85.234449,27.650292,0 85.234446,27.650289,0 85.234443,27.650286,0 85.23444,27.650283,0 85.234437,27.65028,0 85.234434,27.650277,0 85.234431,27.650274,0 85.234428,27.650271,0 85.234418,27.650268,0 85.234413,27.650266,0 85.234409,27.650263,0 85.234405,27.650261,0 85.234401,27.650258,0 85.234397,27.650256,0 85.234392,27.650253,0 85.234388,27.650251,0 85.234384,27.650248,0 85.23438,27.650246,0 85.234375,27.650243,0 85.234364,27.650239,0 85.234359,27.650236,0 85.234354,27.650234,0 85.234349,27.650232,0 85.234344,27.650229,0 85.234339,27.650227,0 85.234334,27.650225,0 85.234329,27.650222,0 85.234317,27.650218,0 85.234311,27.650216,0 85.234306,27.650214,0 85.2343,27.650212,0 85.234289,27.650208,0 85.234285,27.650206,0 85.234281,27.650204,0 85.234277,27.650202,0 85.234274,27.650196,0 85.234274,27.650193,0 85.234274,27.65019,0 85.234274,27.650186,0 85.234275,27.650183,0 85.234276,27.650176,0 85.234275,27.650175,0 85.234273,27.650173,0 85.234261,27.650163,0 85.234254,27.650156,0 85.234246,27.650149,0 85.234239,27.650142,0 85.234231,27.650136,0 85.234224,27.650129,0 85.234209,27.650108,0 85.234204,27.650099,0 85.2342,27.650089,0 85.234195,27.65008,0 85.23419,27.65007,0 85.234185,27.650061,0 85.234181,27.650051,0 85.234176,27.650042,0 85.234172,27.650024,0 85.23417,27.650014,0 85.234168,27.650004,0 85.234165,27.649994,0 85.234163,27.64998,0 85.234162,27.649972,0 85.234161,27.649964,0 85.234161,27.649956,0 85.23416,27.649948,0 85.234159,27.64994,0 85.234158,27.649932,0 85.234157,27.649924,0 85.234156,27.649916,0 85.234147,27.649902,0 85.234141,27.649895,0 85.234135,27.649888,0 85.23413,27.649881,0 85.234124,27.649874,0 85.234119,27.649866,0 85.234113,27.649859,0 85.234102,27.649848,0 85.234099,27.649845,0 85.234096,27.649841,0 85.234094,27.649837,0 85.234091,27.649834,0 85.234088,27.64983,0 85.234085,27.649826,0 85.234083,27.649823,0 85.23408,27.649819,0 85.234071,27.649819,0 85.234065,27.649816,0 85.234059,27.649812,0 85.234053,27.649808,0 85.234047,27.649804,0 85.234042,27.6498,0 85.234036,27.649797,0 85.23403,27.649793,0 85.234008,27.649781,0 85.234001,27.649778,0 85.233981,27.649769,0 85.233975,27.649767,0 85.233951,27.649758,0 85.233941,27.649754,0 85.233932,27.649751,0 85.233907,27.649743,0 85.233897,27.649741,0 85.233886,27.649738,0 85.233876,27.649736,0 85.233848,27.649732,0 85.233836,27.649731,0 85.233825,27.64973,0 85.233814,27.649729,0 85.233796,27.649726,0 85.23379,27.649725,0 85.233772,27.649723,0 85.233767,27.649722,0 85.233748,27.649719,0 85.233741,27.649719,0 85.233733,27.649718,0 85.233713,27.649713,0 85.233705,27.649711,0 85.233697,27.649708,0 85.233671,27.649702,0 85.233662,27.6497,0 85.233652,27.649697,0 85.233642,27.649695,0 85.233633,27.649692,0 85.233623,27.64969,0 85.233613,27.649687,0 85.233603,27.649685,0 85.233594,27.649682,0 85.233584,27.64968,0 85.233574,27.649677,0 85.233548,27.649675,0 85.233541,27.649675,0 85.233534,27.649675,0 85.233527,27.649675,0 85.23352,27.649675,0 85.233513,27.649674,0 85.233506,27.649674,0 85.233499,27.649674,0 85.233492,27.649674,0 85.233484,27.649673,0 85.233477,27.649673,0 85.23347,27.649673,0 85.233463,27.649673,0 85.233456,27.649672,0 85.233452,27.649677,0 85.233451,27.64968,0 85.233448,27.649691,0 85.233447,27.649696,0 85.233445,27.649701,0 85.233443,27.649706,0 85.233442,27.649711,0 85.23344,27.649716,0 85.233435,27.64973,0 85.233433,27.649738,0 85.23343,27.649747,0 85.233428,27.649755,0 85.233425,27.649764,0 85.233423,27.649772,0 85.23342,27.649781,0 85.233418,27.64979,0 85.233416,27.649798,0 85.233413,27.649807,0 85.233411,27.649815,0 85.233408,27.649824,0 85.233406,27.649832,0 85.233403,27.649841,0 85.233401,27.649849,0 85.233398,27.649858,0 85.233396,27.649866,0 85.233393,27.649875,0 85.233391,27.649884,0 85.233388,27.649892,0 85.233403,27.649894,0 85.23341,27.649895,0 85.233417,27.649895,0 85.233424,27.649896,0 85.233432,27.649896,0 85.233439,27.649897,0 85.233446,27.649897,0 85.233453,27.649898,0 85.23346,27.649899,0 85.233467,27.649899,0 85.233474,27.6499,0 85.233482,27.6499,0 85.233489,27.649901,0 85.233496,27.649901,0 85.23351,27.649897,0 85.233516,27.649894,0 85.233522,27.649891,0 85.233529,27.649888,0 85.233535,27.649884,0 85.233541,27.649881,0 85.233547,27.649878,0 85.233555,27.649877,0 85.233558,27.649877,0 85.233563,27.649881,0 85.233562,27.649882,0 85.233561,27.649884,0 85.23356,27.649885,0 85.233559,27.649886,0 85.233558,27.649887,0 85.233557,27.649888,0 85.233556,27.649889,0 85.233555,27.64989,0 85.233547,27.649892,0 85.233543,27.649893,0 85.233539,27.649894,0 85.233534,27.649896,0 85.23353,27.649897,0 85.233526,27.649898,0 85.233521,27.6499,0 85.233517,27.649901,0 85.233513,27.649903,0 85.233508,27.649904,0 85.233504,27.649905,0 85.2335,27.649907,0 85.233495,27.649908,0 85.233491,27.64991,0 85.233487,27.649911,0 85.233481,27.64992,0 85.233478,27.649925,0 85.233475,27.64993,0 85.233471,27.649934,0 85.233468,27.649939,0 85.233465,27.649944,0 85.233462,27.649948,0 85.233453,27.649958,0 85.233451,27.649962,0 85.233446,27.649977,0 85.233445,27.649984,0 85.233444,27.649992,0 85.233443,27.65,0 85.233444,27.650016,0 85.233444,27.650021,0 85.233441,27.650039,0 85.233441,27.650048,0 85.23344,27.650056,0 85.233439,27.650064,0 85.23345,27.650083,0 85.233454,27.650089,0 85.233467,27.650103,0 85.233472,27.650106,0 85.233495,27.650116,0 85.233505,27.650119,0 85.233514,27.650122,0 85.233523,27.650125,0 85.233533,27.650128,0 85.233542,27.650131,0 85.233551,27.650134,0 85.233572,27.650137,0 85.233584,27.650139,0 85.233595,27.650141,0 85.233607,27.650143,0 85.233618,27.650145,0 85.23363,27.650146,0 85.233641,27.650148,0 85.233658,27.650143,0 85.233663,27.650141,0 85.233678,27.650133,0 85.233683,27.650129,0 85.233689,27.650125,0 85.233695,27.650121,0 85.233706,27.650114,0 85.23371,27.650112,0 85.233714,27.650109,0 85.233718,27.650107,0 85.233722,27.650105,0 85.233726,27.650102,0 85.233731,27.6501,0 85.233735,27.650097,0 85.233742,27.650098,0 85.233744,27.650098,0 85.233746,27.650098,0 85.233748,27.650098,0 85.23375,27.650097,0 85.233752,27.650097,0 85.233754,27.650097,0 85.233755,27.650097,0 85.233764,27.650092,0 85.233768,27.650088,0 85.233771,27.650084,0 85.233775,27.65008,0 85.233778,27.650076,0 85.233781,27.650072,0 85.233785,27.650067,0 85.233785,27.650064,0 85.233784,27.650064,0 85.233784,27.650063,0 85.233781,27.650066,0 85.233778,27.650071,0 85.233776,27.650079,0 85.233772,27.6501,0 85.23377,27.650103,0 85.233768,27.650104,0 85.233767,27.650106,0 85.233765,27.650108,0 85.233764,27.650109,0 85.233762,27.650111,0 85.233761,27.650112,0 85.233759,27.650114,0 85.23375,27.650117,0 85.233743,27.650119,0 85.233737,27.650121,0 85.23373,27.650123,0 85.233724,27.650125,0 85.233717,27.650127,0 85.233711,27.650129,0 85.233704,27.650131,0 85.233697,27.650133,0 85.233691,27.650135,0 85.233669,27.650135,0 85.233659,27.650133,0 85.233649,27.650131,0 85.233639,27.650129,0 85.233629,27.650127,0 85.23362,27.650125,0 85.233612,27.650115,0 85.23361,27.650112,0 85.233608,27.650108,0 85.233606,27.650104,0 85.233604,27.650101,0 85.233602,27.650097,0 85.233609,27.650087,0 85.233612,27.650084,0 85.233621,27.650073,0 85.233624,27.650069,0 85.233627,27.650065,0 85.23363,27.650061,0 85.233633,27.650057,0 85.233636,27.650053,0 85.233636,27.650041,0 85.233638,27.650035,0 85.23364,27.650029,0 85.233642,27.650024,0 85.233644,27.650018,0 85.233646,27.650012,0 85.233648,27.650007,0 85.23365,27.650001,0 85.23366,27.649991,0 85.233664,27.649987,0 85.233667,27.649982,0 85.233671,27.649977,0 85.233675,27.649972,0 85.233678,27.649968,0 85.233682,27.649963,0 85.233679,27.649969,0 85.233676,27.649972,0 85.233673,27.649975,0 85.23367,27.649984,0 85.233668,27.649989,0 85.233666,27.649995,0 85.233664,27.65,0 85.233662,27.650005,0 85.23366,27.65001,0 85.233658,27.650015,0 85.233656,27.650021,0 85.233648,27.650042,0 85.233645,27.650045,0 85.233642,27.650048,0 85.233639,27.650051,0 85.233636,27.650054,0 85.233633,27.650057,0 85.233631,27.65006,0 85.233616,27.650062,0 85.233613,27.650062,0 85.23361,27.650062,0 85.233607,27.650062,0 85.233604,27.650062,0 85.233601,27.650062,0 85.23359,27.650066,0 85.233586,27.650069,0 85.233583,27.650072,0 85.233579,27.650075,0 85.233575,27.650078,0 85.233571,27.650081,0 85.233568,27.650084,0 85.233564,27.650087,0 85.23356,27.65009,0 85.233556,27.650094,0 85.233552,27.650097,0 85.233549,27.6501,0 85.233545,27.650103,0 85.233541,27.650106,0 85.233537,27.650109,0 85.233525,27.650097,0 85.23352,27.65009,0 85.233516,27.650083,0 85.233511,27.650076,0 85.233507,27.650069,0 85.233502,27.650062,0 85.233498,27.650055,0 85.233493,27.650048,0 85.233489,27.650041,0 85.233477,27.650028,0 85.233468,27.650024,0 85.23346,27.65002,0 85.233452,27.650016,0 85.233444,27.650012,0 85.233436,27.650007,0 85.233427,27.650003,0 85.233419,27.649999,0 85.233405,27.649987,0 85.233398,27.649981,0 85.233392,27.649975,0 85.233386,27.649969,0 85.23337,27.649957,0 85.233363,27.649953,0 85.233355,27.64995,0 85.233348,27.649947,0 85.23334,27.649943,0 85.233332,27.64994,0 85.233325,27.649936,0 85.233317,27.649933,0 85.23331,27.64993,0 85.233288,27.649935,0 85.233279,27.649939,0 85.233271,27.649942,0 85.233262,27.649946,0 85.233253,27.64995,0 85.233244,27.649953,0 85.233236,27.649957,0 85.233227,27.649961,0 85.233212,27.649969,0 85.233205,27.649972,0 85.233199,27.649976,0 85.233177,27.649984,0 85.233169,27.649989,0 85.23316,27.649993,0 85.233151,27.649998,0 85.233143,27.650003,0 85.233127,27.650012,0 85.23312,27.650016,0 85.233113,27.650021,0 85.233105,27.650025,0 85.233098,27.650029,0 85.233091,27.650034,0 85.233084,27.650038,0 85.233077,27.650042,0 85.233069,27.650046,0 85.233062,27.650051,0 85.233055,27.650055,0 85.233048,27.650059,0 85.233041,27.650064,0 85.233034,27.650068,0 85.233022,27.650076,0 85.233017,27.650078,0 85.233012,27.65008,0 85.233007,27.650083,0 85.233003,27.650085,0 85.232998,27.650087,0 85.232993,27.65009,0 85.232985,27.650097,0 85.232982,27.650101,0 85.232979,27.650104,0 85.232957,27.65012,0 85.232955,27.650122,0 85.232953,27.650123,0 85.232941,27.650129,0 85.232935,27.650134,0 85.232928,27.650138,0 85.232922,27.650142,0 85.232915,27.650146,0 85.232904,27.650157,0 85.232901,27.650161,0 85.232891,27.650172,0 85.232886,27.650176,0 85.232882,27.650181,0 85.232878,27.650186,0 85.232873,27.65019,0 85.232869,27.650195,0 85.232864,27.6502,0 85.23286,27.650204,0 85.232855,27.650209,0 85.232846,27.650216,0 85.23284,27.650218,0 85.232835,27.650221,0 85.23283,27.650224,0 85.232825,27.650227,0 85.232819,27.65023,0 85.232814,27.650233,0 85.232806,27.650237,0 85.232803,27.650239,0 85.2328,27.650241,0 85.232786,27.650246,0 85.232778,27.650248,0 85.23277,27.65025,0 85.232762,27.650252,0 85.232754,27.650254,0 85.232746,27.650256,0 85.23274,27.650264,0 85.232738,27.650266,0 85.232736,27.650269,0 85.232728,27.650276,0 85.232725,27.650279,0 85.232715,27.650287,0 85.232711,27.65029,0 85.232706,27.650293,0 85.232701,27.650297,0 85.232696,27.6503,0 85.232692,27.650304,0 85.232687,27.650313,0 85.232685,27.650316,0 85.232672,27.650319,0 85.232665,27.65032,0 85.232658,27.650321,0 85.232651,27.650322,0 85.232644,27.650323,0 85.232631,27.650329,0 85.232627,27.650333,0 85.232622,27.650337,0 85.232617,27.650341,0 85.232613,27.650344,0 85.232608,27.650348,0 85.232604,27.650352,0 85.232599,27.650356,0 85.2326,27.650357,0 85.232602,27.650356,0 85.232604,27.650355,0 85.232609,27.650357,0 85.232611,27.650358,0 85.232613,27.650359,0 85.232616,27.650361,0 85.232618,27.650362,0 85.23262,27.650363,0 85.232625,27.650365,0 85.232626,27.650366,0 85.23263,27.650368,0 85.232632,27.650369,0 85.232633,27.65037,0 85.232632,27.650377,0 85.232629,27.650381,0 85.232626,27.650385,0 85.232623,27.65039,0 85.23262,27.650394,0 85.232617,27.650398,0 85.232613,27.650403,0 85.23261,27.650407,0 85.232607,27.650412,0 85.232604,27.650416,0 85.232601,27.65042,0 85.232598,27.650425,0 85.232595,27.650429,0 85.232592,27.650433,0 85.232589,27.650438,0 85.232586,27.650442,0 85.232575,27.650454,0 85.232571,27.650457,0 85.232567,27.650461,0 85.232563,27.650465,0 85.232557,27.65047,0 85.232555,27.650472,0 85.232553,27.650474,0 85.232547,27.650478,0 85.232546,27.65048,0 85.232544,27.650483,0 85.232538,27.650488,0 85.232536,27.650491,0 85.232533,27.650493,0 85.232531,27.650496,0 85.232529,27.650498,0 85.232526,27.650501,0 85.232524,27.650503,0 85.232521,27.650506,0 85.232519,27.650508,0 85.232516,27.650511,0 85.232514,27.650513,0 85.232512,27.650516,0 85.232509,27.650519,0 85.232507,27.650521,0 85.232504,27.650524,0 85.232504,27.650528,0 85.232504,27.650531,0 85.232504,27.650534,0 85.232504,27.650536,0 85.232502,27.650544,0 85.232501,27.650546,0 85.232495,27.650557,0 85.232491,27.650561,0 85.232488,27.650565,0 85.232484,27.650569,0 85.232481,27.650573,0 85.232477,27.650577,0 85.232473,27.650581,0 85.23247,27.650585,0 85.232466,27.650589,0 85.232463,27.650593,0 85.232459,27.650598,0 85.232451,27.650609,0 85.232446,27.650615,0 85.232442,27.650621,0 85.232438,27.650627,0 85.232434,27.650633,0 85.232429,27.650639,0 85.232425,27.650644,0 85.232421,27.65065,0 85.232417,27.650656,0 85.23241,27.65066,0 85.232407,27.650662,0 85.232405,27.650663,0 85.232402,27.650665,0 85.2324,27.650667,0 85.232397,27.650668,0 85.232394,27.65067,0 85.232388,27.650675,0 85.232384,27.650677,0 85.232379,27.650679,0 85.232375,27.65068,0 85.23237,27.650682,0 85.232366,27.650684,0 85.232362,27.650685,0 85.23235,27.650689,0 85.232346,27.65069,0 85.232341,27.650692,0 85.232337,27.650693,0 85.232333,27.650695,0 85.232328,27.650696,0 85.232324,27.650698,0 85.23232,27.650699,0 85.232315,27.650701,0 85.232311,27.650702,0 85.232306,27.650704,0 85.232302,27.650705,0 85.232298,27.650707,0 85.232292,27.650712,0 85.23229,27.650715,0 85.232288,27.650718,0 85.232286,27.650721,0 85.232284,27.650724,0 85.232279,27.650728,0 85.232276,27.65073,0 85.232273,27.650732,0 85.23227,27.650734,0 85.232267,27.650736,0 85.232265,27.650738,0 85.232262,27.65074,0 85.232259,27.650742,0 85.232257,27.650751,0 85.232254,27.650753,0 85.23225,27.650755,0 85.232247,27.650756,0 85.232244,27.650758,0 85.232241,27.65076,0 85.232238,27.650762,0 85.232235,27.650764,0 85.232232,27.650765,0 85.232228,27.650767,0 85.232225,27.650769,0 85.232222,27.650771,0 85.232219,27.650773,0 85.232195,27.650786,0 85.232183,27.65079,0 85.232172,27.650795,0 85.23216,27.650799,0 85.232143,27.650805,0 85.232138,27.650809,0 85.232133,27.650813,0 85.232129,27.650817,0 85.232124,27.650821,0 85.232119,27.650825,0 85.232114,27.650828,0 85.23211,27.650832,0 85.232095,27.650836,0 85.23209,27.650837,0 85.232076,27.650844,0 85.232072,27.650849,0 85.232067,27.650854,0 85.232063,27.650859,0 85.232059,27.650864,0 85.232055,27.650869,0 85.232051,27.650874,0 85.232046,27.650879,0 85.232033,27.650891,0 85.232027,27.650897,0 85.232022,27.650903,0 85.232016,27.650908,0 85.232011,27.650914,0 85.232005,27.650919,0 85.232,27.650925,0 85.231994,27.650931,0 85.231987,27.650938,0 85.231984,27.650943,0 85.231981,27.650948,0 85.231978,27.650953,0 85.231972,27.650961,0 85.231969,27.650965,0 85.231966,27.65097,0 85.231963,27.650974,0 85.231959,27.650978,0 85.231956,27.650983,0 85.231953,27.650987,0 85.23195,27.650991,0 85.231947,27.650995,0 85.231944,27.651,0 85.231941,27.651004,0 85.231938,27.651008,0 85.231932,27.651015,0 85.23193,27.651017,0 85.231928,27.65102,0 85.231923,27.651028,0 85.231922,27.651032,0 85.23192,27.651036,0 85.231914,27.651045,0 85.23191,27.651049,0 85.231906,27.651052,0 85.231903,27.651056,0 85.231896,27.651062,0 85.231894,27.651064,0 85.231888,27.651071,0 85.231883,27.651075,0 85.231879,27.651079,0 85.231875,27.651083,0 85.231871,27.651087,0 85.231867,27.65109,0 85.231863,27.651094,0 85.231858,27.651098,0 85.231854,27.651102,0 85.23185,27.651106,0 85.231846,27.65111,0 85.231842,27.651113,0 85.231837,27.651117,0 85.231833,27.651121,0 85.231829,27.651125,0 85.231829,27.651141,0 85.231829,27.651148,0 85.231828,27.651156,0 85.231827,27.651163,0 85.231827,27.65117,0 85.231826,27.651177,0 85.231826,27.651185,0 85.231825,27.651192,0 85.231824,27.651199,0 85.231816,27.651212,0 85.231812,27.651217,0 85.231808,27.651221,0 85.231803,27.651226,0 85.231799,27.651231,0 85.23179,27.651238,0 85.231786,27.651242,0 85.231782,27.651246,0 85.231778,27.651249,0 85.231768,27.65126,0 85.231766,27.651264,0 85.231763,27.651269,0 85.23176,27.651273,0 85.231757,27.651278,0 85.231755,27.651282,0 85.231752,27.651286,0 85.231749,27.651291,0 85.231747,27.651295,0 85.231744,27.6513,0 85.231741,27.651304,0 85.231741,27.651312,0 85.231741,27.651316,0 85.231741,27.65132,0 85.23174,27.651324,0 85.23174,27.651328,0 85.23174,27.651332,0 85.23174,27.651336,0 85.23174,27.65134,0 85.23174,27.651344,0 85.231739,27.651348,0 85.231739,27.651352,0 85.231739,27.651357,0 85.231737,27.651364,0 85.231735,27.65137,0 85.231733,27.651376,0 85.231732,27.651382,0 85.23173,27.651388,0 85.231728,27.651394,0 85.231727,27.6514,0 85.231725,27.651407,0 85.231723,27.651413,0 85.231722,27.651419,0 85.23172,27.651425,0 85.231718,27.651431,0 85.231716,27.651437,0 85.231711,27.651444,0 85.231709,27.651448,0 85.231707,27.651451,0 85.231705,27.651455,0 85.231703,27.651459,0 85.231701,27.651462,0 85.231697,27.651468,0 85.231697,27.651471,0 85.231696,27.651473,0 85.2317,27.651481,0 85.231703,27.651486,0 85.231705,27.651492,0 85.231707,27.651497,0 85.231709,27.651503,0 85.231715,27.651516,0 85.231717,27.651521,0 85.231719,27.651527,0 85.231721,27.651533,0 85.231724,27.651539,0 85.231726,27.651545,0 85.231728,27.65155,0 85.23173,27.651556,0 85.231732,27.651562,0 85.231734,27.651568,0 85.231736,27.651573,0 85.231739,27.651579,0 85.231741,27.651585,0 85.231743,27.651591,0 85.231745,27.651596,0 85.231747,27.651602,0 85.23175,27.651608,0 85.23175,27.651609,0 85.231751,27.65161,0 85.231752,27.651611,0 85.231753,27.651612,0 85.231754,27.651613,0 85.231754,27.651614,0 85.231755,27.651615,0 85.231756,27.651616,0 85.231757,27.651617,0 85.231761,27.651623,0 85.231762,27.651627,0 85.231764,27.65163,0 85.231762,27.651637,0 85.23176,27.651641,0 85.231759,27.651645,0 85.231757,27.651649,0 85.231758,27.651661,0 85.231759,27.651668,0 85.231761,27.651674,0 85.231763,27.651681,0 85.231764,27.651687,0 85.231769,27.651697,0 85.23177,27.651702,0 85.23177,27.651707,0 85.231775,27.651718,0 85.231776,27.651723,0 85.231777,27.651728,0 85.231779,27.651732,0 85.23178,27.651737,0 85.231781,27.651744,0 85.23178,27.651747,0 85.231779,27.651749,0 85.231779,27.651752,0 85.231775,27.651754,0 85.231772,27.651756,0 85.23177,27.651757,0 85.231767,27.651759,0 85.231765,27.65176,0 85.231762,27.651762,0 85.231759,27.651764,0 85.231757,27.651765,0 85.231754,27.651767,0 85.23175,27.651768,0 85.231748,27.651769,0 85.231742,27.651774,0 85.23174,27.651776,0 85.231738,27.651784,0 85.231737,27.651789,0 85.231735,27.651793,0 85.231734,27.651797,0 85.231733,27.651802,0 85.231731,27.651806,0 85.23173,27.651811,0 85.231729,27.651815,0 85.231728,27.651819,0 85.231726,27.651824,0 85.231725,27.651828,0 85.231724,27.651832,0 85.231722,27.651837,0 85.231721,27.651841,0 85.23172,27.651855,0 85.23172,27.651862,0 85.231721,27.651868,0 85.231721,27.651874,0 85.231721,27.651881,0 85.231722,27.651887,0 85.231722,27.651894,0 85.231721,27.651904,0 85.231719,27.651909,0 85.231718,27.651914,0 85.231717,27.651918,0 85.231715,27.651923,0 85.231714,27.651927,0 85.231713,27.651932,0 85.231711,27.651936,0 85.23171,27.651941,0 85.231709,27.651945,0 85.231707,27.65195,0 85.231706,27.651955,0 85.231705,27.651959,0 85.231703,27.651964,0 85.231702,27.651968,0 85.2317,27.651973,0 85.231699,27.651977,0 85.231698,27.651982,0 85.231696,27.651986,0 85.231695,27.651991,0 85.231694,27.651996,0 85.231691,27.652004,0 85.231688,27.652008,0 85.231686,27.652013,0 85.231683,27.652018,0 85.231681,27.652022,0 85.231678,27.652027,0 85.231677,27.652029,0 85.231678,27.652029,0 85.231679,27.652029,0 85.231679,27.65203,0 85.23168,27.65203,0 85.231678,27.652038,0 85.231677,27.652042,0 85.231676,27.652046,0 85.231675,27.65205,0 85.231674,27.652054,0 85.23167,27.652065,0 85.231668,27.652069,0 85.231666,27.652074,0 85.231664,27.652078,0 85.231659,27.652087,0 85.231658,27.65209,0 85.231657,27.652094,0 85.231655,27.652098,0 85.231654,27.652101,0 85.231653,27.652104,0 85.231653,27.652106,0 85.231648,27.652114,0 85.231645,27.652117,0 85.231642,27.652121,0 85.231639,27.652124,0 85.231636,27.652128,0 85.231633,27.652131,0 85.23163,27.652135,0 85.231627,27.652138,0 85.231624,27.652142,0 85.231621,27.652145,0 85.231618,27.652148,0 85.231615,27.652152,0 85.231612,27.652155,0 85.231609,27.652159,0 85.231606,27.652162,0 85.231602,27.652166,0 85.231599,27.652169,0 85.231596,27.652173,0 85.231593,27.652176,0 85.23159,27.65218,0 85.231587,27.652183,0 85.231584,27.652187,0 85.231581,27.65219,0 85.231578,27.652194,0 85.231574,27.652204,0 85.231572,27.652209,0 85.23157,27.652215,0 85.231568,27.652221,0 85.231566,27.652226,0 85.231563,27.652232,0 85.231561,27.652238,0 85.231559,27.652243,0 85.231555,27.652255,0 85.231553,27.652259,0 85.231552,27.652263,0 85.231543,27.652274,0 85.231538,27.652279,0 85.231534,27.652283,0 85.231529,27.652288,0 85.23152,27.652299,0 85.231516,27.652305,0 85.231513,27.65231,0 85.231509,27.652315,0 85.231505,27.65232,0 85.231502,27.652325,0 85.2315,27.652336,0 85.2315,27.65234,0 85.231503,27.652355,0 85.231503,27.652362,0 85.231504,27.652369,0 85.231505,27.652376,0 85.231502,27.652393,0 85.231499,27.652401,0 85.231497,27.65241,0 85.231494,27.652418,0 85.231489,27.652439,0 85.231487,27.652446,0 85.231486,27.652453,0 85.231487,27.652466,0 85.231487,27.652469,0 85.231488,27.652491,0 85.231487,27.652493,0 85.231486,27.652494,0 85.231485,27.652507,0 85.231485,27.652514,0 85.231485,27.652522,0 85.231484,27.652529,0 85.231484,27.652536,0 85.231477,27.652552,0 85.231473,27.652557,0 85.231469,27.652563,0 85.231465,27.652569,0 85.231461,27.652575,0 85.231456,27.652581,0 85.231452,27.652587,0 85.231442,27.652603,0 85.231437,27.652611,0 85.231431,27.652619,0 85.231426,27.652628,0 85.23142,27.652636,0 85.231415,27.652644,0 85.231409,27.652652,0 85.231404,27.65266,0 85.231398,27.652668,0 85.231385,27.652685,0 85.231379,27.652691,0 85.231372,27.652698,0 85.231366,27.652705,0 85.231359,27.652711,0 85.231341,27.652724,0 85.231334,27.65273,0 85.231327,27.652736,0 85.23132,27.652742,0 85.231313,27.652748,0 85.231297,27.652758,0 85.23129,27.652763,0 85.231283,27.652767,0 85.231276,27.652771,0 85.231256,27.652773,0 85.231248,27.652772,0 85.23124,27.65277,0 85.231232,27.652769,0 85.231224,27.652767,0 85.231216,27.652765,0 85.231207,27.652764,0 85.231199,27.652762,0 85.231184,27.652754,0 85.231178,27.65275,0 85.231172,27.652747,0 85.231154,27.652738,0 85.231145,27.652734,0 85.231137,27.65273,0 85.231129,27.652726,0 85.231121,27.652722,0 85.231103,27.652717,0 85.231095,27.652715,0 85.231088,27.652713,0 85.231069,27.652711,0 85.231061,27.652712,0 85.231052,27.652713,0 85.231044,27.652714,0 85.231035,27.652715,0 85.231027,27.652716,0 85.231018,27.652717,0 85.23101,27.652718,0 85.231001,27.652719,0 85.230993,27.65272,0 85.230985,27.652721,0 85.230976,27.652722,0 85.230968,27.652723,0 85.230959,27.652724,0 85.230937,27.652726,0 85.230927,27.652725,0 85.230917,27.652724,0 85.230907,27.652724,0 85.230897,27.652723,0 85.230887,27.652722,0 85.230877,27.652722,0 85.230867,27.652721,0 85.230857,27.65272,0 85.230847,27.652712,0 85.230844,27.652709,0 85.230833,27.6527,0 85.23083,27.652698,0 85.230826,27.652696,0 85.230822,27.652694,0 85.230813,27.652685,0 85.230809,27.652682,0 85.230794,27.652673,0 85.230786,27.65267,0 85.230779,27.652667,0 85.230772,27.652664,0 85.23075,27.65266,0 85.23074,27.652658,0 85.230731,27.652656,0 85.230706,27.652653,0 85.230696,27.652651,0 85.230687,27.65265,0 85.230677,27.652649,0 85.230668,27.652648,0 85.230659,27.652646,0 85.230649,27.652645,0 85.23064,27.652644,0 85.23063,27.652643,0 85.230621,27.652641,0 85.230611,27.65264,0 85.230602,27.652639,0 85.230593,27.652638,0 85.230582,27.652634,0 85.230578,27.652634,0 85.230564,27.65263,0 85.230558,27.652629,0 85.230552,27.652627,0 85.230546,27.652626,0 85.23053,27.65262,0 85.230525,27.652618,0 85.230509,27.65261,0 85.230502,27.652607,0 85.230496,27.652603,0 85.230481,27.652599,0 85.230476,27.652598,0 85.230463,27.652593,0 85.230456,27.65259,0 85.230449,27.652586,0 85.230442,27.652583,0 85.230436,27.65258,0 85.230429,27.652577,0 85.230422,27.652574,0 85.230415,27.65257,0 85.230403,27.652565,0 85.230397,27.652563,0 85.230392,27.65256,0 85.230386,27.652557,0 85.23037,27.652554,0 85.230362,27.652553,0 85.230355,27.652552,0 85.230347,27.652552,0 85.230332,27.652546,0 85.230326,27.652542,0 85.23032,27.652538,0 85.230314,27.652535,0 85.230298,27.652525,0 85.230291,27.652522,0 85.230284,27.652519,0 85.230277,27.652516,0 85.230262,27.652509,0 85.230255,27.652506,0 85.230248,27.652502,0 85.230242,27.652499,0 85.230235,27.652495,0 85.230228,27.652492,0 85.230221,27.652488,0 85.230204,27.65248,0 85.230196,27.652478,0 85.230188,27.652475,0 85.23018,27.652472,0 85.230171,27.65247,0 85.230163,27.652467,0 85.230155,27.652465,0 85.230147,27.652462,0 85.230131,27.652462,0 85.230124,27.652461,0 85.230116,27.652461,0 85.230109,27.65246,0 85.230101,27.65246,0 85.230094,27.652459,0 85.230086,27.652459,0 85.230079,27.652458,0 85.230057,27.652454,0 85.230046,27.652452,0 85.230034,27.65245,0 85.230022,27.652448,0 85.230011,27.652446,0 85.229999,27.652443,0 85.229978,27.65244,0 85.229969,27.652439,0 85.22996,27.652438,0 85.229952,27.652436,0 85.229943,27.652435,0 85.229934,27.652433,0 85.229925,27.652432,0 85.229917,27.65243,0 85.229897,27.652424,0 85.229889,27.65242,0 85.22988,27.652416,0 85.229871,27.652412,0 85.229862,27.652408,0 85.229853,27.652405,0 85.229844,27.652401,0 85.229825,27.652396,0 85.229817,27.652394,0 85.229808,27.652392,0 85.229799,27.652391,0 85.22979,27.652389,0 85.229781,27.652387,0 85.229772,27.652385,0 85.229763,27.652384,0 85.229747,27.652378,0 85.229739,27.652374,0 85.229731,27.652371,0 85.229723,27.652368,0 85.229715,27.652365,0 85.229707,27.652362,0 85.2297,27.652358,0 85.229692,27.652355,0 85.229684,27.652352,0 85.229676,27.652349,0 85.229668,27.652345,0 85.22966,27.652342,0 85.229652,27.652339,0 85.229644,27.652336,0 85.229637,27.652333,0 85.229634,27.652332,0 85.229632,27.652331,0 85.229629,27.652331,0 85.229626,27.65233,0 85.229624,27.652329,0 85.229621,27.652328,0 85.229619,27.652327,0 85.229616,27.652326,0 85.229613,27.652326,0 85.229611,27.652325,0 85.229608,27.652324,0 85.229606,27.652323,0 85.229603,27.652322,0 85.2296,27.652321,0 85.229579,27.652328,0 85.229569,27.652332,0 85.229559,27.652336,0 85.229549,27.65234,0 85.229539,27.652344,0 85.229514,27.652353,0 85.229512,27.652352,0 85.229509,27.652351,0 85.229506,27.65235,0 85.229503,27.652349,0 85.229485,27.652346,0 85.229474,27.652346,0 85.229464,27.652346,0 85.229453,27.652346,0 85.229442,27.652346,0 85.229432,27.652346,0 85.229421,27.652347,0 85.22941,27.652347,0 85.229388,27.652354,0 85.229379,27.652357,0 85.229371,27.65236,0 85.22935,27.652367,0 85.229342,27.65237,0 85.229333,27.652374,0 85.229324,27.652377,0 85.229308,27.652392,0 85.229302,27.6524,0 85.229297,27.652409,0 85.229291,27.652417,0 85.229286,27.652425,0 85.229274,27.652442,0 85.229271,27.652448,0 85.229256,27.652466,0 85.22925,27.652474,0 85.229243,27.652482,0 85.229237,27.652489,0 85.22923,27.652497,0 85.229224,27.652504,0 85.229217,27.652512,0 85.229211,27.65252,0 85.229193,27.652531,0 85.229184,27.652536,0 85.229175,27.652541,0 85.229166,27.652547,0 85.229157,27.652552,0 85.229148,27.652557,0 85.229139,27.652562,0 85.22912,27.652572,0 85.229115,27.652576,0 85.229109,27.652581,0 85.229103,27.652586,0 85.229098,27.652591,0 85.229092,27.652596,0 85.229087,27.6526,0 85.229081,27.652605,0 85.229076,27.65261,0 85.22907,27.652615,0 85.229065,27.652619,0 85.229059,27.652624,0 85.229053,27.652629,0 85.22905,27.652647,0 85.229048,27.652656,0 85.229047,27.652664,0 85.229045,27.652673,0 85.229043,27.652682,0 85.229042,27.652691,0 85.22904,27.652699,0 85.229038,27.652709,0 85.229037,27.652716,0 85.229036,27.652723,0 85.229035,27.65273,0 85.229033,27.652737,0 85.229032,27.652744,0 85.229031,27.652751,0 85.22903,27.652758,0 85.229029,27.652765,0 85.229027,27.652785,0 85.229027,27.652789,0 85.229027,27.652794,0 85.229027,27.652798,0 85.229026,27.652802,0 85.229026,27.652807,0 85.229026,27.652811,0 85.229026,27.652816,0 85.229027,27.652825,0 85.229028,27.652828,0 85.229028,27.652831,0 85.229028,27.652834,0 85.229028,27.652837,0 85.229029,27.65284,0 85.229032,27.652845,0 85.229034,27.652849,0 85.229036,27.652853,0 85.229039,27.652857,0 85.229041,27.652862,0 85.229043,27.652866,0 85.229046,27.65287,0 85.229048,27.652874,0 85.229051,27.652878,0 85.229053,27.652883,0 85.229062,27.652899,0 85.229066,27.652904,0 85.229069,27.65291,0 85.229073,27.652916,0 85.229077,27.652922,0 85.229081,27.652928,0 85.229085,27.652934,0 85.229089,27.652939,0 85.229093,27.652945,0 85.229097,27.652951,0 85.229101,27.652957,0 85.229105,27.652963,0 85.229109,27.652969,0 85.229117,27.652986,0 85.229118,27.652994,0 85.22912,27.653003,0 85.229122,27.653011,0 85.229124,27.653019,0 85.229125,27.653027,0 85.229127,27.653036,0 85.229129,27.653044,0 85.229119,27.653061,0 85.229116,27.653068,0 85.229112,27.653075,0 85.229108,27.653083,0 85.229107,27.653096,0 85.229105,27.653106,0 85.229103,27.653114,0 85.229103,27.653135,0 85.229102,27.65314,0 85.229101,27.653143,0 85.2291,27.653146,0 85.2291,27.653149,0 85.229099,27.653152,0 85.229098,27.653156,0 85.229097,27.653159,0 85.229096,27.653162,0 85.229094,27.653172,0 85.229092,27.653178,0 85.229091,27.653183,0 85.229087,27.653195,0 85.229085,27.6532,0 85.229088,27.653216,0 85.229089,27.653222,0 85.22909,27.653228,0 85.229091,27.653234,0 85.229092,27.653255,0 85.229093,27.653265,0 85.229093,27.653276,0 85.229094,27.653286,0 85.229095,27.653297,0 85.229096,27.653307,0 85.229096,27.653317,0 85.229097,27.653328,0 85.229098,27.653338,0 85.229099,27.653349,0 85.229099,27.653359,0 85.2291,27.65337,0 85.229101,27.65338,0 85.229102,27.653391,0 85.229102,27.653401,0 85.229103,27.653412,0 85.229104,27.653422,0 85.229105,27.653433,0 85.229105,27.653443,0 85.229106,27.653454,0 85.229107,27.653464,0 85.229108,27.653475,0 85.229108,27.653485,0 85.229109,27.653496,0 85.22911,27.653506,0 85.229111,27.653517,0 85.229112,27.653541,0 85.229114,27.653553,0 85.229117,27.653566,0 85.229119,27.653578,0 85.229129,27.653594,0 85.229143,27.653615,0 85.229149,27.653623,0 85.229154,27.653631,0 85.22916,27.653639,0 85.22917,27.653654,0 85.229173,27.653661,0 85.229175,27.653668,0 85.229177,27.653675,0 85.22918,27.653681,0 85.229182,27.653688,0 85.229184,27.653695,0 85.229187,27.653702,0 85.229189,27.653709,0 85.229202,27.653723,0 85.229209,27.653732,0 85.229217,27.653741,0 85.229225,27.65375,0 85.229232,27.653759,0 85.22924,27.653768,0 85.229252,27.653794,0 85.229255,27.653806,0 85.229258,27.653818,0 85.229262,27.65383,0 85.229265,27.653842,0 85.229268,27.653854,0 85.229272,27.653866,0 85.229275,27.653878,0 85.229278,27.65389,0 85.229282,27.653902,0 85.229285,27.653914,0 85.229288,27.653926,0 85.229291,27.653938,0 85.229295,27.65395,0 85.229298,27.653962,0 85.229301,27.653974,0 85.229305,27.653986,0 85.229308,27.653998,0 85.229311,27.65401,0 85.229317,27.654033,0 85.229319,27.654042,0 85.229322,27.654051,0 85.229324,27.65406,0 85.229326,27.654069,0 85.22933,27.654092,0 85.229332,27.654103,0 85.229335,27.654115,0 85.229337,27.654126,0 85.22934,27.654137,0 85.229342,27.654149,0 85.229345,27.65416,0 85.229336,27.654173,0 85.229332,27.654176,0 85.229314,27.654183,0 85.229307,27.654186,0 85.2293,27.654189,0 85.229294,27.654191,0 85.229283,27.654204,0 85.229278,27.654212,0 85.229274,27.654219,0 85.229269,27.654227,0 85.229264,27.654235,0 85.229259,27.654243,0 85.229255,27.65425,0 85.22925,27.654258,0 85.229245,27.654266,0 85.22924,27.654273,0 85.229236,27.654281,0 85.229231,27.654289,0 85.229226,27.654296,0 85.229226,27.654315,0 85.229224,27.654325,0 85.229223,27.654335,0 85.229222,27.654345,0 85.229221,27.654355,0 85.229212,27.654379,0 85.229208,27.65439,0 85.229205,27.654401,0 85.229202,27.654411,0 85.229198,27.654422,0 85.229195,27.654432,0 85.229191,27.654443,0 85.229188,27.654454,0 85.229173,27.654462,0 85.229167,27.654464,0 85.22915,27.65447,0 85.229144,27.654474,0 85.229138,27.654477,0 85.229132,27.654481,0 85.229126,27.654485,0 85.22912,27.654489,0 85.229107,27.6545,0 85.229102,27.654504,0 85.229097,27.654507,0 85.229086,27.654515,0 85.229082,27.654519,0 85.229079,27.654523,0 85.229075,27.654537,0 85.229074,27.654542,0 85.229071,27.654556,0 85.22907,27.654562,0 85.229069,27.654568,0 85.229064,27.654579,0 85.22906,27.654584,0 85.229056,27.654588,0 85.229039,27.654597,0 85.229033,27.6546,0 85.229012,27.65461,0 85.229005,27.654613,0 85.22898,27.654622,0 85.228969,27.654626,0 85.228959,27.654629,0 85.228948,27.654633,0 85.228937,27.654636,0 85.228926,27.654639,0 85.228915,27.654643,0 85.228896,27.654648,0 85.228885,27.654652,0 85.228875,27.654655,0 85.228864,27.654659,0 85.228854,27.654662,0 85.228844,27.654666,0 85.228833,27.654669,0 85.228823,27.654673,0 85.228812,27.654676,0 85.228802,27.65468,0 85.228792,27.654683,0 85.228781,27.654687,0 85.228771,27.65469,0 85.22876,27.654694,0 85.22875,27.654698,0 85.22874,27.654701,0 85.228729,27.654705,0 85.228719,27.654708,0 85.228705,27.654714,0 85.2287,27.654716,0 85.228695,27.654717,0 85.22868,27.654716,0 85.228672,27.654715,0 85.228663,27.654713,0 85.228655,27.654712,0 85.228646,27.654711,0 85.228637,27.654709,0 85.228629,27.654708,0 85.22862,27.654707,0 85.228612,27.654706,0 85.228603,27.654704,0 85.228586,27.654704,0 85.228581,27.654704,0 85.22857,27.6547,0 85.228567,27.654697,0 85.228564,27.654693,0 85.228561,27.65469,0 85.228558,27.654687,0 85.228555,27.654684,0 85.228552,27.654681,0 85.228549,27.654678,0 85.228546,27.654675,0 85.228543,27.654685,0 85.228547,27.654688,0 85.22855,27.654691,0 85.228553,27.654694,0 85.228556,27.654697,0 85.228559,27.654699,0 85.228563,27.654702,0 85.228566,27.654705,0 85.228569,27.654708,0 85.228572,27.654711,0 85.228575,27.654714,0 85.228578,27.654717,0 85.228582,27.65472,0 85.228585,27.654722,0 85.228588,27.654725,0 85.228591,27.654728,0 85.228594,27.654731,0 85.228597,27.654734,0 85.228601,27.654737,0 85.228604,27.65474,0 85.228607,27.654743,0 85.228609,27.654731,0 85.228607,27.654732,0 85.228605,27.654732,0 85.228603,27.654733,0 85.228592,27.654736,0 85.228591,27.654736,0 85.22859,27.654736,0 85.228589,27.654736,0 85.228588,27.654736,0 85.228591,27.654738,0 85.228591,27.654739,0 85.228591,27.65474,0 85.228591,27.654741,0 85.228589,27.654736,0 85.22859,27.654735,0 85.228591,27.654733,0 85.228591,27.654732,0 85.228592,27.654731,0 85.228593,27.65473,0 85.228593,27.654728,0 85.228594,27.654727,0 85.228595,27.654726,0 85.228595,27.654725,0 85.228596,27.654723,0 85.228597,27.654722,0 85.228597,27.654721,0 85.228598,27.654719,0 85.228599,27.654718,0 85.2286,27.654717,0 85.2286,27.654716,0 85.228601,27.654714,0 85.228602,27.654713,0 85.228602,27.654712,0 85.228603,27.654711,0 85.228604,27.654709,0 85.228604,27.654708,0 85.228605,27.654707,0 85.228606,27.654706,0 85.228606,27.654704,0 85.228607,27.654703,0 85.228608,27.654702,0 85.228608,27.6547,0 85.228609,27.654699,0 85.22861,27.654698,0 85.22861,27.654697,0 85.228611,27.654695,0 85.22861,27.654697,0 85.228612,27.6547,0 85.228614,27.654703,0 85.228616,27.654706,0 85.228618,27.654708,0 85.22862,27.654711,0 85.228622,27.654714,0 85.228624,27.654717,0 85.228626,27.654719,0 85.228628,27.654722,0 85.22863,27.654725,0 85.228632,27.654728,0 85.228635,27.654731,0 85.228637,27.654733,0 85.228639,27.654736,0 85.228642,27.65474,0 85.22864,27.654739,0 85.228638,27.654739,0 85.228636,27.654738,0 85.228634,27.654738,0 85.228632,27.654737,0 85.22863,27.654737,0 85.228628,27.654736,0 85.228626,27.654736,0 85.228624,27.654735,0 85.228622,27.654735,0 85.22862,27.654734,0 85.228614,27.654728,0 85.228613,27.654726,0 85.228612,27.654724,0 85.228611,27.654722,0 85.22861,27.65472,0 85.228608,27.654718,0 85.228607,27.654716,0 85.228606,27.654714,0 85.228605,27.654712,0 85.228604,27.65471,0 85.228602,27.654708,0 85.228601,27.654706,0 85.2286,27.654704,0 85.228599,27.654702,0 85.228598,27.6547,0 85.228596,27.654698,0 85.228595,27.654696,0 85.228594,27.654694,0 85.228593,27.654692,0 85.228592,27.65469,0 85.22859,27.654688,0 85.228589,27.654686,0 85.228588,27.654684,0 85.228587,27.654682,0 85.228586,27.65468,0 85.228584,27.654678,0 85.228582,27.654681,0 85.228582,27.654683,0 85.228582,27.654684,0 85.228581,27.654686,0 85.22858,27.654687,0 85.228574,27.654685,0 85.228569,27.654682,0 85.228563,27.65468,0 85.228558,27.654678,0 85.228552,27.654676,0 85.228546,27.654673,0 85.228531,27.654672,0 85.228527,27.654673,0 85.228523,27.654673,0 85.22852,27.654674,0 85.228516,27.654674,0 85.228513,27.654675,0 85.228509,27.654675,0 85.228506,27.654676,0 85.228501,27.654674,0 85.228502,27.654673,0 85.228514,27.654681,0 85.228521,27.654682,0 85.228529,27.654683,0 85.228537,27.654685,0 85.228544,27.654686,0 85.228552,27.654687,0 85.22856,27.654689,0 85.228576,27.654696,0 85.228577,27.654697,0 85.228578,27.654699,0 85.22858,27.654701,0 85.228581,27.654702,0 85.228582,27.654704,0 85.228584,27.654705,0 85.228585,27.654707,0 85.228587,27.654708,0 85.228588,27.65471,0 85.228589,27.654712,0 85.228591,27.654713,0 85.228588,27.65471,0 85.228588,27.654709,0 85.228585,27.654707,0 85.228582,27.654705,0 85.22858,27.654703,0 85.228577,27.654701,0 85.228575,27.654699,0 85.228572,27.654696,0 85.22857,27.654694,0 85.228567,27.654692,0 85.228565,27.65469,0 85.228562,27.654688,0 85.22856,27.654686,0 85.228557,27.654684,0 85.228555,27.654682,0 85.228552,27.65468,0 85.22855,27.654678,0 85.228547,27.654676,0 85.228545,27.654674,0 85.228542,27.654672,0 85.22854,27.65467,0 85.228537,27.654668,0 85.228535,27.654666,0 85.228541,27.654664,0 85.228541,27.654667,0 85.228541,27.65467,0 85.228541,27.654673,0 85.228541,27.654676,0 85.228542,27.654679,0 85.228542,27.654682,0 85.228542,27.654685,0 85.228542,27.654688,0 85.22855,27.654702,0 85.228554,27.65471,0 85.228558,27.654717,0 85.228563,27.654724,0 85.228568,27.654734,0 85.228569,27.654736,0 85.228569,27.654738,0 85.22857,27.65474,0 85.228571,27.654742,0 85.228572,27.654744,0 85.228572,27.654746,0 85.228573,27.654748,0 85.228574,27.654751,0 85.228575,27.654753,0 85.228575,27.654752,0 85.228579,27.654752,0 85.228583,27.654751,0 85.228587,27.654751,0 85.228591,27.654751,0 85.228595,27.654751,0 85.2286,27.65475,0 85.228613,27.654751,0 85.228618,27.654751,0 85.228627,27.654751,0 85.22863,27.654751,0 85.228636,27.654748,0 85.228637,27.654745,0 85.228637,27.654741,0 85.228638,27.654738,0 85.228638,27.654735,0 85.228639,27.654732,0 85.22864,27.654729,0 85.22864,27.654726,0 85.228631,27.654721,0 85.228627,27.654719,0 85.228622,27.654718,0 85.228617,27.654716,0 85.228613,27.654715,0 85.228608,27.654713,0 85.228603,27.654712,0 85.228607,27.6547,0 85.228608,27.654695,0 85.22861,27.654689,0 85.228612,27.654684,0 85.228615,27.654675,0 85.228616,27.654672,0 85.228618,27.65467,0 85.228619,27.654667,0 85.228637,27.654666,0 85.228637,27.654668,0 85.228636,27.654669,0 85.228635,27.654671,0 85.228635,27.654672,0 85.228634,27.654674,0 85.228634,27.654675,0 85.228633,27.654677,0 85.228632,27.654679,0 85.228632,27.65468,0 85.228631,27.654682,0 85.228631,27.654683,0 85.22863,27.654685,0 85.228629,27.654686,0 85.228629,27.654688,0 85.228628,27.654689,0 85.228627,27.654691,0 85.228627,27.654692,0 85.228626,27.654694,0 85.228626,27.654695,0 85.228625,27.654697,0 85.228624,27.654698,0 85.228624,27.6547,0 85.228623,27.654701,0 85.228622,27.654703,0 85.228622,27.654705,0 85.228621,27.654706,0 85.228621,27.654708,0 85.22862,27.654709,0 85.228619,27.654711,0 85.228619,27.654712,0 85.228618,27.654714,0 85.228618,27.654715,0 85.228617,27.654717,0 85.228616,27.654718,0 85.228616,27.65472,0 85.228615,27.654721,0 85.228614,27.654723,0 85.228614,27.654724,0 85.228613,27.654726,0 85.228613,27.654727,0 85.228612,27.654729,0 85.228611,27.654731,0 85.228611,27.654732,0 85.22861,27.654734,0 85.228609,27.654735,0 85.228609,27.654737,0 85.228608,27.654738,0 85.228608,27.65474,0 85.228607,27.654741,0 85.228606,27.654743,0 85.228606,27.654744,0 85.228605,27.654746,0 85.228605,27.654747,0 85.228604,27.654749,0 85.228603,27.65475,0 85.228603,27.654752,0 85.228602,27.654753,0 85.228601,27.654755,0 85.228601,27.654757,0 85.2286,27.654758,0 85.2286,27.65476,0 85.228599,27.654761,0 85.228598,27.654763,0 85.228598,27.654764,0 85.228597,27.654766,0 85.228596,27.654767,0 85.228596,27.654769,0 85.228595,27.65477,0 85.228595,27.654772,0 85.228594,27.654773,0 85.228593,27.654775,0 85.228593,27.654776,0 85.228592,27.654778,0 85.228592,27.654779,0 85.228591,27.654781,0 85.22859,27.654783,0 85.228589,27.654779,0 85.228584,27.654777,0 85.228579,27.654776,0 85.228575,27.654774,0 85.22857,27.654773,0 85.228565,27.654772,0 85.22856,27.65477,0 85.228556,27.654769,0 85.228551,27.654768,0 85.228546,27.654766,0 85.228542,27.654765,0 85.228537,27.654764,0 85.228539,27.654754,0 85.228542,27.65475,0 85.228545,27.654745,0 85.228548,27.654741,0 85.22856,27.65473,0 85.228567,27.654724,0 85.228574,27.654718,0 85.228581,27.654712,0 85.228587,27.654706,0 85.228594,27.6547,0 85.228601,27.654694,0 85.228608,27.654688,0 85.228615,27.654682,0 85.22862,27.654676,0 85.228619,27.654676,0 85.228617,27.654676,0 85.228616,27.654677,0 85.228615,27.654677,0 85.228614,27.654678,0 85.228612,27.654678,0 85.228598,27.654688,0 85.228592,27.654691,0 85.228586,27.654694,0 85.228581,27.654697,0 85.228585,27.654692,0 85.228587,27.65469,0 85.228593,27.654685,0 85.228593,27.654686,0 85.228593,27.654687,0 85.228593,27.654688,0 85.228593,27.654689,0 85.228583,27.654699,0 85.22858,27.654702,0 85.228571,27.654706,0 85.228566,27.654706,0 85.228561,27.654706,0 85.228556,27.654706,0 85.228551,27.654705,0 85.228545,27.654703,0 85.228544,27.654702,0 85.228542,27.6547,0 85.22854,27.654699,0 85.228539,27.654698,0 85.228537,27.654697,0 85.228535,27.654696,0 85.228534,27.654694,0 85.228532,27.654693,0 85.22853,27.654692,0 85.228529,27.654691,0 85.228527,27.65469,0 85.228526,27.654688,0 85.228524,27.654687,0 85.228543,27.654687,0 85.228551,27.654687,0 85.228577,27.654685,0 85.228586,27.654684,0 85.228611,27.654683,0 85.22862,27.654682,0 85.22863,27.654682,0 85.228639,27.654688,0 85.228636,27.654695,0 85.228632,27.654701,0 85.228629,27.654707,0 85.228625,27.654714,0 85.228622,27.65472,0 85.228618,27.654727,0 85.228614,27.654733,0 85.228611,27.654739,0 85.228607,27.654746,0 85.228604,27.654752,0 85.2286,27.654759,0 85.228597,27.654765,0 85.228593,27.654771,0 85.22859,27.654778,0 85.228586,27.654784,0 85.228583,27.654791,0 85.228579,27.654797,0 85.228573,27.654796,0 85.228569,27.654795,0 85.228565,27.654794,0 85.228562,27.654793,0 85.228558,27.654793,0 85.228554,27.654792,0 85.22855,27.654791,0 85.228546,27.65479,0 85.228542,27.654786,0 85.228541,27.654784,0 85.22854,27.654782,0 85.228539,27.654779,0 85.228538,27.654777,0 85.228537,27.654775,0 85.228536,27.654773,0 85.228535,27.654771,0 85.228534,27.654768,0 85.228533,27.654766,0 85.228532,27.654764,0 85.228525,27.654778,0 85.228524,27.654784,0 85.228526,27.654802,0 85.228527,27.654808,0 85.228538,27.654826,0 85.228542,27.654831,0 85.228563,27.654845,0 85.228574,27.654849,0 85.228584,27.654853,0 85.228594,27.654857,0 85.228604,27.65486,0 85.228615,27.654864,0 85.228628,27.654865,0 85.228631,27.654863,0 85.228635,27.654862,0 85.228639,27.65486,0 85.228643,27.654859,0 85.228647,27.654857,0 85.22865,27.654825,0 85.228653,27.654819,0 85.228655,27.654813,0 85.228658,27.654808,0 85.228661,27.654802,0 85.228663,27.654797,0 85.228666,27.654791,0 85.228669,27.654785,0 85.228672,27.65478,0 85.228674,27.654774,0 85.228655,27.654777,0 85.228644,27.654778,0 85.228632,27.654779,0 85.228621,27.654781,0 85.228593,27.654785,0 85.228585,27.654786,0 85.22857,27.654791,0 85.228569,27.654793,0 85.228568,27.654795,0 85.228567,27.654797,0 85.228566,27.654799,0 85.228566,27.654801,0 85.228565,27.654803,0 85.228564,27.654805,0 85.228563,27.654807,0 85.228562,27.654809,0 85.228561,27.654811,0 85.228561,27.654813,0 85.22856,27.654815,0 85.228559,27.654817,0 85.228563,27.654822,0 85.228566,27.654825,0 85.228568,27.654828,0 85.228574,27.654834,0 85.228576,27.654836,0 85.228584,27.654843,0 85.22858,27.65484,0 85.228577,27.654838,0 85.228573,27.654836,0 85.22857,27.654833,0 85.228566,27.654831,0 85.228566,27.65483,0 85.228569,27.65483,0 85.228571,27.65483,0 85.228574,27.65483,0 85.228576,27.65483,0 85.228579,27.654831,0 85.228581,27.654831,0 85.228584,27.654831,0 85.228586,27.654831,0 85.228589,27.654832,0 85.228591,27.654832,0 85.228594,27.654832,0 85.228596,27.654832,0 85.228599,27.654832,0 85.228595,27.654834,0 85.228593,27.654834,0 85.228588,27.654834,0 85.228586,27.654833,0 85.228583,27.654833,0 85.228581,27.654833,0 85.228578,27.654832,0 85.228576,27.654832,0 85.228563,27.654836,0 85.22856,27.654838,0 85.228558,27.65484,0 85.228555,27.654841,0 85.228548,27.654848,0 85.228546,27.65485,0 85.228534,27.654861,0 85.22853,27.654864,0 85.228516,27.654876,0 85.22851,27.65488,0 85.228505,27.654885,0 85.2285,27.65489,0 85.228495,27.654894,0 85.228476,27.654903,0 85.228471,27.654905,0 85.228467,27.654906,0 85.228462,27.654907,0 85.228457,27.654908,0 85.228453,27.654909,0 85.228444,27.654905,0 85.228438,27.654902,0 85.228433,27.6549,0 85.228428,27.654898,0 85.228408,27.654893,0 85.228399,27.654891,0 85.228389,27.654889,0 85.22838,27.654887,0 85.228371,27.654884,0 85.228361,27.654882,0 85.228352,27.65488,0 85.228342,27.654878,0 85.228333,27.654876,0 85.228323,27.654874,0 85.228314,27.654871,0 85.228304,27.654869,0 85.228295,27.654867,0 85.228285,27.654865,0 85.228276,27.654863,0 85.228266,27.654861,0 85.228257,27.654858,0 85.228248,27.654856,0 85.228238,27.654854,0 85.228229,27.654852,0 85.228219,27.65485,0 85.22821,27.654848,0 85.2282,27.654845,0 85.228191,27.654843,0 85.228181,27.654841,0 85.228172,27.654839,0 85.228162,27.654837,0 85.228151,27.654837,0 85.228147,27.654837,0 85.228142,27.654836,0 85.228137,27.654836,0 85.228126,27.654836,0 85.22812,27.654837,0 85.228114,27.654838,0 85.228108,27.654838,0 85.228091,27.654839,0 85.228084,27.654839,0 85.228078,27.65484,0 85.228071,27.65484,0 85.228053,27.654841,0 85.228044,27.654842,0 85.228035,27.654842,0 85.228026,27.654843,0 85.228017,27.654843,0 85.227995,27.654845,0 85.227984,27.654846,0 85.227974,27.654847,0 85.227964,27.654848,0 85.227953,27.654849,0 85.227943,27.654849,0 85.227922,27.654849,0 85.227915,27.654847,0 85.227909,27.654845,0 85.227902,27.654843,0 85.227895,27.654842,0 85.227888,27.65484,0 85.227881,27.654838,0 85.227874,27.654837,0 85.227867,27.654835,0 85.22786,27.654833,0 85.227853,27.654831,0 85.227846,27.65483,0 85.227839,27.654828,0 85.227832,27.654826,0 85.227825,27.654825,0 85.227819,27.654823,0 85.227812,27.654821,0 85.227805,27.654819,0 85.227798,27.654818,0 85.227791,27.654816,0 85.227784,27.654814,0 85.227777,27.654812,0 85.22777,27.654811,0 85.227763,27.654809,0 85.227756,27.654807,0 85.227749,27.654806,0 85.227742,27.654804,0 85.227735,27.654802,0 85.227729,27.6548,0 85.227722,27.654799,0 85.227715,27.654797,0 85.227708,27.654795,0 85.227701,27.654793,0 85.227694,27.654792,0 85.227687,27.65479,0 85.22768,27.654788,0 85.227673,27.654787,0 85.227666,27.654785,0 85.227659,27.654783,0 85.227652,27.654781,0 85.227646,27.65478,0 85.227639,27.654778,0 85.227619,27.654763,0 85.22761,27.654756,0 85.227601,27.65475,0 85.227592,27.654743,0 85.227583,27.654736,0 85.227574,27.654729,0 85.227565,27.654722,0 85.227556,27.654715,0 85.227548,27.654708,0 85.227539,27.654701,0 85.22753,27.654695,0 85.227521,27.654688,0 85.227512,27.654681,0 85.227503,27.654674,0 85.227494,27.654667,0 85.227485,27.65466,0 85.227476,27.654653,0 85.227458,27.654643,0 85.227448,27.654639,0 85.227438,27.654635,0 85.227429,27.654631,0 85.227419,27.654627,0 85.227409,27.654623,0 85.227399,27.654619,0 85.22739,27.654615,0 85.22738,27.654611,0 85.22737,27.654607,0 85.22736,27.654603,0 85.227351,27.654599,0 85.227341,27.654595,0 85.227331,27.654591,0 85.227321,27.654587,0 85.227311,27.654583,0 85.227302,27.654579,0 85.227292,27.654574,0 85.227282,27.65457,0 85.227272,27.654566,0 85.227263,27.654562,0 85.227253,27.654558,0 85.227243,27.654554,0 85.227233,27.65455,0 85.227224,27.654546,0 85.227214,27.654542,0 85.227204,27.654538,0 85.227194,27.654534,0 85.227185,27.65453,0 85.227175,27.654526,0 85.227165,27.654522,0 85.227142,27.654522,0 85.227138,27.654521,0 85.227135,27.654521,0 85.227131,27.65452,0 85.227127,27.654519,0 85.227124,27.654519,0 85.22712,27.654518,0 85.227117,27.654517,0 85.227113,27.654517,0 85.227107,27.654515,0 85.227105,27.654515,0 85.227095,27.654513,0 85.227094,27.654512,0 85.227093,27.654512,0 85.227092,27.654512,0 85.227079,27.654505,0 85.227068,27.654501,0 85.227058,27.654496,0 85.227048,27.654492,0 85.227038,27.654487,0 85.227028,27.654483,0 85.227017,27.654478,0 85.226997,27.65447,0 85.226977,27.654462,0 85.226955,27.654455,0 85.226925,27.654451,0 85.226914,27.65445,0 85.226902,27.654449,0 85.226891,27.654448,0 85.22688,27.654448,0 85.226865,27.654445,0 85.226858,27.654442,0 85.226852,27.654439,0 85.226845,27.654436,0 85.226839,27.654432,0 85.226832,27.654429,0 85.226826,27.654426,0 85.226819,27.654423,0 85.226813,27.65442,0 85.226806,27.654417,0 85.2268,27.654414,0 85.226793,27.654411,0 85.226787,27.654408,0 85.22678,27.654405,0 85.226774,27.654402,0 85.226767,27.654399,0 85.226761,27.654396,0 85.226754,27.654393,0 85.226748,27.65439,0 85.226741,27.654387,0 85.226735,27.654384,0 85.226728,27.654381,0 85.226722,27.654378,0 85.226711,27.654366,0 85.226708,27.654361,0 85.226705,27.654356,0 85.226702,27.654351,0 85.226699,27.654346,0 85.226696,27.654341,0 85.226692,27.654336,0 85.226689,27.654331,0 85.226686,27.654326,0 85.226683,27.654321,0 85.22668,27.654316,0 85.226677,27.654311,0 85.226674,27.654307,0 85.22667,27.654302,0 85.226667,27.654297,0 85.226664,27.654292,0 85.226661,27.654287,0 85.226658,27.654282,0 85.226655,27.654277,0 85.226652,27.654272,0 85.226648,27.654267,0 85.226645,27.654262,0 85.226642,27.654257,0 85.226639,27.654252,0 85.226636,27.654247,0 85.226633,27.654242,0 85.22663,27.654237,0 85.226626,27.654232,0 85.226623,27.654227,0 85.22662,27.654222,0 85.226617,27.654217,0 85.226614,27.654212,0 85.226611,27.654207,0 85.226608,27.654202,0 85.226604,27.654197,0 85.226601,27.654192,0 85.226598,27.654187,0 85.226595,27.654182,0 85.226592,27.654177,0 85.226589,27.654172,0 85.226586,27.654167,0 85.226582,27.654162,0 85.226579,27.654157,0 85.226576,27.654152,0 85.226573,27.654147,0 85.226572,27.654137,0 85.226571,27.654133,0 85.226571,27.654128,0 85.226567,27.654117,0 85.226567,27.654116,0 85.226566,27.654115,0 85.226569,27.654109,0 85.226571,27.654107,0 85.226574,27.654104,0 85.226572,27.654098,0 85.226567,27.654095,0 85.226562,27.654092,0 85.226556,27.654089,0 85.226551,27.654086,0 85.226546,27.654083,0 85.22654,27.65408,0 85.226535,27.654077,0 85.22653,27.654074,0 85.226503,27.654062,0 85.226501,27.654061,0 85.226497,27.65406,0 85.226493,27.654058,0 85.226496,27.654055,0 85.226497,27.654055,0 85.2265,27.654057,0 85.226497,27.654057,0 85.226492,27.654053,0 85.226473,27.654044,0 85.226472,27.654043,0 85.226473,27.654045,0 85.226479,27.654049,0 85.22648,27.654049,0 85.226481,27.654048,0 85.226484,27.654047,0 85.22649,27.654048,0 85.226495,27.654049,0 85.226495,27.654051,0 85.226494,27.654052,0 85.226492,27.654052,0 85.226489,27.654051,0 85.226485,27.65405,0 85.22648,27.654051,0 85.226476,27.654052,0 85.226473,27.654052,0 85.226474,27.654051,0 85.226475,27.654047,0 85.226475,27.654041,0 85.226475,27.654035,0 85.226472,27.654028,0 85.226468,27.654023,0 85.226463,27.654018,0 85.226453,27.654015,0 85.226452,27.654015,0 85.226451,27.654013,0 85.226449,27.65401,0 85.22645,27.654007,0 85.22645,27.654014,0 85.22645,27.654015,0 85.22645,27.654018,0 85.226452,27.654022,0 85.226454,27.654027,0 85.226457,27.654033,0 85.226459,27.654038,0 85.226461,27.654047,0 85.226461,27.65405,0 85.226454,27.654046,0 85.226449,27.65404,0 85.226447,27.654035,0 85.226443,27.654028,0 85.226438,27.654019,0 85.226434,27.65401,0 85.226431,27.653999,0 85.226429,27.653987,0 85.226427,27.653969,0 85.226424,27.653954,0 85.226423,27.653954,0 85.226422,27.653953,0 85.226422,27.653952,0 85.226421,27.653952,0 85.22642,27.653951,0 85.226419,27.653951,0 85.226418,27.65395,0 85.226418,27.653949,0 85.226417,27.653949,0 85.226416,27.653948,0 85.226415,27.653948,0 85.226414,27.653947,0 85.226414,27.653946,0 85.226413,27.653946,0 85.226412,27.653945,0 85.226411,27.653944,0 85.22641,27.653944,0 85.22641,27.653943,0 85.226409,27.653943,0 85.226408,27.653942,0 85.226407,27.653941,0 85.226406,27.65394,0 85.226405,27.65394,0 85.226404,27.653939,0 85.226409,27.653936,0 85.22641,27.653935,0 85.226409,27.653931,0 85.226407,27.65393,0 85.226405,27.653928,0 85.226402,27.653927,0 85.226389,27.653919,0 85.226382,27.653914,0 85.226375,27.653908,0 85.226367,27.653902,0 85.22636,27.653897,0 85.226353,27.653891,0 85.226346,27.653886,0 85.226339,27.65388,0 85.226331,27.653875,0 85.226324,27.653869,0 85.226317,27.653863,0 85.22631,27.653858,0 85.226303,27.653852,0 85.226295,27.653847,0 85.226288,27.653841,0 85.226281,27.653835,0 85.226274,27.65383,0 85.226267,27.653824,0 85.226259,27.653819,0 85.226252,27.653813,0 85.226245,27.653808,0 85.226238,27.653802,0 85.226231,27.653796,0 85.226223,27.653791,0 85.226216,27.653785,0 85.226209,27.65378,0 85.22618,27.653771,0 85.226167,27.653767,0 85.226155,27.653763,0 85.226143,27.65376,0 85.226131,27.653756,0 85.226119,27.653752,0 85.226107,27.653748,0 85.226094,27.653745,0 85.226082,27.653741,0 85.22607,27.653737,0 85.226058,27.653733,0 85.226046,27.65373,0 85.226034,27.653726,0 85.226021,27.653722,0 85.226009,27.653719,0 85.225997,27.653715,0 85.225985,27.653711,0 85.225973,27.653707,0 85.225961,27.653704,0 85.225949,27.6537,0 85.225936,27.653696,0 85.225924,27.653693,0 85.225912,27.653689,0 85.2259,27.653685,0 85.225888,27.653681,0 85.225876,27.653678,0 85.225866,27.653662,0 85.225862,27.653654,0 85.225858,27.653646,0 85.225854,27.653637,0 85.22585,27.653629,0 85.225846,27.653621,0 85.225842,27.653613,0 85.225838,27.653605,0 85.225834,27.653597,0 85.225831,27.653588,0 85.225827,27.65358,0 85.225813,27.653568,0 85.225809,27.653564,0 85.225793,27.653548,0 85.225786,27.653541,0 85.225779,27.653533,0 85.225772,27.653526,0 85.225753,27.653513,0 85.225747,27.653508,0 85.225731,27.653492,0 85.225727,27.653484,0 85.225722,27.653476,0 85.225717,27.653467,0 85.225713,27.653459,0 85.225708,27.653451,0 85.225704,27.653443,0 85.225699,27.653435,0 85.225695,27.653427,0 85.22569,27.653419,0 85.225685,27.653411,0 85.225681,27.653403,0 85.225676,27.653395,0 85.225672,27.653387,0 85.225667,27.653379,0 85.225662,27.653371,0 85.225658,27.653363,0 85.225653,27.653355,0 85.225649,27.653347,0 85.225644,27.653339,0 85.22564,27.653331,0 85.225635,27.653323,0 85.22563,27.653314,0 85.225626,27.653306,0 85.225621,27.653298,0 85.225617,27.65329,0 85.225612,27.653282,0 85.225608,27.653274,0 85.225603,27.653266,0 85.225598,27.653258,0 85.225594,27.65325,0 85.225589,27.653242,0 85.225585,27.653234,0 85.22558,27.653226,0 85.225575,27.653218,0 85.225571,27.65321,0 85.225566,27.653202,0 85.225562,27.653194,0 85.225557,27.653186,0 85.225553,27.653178,0 85.225548,27.653169,0 85.225543,27.653161,0 85.225539,27.653153,0 85.225534,27.653145,0 85.22553,27.653137,0 85.225525,27.653129,0 85.225521,27.653121,0 85.225516,27.653113,0 85.225511,27.653105,0 85.225507,27.653097,0 85.225502,27.653089,0 85.225498,27.653081,0 85.225493,27.653073,0 85.225488,27.653065,0 85.225492,27.653048,0 85.225492,27.653038,0 85.225493,27.653029,0 85.225494,27.653019,0 85.225495,27.653009,0 85.225496,27.652999,0 85.225496,27.65299,0 85.225497,27.65298,0 85.225498,27.65297,0 85.225499,27.652961,0 85.2255,27.652951,0 85.2255,27.652941,0 85.225501,27.652931,0 85.225502,27.652922,0 85.225503,27.652912,0 85.225503,27.652902,0 85.225504,27.652893,0 85.225505,27.652883,0 85.225506,27.652873,0 85.225507,27.652863,0 85.225507,27.652854,0 85.225508,27.652844,0 85.225503,27.652833,0 85.225498,27.652827,0 85.225494,27.652821,0 85.22549,27.652815,0 85.225485,27.652809,0 85.225481,27.652803,0 85.225477,27.652797,0 85.225472,27.652791,0 85.225468,27.652785,0 85.225464,27.652778,0 85.225459,27.652772,0 85.225455,27.652766,0 85.225451,27.65276,0 85.225446,27.652754,0 85.225442,27.652748,0 85.225438,27.652742,0 85.225433,27.652736,0 85.225429,27.65273,0 85.225425,27.652724,0 85.225418,27.652713,0 85.225416,27.65271,0 85.225405,27.652693,0 85.2254,27.652685,0 85.225394,27.652677,0 85.225389,27.652668,0 85.225383,27.65266,0 85.225377,27.652651,0 85.225372,27.652643,0 85.225366,27.652635,0 85.22536,27.652626,0 85.225355,27.652618,0 85.225349,27.652609,0 85.225343,27.652601,0 85.225338,27.652592,0 85.225332,27.652584,0 85.225327,27.652576,0 85.225321,27.652567,0 85.225315,27.652559,0 85.22531,27.65255,0 85.225304,27.652542,0 85.225298,27.652534,0 85.225293,27.652525,0 85.225287,27.652517,0 85.225282,27.652508,0 85.225276,27.6525,0 85.22527,27.652492,0 85.225265,27.652483,0 85.225259,27.652475,0 85.225253,27.652466,0 85.225248,27.652458,0 85.225242,27.65245,0 85.225237,27.652441,0 85.225231,27.652433,0 85.225225,27.652424,0 85.22522,27.652416,0 85.225214,27.652408,0 85.225208,27.652399,0 85.225203,27.652391,0 85.225197,27.652382,0 85.225191,27.652374,0 85.225186,27.652366,0 85.22518,27.652357,0 85.225175,27.652349,0 85.225169,27.65234,0 85.225163,27.652332,0 85.225158,27.652323,0 85.225152,27.652315,0 85.225146,27.652307,0 85.225126,27.652298,0 85.225111,27.652298,0 85.225096,27.652297,0 85.225082,27.652297,0 85.225067,27.652297,0 85.225052,27.652297,0 85.225038,27.652296,0 85.225023,27.652296,0 85.225008,27.652296,0 85.224994,27.652296,0 85.224979,27.652295,0 85.224964,27.652295,0 85.22495,27.652295,0 85.224935,27.652295,0 85.22492,27.652295,0 85.224906,27.652294,0 85.224891,27.652294,0 85.224876,27.652294,0 85.224862,27.652294,0 85.224847,27.652293,0 85.224832,27.652293,0 85.224817,27.652293,0 85.224803,27.652293,0 85.224788,27.652292,0 85.224773,27.652292,0 85.224759,27.652292,0 85.224744,27.652292,0 85.224729,27.652292,0 85.224715,27.652291,0 85.2247,27.652291,0 85.224685,27.652291,0 85.224671,27.652291,0 85.224656,27.65229,0 85.224634,27.652302,0 85.224625,27.652306,0 85.224616,27.65231,0 85.224606,27.652314,0 85.224597,27.652318,0 85.224588,27.652322,0 85.224578,27.652326,0 85.224569,27.65233,0 85.224559,27.652334,0 85.22455,27.652338,0 85.224541,27.652342,0 85.224531,27.652347,0 85.224522,27.652351,0 85.224513,27.652355,0 85.224503,27.652359,0 85.224494,27.652363,0 85.224485,27.652367,0 85.224475,27.652371,0 85.224466,27.652375,0 85.224457,27.652379,0 85.224447,27.652383,0 85.224438,27.652387,0 85.224429,27.652392,0 85.224419,27.652396,0 85.22441,27.6524,0 85.22439,27.652406,0 85.224383,27.652409,0 85.224366,27.652416,0 85.22436,27.652419,0 85.224355,27.652422,0 85.224349,27.652425,0 85.224344,27.652428,0 85.224339,27.652431,0 85.224333,27.652433,0 85.224328,27.652436,0 85.224323,27.652439,0 85.224317,27.652442,0 85.224312,27.652445,0 85.224307,27.652448,0 85.224301,27.652451,0 85.224296,27.652454,0 85.224291,27.652456,0 85.224285,27.652459,0 85.22428,27.652462,0 85.224275,27.652465,0 85.224269,27.652468,0 85.224264,27.652471,0 85.224259,27.652474,0 85.224253,27.652476,0 85.224248,27.652479,0 85.224243,27.652482,0 85.224237,27.652485,0 85.224232,27.652488,0 85.224226,27.652491,0 85.224221,27.652494,0 85.224216,27.652497,0 85.22421,27.652499,0 85.224205,27.652502,0 85.2242,27.652505,0 85.224191,27.652524,0 85.224185,27.652534,0 85.224179,27.652545,0 85.224173,27.652555,0 85.224167,27.652566,0 85.224161,27.652576,0 85.224155,27.652587,0 85.224149,27.652598,0 85.224143,27.652608,0 85.224128,27.652631,0 85.224119,27.652641,0 85.224111,27.652651,0 85.224102,27.652661,0 85.224093,27.652671,0 85.224084,27.652681,0 85.224075,27.65269,0 85.224066,27.6527,0 85.224057,27.65271,0 85.224049,27.65272,0 85.22404,27.65273,0 85.224031,27.65274,0 85.224022,27.65275,0 85.224013,27.652759,0 85.223995,27.652772,0 85.223985,27.652774,0 85.223975,27.652777,0 85.223966,27.65278,0 85.223956,27.652782,0 85.223946,27.652785,0 85.223926,27.652782,0 85.223918,27.65278,0 85.22391,27.652778,0 85.223902,27.652777,0 85.223894,27.652775,0 85.223886,27.652773,0 85.223877,27.652771,0 85.223869,27.652769,0 85.223861,27.652767,0 85.223853,27.652766,0 85.223845,27.652764,0 85.223837,27.652762,0 85.223828,27.65276,0 85.22382,27.652758,0 85.223812,27.652757,0 85.223804,27.652755,0 85.223796,27.652753,0 85.223769,27.652754,0 85.223757,27.652755,0 85.223746,27.652756,0 85.223735,27.652757,0 85.223723,27.652758,0 85.223712,27.652759,0 85.223701,27.65276,0 85.22369,27.652761,0 85.223678,27.652762,0 85.223665,27.652765,0 85.223657,27.652766,0 85.22365,27.652766,0 85.223643,27.652766,0 85.223635,27.652767,0 85.223628,27.652767,0 85.223621,27.652767,0 85.223609,27.652763,0 85.223604,27.652756,0 85.223598,27.652749,0 85.223593,27.652743,0 85.223587,27.652736,0 85.223582,27.65273,0 85.223576,27.652723,0 85.223571,27.652717,0 85.223565,27.65271,0 85.22356,27.652703,0 85.223554,27.652697,0 85.223549,27.65269,0 85.223543,27.652684,0 85.223538,27.652677,0 85.223532,27.65267,0 85.223527,27.652664,0 85.223521,27.652657,0 85.223516,27.652651,0 85.22351,27.652644,0 85.223505,27.652637,0 85.223499,27.652631,0 85.223494,27.652624,0 85.223488,27.652618,0 85.223483,27.652611,0 85.223477,27.652604,0 85.223472,27.652598,0 85.223466,27.652591,0 85.223461,27.652585,0 85.223455,27.652578,0 85.22345,27.652572,0 85.223444,27.652565,0 85.223439,27.652558,0 85.223433,27.652552,0 85.223428,27.652545,0 85.223422,27.652539,0 85.223417,27.652532,0 85.223411,27.652525,0 85.223406,27.652519,0 85.2234,27.652512,0 85.223395,27.652506,0 85.223389,27.652499,0 85.223384,27.652492,0 85.223378,27.652486,0 85.223372,27.652479,0 85.223367,27.652473,0 85.223361,27.652466,0 85.223356,27.652459,0 85.22335,27.652453,0 85.223345,27.652446,0 85.223339,27.65244,0 85.223334,27.652433,0 85.223328,27.652427,0 85.223323,27.65242,0 85.223317,27.652413,0 85.223312,27.652407,0 85.223306,27.6524,0 85.223301,27.652394,0 85.223295,27.652387,0 85.22329,27.65238,0 85.223284,27.652374,0 85.223279,27.652367,0 85.223273,27.652361,0 85.223268,27.652354,0 85.223262,27.652347,0 85.223257,27.652341,0 85.223251,27.652334,0 85.223246,27.652328,0 85.22324,27.652321,0 85.223235,27.652314,0 85.223229,27.652308,0 85.223224,27.652301,0 85.223218,27.652295,0 85.223213,27.652288,0 85.223207,27.652282,0 85.223202,27.652275,0 85.223196,27.652268,0 85.223191,27.652262,0 85.223185,27.652255,0 85.22318,27.652249,0 85.223174,27.652242,0 85.223169,27.652235,0 85.223163,27.652229,0 85.223151,27.652215,0 85.223145,27.652209,0 85.223138,27.652204,0 85.223132,27.652198,0 85.223126,27.652192,0 85.223119,27.652186,0 85.223113,27.652181,0 85.223106,27.652175,0 85.2231,27.652169,0 85.223093,27.652163,0 85.223087,27.652158,0 85.22308,27.652152,0 85.223074,27.652146,0 85.223068,27.65214,0 85.223061,27.652135,0 85.223055,27.652129,0 85.223048,27.652123,0 85.223042,27.652117,0 85.223035,27.652112,0 85.223029,27.652106,0 85.223022,27.6521,0 85.223016,27.652094,0 85.22301,27.652089,0 85.223003,27.652083,0 85.222997,27.652077,0 85.22299,27.652071,0 85.222984,27.652066,0 85.222977,27.65206,0 85.222971,27.652054,0 85.222964,27.652048,0 85.222958,27.652043,0 85.222952,27.652037,0 85.222945,27.652031,0 85.222939,27.652025,0 85.222932,27.65202,0 85.222926,27.652014,0 85.222919,27.652008,0 85.222913,27.652002,0 85.222906,27.651997,0 85.2229,27.651991,0 85.222894,27.651985,0 85.222887,27.651979,0 85.222881,27.651974,0 85.222874,27.651968,0 85.222868,27.651962,0 85.222861,27.651956,0 85.222855,27.651951,0 85.222848,27.651945,0 85.222842,27.651939,0 85.222836,27.651933,0 85.222829,27.651928,0 85.222823,27.651922,0 85.222816,27.651916,0 85.22281,27.65191,0 85.222803,27.651905,0 85.222797,27.651899,0 85.22279,27.651893,0 85.222784,27.651888,0 85.222778,27.651882,0 85.222771,27.651876,0 85.222765,27.65187,0 85.222758,27.651865,0 85.222752,27.651859,0 85.222745,27.651853,0 85.222739,27.651847,0 85.222732,27.651842,0 85.222726,27.651836,0 85.22272,27.65183,0 85.222713,27.651824,0 85.222707,27.651819,0 85.2227,27.651813,0 85.222694,27.651807,0 85.222687,27.651801,0 85.22266,27.651794,0 85.222654,27.651794,0 85.222649,27.651795,0 85.222644,27.651795,0 85.222638,27.651795,0 85.222633,27.651796,0 85.222627,27.651796,0 85.222622,27.651797,0 85.222617,27.651797,0 85.222611,27.651797,0 85.222606,27.651798,0 85.2226,27.651798,0 85.222595,27.651799,0 85.222589,27.651799,0 85.222584,27.651799,0 85.222579,27.6518,0 85.222573,27.6518,0 85.222568,27.651801,0 85.222562,27.651801,0 85.222557,27.651801,0 85.222551,27.651802,0 85.222546,27.651802,0 85.222541,27.651803,0 85.222535,27.651803,0 85.22253,27.651803,0 85.22251,27.651803,0 85.222502,27.651803,0 85.222494,27.651803,0 85.222486,27.651802,0 85.222478,27.651802,0 85.22247,27.651802,0 85.222462,27.651802,0 85.222454,27.651802,0 85.222446,27.651801,0 85.222438,27.651801,0 85.22243,27.651801,0 85.222422,27.651801,0 85.222414,27.651801,0 85.222406,27.6518,0 85.222398,27.6518,0 85.222378,27.6518,0 85.222368,27.651801,0 85.222358,27.651802,0 85.222348,27.651803,0 85.222339,27.651804,0 85.222329,27.651805,0 85.222319,27.651806,0 85.222304,27.651814,0 85.222287,27.651823,0 85.222269,27.651832,0 85.222238,27.651841,0 85.222225,27.651843,0 85.222212,27.651845,0 85.222183,27.651848,0 85.222171,27.651848,0 85.22216,27.651848,0 85.222148,27.651848,0 85.222124,27.651844,0 85.222114,27.651842,0 85.222103,27.651839,0 85.222084,27.651833,0 85.222075,27.65183,0 85.222066,27.651827,0 85.222058,27.651823,0 85.222049,27.65182,0 85.22204,27.651817,0 85.222031,27.651814,0 85.222023,27.65181,0 85.222014,27.651807,0 85.222005,27.651804,0 85.221986,27.651793,0 85.221978,27.651789,0 85.221969,27.651785,0 85.221961,27.651781,0 85.221952,27.651777,0 85.221944,27.651773,0 85.221935,27.651769,0 85.221927,27.651766,0 85.221918,27.651762,0 85.221909,27.651758,0 85.221901,27.651754,0 85.221892,27.65175,0 85.221884,27.651746,0 85.221875,27.651742,0 85.221867,27.651739,0 85.221858,27.651735,0 85.22185,27.651731,0 85.221841,27.651727,0 85.221833,27.651723,0 85.221824,27.651719,0 85.221815,27.651715,0 85.221807,27.651712,0 85.221798,27.651708,0 85.22179,27.651704,0 85.221781,27.6517,0 85.221773,27.651696,0 85.221764,27.651692,0 85.221756,27.651688,0 85.221747,27.651684,0 85.221739,27.651681,0 85.22173,27.651677,0 85.221709,27.651671,0 85.221701,27.651669,0 85.221693,27.651667,0 85.221676,27.651658,0 85.22167,27.651651,0 85.221664,27.651644,0 85.221658,27.651637,0 85.221652,27.65163,0 85.221647,27.651623,0 85.221641,27.651616,0 85.221635,27.651609,0 85.221629,27.651602,0 85.221623,27.651595,0 85.221617,27.651587,0 85.221611,27.65158,0 85.221605,27.651573,0 85.221599,27.651566,0 85.221593,27.651559,0 85.221587,27.651552,0 85.221581,27.651545,0 85.221575,27.651538,0 85.221569,27.651531,0 85.221564,27.651524,0 85.221558,27.651517,0 85.221552,27.65151,0 85.221546,27.651503,0 85.22154,27.651496,0 85.221534,27.651489,0 85.221528,27.651482,0 85.221517,27.651469,0 85.221513,27.651463,0 85.221508,27.651456,0 85.221504,27.65145,0 85.2215,27.651443,0 85.221495,27.651437,0 85.221491,27.651431,0 85.221487,27.651424,0 85.221483,27.651418,0 85.221478,27.651411,0 85.221474,27.651405,0 85.22147,27.651398,0 85.221465,27.651392,0 85.221461,27.651386,0 85.221457,27.651379,0 85.221452,27.651373,0 85.221444,27.651355,0 85.22144,27.651347,0 85.221435,27.651339,0 85.221431,27.651331,0 85.221426,27.651323,0 85.221422,27.651315,0 85.221418,27.651307,0 85.221413,27.651299,0 85.221409,27.651292,0 85.221404,27.651284,0 85.2214,27.651276,0 85.221395,27.651268,0 85.221391,27.65126,0 85.221386,27.651252,0 85.221382,27.651244,0 85.221377,27.651236,0 85.221373,27.651228,0 85.221368,27.65122,0 85.221364,27.651212,0 85.221359,27.651204,0 85.221355,27.651196,0 85.221351,27.651188,0 85.221346,27.65118,0 85.221342,27.651172,0 85.221337,27.651164,0 85.221333,27.651156,0 85.221328,27.651149,0 85.221324,27.651141,0 85.221319,27.651133,0 85.221315,27.651125,0 85.22131,27.651117,0 85.221306,27.651109,0 85.221301,27.651101,0 85.221297,27.651093,0 85.221292,27.651085,0 85.221288,27.651077,0 85.221284,27.651069,0 85.221279,27.651061,0 85.221275,27.651053,0 85.22127,27.651045,0 85.221266,27.651037,0 85.221261,27.651029,0 85.221257,27.651021,0 85.221249,27.651001,0 85.221252,27.65099,0 85.221255,27.65098,0 85.221257,27.650969,0 85.22126,27.650959,0 85.221263,27.650948,0 85.221265,27.650938,0 85.221268,27.650927,0 85.221271,27.650917,0 85.221273,27.650906,0 85.221276,27.650896,0 85.221278,27.650885,0 85.221281,27.650875,0 85.221284,27.650865,0 85.221286,27.650854,0 85.221289,27.650844,0 85.221292,27.650833,0 85.221294,27.650823,0 85.221297,27.650812,0 85.2213,27.650802,0 85.221302,27.650791,0 85.221305,27.650781,0 85.221308,27.65077,0 85.22131,27.65076,0 85.221313,27.650749,0 85.221316,27.650739,0 85.221318,27.650729,0 85.221321,27.650718,0 85.221323,27.650708,0 85.221326,27.650697,0 85.221329,27.650687,0 85.221331,27.650676,0 85.221334,27.650666,0 85.221337,27.650655,0 85.221339,27.650645,0 85.221342,27.650634,0 85.221345,27.650624,0 85.221347,27.650613,0 85.22135,27.650603,0 85.221353,27.650593,0 85.221355,27.650582,0 85.221358,27.650572,0 85.22136,27.650561,0 85.221363,27.650551,0 85.221366,27.65054,0 85.221368,27.65053,0 85.221371,27.650519,0 85.221374,27.650509,0 85.221376,27.650498,0 85.221379,27.650488,0 85.221382,27.650477,0 85.221384,27.650467,0 85.221387,27.650456,0 85.22139,27.650446,0 85.221392,27.650436,0 85.221395,27.650425,0 85.221403,27.650417,0 85.221406,27.650414,0 85.221408,27.650411,0 85.221411,27.650407,0 85.221413,27.650404,0 85.221416,27.6504,0 85.221419,27.650397,0 85.221421,27.650393,0 85.221424,27.65039,0 85.221426,27.650387,0 85.221429,27.650383,0 85.221431,27.65038,0 85.221434,27.650376,0 85.221437,27.650373,0 85.221439,27.65037,0 85.221442,27.650357,0 85.221444,27.650352,0 85.221447,27.650346,0 85.221449,27.65034,0 85.221452,27.650335,0 85.221454,27.650329,0 85.221457,27.650324,0 85.221459,27.650318,0 85.221462,27.650312,0 85.221464,27.650307,0 85.221467,27.650301,0 85.221469,27.650296,0 85.221472,27.65029,0 85.221462,27.650273,0 85.221455,27.650265,0 85.221448,27.650258,0 85.22144,27.65025,0 85.221433,27.650243,0 85.221426,27.650235,0 85.221418,27.650227,0 85.221411,27.65022,0 85.221404,27.650212,0 85.221396,27.650205,0 85.221389,27.650197,0 85.221381,27.65019,0 85.221374,27.650182,0 85.221367,27.650174,0 85.221349,27.650168,0 85.221343,27.650165,0 85.221336,27.650163,0 85.221322,27.650156,0 85.221318,27.650152,0 85.221313,27.650147,0 85.221309,27.650143,0 85.221304,27.650139,0 85.2213,27.650134,0 85.221295,27.65013,0 85.22129,27.650126,0 85.221286,27.650121,0 85.221281,27.650117,0 85.221277,27.650113,0 85.221272,27.650108,0 85.221268,27.650104,0 85.221263,27.6501,0 85.221258,27.650095,0 85.221254,27.650091,0 85.221249,27.650086,0 85.221245,27.650082,0 85.22124,27.650078,0 85.221235,27.650073,0 85.221231,27.650069,0 85.221226,27.650065,0 85.221222,27.65006,0 85.221217,27.650056,0 85.221213,27.650052,0 85.221208,27.650047,0 85.221203,27.650043,0 85.221199,27.650039,0 85.221194,27.650034,0 85.22119,27.65003,0 85.221185,27.650026,0 85.221181,27.650021,0 85.22116,27.650018,0 85.221149,27.650017,0 85.221138,27.650017,0 85.221128,27.650016,0 85.221117,27.650015,0 85.221106,27.650015,0 85.221095,27.650014,0 85.221084,27.650014,0 85.221073,27.650013,0 85.221062,27.650012,0 85.221051,27.650012,0 85.22104,27.650011,0 85.221029,27.650011,0 85.221018,27.65001,0 85.221008,27.65001,0 85.220997,27.650009,0 85.220986,27.650008,0 85.220975,27.650008,0 85.220964,27.650007,0 85.220953,27.650007,0 85.220942,27.650006,0 85.220931,27.650006,0 85.22092,27.650005,0 85.220909,27.650004,0 85.220898,27.650004,0 85.220888,27.650003,0 85.220877,27.650003,0 85.220866,27.650002,0 85.220855,27.650002,0 85.220844,27.650001,0 85.220833,27.65,0 85.220822,27.65,0 85.220811,27.649999,0 85.2208,27.649999,0 85.220789,27.649998,0 85.220778,27.649997,0 85.220767,27.649997,0 85.220757,27.649996,0 85.220746,27.649996,0 85.220735,27.649995,0 85.220724,27.649995,0 85.220713,27.649994,0 85.220702,27.649993,0 85.220691,27.649993,0 85.22068,27.649992,0 85.220669,27.649992,0 85.220658,27.649991,0 85.220647,27.649991,0 85.220637,27.64999,0 85.220626,27.649989,0 85.220615,27.649989,0 85.220604,27.649988,0 85.220593,27.649988,0 85.220582,27.649987,0 85.22058,27.649983,0 85.220577,27.649979,0 85.220574,27.649975,0 85.220571,27.649971,0 85.220568,27.649967,0 85.220565,27.649962,0 85.220562,27.649958,0 85.220559,27.649954,0 85.220556,27.64995,0 85.220553,27.649946,0 85.22055,27.649942,0 85.220547,27.649938,0 85.220544,27.649934,0 85.220541,27.64993,0 85.220538,27.649926,0 85.220525,27.649918,0 85.220515,27.649916,0 85.220504,27.649914,0 85.220494,27.649912,0 85.220483,27.64991,0 85.220473,27.649907,0 85.220463,27.649905,0 85.220452,27.649903,0 85.220442,27.649901,0 85.220431,27.649899,0 85.220413,27.649896,0 85.220406,27.649894,0 85.220386,27.649884,0 85.220377,27.649878,0 85.220367,27.649872,0 85.220358,27.649866,0 85.220349,27.64986,0 85.22034,27.649854,0 85.220331,27.649848,0 85.220322,27.649842,0 85.220313,27.649835,0 85.220304,27.649829,0 85.220295,27.649823,0 85.220285,27.649817,0 85.220276,27.649811,0 85.220267,27.649805,0 85.220258,27.649799,0 85.220249,27.649793,0 85.22024,27.649786,0 85.220231,27.64978,0 85.220222,27.649774,0 85.220212,27.649768,0 85.220203,27.649762,0 85.220194,27.649756,0 85.220185,27.64975,0 85.220176,27.649743,0 85.220167,27.649737,0 85.220158,27.649731,0 85.220149,27.649725,0 85.22014,27.649719,0 85.22013,27.649713,0 85.220121,27.649707,0 85.220112,27.649701,0 85.220103,27.649694,0 85.220094,27.649688,0 85.220085,27.649682,0 85.220077,27.649668,0 85.220076,27.649664,0 85.220076,27.64966,0 85.220075,27.649656,0 85.220074,27.649652,0 85.220073,27.649648,0 85.220072,27.649644,0 85.220071,27.64964,0 85.22007,27.649635,0 85.220069,27.649631,0 85.220069,27.649627,0 85.220068,27.649623,0 85.220067,27.649619,0 85.220066,27.649615,0 85.220065,27.649611,0 85.220064,27.649607,0 85.220063,27.649603,0 85.220063,27.649598,0 85.220062,27.649594,0 85.220061,27.64959,0 85.22006,27.649586,0 85.220059,27.649582,0 85.220058,27.649578,0 85.220057,27.649574,0 85.220056,27.64957,0 85.220056,27.649566,0 85.220055,27.649561,0 85.220054,27.649557,0 85.220053,27.649553,0 85.220052,27.649549,0 85.220051,27.649545,0 85.22005,27.649541,0 85.22005,27.649537,0 85.220049,27.649533,0 85.220048,27.649529,0 85.220047,27.649524,0 85.220046,27.64952,0 85.220045,27.649516,0 85.220044,27.649512,0 85.220057,27.649526,0 85.220063,27.649529,0 85.22007,27.649531,0 85.220076,27.649534,0 85.220083,27.649537,0 85.220089,27.64954,0 85.220096,27.649542,0 85.220102,27.649545,0 85.220109,27.649548,0 85.220116,27.649551,0 85.220122,27.649554,0 85.220129,27.649556,0 85.220135,27.649559,0 85.220142,27.649562,0 85.220148,27.649565,0 85.220155,27.649567,0 85.220161,27.64957,0 85.220168,27.649573,0 85.220175,27.649576,0 85.220181,27.649579,0 85.220188,27.649581,0 85.220194,27.649584,0 85.220201,27.649587,0 85.220207,27.64959,0 85.220214,27.649592,0 85.22022,27.649595,0 85.220227,27.649598,0 85.220234,27.649601,0 85.22024,27.649604,0 85.220247,27.649606,0 85.220253,27.649609,0 85.22026,27.649612,0 85.220266,27.649615,0 85.220273,27.649617,0 85.22028,27.64962,0 85.220286,27.649623,0 85.220293,27.649626,0 85.220299,27.649629,0 85.220306,27.649631,0 85.220312,27.649634,0 85.220319,27.649637,0 85.220325,27.64964,0 85.220332,27.649642,0 85.220339,27.649645,0 85.220345,27.649648,0 85.220352,27.649651,0 85.220358,27.649654,0 85.220365,27.649656,0 85.220371,27.649659,0 85.220378,27.649662,0 85.220384,27.649665,0 85.220391,27.649667,0 85.220398,27.64967,0 85.220404,27.649673,0 85.220411,27.649676,0 85.220431,27.649669,0 85.22044,27.649668,0 85.22045,27.649667,0 85.22046,27.649666,0 85.220469,27.649665,0 85.220479,27.649664,0 85.220488,27.649664,0 85.220498,27.649663,0 85.220507,27.649662,0 85.220515,27.649658,0 85.220518,27.649656,0 85.220521,27.649654,0 85.220524,27.649651,0 85.220527,27.649649,0 85.22053,27.649647,0 85.220533,27.649645,0 85.220536,27.649643,0 85.220539,27.649641,0 85.220542,27.649638,0 85.220545,27.649636,0 85.220549,27.649634,0 85.220552,27.649632,0 85.220555,27.64963,0 85.220558,27.649628,0 85.220561,27.649625,0 85.220564,27.649623,0 85.220567,27.649621,0 85.22057,27.649619,0 85.220573,27.649617,0 85.220576,27.649615,0 85.220579,27.649612,0 85.220582,27.64961,0 85.2206,27.649616,0 85.220611,27.649618,0 85.220621,27.64962,0 85.220632,27.649622,0 85.220642,27.649624,0 85.220653,27.649626,0 85.220663,27.649628,0 85.220674,27.64963,0 85.220696,27.649626,0 85.220703,27.649625,0 85.220709,27.649624,0 85.220716,27.649623,0 85.220722,27.649622,0 85.220729,27.649621,0 85.220735,27.64962,0 85.220742,27.64962,0 85.220748,27.649619,0 85.220755,27.649618,0 85.220761,27.649617,0 85.220768,27.649616,0 85.220774,27.649615,0 85.220781,27.649614,0 85.220787,27.649613,0 85.220794,27.649612,0 85.2208,27.649611,0 85.220809,27.649611,0 85.220811,27.64961,0 85.220813,27.64961,0 85.220815,27.649609,0 85.220818,27.649608,0 85.22082,27.649607,0 85.220822,27.649607,0 85.220824,27.649606,0 85.220826,27.649605,0 85.220829,27.649604,0 85.220831,27.649604,0 85.220833,27.649603,0 85.220835,27.649602,0 85.220838,27.649602,0 85.22084,27.649601,0 85.220842,27.6496,0 85.220844,27.649599,0 85.220847,27.649599,0 85.220849,27.649598,0 85.220859,27.649593,0 85.220865,27.649591,0 85.22087,27.649588,0 85.22088,27.649584,0 85.220892,27.649578,0 85.220902,27.649573,0 85.220912,27.649567,0 85.220919,27.649564,0 85.220938,27.64956,0 85.220939,27.64956,0 85.220939,27.649562,0 85.220947,27.649565,0 85.220947,27.649573,0 85.220948,27.64958,0 85.220955,27.649581,0 85.22096,27.649581,0 85.220972,27.649576,0 85.220978,27.649573,0 85.220993,27.649568,0 85.221013,27.649561,0 85.221033,27.649553,0 85.221052,27.649544,0 85.22107,27.649536,0 85.221088,27.649528,0 85.221102,27.64952,0 85.221116,27.649512,0 85.221125,27.649507,0 85.221152,27.649492,0 85.221154,27.649482,0 85.221156,27.649476,0 85.221157,27.649469,0 85.221158,27.649463,0 85.22116,27.649457,0 85.221161,27.64945,0 85.221162,27.649444,0 85.221163,27.649437,0 85.221171,27.649435,0 85.221174,27.649435,0 85.221181,27.649437,0 85.221184,27.649437,0 85.221186,27.649438,0 85.221189,27.649439,0 85.221192,27.649439,0 85.221195,27.64944,0 85.221204,27.649438,0 85.221207,27.649437,0 85.221213,27.649432,0 85.221215,27.649431,0 85.221229,27.649429,0 85.221234,27.649428,0 85.221239,27.649428,0 85.221244,27.649427,0 85.221249,27.649427,0 85.221255,27.649427,0 85.22126,27.649426,0 85.221265,27.649426,0 85.22127,27.649426,0 85.221275,27.649425,0 85.221281,27.649425,0 85.221286,27.649425,0 85.221291,27.649424,0 85.221296,27.649424,0 85.221301,27.649423,0 85.221307,27.649423,0 85.221312,27.649423,0 85.221317,27.649422,0 85.221322,27.649422,0 85.221327,27.649422,0 85.221332,27.649421,0 85.221338,27.649421,0 85.221343,27.64942,0 85.221348,27.64942,0 85.221353,27.64942,0 85.221358,27.649419,0 85.221364,27.649419,0 85.221369,27.649419,0 85.221374,27.649418,0 85.221379,27.649418,0 85.221384,27.649418,0 85.22139,27.649417,0 85.221395,27.649417,0 85.2214,27.649416,0 85.221405,27.649416,0 85.22141,27.649416,0 85.221416,27.649415,0 85.221421,27.649415,0 85.221426,27.649415,0 85.221431,27.649414,0 85.221436,27.649414,0 85.221442,27.649413,0 85.221447,27.649413,0 85.221457,27.649413,0 85.221461,27.649414,0 85.221465,27.649414,0 85.221468,27.649414,0 85.221472,27.649415,0 85.221476,27.649415,0 85.22148,27.649415,0 85.221484,27.649416,0 85.221488,27.649416,0 85.221491,27.649416,0 85.221495,27.649417,0 85.221499,27.649417,0 85.221503,27.649417,0 85.221507,27.649417,0 85.221511,27.649418,0 85.221514,27.649418,0 85.221524,27.649418,0 85.221529,27.649418,0 85.221534,27.649418,0 85.221538,27.649417,0 85.221543,27.649417,0 85.221547,27.649417,0 85.221552,27.649416,0 85.221557,27.649416,0 85.221561,27.649416,0 85.221566,27.649415,0 85.22157,27.649415,0 85.221575,27.649415,0 85.22158,27.649414,0 85.221584,27.649414,0 85.221589,27.649414,0 85.221593,27.649413,0 85.221598,27.649413,0 85.221603,27.649413,0 85.221607,27.649412,0 85.221612,27.649412,0 85.221616,27.649412,0 85.221621,27.649412,0 85.221626,27.649411,0 85.22163,27.649411,0 85.221635,27.649411,0 85.221639,27.64941,0 85.221644,27.64941,0 85.221649,27.64941,0 85.221653,27.649409,0 85.221658,27.649409,0 85.221662,27.649409,0 85.221667,27.649408,0 85.221672,27.649408,0 85.221676,27.649408,0 85.221681,27.649407,0 85.221685,27.649407,0 85.22169,27.649407,0 85.221695,27.649407,0 85.221699,27.649406,0 85.221704,27.649406,0 85.221709,27.649406,0 85.221713,27.649405,0 85.221729,27.649409,0 85.221737,27.649412,0 85.221744,27.649414,0 85.221752,27.649417,0 85.221759,27.649419,0 85.221767,27.649422,0 85.221775,27.649424,0 85.221782,27.649427,0 85.22179,27.649429,0 85.221797,27.649432,0 85.221805,27.649434,0 85.221812,27.649437,0 85.22182,27.649439,0 85.221827,27.649442,0 85.221835,27.649444,0 85.221842,27.649447,0 85.22185,27.649449,0 85.221857,27.649452,0 85.221865,27.649454,0 85.221873,27.649457,0 85.22188,27.649459,0 85.221888,27.649462,0 85.221895,27.649464,0 85.221903,27.649467,0 85.22191,27.649469,0 85.221918,27.649472,0 85.22193,27.649479,0 85.221935,27.649481,0 85.221941,27.649483,0 85.221946,27.649486,0 85.221951,27.649488,0 85.221956,27.64949,0 85.221961,27.649492,0 85.221966,27.649494,0 85.221968,27.649501,0 85.221968,27.649504,0 85.221967,27.649508,0 85.221967,27.649511,0 85.221967,27.649515,0 85.221967,27.649518,0 85.221966,27.649522,0 85.221966,27.649525,0 85.221966,27.649529,0 85.221965,27.649532,0 85.221965,27.649535,0 85.221965,27.649539,0 85.221965,27.649542,0 85.221964,27.649546,0 85.221964,27.649549,0 85.221966,27.649534,0 85.221965,27.649533,0 85.221965,27.649532,0 85.221964,27.649531,0 85.221963,27.649529,0 85.221963,27.649528,0 85.221962,27.649527,0 85.221961,27.649526,0 85.221956,27.649525,0 85.221951,27.649525,0 85.221948,27.649526,0 85.221944,27.649539,0 85.221942,27.64954,0 85.221939,27.649545,0 85.221934,27.649551,0 85.221924,27.64957,0 85.221924,27.649572,0 85.221929,27.649577,0 85.221929,27.649576,0 85.221929,27.64957,0 85.221929,27.649574,0 85.221927,27.64957,0 85.221925,27.649579,0 85.221922,27.64959,0 85.221922,27.649594,0 85.221922,27.6496,0 85.221924,27.649607,0 85.221924,27.649608,0 85.221924,27.649609,0 85.221924,27.649612,0 85.221925,27.649613,0 85.221925,27.649616,0 85.221927,27.649625,0 85.221927,27.649626,0 85.221927,27.649629,0 85.221927,27.649632,0 85.221926,27.649638,0 85.221924,27.649643,0 85.221923,27.649649,0 85.221925,27.649655,0 85.221926,27.649659,0 85.221942,27.649665,0 85.221943,27.649665,0 85.221947,27.649662,0 85.221946,27.649662,0 85.221939,27.649662,0 85.221937,27.649662,0 85.221932,27.649659,0 85.221925,27.64965,0 85.221927,27.649647,0 85.221925,27.649644,0 85.221927,27.649639,0 85.221942,27.649607,0 85.221943,27.649606,0 85.221946,27.649606,0 85.221949,27.649605,0 85.221952,27.649604,0 85.22196,27.649596,0 85.221965,27.649587,0 85.221972,27.649586,0 85.221972,27.649585,0 85.221973,27.649583,0 85.221974,27.649582,0 85.221974,27.649572,0 85.221972,27.649572,0 85.22197,27.649571,0 85.221967,27.649571,0 85.221964,27.649571,0 85.22196,27.649571,0 85.221957,27.649571,0 85.221949,27.649569,0 85.221944,27.649567,0 85.221942,27.649566,0 85.221935,27.649566,0 85.221932,27.649562,0 85.221929,27.649561,0 85.221924,27.649564,0 85.221922,27.649566,0 85.221694,27.649807,0 85.221689,27.64981,0 85.221686,27.64981,0 85.221682,27.649812,0 85.221682,27.64981,0 85.221685,27.649803,0 85.221694,27.649801,0 85.221713,27.649806,0 85.221736,27.649807,0 85.22176,27.649803,0 85.221772,27.649821,0 85.221787,27.649841,0 85.221796,27.649866,0 85.221796,27.649888,0 85.221794,27.6499,0 85.221795,27.649898,0 85.221796,27.649896,0 85.221797,27.649894,0 85.221797,27.649886,0 85.2218,27.649867,0 85.221797,27.649852,0 85.221796,27.649851,0 85.221796,27.64985,0 85.221796,27.649849,0 85.221796,27.649848,0 85.221796,27.649847,0 85.221796,27.649846,0 85.221796,27.649845,0 85.221795,27.649845,0 85.221795,27.649844,0 85.221795,27.649843,0 85.221795,27.649842,0 85.221795,27.649841,0 85.221795,27.64984,0 85.221795,27.649839,0 85.221795,27.649838,0 85.221794,27.649837,0 85.221794,27.649836,0 85.221794,27.649835,0 85.221794,27.649834,0 85.221794,27.649833,0 85.221794,27.649832,0 85.221794,27.649831,0 85.221794,27.64983,0 85.221793,27.64983,0 85.221793,27.649829,0 85.221793,27.649828,0 85.221793,27.649827,0 85.221793,27.649826,0 85.221793,27.649825,0 85.221793,27.649824,0 85.221793,27.649823,0 85.221792,27.649822,0 85.221792,27.649821,0 85.221792,27.64982,0 85.221792,27.649819,0 85.221792,27.649818,0 85.221792,27.649817,0 85.221792,27.649816,0 85.221792,27.649815,0 85.221791,27.649815,0 85.221791,27.649814,0 85.221791,27.649813,0 85.221799,27.649811,0 85.22181,27.649807,0 85.221817,27.649805,0 85.221823,27.649803,0 85.221837,27.649796,0 85.221839,27.649795,0 85.22184,27.649793,0 85.22184,27.649789,0 85.221841,27.649785,0 85.22184,27.649785,0 85.221838,27.649791,0 85.22184,27.649795,0 85.221846,27.649794,0 85.221852,27.649787,0 85.221853,27.649783,0 85.221857,27.649775,0 85.221862,27.649765,0 85.221868,27.649757,0 85.22187,27.649752,0 85.221871,27.649749,0 85.221869,27.649747,0 85.221867,27.64975,0 85.221863,27.649754,0 85.221852,27.649754,0 85.221851,27.649752,0 85.221851,27.649747,0 85.221851,27.649741,0 85.221851,27.649736,0 85.221852,27.649732,0 85.221854,27.649728,0 85.221856,27.649731,0 85.221859,27.649741,0 85.221859,27.649742,0 85.221859,27.649746,0 85.221859,27.649749,0 85.221861,27.649761,0 85.221864,27.649764,0 85.221866,27.649763,0 85.221861,27.649771,0 85.22186,27.649773,0 85.221859,27.649773,0 85.22186,27.649765,0 85.221864,27.649757,0 85.221861,27.649758,0 85.221857,27.649758,0 85.221851,27.649756,0 85.221844,27.649749,0 85.221839,27.649743,0 85.221837,27.649737,0 85.221834,27.649737,0 85.221833,27.64974,0 85.221833,27.649745,0 85.221834,27.649752,0 85.221836,27.649754,0 85.221845,27.649771,0 85.221851,27.649785,0 85.22185,27.649783,0 85.221849,27.649782,0 85.221847,27.64978,0 85.221846,27.649779,0 85.221845,27.649778,0 85.221844,27.649776,0 85.221842,27.649775,0 85.221841,27.649773,0 85.22184,27.649772,0 85.221839,27.649771,0 85.221837,27.649769,0 85.221836,27.649768,0 85.221835,27.649766,0 85.221833,27.649765,0 85.221832,27.649764,0 85.221831,27.649762,0 85.22183,27.649761,0 85.221828,27.64976,0 85.221827,27.649758,0 85.221826,27.649757,0 85.221824,27.649755,0 85.221823,27.649754,0 85.221822,27.649753,0 85.221821,27.649751,0 85.221819,27.64975,0 85.221818,27.649748,0 85.221817,27.649747,0 85.221815,27.649746,0 85.221814,27.649744,0 85.221813,27.649743,0 85.221812,27.649741,0 85.22181,27.64974,0 85.221809,27.649739,0 85.221808,27.649737,0 85.221807,27.649736,0 85.221805,27.649734,0 85.221804,27.649733,0 85.221803,27.649732,0 85.221801,27.64973,0 85.2218,27.649729,0 85.221799,27.649727,0 85.221798,27.649726,0 85.221796,27.649725,0 85.221795,27.649723,0 85.221794,27.649722,0 85.221792,27.64972,0 85.221791,27.649719,0 85.22179,27.649718,0 85.221789,27.649716,0 85.221787,27.649715,0 85.221786,27.649713,0 85.221785,27.649712,0 85.221783,27.649711,0 85.221782,27.649709,0 85.221781,27.649708,0 85.22178,27.649706,0 85.221778,27.649705,0 85.221777,27.649704,0 85.221776,27.649702,0 85.221775,27.649701,0 85.221773,27.649699,0 85.221772,27.649698,0 85.221771,27.649697,0 85.221769,27.649695,0 85.221768,27.649694,0 85.221767,27.649692,0 85.221766,27.649691,0 85.221764,27.64969,0 85.221763,27.649688,0 85.221762,27.649687,0 85.22176,27.649685,0 85.221759,27.649684,0 85.221758,27.649683,0 85.221757,27.649681,0 85.221755,27.64968,0 85.221754,27.649678,0 85.221753,27.649677,0 85.221752,27.649676,0 85.22175,27.649674,0 85.221749,27.649673,0 85.221748,27.649671,0 85.221746,27.64967,0 85.221745,27.649669,0 85.221744,27.649667,0 85.221743,27.649666,0 85.221741,27.649664,0 85.22174,27.649663,0 85.221739,27.649662,0 85.221737,27.64966,0 85.221736,27.649659,0 85.221735,27.649657,0 85.221734,27.649656,0 85.221732,27.649655,0 85.221731,27.649653,0 85.22173,27.649652,0 85.221728,27.64965,0 85.221727,27.649649,0 85.221726,27.649648,0 85.221725,27.649646,0 85.221723,27.649645,0 85.221722,27.649643,0 85.221721,27.649642,0 85.22172,27.649641,0 85.221718,27.649639,0 85.221717,27.649638,0 85.221716,27.649636,0 85.221714,27.649635,0 85.221713,27.649634,0 85.221712,27.649632,0 85.221711,27.649631,0 85.221709,27.649629,0 85.221708,27.649628,0 85.221707,27.649627,0 85.221705,27.649625,0 85.221704,27.649624,0 85.221703,27.649622,0 85.221702,27.649621,0 85.2217,27.64962,0 85.221699,27.649618,0 85.221698,27.649617,0 85.221696,27.649615,0 85.221695,27.649614,0 85.221694,27.649613,0 85.221693,27.649611,0 85.221691,27.64961,0 85.22169,27.649608,0 85.221689,27.649607,0 85.221688,27.649606,0 85.221686,27.649604,0 85.221685,27.649603,0 85.221684,27.649601,0 85.221682,27.6496,0 85.221681,27.649599,0 85.22168,27.649597,0 85.221679,27.649596,0 85.221677,27.649594,0 85.221676,27.649593,0 85.221675,27.649592,0 85.221673,27.64959,0 85.221672,27.649589,0 85.221671,27.649587,0 85.22167,27.649586,0 85.221668,27.649585,0 85.221667,27.649583,0 85.221666,27.649582,0 85.221665,27.64958,0 85.221663,27.649579,0 85.221662,27.649578,0 85.221661,27.649576,0 85.221659,27.649575,0 85.221658,27.649573,0 85.221657,27.649572,0 85.221656,27.649571,0 85.221654,27.649569,0 85.221653,27.649568,0 85.221652,27.649566,0 85.22165,27.649565,0 85.221649,27.649564,0 85.221648,27.649562,0 85.221647,27.649561,0 85.221645,27.649559,0 85.221644,27.649558,0 85.221643,27.649557,0 85.221641,27.649555,0 85.22164,27.649554,0 85.221639,27.649552,0 85.221638,27.649551,0 85.221636,27.64955,0 85.221635,27.649548,0 85.221634,27.649547,0 85.221633,27.649546,0 85.221631,27.649544,0 85.22163,27.649543,0 85.221629,27.649541,0 85.221627,27.64954,0 85.221626,27.649539,0 85.221625,27.649537,0 85.221624,27.649536,0 85.221622,27.649534,0 85.221621,27.649533,0 85.22162,27.649532,0 85.221618,27.64953,0 85.221617,27.649529,0 85.221616,27.649527,0 85.221615,27.649526,0 85.221613,27.649525,0 85.221612,27.649523,0 85.221611,27.649522,0 85.221609,27.64952,0 85.221608,27.649519,0 85.221607,27.649518,0 85.221606,27.649516,0 85.221604,27.649515,0 85.221603,27.649513,0 85.221602,27.649512,0 85.221601,27.649511,0 85.221599,27.649509,0 85.221598,27.649508,0 85.221597,27.649506,0 85.221595,27.649505,0 85.221594,27.649504,0 85.221593,27.649502,0 85.221592,27.649501,0 85.22159,27.649499,0 85.221589,27.649498,0 85.221588,27.649497,0 85.221586,27.649495,0 85.221585,27.649494,0 85.221584,27.649492,0 85.221583,27.649491,0 85.221581,27.64949,0 85.22158,27.649488,0 85.221579,27.649487,0 85.221578,27.649485,0 85.221576,27.649484,0 85.221575,27.649483,0 85.221574,27.649481,0 85.221572,27.64948,0 85.221571,27.649478,0 85.22157,27.649477,0 85.221569,27.649476,0 85.221567,27.649474,0 85.221566,27.649473,0 85.221565,27.649471,0 85.221563,27.64947,0 85.221562,27.649469,0 85.221561,27.649467,0 85.22156,27.649466,0 85.221558,27.649464,0 85.221557,27.649463,0 85.221556,27.649462,0 85.221554,27.64946,0 85.221553,27.649459,0 85.221552,27.649457,0 85.221551,27.649456,0 85.221549,27.649455,0 85.221548,27.649453,0 85.221547,27.649452,0 85.221546,27.64945,0 85.221544,27.649449,0 85.221536,27.649445,0 85.221532,27.649446,0 85.221527,27.649447,0 85.221523,27.649448,0 85.221519,27.649449,0 85.221514,27.64945,0 85.22151,27.649451,0 85.221506,27.649452,0 85.221501,27.649453,0 85.221497,27.649455,0 85.221493,27.649456,0 85.221488,27.649457,0 85.221484,27.649458,0 85.22148,27.649459,0 85.221476,27.64946,0 85.221471,27.649461,0 85.221467,27.649462,0 85.221463,27.649463,0 85.221458,27.649464,0 85.221454,27.649465,0 85.22145,27.649466,0 85.221445,27.649468,0 85.221441,27.649469,0 85.221437,27.64947,0 85.221432,27.649471,0 85.221428,27.649472,0 85.221424,27.649473,0 85.221419,27.649474,0 85.221415,27.649475,0 85.221411,27.649476,0 85.221406,27.649477,0 85.221402,27.649478,0 85.221398,27.649479,0 85.221394,27.649481,0 85.221389,27.649482,0 85.221385,27.649483,0 85.221381,27.649484,0 85.221376,27.649485,0 85.221372,27.649486,0 85.221368,27.649487,0 85.221363,27.649488,0 85.221359,27.649489,0 85.221355,27.64949,0 85.22135,27.649491,0 85.221346,27.649492,0 85.221342,27.649494,0 85.221337,27.649495,0 85.221333,27.649496,0 85.221329,27.649497,0 85.221324,27.649498,0 85.22132,27.649499,0 85.221316,27.6495,0 85.221312,27.649501,0 85.221307,27.649502,0 85.221303,27.649503,0 85.221299,27.649504,0 85.221294,27.649505,0 85.22129,27.649507,0 85.221286,27.649508,0 85.221281,27.649509,0 85.221277,27.64951,0 85.221273,27.649511,0 85.221268,27.649512,0 85.221264,27.649513,0 85.22126,27.649514,0 85.221255,27.649515,0 85.221251,27.649516,0 85.221247,27.649517,0 85.221242,27.649518,0 85.221238,27.64952,0 85.221234,27.649521,0 85.22123,27.649522,0 85.221225,27.649523,0 85.221221,27.649524,0 85.221217,27.649525,0 85.221212,27.649526,0 85.221208,27.649527,0 85.221204,27.649528,0 85.221199,27.649529,0 85.221195,27.64953,0 85.221191,27.649531,0 85.221186,27.649533,0 85.221182,27.649534,0 85.221178,27.649535,0 85.221173,27.649536,0 85.221169,27.649537,0 85.221165,27.649538,0 85.22116,27.649539,0 85.221156,27.64954,0 85.221152,27.649541,0 85.221148,27.649542,0 85.221143,27.649543,0 85.221139,27.649544,0 85.221135,27.649546,0 85.22113,27.649547,0 85.221126,27.649548,0 85.221122,27.649549,0 85.221117,27.64955,0 85.221113,27.649551,0 85.221109,27.649552,0 85.221104,27.649553,0 85.2211,27.649554,0 85.221096,27.649555,0 85.221091,27.649556,0 85.221087,27.649558,0 85.221083,27.649559,0 85.221078,27.64956,0 85.221074,27.649561,0 85.22107,27.649562,0 85.221066,27.649563,0 85.221061,27.649564,0 85.221057,27.649565,0 85.221053,27.649566,0 85.221048,27.649567,0 85.221044,27.649568,0 85.22104,27.649569,0 85.221035,27.649571,0 85.221031,27.649572,0 85.221027,27.649573,0 85.221022,27.649574,0 85.221018,27.649575,0 85.221014,27.649576,0 85.221009,27.649577,0 85.221005,27.649578,0 85.221001,27.649579,0 85.220996,27.64958,0 85.220992,27.649581,0 85.220988,27.649582,0 85.220984,27.649584,0 85.220979,27.649585,0 85.220975,27.649586,0 85.220971,27.649587,0 85.220966,27.649588,0 85.220962,27.649589,0 85.220958,27.64959,0 85.220953,27.649591,0 85.220949,27.649592,0 85.220945,27.649593,0 85.22094,27.649594,0 85.220936,27.649595,0 85.220932,27.649597,0 85.220927,27.649598,0 85.220923,27.649599,0 85.220919,27.6496,0 85.220914,27.649601,0 85.22091,27.649602,0 85.220905,27.649606,0 85.220901,27.649606,0 85.220897,27.649605,0 85.220893,27.649605,0 85.220888,27.649605,0 85.220884,27.649605,0 85.22088,27.649605,0 85.220876,27.649604,0 85.220872,27.649604,0 85.220868,27.649604,0 85.220864,27.649604,0 85.22086,27.649604,0 85.220856,27.649603,0 85.220852,27.649603,0 85.220848,27.649603,0 85.220844,27.649603,0 85.22084,27.649603,0 85.220836,27.649602,0 85.220832,27.649602,0 85.220827,27.649602,0 85.220823,27.649602,0 85.220819,27.649602,0 85.220815,27.649601,0 85.220811,27.649601,0 85.220807,27.649601,0 85.220803,27.649601,0 85.220799,27.649601,0 85.220795,27.6496,0 85.220791,27.6496,0 85.220787,27.6496,0 85.220783,27.6496,0 85.220779,27.6496,0 85.220775,27.649599,0 85.22077,27.649599,0 85.220766,27.649599,0 85.220762,27.649599,0 85.220758,27.649599,0 85.220754,27.649598,0 85.22075,27.649598,0 85.220746,27.649598,0 85.220742,27.649598,0 85.220738,27.649598,0 85.220734,27.649597,0 85.22073,27.649597,0 85.220726,27.649597,0 85.220722,27.649597,0 85.220718,27.649597,0 85.220713,27.649596,0 85.220709,27.649596,0 85.220705,27.649596,0 85.220701,27.649596,0 85.220697,27.649596,0 85.220693,27.649595,0 85.220689,27.649595,0 85.220685,27.649595,0 85.220681,27.649595,0 85.220665,27.649597,0 85.220661,27.649596,0 85.220656,27.649595,0 85.220652,27.649594,0 85.220647,27.649593,0 85.220643,27.649592,0 85.220638,27.649591,0 85.220634,27.64959,0 85.220629,27.649589,0 85.220625,27.649588,0 85.22062,27.649588,0 85.220616,27.649587,0 85.220611,27.649586,0 85.220607,27.649585,0 85.220602,27.649584,0 85.220597,27.649583,0 85.220593,27.649582,0 85.220588,27.649581,0 85.220584,27.64958,0 85.220579,27.649579,0 85.220575,27.649578,0 85.22057,27.649577,0 85.220566,27.649576,0 85.220561,27.649575,0 85.220557,27.649575,0 85.220552,27.649574,0 85.220548,27.649573,0 85.220543,27.649572,0 85.220539,27.649571,0 85.220534,27.64957,0 85.22053,27.649569,0 85.220525,27.649568,0 85.220521,27.649567,0 85.220516,27.649566,0 85.220512,27.649565,0 85.220507,27.649564,0 85.220503,27.649563,0 85.220498,27.649562,0 85.220494,27.649562,0 85.220489,27.649561,0 85.220485,27.64956,0 85.22048,27.649559,0 85.220476,27.649558,0 85.220471,27.649557,0 85.220467,27.649556,0 85.220462,27.649555,0 85.220458,27.649554,0 85.220453,27.649553,0 85.220449,27.649552,0 85.220444,27.649551,0 85.22044,27.64955,0 85.220435,27.64955,0 85.220431,27.649549,0 85.220426,27.649548,0 85.220422,27.649547,0 85.220417,27.649546,0 85.220413,27.649545,0 85.220408,27.649544,0 85.220404,27.649543,0 85.220399,27.649542,0 85.220395,27.649541,0 85.22039,27.64954,0 85.220386,27.649539,0 85.220381,27.649538,0 85.220377,27.649537,0 85.220372,27.649537,0 85.220368,27.649536,0 85.220363,27.649535,0 85.220359,27.649534,0 85.220354,27.649533,0 85.22035,27.649532,0 85.220345,27.649531,0 85.220341,27.64953,0 85.220336,27.649529,0 85.220332,27.649528,0 85.220327,27.649527,0 85.220323,27.649526,0 85.220318,27.649525,0 85.220314,27.649524,0 85.220309,27.649524,0 85.220305,27.649523,0 85.2203,27.649522,0 85.220296,27.649521,0 85.220291,27.64952,0 85.220287,27.649519,0 85.220282,27.649518,0 85.220278,27.649517,0 85.220273,27.649516,0 85.220269,27.649515,0 85.220264,27.649514,0 85.220259,27.649513,0 85.220255,27.649512,0 85.22025,27.649511,0 85.220246,27.649511,0 85.220241,27.64951,0 85.220237,27.649509,0 85.220232,27.649508,0 85.220228,27.649507,0 85.220223,27.649506,0 85.220219,27.649505,0 85.220214,27.649504,0 85.22021,27.649503,0 85.220205,27.649502,0 85.220201,27.649501,0 85.220196,27.6495,0 85.220192,27.649499,0 85.220187,27.649498,0 85.220183,27.649498,0 85.220178,27.649497,0 85.220174,27.649496,0 85.220169,27.649495,0 85.220165,27.649494,0 85.22016,27.649493,0 85.220156,27.649492,0 85.220151,27.649491,0 85.220147,27.64949,0 85.220142,27.649489,0 85.220138,27.649488,0 85.220133,27.649487,0 85.220129,27.649486,0 85.220124,27.649485,0 85.22012,27.649485,0 85.220115,27.649484,0 85.220111,27.649483,0 85.220106,27.649482,0 85.220102,27.649481,0 85.220097,27.64948,0 85.220093,27.649479,0 85.220088,27.649478,0 85.220084,27.649477,0 85.220079,27.649476,0 85.220075,27.649475,0 85.22007,27.649474,0 85.220055,27.649463,0 85.220051,27.64946,0 85.220046,27.649457,0 85.220042,27.649453,0 85.220038,27.64945,0 85.220033,27.649447,0 85.220029,27.649444,0 85.220025,27.649441,0 85.220021,27.649438,0 85.220016,27.649435,0 85.220012,27.649432,0 85.220008,27.649429,0 85.220003,27.649426,0 85.219999,27.649423,0 85.219995,27.64942,0 85.219991,27.649417,0 85.219986,27.649414,0 85.219982,27.649411,0 85.219978,27.649408,0 85.219973,27.649405,0 85.219969,27.649402,0 85.219965,27.649398,0 85.21996,27.649395,0 85.219956,27.649392,0 85.219952,27.649389,0 85.219948,27.649386,0 85.219943,27.649383,0 85.219939,27.64938,0 85.219935,27.649377,0 85.21993,27.649374,0 85.219926,27.649371,0 85.219922,27.649368,0 85.219918,27.649365,0 85.219913,27.649362,0 85.219909,27.649359,0 85.219905,27.649356,0 85.2199,27.649353,0 85.219896,27.64935,0 85.219892,27.649347,0 85.219885,27.649351,0 85.219881,27.649353,0 85.219877,27.649355,0 85.219872,27.649357,0 85.219868,27.649359,0 85.219864,27.649361,0 85.21986,27.649362,0 85.219856,27.649364,0 85.219852,27.649366,0 85.219848,27.649368,0 85.219843,27.64937,0 85.219839,27.649372,0 85.219834,27.649374,0 85.219829,27.649375,0 85.219825,27.649376,0 85.219813,27.64938,0 85.219812,27.649379,0 85.219811,27.649377,0 85.219808,27.649375,0 85.219805,27.649373,0 85.219801,27.649372,0 85.219797,27.64937,0 85.219792,27.649368,0 85.219787,27.649368,0 85.219781,27.649367,0 85.219776,27.649367,0 85.219771,27.649365,0 85.219764,27.649365,0 85.219758,27.649364,0 85.219752,27.649364,0 85.219744,27.649363,0 85.219737,27.649361,0 85.219731,27.649359,0 85.219724,27.649358,0 85.219706,27.649357,0 85.219708,27.649352,0 85.219698,27.649352,0 85.219694,27.649352,0 85.219686,27.649352,0 85.219675,27.649352,0 85.219662,27.649351,0 85.219649,27.64935,0 85.219633,27.649348,0 85.219618,27.649346,0 85.219603,27.649344,0 85.219586,27.649343,0 85.219574,27.649342,0 85.219563,27.64934,0 85.219554,27.64934,0 85.219545,27.649339,0 85.219537,27.649339,0 85.21953,27.649338,0 85.219523,27.649336,0 85.219516,27.649334,0 85.219508,27.649332,0 85.2195,27.649329,0 85.21949,27.649328,0 85.219481,27.649326,0 85.219473,27.649325,0 85.219465,27.649324,0 85.219456,27.649322,0 85.219446,27.649321,0 85.219436,27.649321,0 85.219427,27.649322,0 85.219417,27.649323,0 85.219407,27.649325,0 85.219398,27.649327,0 85.219389,27.649329,0 85.219381,27.649329,0 85.219373,27.649328,0 85.219363,27.649328,0 85.219338,27.649322,0 85.219338,27.649321,0 85.21934,27.649319,0 85.219338,27.649319,0 85.219336,27.64932,0 85.21933,27.649329,0 85.21933,27.649332,0 85.219331,27.649339,0 85.219333,27.649348,0 85.219335,27.649359,0 85.219337,27.649373,0 85.219339,27.64939,0 85.219338,27.649405,0 85.219337,27.649422,0 85.219335,27.649436,0 85.219334,27.649449,0 85.219334,27.649462,0 85.219332,27.649475,0 85.21933,27.649488,0 85.219331,27.6495,0 85.219333,27.64951,0 85.219332,27.649523,0 85.219332,27.649536,0 85.219332,27.64955,0 85.219331,27.649563,0 85.219328,27.649576,0 85.219324,27.64959,0 85.21932,27.649603,0 85.219318,27.649616,0 85.219316,27.649627,0 85.219313,27.649637,0 85.219309,27.649649,0 85.219303,27.64966,0 85.219297,27.649672,0 85.219292,27.649684,0 85.219286,27.649694,0 85.219279,27.649704,0 85.219273,27.649713,0 85.219271,27.649723,0 85.219272,27.649732,0 85.219273,27.649743,0 85.219274,27.649755,0 85.219273,27.649768,0 85.219271,27.649782,0 85.219269,27.649796,0 85.219268,27.64981,0 85.219269,27.649825,0 85.219269,27.649839,0 85.219269,27.649854,0 85.21927,27.649868,0 85.219272,27.649879,0 85.219274,27.64989,0 85.219277,27.649899,0 85.219279,27.649913,0 85.219281,27.649918,0 85.219283,27.649924,0 85.219285,27.649929,0 85.219287,27.649935,0 85.219289,27.649941,0 85.219293,27.649946,0 85.219298,27.649953,0 85.2193,27.649959,0 85.219301,27.649965,0 85.219301,27.649971,0 85.219304,27.64998,0 85.219307,27.649982,0 85.219304,27.649989,0 85.219302,27.64999,0 85.219302,27.649991,0 85.219303,27.649994,0 85.219302,27.649997,0 85.219303,27.650002,0 85.219303,27.650008,0 85.219304,27.650015,0 85.219304,27.650022,0 85.219304,27.65003,0 85.219304,27.650036,0 85.219304,27.650042,0 85.219303,27.650047,0 85.219302,27.650051,0 85.219301,27.650054,0 85.219302,27.650056,0 85.219304,27.650059,0 85.219307,27.650061,0 85.219304,27.650069,0 85.219302,27.650069,0 85.219295,27.650067,0 85.219294,27.65006,0 85.219293,27.65006,0 85.219284,27.65005,0 85.219279,27.65005,0 85.219276,27.650052,0 85.219274,27.650056,0 85.21927,27.650059,0 85.219266,27.650062,0 85.21925,27.650067,0 85.21925,27.650066,0 85.219249,27.650065,0 85.219237,27.650062,0 85.219237,27.650052,0 85.21924,27.650047,0 85.219252,27.650045,0 85.219257,27.650045,0 85.219265,27.650045,0 85.219266,27.650046,0 85.219268,27.650046,0 85.219275,27.650052,0 85.21928,27.650054,0 85.219281,27.650054,0 85.219283,27.650055,0 85.219287,27.650056,0 85.219359,27.650087,0 85.219361,27.650091,0 85.219382,27.650169,0 85.219394,27.650165,0 85.219402,27.650157,0 85.219408,27.650151,0 85.219411,27.650146,0 85.219413,27.650142,0 85.219398,27.65013,0 85.219365,27.650107,0 85.219359,27.650103,0 85.219357,27.650102,0 85.219355,27.6501,0 85.219352,27.650098,0 85.21935,27.650096,0 85.219348,27.650094,0 85.219346,27.650092,0 85.219344,27.65009,0 85.219342,27.650088,0 85.21934,27.650086,0 85.219338,27.650084,0 85.219336,27.650082,0 85.219334,27.650081,0 85.219332,27.650079,0 85.21933,27.650077,0 85.219328,27.650075,0 85.219325,27.650073,0 85.219323,27.650071,0 85.219321,27.650069,0 85.219319,27.650067,0 85.219317,27.650065,0 85.219315,27.650063,0 85.219313,27.650062,0 85.219311,27.65006,0 85.219309,27.650058,0 85.219307,27.650056,0 85.219305,27.650054,0 85.219303,27.650052,0 85.219301,27.65005,0 85.219298,27.650048,0 85.219296,27.650046,0 85.219294,27.650044,0 85.219292,27.650043,0 85.21929,27.650041,0 85.219288,27.650039,0 85.219286,27.650037,0 85.219284,27.650035,0 85.219282,27.650033,0 85.21928,27.650031,0 85.219278,27.650029,0 85.219274,27.650023,0 85.219271,27.650015,0 85.21927,27.650007,0 85.219269,27.649999,0 85.219268,27.649991,0 85.219265,27.649986,0 85.219263,27.649981,0 85.219262,27.649977,0 85.21926,27.649973,0 85.219258,27.649969,0 85.219257,27.649965,0 85.219255,27.649962,0 85.219253,27.649959,0 85.219252,27.649955,0 85.21925,27.649952,0 85.219242,27.649941,0 85.219241,27.649939,0 85.219238,27.649938,0 85.219235,27.649935,0 85.219232,27.649932,0 85.219227,27.649928,0 85.219224,27.649923,0 85.219221,27.649916,0 85.219218,27.649908,0 85.219213,27.6499,0 85.219208,27.649892,0 85.219205,27.649883,0 85.219204,27.649874,0 85.219205,27.649866,0 85.219206,27.649858,0 85.219209,27.649851,0 85.219211,27.649843,0 85.219215,27.649836,0 85.219218,27.649831,0 85.219221,27.649825,0 85.219221,27.649819,0 85.219222,27.649812,0 85.219223,27.649807,0 85.219224,27.649802,0 85.219228,27.649794,0 85.219228,27.649784,0 85.219225,27.649774,0 85.219223,27.649765,0 85.219224,27.649755,0 85.219227,27.649747,0 85.219229,27.649739,0 85.219231,27.649731,0 85.219231,27.649726,0 85.219232,27.649721,0 85.219234,27.649715,0 85.219235,27.649707,0 85.219239,27.649699,0 85.219244,27.649692,0 85.219247,27.649683,0 85.21925,27.649674,0 85.219256,27.649665,0 85.219279,27.649656,0 85.219307,27.649644,0 85.219315,27.649641,0 85.21933,27.649631,0 85.219331,27.649626,0 85.219333,27.649622,0 85.219335,27.649618,0 85.219337,27.649614,0 85.219338,27.64961,0 85.21934,27.649606,0 85.219342,27.649601,0 85.219344,27.649597,0 85.219345,27.649593,0 85.219347,27.649589,0 85.219349,27.649585,0 85.219351,27.649581,0 85.219352,27.649577,0 85.219354,27.649572,0 85.219356,27.649568,0 85.219358,27.649564,0 85.219359,27.649556,0 85.21936,27.649552,0 85.219362,27.649548,0 85.219363,27.649545,0 85.219364,27.649541,0 85.219365,27.649538,0 85.219367,27.649534,0 85.219368,27.64953,0 85.219369,27.649527,0 85.21937,27.649523,0 85.219371,27.649519,0 85.219373,27.649516,0 85.219374,27.649512,0 85.219375,27.649508,0 85.219376,27.649505,0 85.219378,27.649501,0 85.219379,27.649497,0 85.21938,27.649494,0 85.219381,27.64949,0 85.219389,27.649486,0 85.219392,27.649488,0 85.219396,27.64949,0 85.219399,27.649491,0 85.219402,27.649493,0 85.219405,27.649494,0 85.219408,27.649496,0 85.219411,27.649497,0 85.219415,27.649499,0 85.219418,27.649501,0 85.219421,27.649502,0 85.219424,27.649504,0 85.219427,27.649505,0 85.219431,27.649507,0 85.219434,27.649508,0 85.219437,27.64951,0 85.21944,27.649511,0 85.219443,27.649513,0 85.219446,27.649515,0 85.21945,27.649516,0 85.219453,27.649518,0 85.219456,27.649519,0 85.219459,27.649521,0 85.219462,27.649522,0 85.219466,27.649524,0 85.219469,27.649526,0 85.219472,27.649527,0 85.219475,27.649529,0 85.219478,27.64953,0 85.219482,27.649532,0 85.219485,27.649533,0 85.219488,27.649535,0 85.219491,27.649537,0 85.219494,27.649538,0 85.219497,27.64954,0 85.219501,27.649541,0 85.219504,27.649543,0 85.219507,27.649544,0 85.21951,27.649546,0 85.219513,27.649548,0 85.219517,27.649549,0 85.21952,27.649551,0 85.219523,27.649552,0 85.219526,27.649554,0 85.219529,27.649555,0 85.219533,27.649557,0 85.219536,27.649558,0 85.219539,27.64956,0 85.219542,27.649562,0 85.219545,27.649563,0 85.219548,27.649565,0 85.219552,27.649566,0 85.219555,27.649568,0 85.219558,27.649569,0 85.219561,27.649571,0 85.219564,27.649573,0 85.219568,27.649574,0 85.219571,27.649576,0 85.219574,27.649577,0 85.219577,27.649579,0 85.21958,27.64958,0 85.219584,27.649582,0 85.219587,27.649584,0 85.21959,27.649585,0 85.219593,27.649587,0 85.219596,27.649588,0 85.219598,27.649593,0 85.219598,27.649595,0 85.219599,27.649598,0 85.2196,27.649601,0 85.219601,27.649603,0 85.219602,27.649606,0 85.219603,27.649609,0 85.219604,27.649611,0 85.219605,27.649614,0 85.219606,27.649617,0 85.219607,27.649619,0 85.219612,27.649622,0 85.219614,27.649624,0 85.219616,27.649625,0 85.219623,27.649629,0 85.219626,27.649631,0 85.21963,27.649633,0 85.219633,27.649634,0 85.219636,27.649636,0 85.219639,27.649638,0 85.219643,27.64964,0 85.219646,27.649642,0 85.21965,27.649647,0 85.219653,27.64965,0 85.219655,27.649653,0 85.219658,27.649656,0 85.21966,27.649659,0 85.219663,27.649662,0 85.219666,27.649666,0 85.219668,27.649669,0 85.219671,27.649672,0 85.219672,27.649678,0 85.219674,27.649683,0 85.219675,27.649688,0 85.219677,27.649693,0 85.219678,27.649698,0 85.21968,27.649703,0 85.219681,27.649708,0 85.219682,27.649713,0 85.219684,27.649718,0 85.219685,27.649723,0 85.219687,27.649727,0 85.219688,27.649732,0 85.21969,27.649737,0 85.219691,27.649742,0 85.219692,27.649747,0 85.219694,27.649752,0 85.219695,27.649757,0 85.219697,27.649762,0 85.219698,27.649767,0 85.2197,27.649772,0 85.219701,27.649776,0 85.219702,27.649781,0 85.219704,27.649786,0 85.219705,27.649791,0 85.219707,27.649796,0 85.219708,27.649801,0 85.21971,27.649806,0 85.219711,27.649811,0 85.219712,27.649816,0 85.219714,27.649821,0 85.219715,27.649825,0 85.219717,27.64983,0 85.219718,27.649835,0 85.21972,27.64984,0 85.219721,27.649845,0 85.219722,27.64985,0 85.219724,27.649855,0 85.219725,27.64986,0 85.219727,27.649865,0 85.219728,27.649869,0 85.21973,27.649874,0 85.219731,27.649879,0 85.219732,27.649884,0 85.219734,27.649889,0 85.219735,27.649894,0 85.219737,27.649899,0 85.219738,27.649904,0 85.219739,27.649909,0 85.219741,27.649914,0 85.219742,27.649918,0 85.219744,27.649923,0 85.219745,27.649928,0 85.219747,27.649933,0 85.219748,27.649938,0 85.219749,27.649943,0 85.219751,27.649948,0 85.219752,27.649953,0 85.219754,27.649958,0 85.219755,27.649963,0 85.219757,27.649967,0 85.219758,27.649972,0 85.219759,27.649977,0 85.219761,27.649982,0 85.219762,27.649987,0 85.219764,27.649992,0 85.219765,27.649997,0 85.219767,27.650002,0 85.219768,27.650007,0 85.219769,27.650012,0 85.219771,27.650016,0 85.219772,27.650021,0 85.219774,27.650026,0 85.219775,27.650031,0 85.219777,27.650036,0 85.219778,27.650041,0 85.219779,27.650046,0 85.219781,27.650051,0 85.219782,27.650056,0 85.219784,27.65006,0 85.219785,27.650065,0 85.219787,27.65007,0 85.219788,27.650075,0 85.219789,27.65008,0 85.219791,27.650085,0 85.219792,27.65009,0 85.219794,27.650095,0 85.219795,27.6501,0 85.219797,27.650105,0 85.219798,27.650109,0 85.219799,27.650114,0 85.219801,27.650119,0 85.219802,27.650124,0 85.219804,27.650129,0 85.219805,27.650134,0 85.219807,27.650139,0 85.219808,27.650144,0 85.219809,27.650149,0 85.219811,27.650154,0 85.219812,27.650158,0 85.219814,27.650163,0 85.219815,27.650168,0 85.219817,27.650173,0 85.219818,27.650178,0 85.219819,27.650183,0 85.219821,27.650188,0 85.219822,27.650193,0 85.219824,27.650198,0 85.219825,27.650202,0 85.219827,27.650207,0 85.219828,27.650212,0 85.219829,27.650217,0 85.219831,27.650222,0 85.219832,27.650227,0 85.219834,27.650232,0 85.219835,27.650237,0 85.219837,27.650242,0 85.219838,27.650247,0 85.219839,27.650251,0 85.219841,27.650256,0 85.219842,27.650261,0 85.219844,27.650266,0 85.219845,27.650271,0 85.219847,27.650276,0 85.219848,27.650281,0 85.219849,27.650286,0 85.219851,27.650291,0 85.219852,27.650296,0 85.219854,27.6503,0 85.219855,27.650305,0 85.219857,27.65031,0 85.219858,27.650315,0 85.219859,27.65032,0 85.219861,27.650325,0 85.219862,27.65033,0 85.219864,27.650335,0 85.219865,27.65034,0 85.21987,27.650343,0 85.219872,27.650345,0 85.219875,27.650347,0 85.219877,27.65035,0 85.21988,27.650352,0 85.219886,27.65036,0 85.219892,27.650363,0 85.219898,27.650367,0 85.219904,27.65037,0 85.21991,27.650374,0 85.219916,27.650377,0 85.219922,27.650381,0 85.219928,27.650385,0 85.219934,27.650388,0 85.21994,27.650392,0 85.219946,27.650395,0 85.219952,27.650399,0 85.219958,27.650402,0 85.219964,27.650406,0 85.219971,27.650409,0 85.219978,27.650411,0 85.219982,27.650411,0 85.219987,27.650411,0 85.219991,27.650412,0 85.219995,27.650412,0 85.22,27.650412,0 85.220004,27.650413,0 85.220009,27.650413,0 85.220019,27.650417,0 85.220024,27.650421,0 85.220029,27.650425,0 85.220035,27.650429,0 85.22004,27.650433,0 85.220045,27.650437,0 85.22005,27.650441,0 85.220055,27.650444,0 85.22006,27.650448,0 85.220065,27.650452,0 85.22007,27.650456,0 85.220075,27.65046,0 85.22008,27.650464,0 85.220086,27.650468,0 85.220091,27.650472,0 85.220096,27.650476,0 85.220101,27.65048,0 85.220106,27.650484,0 85.220111,27.650488,0 85.220116,27.650492,0 85.220121,27.650496,0 85.220126,27.6505,0 85.220131,27.650503,0 85.220137,27.650507,0 85.220142,27.650511,0 85.220147,27.650515,0 85.220152,27.650519,0 85.220157,27.650523,0 85.220162,27.650527,0 85.220167,27.650531,0 85.220172,27.650535,0 85.220184,27.650537,0 85.22019,27.650538,0 85.220197,27.650539,0 85.220203,27.65054,0 85.220209,27.650541,0 85.220215,27.650542,0 85.220222,27.650544,0 85.220228,27.650545,0 85.220234,27.650546,0 85.22024,27.650547,0 85.220246,27.650548,0 85.220253,27.65055,0 85.220259,27.650551,0 85.220265,27.650552,0 85.220271,27.650553,0 85.220278,27.650554,0 85.220284,27.650556,0 85.22029,27.650557,0 85.220296,27.650558,0 85.220303,27.650559,0 85.220309,27.65056,0 85.220315,27.650562,0 85.220321,27.650563,0 85.220328,27.650564,0 85.220334,27.650565,0 85.22034,27.650566,0 85.220346,27.650567,0 85.220353,27.650569,0 85.220359,27.65057,0 85.220365,27.650571,0 85.220371,27.650572,0 85.220378,27.650573,0 85.220384,27.650575,0 85.22039,27.650576,0 85.220396,27.650577,0 85.220402,27.650578,0 85.220409,27.650579,0 85.220415,27.650581,0 85.220421,27.650582,0 85.220425,27.650585,0 85.220428,27.650587,0 85.220432,27.65059,0 85.220445,27.6506,0 85.220445,27.650602,0 85.220445,27.650606,0 85.220446,27.65061,0 85.220448,27.650614,0 85.220451,27.650618,0 85.220454,27.650621,0 85.220457,27.650622,0 85.220468,27.650625,0 85.220469,27.650625,0 85.220472,27.650625,0 85.220476,27.650625,0 85.220482,27.650626,0 85.220486,27.650628,0 85.220493,27.65063,0 85.220499,27.650631,0 85.220508,27.650633,0 85.220516,27.650634,0 85.220523,27.650636,0 85.220529,27.650638,0 85.220535,27.650639,0 85.220543,27.65064,0 85.220551,27.650642,0 85.220559,27.650643,0 85.220568,27.650643,0 85.220576,27.650643,0 85.220584,27.650641,0 85.220591,27.650639,0 85.220597,27.650637,0 85.220613,27.650635,0 85.220614,27.650634,0 85.220616,27.650631,0 85.220617,27.65063,0 85.22062,27.65063,0 85.220626,27.650629,0 85.220631,27.650629,0 85.220635,27.650628,0 85.220638,27.650627,0 85.220641,27.650625,0 85.220646,27.650627,0 85.220644,27.650629,0 85.220643,27.650637,0 85.22064,27.650635,0 85.220638,27.650637,0 85.220635,27.650648,0 85.220635,27.650651,0 85.220636,27.650659,0 85.220636,27.650669,0 85.220636,27.650681,0 85.220636,27.650694,0 85.220635,27.650706,0 85.220634,27.650719,0 85.220632,27.650732,0 85.220629,27.650745,0 85.220627,27.650756,0 85.220623,27.650766,0 85.22062,27.650776,0 85.220617,27.650784,0 85.220614,27.650791,0 85.220612,27.650798,0 85.220609,27.650804,0 85.220606,27.650811,0 85.220603,27.650819,0 85.220602,27.650827,0 85.2206,27.650835,0 85.220598,27.650844,0 85.220596,27.650851,0 85.220593,27.650856,0 85.22059,27.650861,0 85.220586,27.650865,0 85.220582,27.650869,0 85.220575,27.650875,0 85.220571,27.650881,0 85.220566,27.6509,0 85.220567,27.650902,0 85.220568,27.650907,0 85.220574,27.650912,0 85.220578,27.650917,0 85.220583,27.650924,0 85.220586,27.650931,0 85.220589,27.650937,0 85.220593,27.650943,0 85.220597,27.650948,0 85.220601,27.650954,0 85.220602,27.650961,0 85.220602,27.650967,0 85.220602,27.650973,0 85.220601,27.65098,0 85.2206,27.650987,0 85.220599,27.650995,0 85.220598,27.651003,0 85.220597,27.651011,0 85.220595,27.651018,0 85.220593,27.651025,0 85.220592,27.651032,0 85.220591,27.651038,0 85.220589,27.651044,0 85.220585,27.651051,0 85.220582,27.651058,0 85.220581,27.651065,0 85.22058,27.651074,0 85.22058,27.651082,0 85.220581,27.651089,0 85.22058,27.651096,0 85.220578,27.651102,0 85.220576,27.651109,0 85.220574,27.651117,0 85.220574,27.651125,0 85.220575,27.651133,0 85.220574,27.65114,0 85.220573,27.651146,0 85.220572,27.651151,0 85.220569,27.651157,0 85.220567,27.651161,0 85.220566,27.651166,0 85.220566,27.651171,0 85.220565,27.651176,0 85.220564,27.65118,0 85.220564,27.651183,0 85.220564,27.651187,0 85.220567,27.65119,0 85.220569,27.651193,0 85.220571,27.651196,0 85.220571,27.6512,0 85.220571,27.651204,0 85.220571,27.651209,0 85.220572,27.651215,0 85.220572,27.65122,0 85.220572,27.651225,0 85.220573,27.65123,0 85.220573,27.651234,0 85.220574,27.651238,0 85.220576,27.651242,0 85.220578,27.651246,0 85.22058,27.65125,0 85.220581,27.651255,0 85.220582,27.65126,0 85.220582,27.651266,0 85.22058,27.651271,0 85.220576,27.651279,0 85.220572,27.651285,0 85.22057,27.651293,0 85.220567,27.651302,0 85.220564,27.651305,0 85.220562,27.651307,0 85.22056,27.65131,0 85.220558,27.651313,0 85.220556,27.651315,0 85.220554,27.651318,0 85.220552,27.651321,0 85.22055,27.651323,0 85.220548,27.651326,0 85.220545,27.651329,0 85.220543,27.651331,0 85.220541,27.651334,0 85.220539,27.651337,0 85.220537,27.651339,0 85.220535,27.651342,0 85.220533,27.651345,0 85.220531,27.651347,0 85.220528,27.65135,0 85.220526,27.651353,0 85.220524,27.651355,0 85.220522,27.651358,0 85.22052,27.651361,0 85.220518,27.651363,0 85.220516,27.651366,0 85.220514,27.651369,0 85.220511,27.651371,0 85.220509,27.651374,0 85.220507,27.651377,0 85.220505,27.651379,0 85.220503,27.651382,0 85.220501,27.651385,0 85.220499,27.651387,0 85.220497,27.65139,0 85.220495,27.651393,0 85.220492,27.651395,0 85.22049,27.651398,0 85.220488,27.651401,0 85.220486,27.651403,0 85.220484,27.651406,0 85.220482,27.651409,0 85.22048,27.651411,0 85.220478,27.651414,0 85.220475,27.651417,0 85.220473,27.651419,0 85.220471,27.651422,0 85.220469,27.651425,0 85.220467,27.651427,0 85.220465,27.65143,0 85.220463,27.651433,0 85.220461,27.651435,0 85.220459,27.651438,0 85.220456,27.651441,0 85.220454,27.651443,0 85.220452,27.651446,0 85.22045,27.651449,0 85.220448,27.651451,0 85.220446,27.651454,0 85.220444,27.651457,0 85.220442,27.651459,0 85.220439,27.651462,0 85.220437,27.651465,0 85.220435,27.651467,0 85.220433,27.65147,0 85.220431,27.651473,0 85.220429,27.651475,0 85.220427,27.651478,0 85.220425,27.651481,0 85.220423,27.651483,0 85.22042,27.651486,0 85.220418,27.651489,0 85.220416,27.651491,0 85.220414,27.651494,0 85.220412,27.651497,0 85.22041,27.651499,0 85.220408,27.651502,0 85.220406,27.651505,0 85.220403,27.651507,0 85.220401,27.65151,0 85.220399,27.651513,0 85.220411,27.65153,0 85.220416,27.651539,0 85.220422,27.651548,0 85.220427,27.651557,0 85.220432,27.651566,0 85.220438,27.651575,0 85.220452,27.651592,0 85.22046,27.651598,0 85.220467,27.651605,0 85.220475,27.651611,0 85.220482,27.651617,0 85.22049,27.651623,0 85.220497,27.651629,0 85.220505,27.651636,0 85.220512,27.651642,0 85.22052,27.651648,0 85.220527,27.651652,0 85.220534,27.651656,0 85.22054,27.651663,0 85.220548,27.651671,0 85.220554,27.651679,0 85.220561,27.651687,0 85.220568,27.651694,0 85.220573,27.651703,0 85.220578,27.651713,0 85.220582,27.651721,0 85.220585,27.65173,0 85.220589,27.651739,0 85.220593,27.651749,0 85.220598,27.651758,0 85.220604,27.651766,0 85.220612,27.651774,0 85.22062,27.651783,0 85.220626,27.651792,0 85.220632,27.651801,0 85.220637,27.65181,0 85.220642,27.65182,0 85.220649,27.65183,0 85.220655,27.651839,0 85.220662,27.651848,0 85.22067,27.651857,0 85.220675,27.651865,0 85.220682,27.651872,0 85.220689,27.65188,0 85.220694,27.651888,0 85.220701,27.651897,0 85.220707,27.651905,0 85.220713,27.651913,0 85.220721,27.651921,0 85.220728,27.651928,0 85.220734,27.651936,0 85.220739,27.651944,0 85.220743,27.651951,0 85.220748,27.651959,0 85.220752,27.651966,0 85.220755,27.651973,0 85.220759,27.651981,0 85.220763,27.651989,0 85.220768,27.651996,0 85.220774,27.652002,0 85.22078,27.65201,0 85.220786,27.652018,0 85.220792,27.652025,0 85.220797,27.652031,0 85.220802,27.652037,0 85.220808,27.652042,0 85.220812,27.652048,0 85.220818,27.652053,0 85.220824,27.652059,0 85.220829,27.652064,0 85.220833,27.652069,0 85.220837,27.652074,0 85.220843,27.652079,0 85.220848,27.652085,0 85.220853,27.652092,0 85.22086,27.652101,0 85.220867,27.65211,0 85.220872,27.652118,0 85.220876,27.652125,0 85.220879,27.652133,0 85.220884,27.652141,0 85.220889,27.652148,0 85.220893,27.652155,0 85.220897,27.652162,0 85.2209,27.65217,0 85.220904,27.652178,0 85.220907,27.652184,0 85.220911,27.65219,0 85.220915,27.652196,0 85.220918,27.652201,0 85.220922,27.652208,0 85.220926,27.652215,0 85.220931,27.652221,0 85.220936,27.652228,0 85.220941,27.652235,0 85.220956,27.652253,0 85.220957,27.652253,0 85.220961,27.652253,0 85.220965,27.652254,0 85.220977,27.652258,0 85.220977,27.65226,0 85.220977,27.652265,0 85.220978,27.652271,0 85.22098,27.652278,0 85.220981,27.652286,0 85.220982,27.652292,0 85.220982,27.652299,0 85.220982,27.652307,0 85.220981,27.652314,0 85.220983,27.652322,0 85.220985,27.65233,0 85.220988,27.652336,0 85.22099,27.652343,0 85.220993,27.65235,0 85.220996,27.652357,0 85.221,27.652366,0 85.221003,27.652375,0 85.221004,27.652384,0 85.221004,27.652394,0 85.221001,27.652403,0 85.220999,27.652412,0 85.220998,27.652421,0 85.220998,27.652431,0 85.220999,27.652441,0 85.221001,27.652452,0 85.221004,27.652461,0 85.221007,27.65247,0 85.22101,27.652478,0 85.221013,27.652488,0 85.221018,27.652498,0 85.221024,27.652508,0 85.22103,27.652517,0 85.221037,27.652528,0 85.221043,27.652538,0 85.221049,27.652549,0 85.221056,27.65256,0 85.221062,27.652572,0 85.221069,27.652581,0 85.221076,27.652591,0 85.221082,27.6526,0 85.221089,27.652609,0 85.221098,27.652616,0 85.221109,27.652623,0 85.22112,27.652631,0 85.221132,27.652638,0 85.221143,27.652643,0 85.221155,27.652648,0 85.221166,27.652654,0 85.221177,27.652659,0 85.221187,27.652666,0 85.221198,27.652674,0 85.221207,27.652682,0 85.221217,27.65269,0 85.221226,27.652699,0 85.221236,27.652707,0 85.221245,27.652714,0 85.221253,27.652721,0 85.221261,27.652729,0 85.221268,27.652737,0 85.221273,27.652745,0 85.221279,27.652754,0 85.221286,27.652762,0 85.221292,27.65277,0 85.221301,27.652776,0 85.22131,27.652781,0 85.22132,27.652787,0 85.221329,27.652793,0 85.221339,27.652799,0 85.221349,27.652806,0 85.221358,27.652813,0 85.221367,27.65282,0 85.221373,27.652827,0 85.221378,27.652834,0 85.221382,27.652843,0 85.221385,27.652851,0 85.221387,27.65286,0 85.221388,27.65287,0 85.22139,27.65288,0 85.221402,27.652899,0 85.221409,27.652908,0 85.221416,27.652917,0 85.221423,27.652925,0 85.22143,27.652934,0 85.221437,27.652942,0 85.221444,27.652951,0 85.221451,27.652959,0 85.221458,27.652968,0 85.221465,27.652976,0 85.221473,27.652985,0 85.22148,27.652993,0 85.221487,27.653002,0 85.221494,27.653011,0 85.221507,27.65303,0 85.221513,27.653038,0 85.221519,27.653046,0 85.221525,27.653055,0 85.221531,27.653063,0 85.221537,27.653071,0 85.221543,27.653079,0 85.221548,27.653087,0 85.221554,27.653096,0 85.22156,27.653104,0 85.221566,27.653112,0 85.221572,27.65312,0 85.221578,27.653128,0 85.221584,27.653137,0 85.22159,27.653145,0 85.221596,27.653153,0 85.221601,27.653161,0 85.221607,27.653169,0 85.221613,27.653178,0 85.221619,27.653186,0 85.221625,27.653194,0 85.221631,27.653202,0 85.221637,27.65321,0 85.221643,27.653218,0 85.221649,27.653227,0 85.221655,27.653235,0 85.22166,27.653243,0 85.221666,27.653251,0 85.221672,27.653259,0 85.221678,27.653268,0 85.221684,27.653276,0 85.22169,27.653284,0 85.221696,27.653292,0 85.221702,27.6533,0 85.221708,27.653309,0 85.221708,27.653323,0 85.221706,27.653329,0 85.221703,27.653336,0 85.221701,27.653342,0 85.221698,27.653348,0 85.221695,27.653355,0 85.221693,27.653361,0 85.22169,27.653367,0 85.221687,27.653373,0 85.221685,27.65338,0 85.221682,27.653386,0 85.22168,27.653392,0 85.221677,27.653399,0 85.221674,27.653405,0 85.221672,27.653411,0 85.221669,27.653417,0 85.221667,27.653424,0 85.221664,27.65343,0 85.221661,27.653436,0 85.221659,27.653443,0 85.221656,27.653449,0 85.221654,27.653455,0 85.221651,27.653461,0 85.221648,27.653468,0 85.221646,27.653474,0 85.221643,27.65348,0 85.221641,27.653487,0 85.221638,27.653493,0 85.221635,27.653499,0 85.221633,27.653505,0 85.22163,27.653512,0 85.221624,27.65352,0 85.221618,27.653529,0 85.221615,27.653536,0 85.221613,27.653544,0 85.221609,27.653552,0 85.221604,27.653559,0 85.221597,27.653568,0 85.221588,27.653576,0 85.221579,27.653585,0 85.221568,27.653595,0 85.221555,27.653604,0 85.221542,27.653613,0 85.221529,27.653621,0 85.221516,27.65363,0 85.221505,27.653639,0 85.221497,27.653648,0 85.221489,27.653656,0 85.22148,27.653663,0 85.221469,27.653671,0 85.221458,27.653678,0 85.221449,27.653686,0 85.221442,27.653694,0 85.221434,27.653702,0 85.221426,27.653711,0 85.221418,27.653719,0 85.221409,27.653727,0 85.2214,27.653735,0 85.221391,27.653743,0 85.221383,27.65375,0 85.221376,27.653758,0 85.22137,27.653765,0 85.221364,27.653772,0 85.221358,27.653779,0 85.221352,27.653787,0 85.221347,27.653796,0 85.221341,27.653803,0 85.221335,27.65381,0 85.221328,27.653818,0 85.221324,27.653828,0 85.221324,27.653842,0 85.221324,27.653854,0 85.221326,27.653864,0 85.22133,27.653875,0 85.221332,27.653885,0 85.221335,27.653895,0 85.221335,27.653904,0 85.221335,27.653912,0 85.221335,27.65392,0 85.221336,27.653928,0 85.221337,27.653938,0 85.221338,27.653948,0 85.221339,27.65396,0 85.221339,27.653972,0 85.221341,27.653985,0 85.221343,27.653996,0 85.221346,27.654007,0 85.221347,27.654018,0 85.221348,27.65403,0 85.221346,27.654041,0 85.221343,27.65405,0 85.221341,27.65406,0 85.221337,27.65407,0 85.221334,27.654079,0 85.221328,27.654088,0 85.221322,27.654095,0 85.221316,27.654102,0 85.22131,27.654109,0 85.221302,27.654116,0 85.221295,27.654123,0 85.221288,27.654129,0 85.221281,27.654135,0 85.221273,27.654141,0 85.221262,27.654146,0 85.221251,27.654152,0 85.221242,27.654159,0 85.221235,27.654164,0 85.221229,27.654169,0 85.221222,27.654176,0 85.221217,27.654184,0 85.221213,27.654192,0 85.221211,27.6542,0 85.221212,27.654207,0 85.221215,27.654214,0 85.221217,27.654221,0 85.221222,27.654228,0 85.221227,27.654235,0 85.221232,27.654243,0 85.221237,27.654251,0 85.221241,27.654259,0 85.221244,27.654267,0 85.221247,27.654275,0 85.221249,27.654284,0 85.221252,27.654293,0 85.221255,27.654303,0 85.221258,27.654314,0 85.221259,27.654325,0 85.221258,27.654336,0 85.221257,27.654346,0 85.221255,27.654355,0 85.221252,27.654365,0 85.221249,27.654374,0 85.221246,27.654385,0 85.221242,27.654395,0 85.221237,27.654406,0 85.221234,27.654416,0 85.221232,27.654426,0 85.221229,27.654436,0 85.221225,27.654446,0 85.22122,27.654456,0 85.221214,27.654464,0 85.221209,27.654474,0 85.221205,27.654483,0 85.2212,27.654494,0 85.221196,27.654503,0 85.221192,27.654512,0 85.221189,27.654521,0 85.221185,27.654529,0 85.221182,27.654538,0 85.221179,27.654547,0 85.221176,27.654556,0 85.221173,27.654564,0 85.22117,27.654572,0 85.221168,27.654581,0 85.221166,27.65459,0 85.221166,27.6546,0 85.221167,27.654609,0 85.221168,27.654619,0 85.221168,27.654629,0 85.221169,27.654638,0 85.22117,27.654648,0 85.221172,27.654658,0 85.221174,27.654669,0 85.221175,27.654679,0 85.221175,27.654687,0 85.221173,27.654696,0 85.221168,27.654705,0 85.221161,27.654714,0 85.221153,27.654724,0 85.221146,27.654734,0 85.221138,27.654745,0 85.221129,27.654754,0 85.221121,27.654765,0 85.221114,27.654775,0 85.221106,27.654785,0 85.2211,27.654794,0 85.221094,27.654802,0 85.221088,27.654809,0 85.221083,27.654816,0 85.221076,27.654825,0 85.221069,27.654834,0 85.221061,27.654842,0 85.221054,27.65485,0 85.221047,27.654859,0 85.22104,27.654868,0 85.221033,27.654877,0 85.221024,27.654887,0 85.221015,27.654896,0 85.221005,27.654905,0 85.220998,27.654914,0 85.220992,27.654924,0 85.220988,27.654933,0 85.220986,27.654942,0 85.220984,27.65495,0 85.220983,27.654958,0 85.220982,27.654966,0 85.22098,27.654975,0 85.220979,27.654983,0 85.220977,27.654992,0 85.220976,27.655001,0 85.220975,27.655012,0 85.220974,27.655022,0 85.220972,27.655031,0 85.22097,27.655039,0 85.220966,27.655048,0 85.220964,27.655055,0 85.220961,27.655064,0 85.220957,27.655073,0 85.220953,27.655082,0 85.220951,27.655092,0 85.220949,27.655103,0 85.220948,27.655113,0 85.220948,27.655123,0 85.220948,27.655132,0 85.220947,27.655143,0 85.220945,27.655153,0 85.220943,27.655165,0 85.22094,27.655177,0 85.220936,27.655189,0 85.220933,27.655201,0 85.22093,27.655212,0 85.220928,27.655224,0 85.220927,27.655236,0 85.220928,27.655246,0 85.22093,27.655257,0 85.220934,27.655265,0 85.22094,27.655273,0 85.220946,27.65528,0 85.220953,27.655288,0 85.220961,27.655295,0 85.220969,27.655302,0 85.220977,27.655308,0 85.220985,27.655313,0 85.220992,27.655318,0 85.220998,27.655324,0 85.221004,27.65533,0 85.22101,27.655336,0 85.221016,27.655341,0 85.221023,27.655345,0 85.22103,27.655349,0 85.221036,27.655351,0 85.221044,27.655353,0 85.221053,27.655354,0 85.221061,27.655355,0 85.221069,27.655355,0 85.221075,27.655355,0 85.221079,27.655359,0 85.221084,27.655361,0 85.221091,27.655364,0 85.221101,27.655367,0 85.221111,27.65537,0 85.221123,27.655372,0 85.221134,27.655375,0 85.221146,27.65538,0 85.221158,27.655383,0 85.221169,27.655386,0 85.221179,27.655389,0 85.221189,27.655391,0 85.221198,27.655394,0 85.221206,27.655398,0 85.221213,27.655401,0 85.22122,27.655404,0 85.221226,27.655406,0 85.221234,27.655408,0 85.221241,27.655409,0 85.221249,27.655411,0 85.221258,27.655413,0 85.221267,27.655414,0 85.221276,27.655415,0 85.221285,27.655415,0 85.221294,27.655417,0 85.221302,27.655419,0 85.221312,27.655422,0 85.221323,27.655426,0 85.221334,27.655431,0 85.221348,27.655437,0 85.221359,27.655441,0 85.221371,27.655445,0 85.221383,27.655447,0 85.221395,27.655449,0 85.221407,27.655451,0 85.221419,27.655453,0 85.221433,27.655457,0 85.221446,27.655461,0 85.221458,27.655463,0 85.221469,27.655464,0 85.221479,27.655463,0 85.221487,27.655462,0 85.221494,27.655461,0 85.221509,27.65546,0 85.221517,27.655458,0 85.221524,27.655459,0 85.221531,27.65546,0 85.221538,27.655461,0 85.221545,27.655462,0 85.221552,27.655463,0 85.221559,27.655464,0 85.221566,27.655466,0 85.221573,27.655467,0 85.22158,27.655468,0 85.221588,27.655469,0 85.221595,27.65547,0 85.221602,27.655471,0 85.221609,27.655472,0 85.221616,27.655473,0 85.221623,27.655474,0 85.22163,27.655475,0 85.221637,27.655477,0 85.221644,27.655478,0 85.221651,27.655479,0 85.221658,27.65548,0 85.221665,27.655481,0 85.221672,27.655482,0 85.221679,27.655483,0 85.221686,27.655484,0 85.221693,27.655485,0 85.2217,27.655487,0 85.221707,27.655488,0 85.221714,27.655489,0 85.221721,27.65549,0 85.221728,27.655491,0 85.221735,27.655492,0 85.221742,27.655493,0 85.221749,27.655494,0 85.221756,27.655495,0 85.221763,27.655497,0 85.22177,27.655498,0 85.221777,27.655499,0 85.221784,27.6555,0 85.221791,27.655501,0 85.221798,27.655502,0 85.221805,27.655503,0 85.221812,27.655504,0 85.221819,27.655505,0 85.221826,27.655506,0 85.221833,27.655508,0 85.22184,27.655509,0 85.221847,27.65551,0 85.221854,27.655511,0 85.221861,27.655512,0 85.221868,27.655513,0 85.221876,27.655514,0 85.221883,27.655515,0 85.22189,27.655516,0 85.221897,27.655518,0 85.221904,27.655519,0 85.221911,27.65552,0 85.221918,27.655521,0 85.221925,27.655522,0 85.221932,27.655523,0 85.221939,27.655524,0 85.221946,27.655525,0 85.221953,27.655526,0 85.22196,27.655527,0 85.221967,27.655529,0 85.221974,27.65553,0 85.221981,27.655531,0 85.221988,27.655532,0 85.221995,27.655533,0 85.222002,27.655534,0 85.222019,27.655542,0 85.222026,27.655544,0 85.222034,27.655547,0 85.222041,27.65555,0 85.222049,27.655553,0 85.222056,27.655556,0 85.222064,27.655558,0 85.222074,27.655564,0 85.222077,27.655567,0 85.222079,27.65557,0 85.222082,27.655572,0 85.222085,27.655575,0 85.222088,27.655577,0 85.222091,27.65558,0 85.222094,27.655582,0 85.222097,27.655585,0 85.2221,27.655588,0 85.222103,27.65559,0 85.222106,27.655593,0 85.222109,27.655595,0 85.222112,27.655598,0 85.222115,27.655601,0 85.222118,27.655603,0 85.222121,27.655606,0 85.222124,27.655608,0 85.222127,27.655611,0 85.22213,27.655613,0 85.222133,27.655616,0 85.222136,27.655619,0 85.222139,27.655621,0 85.222141,27.655624,0 85.222144,27.655626,0 85.222147,27.655629,0 85.22215,27.655632,0 85.222153,27.655634,0 85.222156,27.655646,0 85.222158,27.655651,0 85.22216,27.655656,0 85.222162,27.655661,0 85.222164,27.655666,0 85.222166,27.655671,0 85.222168,27.655676,0 85.22217,27.655681,0 85.222172,27.655686,0 85.222174,27.655691,0 85.222176,27.655696,0 85.222178,27.655701,0 85.22218,27.655706,0 85.222182,27.655711,0 85.222184,27.655716,0 85.222187,27.655721,0 85.222189,27.655726,0 85.222191,27.655731,0 85.222193,27.655736,0 85.222196,27.655743,0 85.222198,27.655749,0 85.222202,27.655765,0 85.222201,27.655765,0 85.222199,27.655768,0 85.222197,27.655772,0 85.222199,27.655777,0 85.2222,27.655778,0 85.222201,27.655781,0 85.222202,27.655783,0 85.222203,27.655785,0 85.222204,27.655788,0 85.222205,27.655792,0 85.222205,27.655795,0 85.222204,27.655799,0 85.222203,27.655803,0 85.2222,27.655822,0 85.2222,27.655823,0 85.2222,27.655826,0 85.2222,27.655829,0 85.222202,27.655835,0 85.222204,27.655841,0 85.222207,27.655847,0 85.222209,27.655852,0 85.222211,27.655857,0 85.222214,27.655861,0 85.222216,27.655864,0 85.222219,27.655866,0 85.222223,27.655867,0 85.222228,27.655868,0 85.222231,27.655868,0 85.222242,27.655873,0 85.222243,27.655875,0 85.222244,27.655877,0 85.222245,27.655887,0 85.222244,27.655885,0 85.222245,27.65589,0 85.222244,27.655892,0 85.222242,27.655894,0 85.22224,27.655897,0 85.222237,27.6559,0 85.222233,27.655904,0 85.222228,27.655907,0 85.222224,27.65591,0 85.222221,27.655913,0 85.222218,27.655916,0 85.222217,27.655923,0 85.222217,27.655925,0 85.222217,27.65593,0 85.222216,27.655936,0 85.222212,27.655953,0 85.222211,27.655954,0 85.222208,27.655956,0 85.222204,27.655957,0 85.222199,27.65596,0 85.222194,27.655963,0 85.22219,27.655965,0 85.222188,27.655968,0 85.222186,27.65597,0 85.222179,27.655978,0 85.22218,27.655979,0 85.222181,27.655981,0 85.222187,27.655992,0 85.222188,27.655992,0 85.222192,27.655995,0 85.222192,27.655996,0 85.222193,27.655999,0 85.222194,27.656004,0 85.222196,27.656009,0 85.222199,27.656014,0 85.222202,27.65602,0 85.222206,27.656025,0 85.222209,27.65603,0 85.222213,27.656035,0 85.222216,27.656039,0 85.222221,27.656042,0 85.222225,27.656045,0 85.222227,27.656048,0 85.222228,27.656052,0 85.222228,27.656056,0 85.222227,27.656062,0 85.222225,27.656067,0 85.222223,27.656073,0 85.222221,27.656078,0 85.222217,27.656083,0 85.222215,27.656088,0 85.222212,27.656091,0 85.22221,27.656094,0 85.222208,27.656098,0 85.222207,27.656101,0 85.222205,27.656104,0 85.222204,27.656107,0 85.222204,27.65611,0 85.222204,27.656112,0 85.222203,27.656118,0 85.2222,27.656125,0 85.222199,27.656132,0 85.222198,27.656138,0 85.222199,27.656144,0 85.222201,27.656149,0 85.222202,27.656153,0 85.222204,27.656157,0 85.222205,27.65616,0 85.222207,27.656163,0 85.222211,27.656173,0 85.222211,27.656174,0 85.22221,27.656177,0 85.222209,27.656183,0 85.222207,27.656189,0 85.222205,27.656195,0 85.222204,27.6562,0 85.222203,27.656206,0 85.222201,27.65621,0 85.222199,27.656214,0 85.222192,27.656225,0 85.222187,27.656225,0 85.222187,27.656226,0 85.222184,27.656228,0 85.222183,27.656229,0 85.222182,27.656231,0 85.222179,27.656233,0 85.222176,27.656236,0 85.222174,27.656239,0 85.222171,27.656242,0 85.222167,27.656245,0 85.222165,27.656247,0 85.222163,27.656249,0 85.222161,27.656253,0 85.222157,27.656258,0 85.222155,27.656263,0 85.222153,27.656267,0 85.222152,27.656273,0 85.222152,27.656278,0 85.222154,27.656293,0 85.222154,27.656294,0 85.222151,27.656303,0 85.222151,27.656304,0 85.222151,27.656306,0 85.22215,27.656307,0 85.222149,27.656311,0 85.222147,27.656314,0 85.222146,27.656318,0 85.222146,27.656321,0 85.222145,27.656325,0 85.222143,27.656328,0 85.222143,27.656332,0 85.222141,27.656335,0 85.22214,27.656338,0 85.222139,27.656341,0 85.222137,27.656344,0 85.222136,27.656347,0 85.222135,27.65635,0 85.222134,27.656353,0 85.222128,27.656362,0 85.222127,27.656363,0 85.222125,27.656366,0 85.222123,27.656369,0 85.22212,27.656371,0 85.222118,27.656374,0 85.222115,27.656375,0 85.222111,27.656375,0 85.222108,27.656375,0 85.222105,27.656376,0 85.222102,27.656377,0 85.222096,27.656382,0 85.222095,27.656382,0 85.222094,27.656383,0 85.222093,27.656385,0 85.222091,27.65639,0 85.222089,27.656397,0 85.222088,27.656403,0 85.222088,27.656409,0 85.222078,27.656425,0 85.222076,27.656427,0 85.222071,27.656432,0 85.222064,27.656438,0 85.222056,27.656445,0 85.222045,27.656451,0 85.222028,27.656463,0 85.222024,27.656469,0 85.22202,27.656476,0 85.222016,27.656483,0 85.222011,27.65649,0 85.222007,27.656497,0 85.222003,27.656504,0 85.221999,27.656511,0 85.221995,27.656517,0 85.22199,27.656524,0 85.221986,27.656531,0 85.221982,27.656538,0 85.221978,27.656545,0 85.221974,27.656552,0 85.22197,27.656558,0 85.221965,27.656565,0 85.221961,27.656572,0 85.221957,27.656579,0 85.221953,27.656586,0 85.221949,27.656593,0 85.221944,27.656599,0 85.22194,27.656606,0 85.221936,27.656613,0 85.221932,27.65662,0 85.221928,27.656627,0 85.221923,27.656634,0 85.221919,27.65664,0 85.221915,27.656647,0 85.221911,27.656654,0 85.221907,27.656661,0 85.221903,27.656668,0 85.221898,27.656675,0 85.221894,27.656681,0 85.22189,27.656688,0 85.221886,27.656695,0 85.221882,27.656702,0 85.221877,27.656709,0 85.221873,27.656716,0 85.221869,27.656722,0 85.221865,27.656729,0 85.221861,27.656736,0 85.221857,27.656743,0 85.221852,27.65675,0 85.221848,27.656757,0 85.221844,27.656764,0 85.22184,27.65677,0 85.221836,27.656777,0 85.221831,27.656784,0 85.221827,27.656791,0 85.221823,27.656798,0 85.221819,27.656805,0 85.221815,27.656811,0 85.221811,27.656818,0 85.221806,27.656825,0 85.221802,27.656832,0 85.221798,27.656839,0 85.221794,27.656846,0 85.22179,27.656852,0 85.221785,27.656859,0 85.221781,27.656866,0 85.221777,27.656873,0 85.221773,27.65688,0 85.221769,27.656887,0 85.221764,27.656893,0 85.22176,27.6569,0 85.221756,27.656907,0 85.221752,27.656914,0 85.221748,27.656921,0 85.221744,27.656928,0 85.221739,27.656934,0 85.221729,27.656932,0 85.22172,27.65693,0 85.22171,27.656925,0 85.221702,27.656921,0 85.221693,27.656917,0 85.221684,27.656912,0 85.221674,27.656908,0 85.221665,27.656904,0 85.221655,27.656902,0 85.221646,27.656899,0 85.221639,27.656896,0 85.221633,27.656892,0 85.221627,27.656887,0 85.221621,27.656883,0 85.221614,27.656879,0 85.221609,27.656875,0 85.221602,27.656871,0 85.221597,27.656866,0 85.221592,27.65686,0 85.221587,27.656855,0 85.221582,27.656851,0 85.221578,27.656846,0 85.221574,27.656839,0 85.221571,27.656834,0 85.221567,27.656828,0 85.221562,27.656823,0 85.221557,27.656818,0 85.221551,27.656813,0 85.221544,27.656808,0 85.221538,27.656803,0 85.22153,27.656799,0 85.221522,27.656795,0 85.221514,27.656792,0 85.221507,27.656788,0 85.221501,27.656785,0 85.221495,27.656779,0 85.22149,27.656774,0 85.221484,27.656768,0 85.221479,27.656763,0 85.221473,27.656758,0 85.221466,27.656753,0 85.221458,27.65675,0 85.22145,27.656747,0 85.221442,27.656745,0 85.221435,27.656743,0 85.221427,27.656742,0 85.221419,27.656743,0 85.221412,27.656743,0 85.221407,27.656744,0 85.221402,27.656745,0 85.221397,27.656748,0 85.221389,27.656751,0 85.221381,27.656754,0 85.221372,27.656757,0 85.221363,27.65676,0 85.221356,27.656763,0 85.22135,27.656765,0 85.221337,27.656775,0 85.221336,27.656776,0 85.221332,27.656777,0 85.221327,27.656779,0 85.22132,27.656781,0 85.221313,27.656783,0 85.221305,27.656782,0 85.221296,27.656778,0 85.221289,27.656774,0 85.221282,27.656771,0 85.221275,27.656771,0 85.221266,27.656771,0 85.221257,27.656772,0 85.221247,27.656774,0 85.221238,27.65678,0 85.221229,27.656787,0 85.22122,27.656794,0 85.221211,27.6568,0 85.221203,27.656806,0 85.221195,27.656811,0 85.221186,27.656817,0 85.221177,27.656824,0 85.221166,27.656831,0 85.221157,27.656838,0 85.221147,27.656845,0 85.221137,27.656853,0 85.221127,27.656862,0 85.221117,27.656871,0 85.221109,27.65688,0 85.2211,27.656889,0 85.22109,27.656897,0 85.22108,27.656906,0 85.221069,27.656913,0 85.221057,27.656918,0 85.221045,27.656921,0 85.221034,27.656924,0 85.221023,27.656929,0 85.221013,27.656934,0 85.221002,27.65694,0 85.220991,27.656946,0 85.22098,27.656952,0 85.220969,27.656958,0 85.220959,27.656964,0 85.220949,27.656969,0 85.22094,27.656974,0 85.220932,27.65698,0 85.220924,27.656985,0 85.220916,27.656987,0 85.220908,27.656988,0 85.2209,27.656988,0 85.220892,27.656986,0 85.220882,27.656987,0 85.220873,27.656984,0 85.220864,27.656982,0 85.220855,27.656981,0 85.220847,27.656981,0 85.220838,27.656982,0 85.220828,27.656981,0 85.220819,27.656982,0 85.220811,27.656982,0 85.220802,27.656982,0 85.220793,27.656982,0 85.220783,27.656982,0 85.220775,27.656983,0 85.220767,27.656984,0 85.220759,27.656985,0 85.220751,27.656985,0 85.220744,27.656986,0 85.220736,27.656986,0 85.220729,27.656988,0 85.220721,27.656988,0 85.220714,27.656987,0 85.220707,27.656985,0 85.2207,27.656982,0 85.220693,27.656979,0 85.220686,27.656976,0 85.220679,27.656976,0 85.220671,27.656978,0 85.220663,27.656981,0 85.220655,27.656982,0 85.220646,27.656982,0 85.220637,27.656982,0 85.220627,27.65698,0 85.220619,27.656979,0 85.220611,27.65698,0 85.220601,27.65698,0 85.220593,27.656983,0 85.220585,27.656986,0 85.220576,27.656988,0 85.220568,27.656993,0 85.220561,27.656999,0 85.220555,27.657006,0 85.22055,27.657013,0 85.220546,27.65702,0 85.220541,27.657025,0 85.220536,27.65703,0 85.22053,27.657033,0 85.220523,27.657035,0 85.220514,27.657036,0 85.220505,27.657042,0 85.220497,27.657046,0 85.22049,27.657051,0 85.220482,27.657057,0 85.220473,27.657061,0 85.220464,27.657067,0 85.220455,27.657073,0 85.220446,27.657079,0 85.220436,27.657083,0 85.220426,27.657089,0 85.220417,27.657095,0 85.220408,27.657104,0 85.220401,27.657114,0 85.220395,27.657124,0 85.220387,27.657133,0 85.22038,27.657143,0 85.220372,27.657151,0 85.220365,27.657157,0 85.220357,27.657159,0 85.22035,27.65716,0 85.220343,27.65716,0 85.220337,27.657159,0 85.22033,27.657158,0 85.220324,27.657157,0 85.220319,27.657158,0 85.220313,27.657161,0 85.220308,27.657165,0 85.220301,27.657168,0 85.220292,27.657169,0 85.220283,27.65717,0 85.220273,27.657173,0 85.220262,27.657176,0 85.22025,27.657176,0 85.220239,27.657176,0 85.220228,27.657175,0 85.220218,27.657173,0 85.220208,27.657171,0 85.220198,27.657172,0 85.220188,27.657174,0 85.220177,27.657178,0 85.220166,27.657183,0 85.220156,27.657183,0 85.220144,27.657181,0 85.220134,27.65718,0 85.220124,27.657181,0 85.220104,27.657187,0 85.220094,27.65719,0 85.220083,27.657194,0 85.220073,27.657198,0 85.220062,27.657202,0 85.220052,27.657206,0 85.220041,27.65721,0 85.220031,27.657214,0 85.22002,27.657218,0 85.22001,27.657222,0 85.22,27.657226,0 85.219989,27.65723,0 85.219979,27.657233,0 85.219968,27.657237,0 85.219958,27.657241,0 85.219947,27.657245,0 85.219937,27.657249,0 85.219926,27.657253,0 85.219916,27.657257,0 85.219905,27.657261,0 85.219895,27.657265,0 85.219885,27.657269,0 85.219874,27.657272,0 85.219864,27.657276,0 85.219853,27.65728,0 85.219843,27.657284,0 85.219832,27.657288,0 85.219818,27.657287,0 85.219806,27.657286,0 85.219795,27.657285,0 85.219785,27.657285,0 85.219778,27.657286,0 85.219758,27.657289,0 85.21976,27.657287,0 85.219762,27.657289,0 85.219757,27.657281,0 85.21975,27.657277,0 85.219745,27.657278,0 85.219736,27.65728,0 85.219724,27.657283,0 85.219712,27.657286,0 85.2197,27.65729,0 85.219687,27.657295,0 85.219673,27.657302,0 85.21966,27.65731,0 85.219647,27.657318,0 85.219635,27.657324,0 85.219622,27.657328,0 85.219609,27.657329,0 85.219595,27.657327,0 85.219583,27.657325,0 85.219569,27.657321,0 85.219557,27.657317,0 85.219546,27.657314,0 85.219536,27.657312,0 85.219526,27.657312,0 85.219516,27.657311,0 85.219506,27.657309,0 85.219497,27.657309,0 85.219487,27.657309,0 85.219476,27.657308,0 85.219465,27.657308,0 85.219453,27.657305,0 85.219443,27.657305,0 85.219431,27.657306,0 85.21942,27.657308,0 85.219409,27.657313,0 85.219399,27.65732,0 85.219388,27.657324,0 85.219378,27.657325,0 85.21937,27.657324,0 85.219363,27.657323,0 85.219356,27.657322,0 85.219347,27.657324,0 85.219337,27.657328,0 85.219327,27.657334,0 85.219316,27.657341,0 85.219306,27.657347,0 85.219297,27.657353,0 85.219287,27.657358,0 85.219278,27.657362,0 85.219268,27.657364,0 85.219258,27.657366,0 85.219248,27.657369,0 85.219237,27.657372,0 85.219226,27.657375,0 85.219215,27.657378,0 85.219204,27.65738,0 85.219194,27.657383,0 85.219184,27.657387,0 85.219173,27.657391,0 85.219163,27.657397,0 85.219153,27.657401,0 85.219142,27.657405,0 85.219132,27.657407,0 85.219121,27.657409,0 85.219111,27.65741,0 85.219101,27.657412,0 85.219092,27.657416,0 85.219082,27.657421,0 85.219074,27.657427,0 85.219065,27.657429,0 85.219058,27.657434,0 85.219049,27.657439,0 85.219041,27.657441,0 85.219033,27.657445,0 85.219024,27.657449,0 85.219009,27.657457,0 85.219001,27.657462,0 85.218994,27.657466,0 85.218986,27.657471,0 85.218979,27.657475,0 85.218972,27.657479,0 85.218964,27.657484,0 85.218957,27.657488,0 85.21895,27.657493,0 85.218942,27.657497,0 85.218935,27.657501,0 85.218927,27.657506,0 85.218911,27.657514,0 85.218903,27.657518,0 85.218895,27.657523,0 85.218887,27.657527,0 85.218879,27.657532,0 85.218872,27.657536,0 85.218864,27.657541,0 85.218856,27.657545,0 85.218848,27.65755,0 85.21884,27.657554,0 85.218832,27.657559,0 85.218816,27.657563,0 85.218806,27.657566,0 85.218797,27.657568,0 85.218788,27.657571,0 85.218779,27.657574,0 85.21877,27.657577,0 85.218761,27.65758,0 85.218752,27.657583,0 85.218742,27.657586,0 85.218733,27.657588,0 85.218724,27.657591,0 85.218715,27.657594,0 85.218706,27.657597,0 85.218697,27.6576,0 85.218688,27.657603,0 85.218678,27.657606,0 85.218669,27.657608,0 85.21866,27.657611,0 85.218651,27.657614,0 85.218642,27.657617,0 85.218633,27.65762,0 85.218624,27.657623,0 85.218614,27.657626,0 85.218605,27.657628,0 85.218596,27.657631,0 85.218587,27.657634,0 85.218565,27.657644,0 85.218556,27.657649,0 85.218547,27.657654,0 85.218538,27.657659,0 85.218528,27.657664,0 85.218519,27.657669,0 85.21851,27.657674,0 85.2185,27.657679,0 85.218491,27.657684,0 85.218482,27.657689,0 85.218473,27.657694,0 85.218463,27.657699,0 85.218454,27.657704,0 85.218445,27.657708,0 85.218435,27.657713,0 85.218426,27.657718,0 85.218417,27.657723,0 85.218408,27.657728,0 85.218398,27.657733,0 85.218389,27.657738,0 85.21838,27.657743,0 85.21837,27.657748,0 85.218361,27.657753,0 85.218352,27.657758,0 85.218343,27.657763,0 85.218333,27.657768,0 85.218324,27.657772,0 85.218315,27.657777,0 85.218306,27.657782,0 85.218296,27.657787,0 85.218284,27.657806,0 85.218278,27.657815,0 85.218272,27.657824,0 85.218265,27.657833,0 85.218259,27.657842,0 85.218253,27.657851,0 85.218246,27.65786,0 85.21824,27.657869,0 85.218234,27.657878,0 85.218227,27.657887,0 85.218221,27.657896,0 85.218215,27.657905,0 85.218208,27.657914,0 85.218202,27.657923,0 85.218196,27.657932,0 85.218189,27.657941,0 85.218183,27.65795,0 85.218177,27.657959,0 85.21817,27.657968,0 85.218164,27.657978,0 85.21815,27.657989,0 85.218144,27.657995,0 85.218138,27.658001,0 85.218132,27.658007,0 85.218116,27.658018,0 85.218108,27.658022,0 85.2181,27.658026,0 85.218092,27.65803,0 85.218083,27.658034,0 85.218075,27.658038,0 85.218067,27.658042,0 85.218059,27.658046,0 85.218051,27.65805,0 85.218043,27.658054,0 85.218035,27.658058,0 85.218026,27.658062,0 85.218018,27.658066,0 85.21801,27.65807,0 85.218002,27.658073,0 85.217994,27.658077,0 85.217986,27.658081,0 85.217978,27.658085,0 85.21797,27.658089,0 85.217961,27.658093,0 85.217953,27.658097,0 85.217945,27.658101,0 85.217937,27.658105,0 85.217929,27.658109,0 85.217921,27.658113,0 85.217913,27.658117,0 85.217905,27.658121,0 85.217896,27.658125,0 85.217888,27.658129,0 85.21788,27.658133,0 85.217872,27.658137,0 85.217864,27.658141,0 85.217856,27.658145,0 85.217848,27.658149,0 85.217839,27.658153,0 85.217831,27.658157,0 85.217818,27.658162,0 85.217813,27.658163,0 85.217808,27.658164,0 85.217803,27.658166,0 85.217798,27.658167,0 85.217793,27.658168,0 85.217788,27.65817,0 85.217783,27.658171,0 85.217778,27.658173,0 85.217773,27.658174,0 85.217769,27.658175,0 85.217764,27.658177,0 85.217759,27.658178,0 85.217754,27.658179,0 85.217749,27.658181,0 85.217744,27.658182,0 85.217739,27.658184,0 85.217734,27.658185,0 85.217729,27.658186,0 85.217724,27.658188,0 85.217719,27.658189,0 85.217714,27.65819,0 85.217709,27.658192,0 85.217704,27.658193,0 85.217699,27.658195,0 85.217694,27.658196,0 85.217689,27.658197,0 85.217684,27.658199,0 85.217679,27.6582,0 85.217674,27.658201,0 85.217669,27.658203,0 85.217664,27.658204,0 85.217659,27.658205,0 85.217654,27.658207,0 85.217649,27.658208,0 85.217644,27.65821,0 85.217639,27.658211,0 85.217634,27.658212,0 85.217629,27.658214,0 85.217624,27.658215,0 85.217619,27.658216,0 85.217614,27.658218,0 85.217609,27.658219,0 85.217604,27.658221,0 85.217599,27.658222,0 85.217594,27.658223,0 85.217589,27.658225,0 85.217584,27.658226,0 85.217579,27.658227,0 85.217574,27.658229,0 85.217569,27.65823,0 85.217564,27.658232,0 85.217559,27.658233,0 85.217554,27.658234,0 85.217549,27.658236,0 85.217544,27.658237,0 85.217539,27.658238,0 85.217534,27.65824,0 85.217529,27.658241,0 85.217524,27.658243,0 85.217519,27.658244,0 85.217514,27.658245,0 85.217509,27.658247,0 85.217504,27.658248,0 85.217499,27.658249,0 85.217494,27.658251,0 85.217489,27.658252,0 85.217484,27.658254,0 85.217479,27.658255,0 85.217474,27.658256,0 85.217469,27.658258,0 85.217464,27.658259,0 85.217459,27.65826,0 85.217454,27.658262,0 85.217449,27.658263,0 85.217444,27.658264,0 85.217439,27.658266,0 85.217434,27.658267,0 85.217429,27.658269,0 85.217424,27.65827,0 85.21742,27.658271,0 85.217415,27.658273,0 85.21741,27.658274,0 85.217405,27.658275,0 85.2174,27.658277,0 85.217395,27.658278,0 85.21739,27.65828,0 85.217385,27.658281,0 85.21738,27.658282,0 85.217375,27.658284,0 85.21737,27.658285,0 85.217365,27.658286,0 85.21736,27.658288,0 85.217355,27.658289,0 85.21735,27.658291,0 85.217345,27.658292,0 85.21734,27.658293,0 85.217335,27.658295,0 85.21733,27.658296,0 85.217325,27.658297,0 85.21732,27.658299,0 85.217315,27.6583,0 85.21731,27.658302,0 85.217305,27.658303,0 85.2173,27.658304,0 85.217295,27.658306,0 85.21729,27.658307,0 85.217285,27.658308,0 85.21728,27.65831,0 85.217275,27.658311,0 85.21727,27.658313,0 85.217265,27.658314,0 85.21726,27.658315,0 85.217255,27.658317,0 85.21725,27.658318,0 85.217245,27.658319,0 85.21724,27.658321,0 85.217235,27.658322,0 85.21723,27.658324,0 85.217225,27.658325,0 85.21722,27.658326,0 85.217215,27.658328,0 85.21721,27.658329,0 85.217205,27.65833,0 85.2172,27.658332,0 85.217195,27.658333,0 85.217198,27.658334,0 85.217199,27.658333,0 85.2172,27.658333,0 85.217201,27.658333,0 85.217202,27.658332,0 85.217203,27.658332,0 85.217204,27.658332,0 85.217205,27.658332,0 85.217206,27.658331,0 85.217207,27.658331,0 85.217208,27.658331,0 85.217209,27.65833,0 85.21721,27.65833,0 85.217211,27.65833,0 85.217212,27.658329,0 85.217213,27.658329,0 85.217214,27.658329,0 85.217215,27.658329,0 85.217216,27.658328,0 85.217217,27.658328,0 85.217218,27.658328,0 85.217219,27.658328,0 85.217219,27.658327,0 85.21722,27.658327,0 85.217221,27.658327,0 85.217222,27.658327,0 85.217223,27.658326,0 85.217224,27.658326,0 85.217225,27.658326,0 85.217226,27.658326,0 85.217227,27.658325,0 85.217228,27.658325,0 85.217229,27.658325,0 85.21723,27.658324,0 85.217231,27.658324,0 85.217232,27.658324,0 85.217233,27.658324,0 85.217234,27.658323,0 85.217235,27.658323,0 85.217236,27.658323,0 85.217237,27.658322,0 85.217238,27.658322,0 85.217239,27.658322,0 85.21724,27.658321,0 85.217241,27.658321,0 85.217242,27.658321,0 85.217243,27.658321,0 85.217244,27.65832,0 85.217245,27.65832,0 85.217246,27.65832,0 85.217247,27.658319,0 85.217248,27.658319,0 85.217249,27.658319,0 85.21725,27.658319,0 85.217251,27.658318,0 85.217252,27.658318,0 85.217253,27.658318,0 85.217254,27.658317,0 85.217255,27.658317,0 85.217256,27.658317,0 85.217257,27.658317,0 85.217257,27.658316,0 85.217258,27.658316,0 85.217259,27.658316,0 85.217255,27.658319,0 85.217251,27.658321,0 85.217245,27.65832,0 85.21724,27.658319,0 85.217235,27.658318,0 85.217229,27.658319,0 85.217221,27.658321,0 85.21721,27.658322,0 85.217202,27.658323,0 85.217195,27.658324,0 85.217189,27.658323,0 85.217179,27.658323,0 85.217181,27.658318,0 85.217182,27.658317,0 85.217184,27.658315,0 85.217188,27.658314,0 85.217192,27.658313,0 85.217196,27.658312,0 85.2172,27.658312,0 85.217204,27.658303,0 85.217169,27.658335,0 85.217172,27.658328,0 85.217175,27.658318,0 85.217177,27.658309,0 85.217176,27.658295,0 85.217172,27.658279,0 85.217174,27.658277,0 85.217179,27.65829,0 85.217185,27.658306,0 85.217189,27.658319,0 85.217193,27.658335,0 85.217196,27.65835,0 85.217196,27.658351,0 85.217197,27.658351,0 85.217218,27.658363,0 85.217222,27.658367,0 85.217229,27.658364,0 85.217234,27.658351,0 85.217231,27.658326,0 85.217228,27.658306,0 85.217227,27.658308,0 85.217225,27.658309,0 85.217223,27.65831,0 85.217221,27.658311,0 85.217219,27.658313,0 85.217217,27.658314,0 85.217215,27.658315,0 85.217213,27.658316,0 85.217211,27.658317,0 85.217209,27.658318,0 85.217207,27.658319,0 85.217205,27.65832,0 85.217203,27.658321,0 85.217201,27.658322,0 85.217199,27.658323,0 85.217196,27.658325,0 85.217194,27.658326,0 85.217192,27.658327,0 85.21719,27.658328,0 85.217188,27.658329,0 85.217186,27.65833,0 85.217184,27.658331,0 85.217182,27.658332,0 85.21718,27.658333,0 85.217178,27.658334,0 85.217176,27.658335,0 85.217174,27.658337,0 85.217172,27.658338,0 85.21717,27.658339,0 85.217168,27.65834,0 85.217165,27.658341,0 85.217163,27.658342,0 85.217161,27.658343,0 85.217159,27.658344,0 85.217157,27.658345,0 85.217155,27.658346,0 85.217153,27.658347,0 85.217151,27.658349,0 85.217149,27.65835,0 85.217147,27.658351,0 85.217145,27.658352,0 85.217143,27.658353,0 85.217141,27.658354,0 85.217139,27.658355,0 85.217137,27.658356,0 85.217134,27.658357,0 85.217132,27.658358,0 85.21713,27.658359,0 85.217128,27.65836,0 85.217126,27.658362,0 85.217124,27.658363,0 85.217122,27.658364,0 85.21712,27.658365,0 85.217118,27.658366,0 85.217116,27.658367,0 85.217114,27.658368,0 85.217112,27.658369,0 85.21711,27.65837,0 85.217108,27.658371,0 85.217106,27.658372,0 85.217103,27.658374,0 85.217101,27.658375,0 85.217099,27.658376,0 85.217097,27.658377,0 85.217095,27.658378,0 85.217093,27.658379,0 85.217091,27.65838,0 85.217089,27.658381,0 85.217087,27.658382,0 85.217085,27.658383,0 85.217083,27.658384,0 85.217081,27.658386,0 85.217079,27.658387,0 85.217077,27.658388,0 85.217075,27.658389,0 85.217072,27.65839,0 85.21707,27.658391,0 85.217068,27.658392,0 85.217066,27.658393,0 85.217064,27.658394,0 85.217062,27.658395,0 85.21706,27.658396,0 85.217058,27.658398,0 85.217056,27.658399,0 85.217054,27.6584,0 85.217052,27.658401,0 85.21705,27.658402,0 85.217048,27.658403,0 85.217046,27.658404,0 85.217044,27.658405,0 85.217042,27.658406,0 85.217039,27.658407,0 85.217037,27.658408,0 85.217035,27.658409,0 85.217033,27.658411,0 85.217031,27.658412,0 85.217029,27.658413,0 85.217027,27.658414,0 85.217025,27.658415,0 85.217023,27.658416,0 85.217021,27.658417,0 85.217019,27.658418,0 85.217017,27.658419,0 85.217015,27.65842,0 85.217013,27.658421,0 85.217011,27.658423,0 85.217008,27.658424,0 85.217006,27.658425,0 85.217004,27.658426,0 85.217002,27.658427,0 85.217,27.658428,0 85.216998,27.658429,0 85.216996,27.65843,0 85.216994,27.658431,0 85.216992,27.658432,0 85.21699,27.658433,0 85.216988,27.658435,0 85.216986,27.658436,0 85.216984,27.658437,0 85.216982,27.658438,0 85.21698,27.658439,0 85.216977,27.65844,0 85.216975,27.658441,0 85.216973,27.658442,0 85.216971,27.658443,0 85.216969,27.658444,0 85.216967,27.658445,0 85.216965,27.658447,0 85.216963,27.658448,0 85.216961,27.658449,0 85.216959,27.65845,0 85.216957,27.658451,0 85.216955,27.658452,0 85.216953,27.658453,0 85.216951,27.658454,0 85.216949,27.658455,0 85.216946,27.658456,0 85.216944,27.658457,0 85.216942,27.658458,0 85.21694,27.65846,0 85.216938,27.658461,0 85.216936,27.658462,0 85.216934,27.658463,0 85.216932,27.658464,0 85.21693,27.658465,0 85.216928,27.658466,0 85.216926,27.658467,0 85.216924,27.658468,0 85.216922,27.658469,0 85.21692,27.65847,0 85.216918,27.658472,0 85.216915,27.658473,0 85.216913,27.658474,0 85.216911,27.658475,0 85.216909,27.658476,0 85.216907,27.658477,0 85.216905,27.658478,0 85.216903,27.658479,0 85.216901,27.65848,0 85.216899,27.658481,0 85.216897,27.658482,0 85.216895,27.658484,0 85.216893,27.658485,0 85.216891,27.658486,0 85.216889,27.658487,0 85.216887,27.658488,0 85.216884,27.658489,0 85.216882,27.65849,0 85.21688,27.658491,0 85.216878,27.658492,0 85.216876,27.658493,0 85.216874,27.658494,0 85.216872,27.658496,0 85.21687,27.658497,0 85.216868,27.658498,0 85.216866,27.658499,0 85.216864,27.6585,0 85.216862,27.658501,0 85.21686,27.658502,0 85.216858,27.658503,0 85.216856,27.658504,0 85.216853,27.658505,0 85.216851,27.658506,0 85.216849,27.658507,0 85.216832,27.658519,0 85.216824,27.658526,0 85.216816,27.658532,0 85.216807,27.658539,0 85.216799,27.658546,0 85.21679,27.658553,0 85.216782,27.658559,0 85.216774,27.658566,0 85.216765,27.658573,0 85.216757,27.65858,0 85.216749,27.658586,0 85.21674,27.658593,0 85.216732,27.6586,0 85.216723,27.658606,0 85.216715,27.658613,0 85.216707,27.65862,0 85.216698,27.658627,0 85.21669,27.658633,0 85.216681,27.65864,0 85.216673,27.658647,0 85.216665,27.658654,0 85.216656,27.65866,0 85.216648,27.658667,0 85.21664,27.658674,0 85.216631,27.658681,0 85.216623,27.658687,0 85.216614,27.658694,0 85.216606,27.658701,0 85.216598,27.658708,0 85.216589,27.658714,0 85.216581,27.658721,0 85.216573,27.658728,0 85.216564,27.658734,0 85.216556,27.658741,0 85.216547,27.658748,0 85.216539,27.658755,0 85.216531,27.658761,0 85.216522,27.658768,0 85.216514,27.658775,0 85.216505,27.658782,0 85.216497,27.658788,0 85.216489,27.658795,0 85.216482,27.658805,0 85.216475,27.658816,0 85.216468,27.658826,0 85.216461,27.658838,0 85.216454,27.65885,0 85.216447,27.658862,0 85.21644,27.658875,0 85.216432,27.658886,0 85.216423,27.658897,0 85.216415,27.658907,0 85.216407,27.658917,0 85.216396,27.658926,0 85.216386,27.658934,0 85.216376,27.658943,0 85.216366,27.658952,0 85.216358,27.658961,0 85.21635,27.65897,0 85.216343,27.658978,0 85.216335,27.658985,0 85.216328,27.658994,0 85.21632,27.659003,0 85.216311,27.659012,0 85.216303,27.659022,0 85.216294,27.659032,0 85.216285,27.659041,0 85.216276,27.65905,0 85.216268,27.659059,0 85.216259,27.659067,0 85.216251,27.659077,0 85.216242,27.659088,0 85.216236,27.659096,0 85.216231,27.659103,0 85.216229,27.659109,0 85.216227,27.659114,0 85.216225,27.65912,0 85.216223,27.659127,0 85.216222,27.659135,0 85.216219,27.659143,0 85.216215,27.659154,0 85.216211,27.659166,0 85.216208,27.659178,0 85.216206,27.659188,0 85.216204,27.659197,0 85.216201,27.659208,0 85.216196,27.659219,0 85.216191,27.659228,0 85.216186,27.659236,0 85.21618,27.659244,0 85.216175,27.659253,0 85.21617,27.659262,0 85.216165,27.659271,0 85.216162,27.659279,0 85.21616,27.659287,0 85.216156,27.659296,0 85.216152,27.659305,0 85.216148,27.659315,0 85.216145,27.659325,0 85.216141,27.659335,0 85.216136,27.659345,0 85.216132,27.659357,0 85.216128,27.659367,0 85.216123,27.659379,0 85.216119,27.659391,0 85.216115,27.659403,0 85.216111,27.659415,0 85.216105,27.659427,0 85.216101,27.659438,0 85.216098,27.659449,0 85.216095,27.659461,0 85.216091,27.659474,0 85.216087,27.659486,0 85.216082,27.659495,0 85.216077,27.659505,0 85.216072,27.659514,0 85.216067,27.659523,0 85.216063,27.659531,0 85.216059,27.659537,0 85.216055,27.659544,0 85.216051,27.659554,0 85.216048,27.659563,0 85.216044,27.659574,0 85.216038,27.659583,0 85.21603,27.659588,0 85.216023,27.659594,0 85.216017,27.659602,0 85.216011,27.659609,0 85.216005,27.659614,0 85.215999,27.659619,0 85.215994,27.659625,0 85.215989,27.659631,0 85.215984,27.659639,0 85.215979,27.659649,0 85.215973,27.65966,0 85.215964,27.65967,0 85.215955,27.659679,0 85.215946,27.659689,0 85.215937,27.659699,0 85.215929,27.659711,0 85.215921,27.659724,0 85.215913,27.659737,0 85.215904,27.659751,0 85.215896,27.659765,0 85.215888,27.659779,0 85.215882,27.659791,0 85.215878,27.659804,0 85.215875,27.659818,0 85.215872,27.659831,0 85.21587,27.659844,0 85.215867,27.659858,0 85.215862,27.659872,0 85.215857,27.659888,0 85.215855,27.659901,0 85.215854,27.659911,0 85.215855,27.659919,0 85.215857,27.659935,0 85.215857,27.659933,0 85.215852,27.65994,0 85.21585,27.659942,0 85.215847,27.659946,0 85.215844,27.659951,0 85.215839,27.659956,0 85.215833,27.659964,0 85.215828,27.659971,0 85.215823,27.659979,0 85.215818,27.659987,0 85.215814,27.659998,0 85.215811,27.660011,0 85.21581,27.660024,0 85.215809,27.660038,0 85.215809,27.66005,0 85.215811,27.660062,0 85.215811,27.660073,0 85.21581,27.660084,0 85.215809,27.660095,0 85.215808,27.660108,0 85.215811,27.660119,0 85.215816,27.660127,0 85.215823,27.660136,0 85.215831,27.660144,0 85.215837,27.660151,0 85.215841,27.660159,0 85.215844,27.66017,0 85.215846,27.660182,0 85.215848,27.660195,0 85.21585,27.660208,0 85.215853,27.660222,0 85.215855,27.660236,0 85.215857,27.66025,0 85.21586,27.660262,0 85.215862,27.660273,0 85.215865,27.660285,0 85.215867,27.660299,0 85.215867,27.660313,0 85.215867,27.660326,0 85.215867,27.660339,0 85.215867,27.660352,0 85.215867,27.660364,0 85.215867,27.660374,0 85.215868,27.660384,0 85.21587,27.660394,0 85.215869,27.660405,0 85.215868,27.660417,0 85.215866,27.660429,0 85.215866,27.660443,0 85.215865,27.660457,0 85.215865,27.660473,0 85.215864,27.660487,0 85.215866,27.660501,0 85.215867,27.660513,0 85.215867,27.660523,0 85.215868,27.660531,0 85.215865,27.660552,0 85.215864,27.660552,0 85.215863,27.660557,0 85.215862,27.660557,0 85.21586,27.660561,0 85.215857,27.660566,0 85.215854,27.660571,0 85.21585,27.660576,0 85.215847,27.660581,0 85.215844,27.660586,0 85.215842,27.660592,0 85.215838,27.660597,0 85.215835,27.660602,0 85.215832,27.66061,0 85.215828,27.660618,0 85.215824,27.660624,0 85.215818,27.660629,0 85.215811,27.660635,0 85.215802,27.660642,0 85.215793,27.660648,0 85.215783,27.660655,0 85.215775,27.660661,0 85.215766,27.660667,0 85.215757,27.660672,0 85.215747,27.660678,0 85.215737,27.660683,0 85.215727,27.660688,0 85.215716,27.660694,0 85.215704,27.660699,0 85.215692,27.660703,0 85.21568,27.660707,0 85.21567,27.660711,0 85.215659,27.660717,0 85.215648,27.660723,0 85.215637,27.66073,0 85.215625,27.660736,0 85.215613,27.660743,0 85.215602,27.660749,0 85.21559,27.660755,0 85.215578,27.660759,0 85.215566,27.660763,0 85.215557,27.660768,0 85.215547,27.660774,0 85.215538,27.660782,0 85.215528,27.660789,0 85.21552,27.660797,0 85.215513,27.660803,0 85.215507,27.660811,0 85.215496,27.66083,0 85.21549,27.660841,0 85.215485,27.660851,0 85.215479,27.660862,0 85.215473,27.660872,0 85.215468,27.660882,0 85.215462,27.660893,0 85.215457,27.660903,0 85.215451,27.660913,0 85.215446,27.660924,0 85.21544,27.660934,0 85.215435,27.660944,0 85.215429,27.660955,0 85.215424,27.660965,0 85.215418,27.660975,0 85.215413,27.660986,0 85.215407,27.660996,0 85.215402,27.661006,0 85.215396,27.661017,0 85.215391,27.661027,0 85.215385,27.661037,0 85.21538,27.661048,0 85.215374,27.661058,0 85.215369,27.661068,0 85.215364,27.661077,0 85.215359,27.661084,0 85.215355,27.661092,0 85.215352,27.661099,0 85.215348,27.661107,0 85.215345,27.661118,0 85.215341,27.661128,0 85.215337,27.661138,0 85.215334,27.661147,0 85.215331,27.661155,0 85.215326,27.661164,0 85.21532,27.661172,0 85.215315,27.661181,0 85.215311,27.66119,0 85.215306,27.661199,0 85.215301,27.661208,0 85.215297,27.661215,0 85.215292,27.661224,0 85.215288,27.661232,0 85.215285,27.66124,0 85.215281,27.661251,0 85.215277,27.661261,0 85.215272,27.661271,0 85.215266,27.661281,0 85.21526,27.661291,0 85.215255,27.661301,0 85.215248,27.661311,0 85.215242,27.66132,0 85.215236,27.66133,0 85.215231,27.661338,0 85.215225,27.661345,0 85.215219,27.661351,0 85.215212,27.661358,0 85.215205,27.661367,0 85.215198,27.661376,0 85.215191,27.661385,0 85.215185,27.661394,0 85.21518,27.661402,0 85.215176,27.661412,0 85.215172,27.661421,0 85.215169,27.661431,0 85.215165,27.661441,0 85.21516,27.661452,0 85.215155,27.661462,0 85.21515,27.661475,0 85.215144,27.661489,0 85.215139,27.661501,0 85.215133,27.661513,0 85.215129,27.661526,0 85.215125,27.661541,0 85.215122,27.661558,0 85.215119,27.661572,0 85.215114,27.661584,0 85.215106,27.661596,0 85.215098,27.661607,0 85.215089,27.661618,0 85.215081,27.661628,0 85.215073,27.661635,0 85.215065,27.661642,0 85.215057,27.661649,0 85.215049,27.661656,0 85.215039,27.661664,0 85.215027,27.66167,0 85.215017,27.661679,0 85.215009,27.661688,0 85.215001,27.661697,0 85.214995,27.661705,0 85.214987,27.661714,0 85.214971,27.661731,0 85.214963,27.661738,0 85.214956,27.661746,0 85.214948,27.661753,0 85.21494,27.661761,0 85.214932,27.661768,0 85.214924,27.661776,0 85.214917,27.661783,0 85.214909,27.661791,0 85.214901,27.661798,0 85.214893,27.661806,0 85.214886,27.661813,0 85.214878,27.66182,0 85.21487,27.661828,0 85.214862,27.661835,0 85.214854,27.661843,0 85.214847,27.66185,0 85.214839,27.661858,0 85.214831,27.661865,0 85.214823,27.661873,0 85.214816,27.66188,0 85.214808,27.661888,0 85.2148,27.661895,0 85.214792,27.661903,0 85.214785,27.66191,0 85.214777,27.661918,0 85.214769,27.661925,0 85.214761,27.661933,0 85.214753,27.66194,0 85.214746,27.661948,0 85.214738,27.661955,0 85.21473,27.661963,0 85.214722,27.66197,0 85.214715,27.661978,0 85.214707,27.661985,0 85.214699,27.661993,0 85.214691,27.662,0 85.214683,27.662008,0 85.214676,27.662015,0 85.214668,27.662023,0 85.21466,27.66203,0 85.214652,27.662038,0 85.214645,27.662045,0 85.214637,27.662053,0 85.214629,27.66206,0 85.214621,27.662068,0 85.214613,27.662075,0 85.214606,27.662083,0 85.214598,27.66209,0 85.21459,27.662098,0 85.214582,27.662105,0 85.214575,27.662112,0 85.214575,27.662132,0 85.214577,27.662143,0 85.214579,27.662154,0 85.214581,27.662165,0 85.214583,27.662176,0 85.214585,27.662187,0 85.214587,27.662198,0 85.214589,27.662209,0 85.214591,27.66222,0 85.214604,27.662239,0 85.21461,27.662248,0 85.214617,27.662256,0 85.214624,27.662264,0 85.214631,27.662272,0 85.214638,27.66228,0 85.214645,27.662288,0 85.214652,27.662297,0 85.214659,27.662305,0 85.214666,27.662313,0 85.214673,27.662321,0 85.21468,27.662329,0 85.214687,27.662338,0 85.214694,27.662346,0 85.214701,27.662354,0 85.214708,27.662362,0 85.214715,27.66237,0 85.214722,27.662379,0 85.214729,27.662387,0 85.214735,27.662395,0 85.214742,27.662403,0 85.214749,27.662411,0 85.214756,27.662419,0 85.214763,27.662428,0 85.21477,27.662436,0 85.214777,27.662444,0 85.214784,27.662452,0 85.214791,27.66246,0 85.214798,27.662469,0 85.214805,27.662477,0 85.214812,27.662485,0 85.214819,27.662493,0 85.214826,27.662501,0 85.214833,27.66251,0 85.21484,27.662518,0 85.214847,27.662526,0 85.214854,27.662534,0 85.214861,27.662542,0 85.214867,27.662551,0 85.214874,27.662559,0 85.214881,27.662567,0 85.214888,27.662575,0 85.214895,27.662583,0 85.214902,27.662591,0 85.214909,27.6626,0 85.214916,27.662608,0 85.214923,27.662616,0 85.21493,27.662624,0 85.214937,27.662632,0 85.214944,27.662641,0 85.214951,27.662649,0 85.214958,27.662657,0 85.214965,27.662665,0 85.214972,27.662673,0 85.214979,27.662682,0 85.214986,27.66269,0 85.214992,27.662698,0 85.214999,27.662706,0 85.215006,27.662714,0 85.215013,27.662722,0 85.215019,27.662736,0 85.21502,27.66274,0 85.215022,27.662744,0 85.215024,27.662748,0 85.215026,27.662752,0 85.215028,27.662755,0 85.21503,27.662759,0 85.215032,27.662763,0 85.215034,27.662767,0 85.215036,27.662771,0 85.215037,27.662775,0 85.215039,27.662778,0 85.215037,27.66279,0 85.215036,27.662796,0 85.215036,27.662802,0 85.215035,27.662808,0 85.215034,27.662813,0 85.215034,27.662819,0 85.21503,27.662835,0 85.215027,27.662842,0 85.215025,27.662849,0 85.215022,27.662856,0 85.215019,27.662863,0 85.215017,27.66287,0 85.215014,27.662877,0 85.215012,27.662884,0 85.215009,27.662891,0 85.215006,27.662898,0 85.215004,27.662905,0 85.215001,27.662912,0 85.214998,27.662919,0 85.214996,27.662926,0 85.214993,27.662933,0 85.214991,27.662941,0 85.214988,27.662948,0 85.214985,27.662955,0 85.214983,27.662962,0 85.21498,27.662969,0 85.214978,27.662976,0 85.214975,27.662983,0 85.214972,27.66299,0 85.21497,27.662997,0 85.214967,27.663004,0 85.214964,27.663011,0 85.214962,27.663018,0 85.214959,27.663025,0 85.214957,27.663032,0 85.214958,27.663051,0 85.214959,27.66306,0 85.21496,27.663068,0 85.214961,27.663077,0 85.214962,27.663086,0 85.214967,27.663109,0 85.214969,27.663119,0 85.21497,27.663129,0 85.214972,27.66314,0 85.214973,27.66315,0 85.214977,27.663169,0 85.214979,27.663177,0 85.214981,27.663185,0 85.214983,27.663192,0 85.214985,27.6632,0 85.214987,27.663208,0 85.214989,27.663215,0 85.214991,27.663223,0 85.214993,27.663231,0 85.214995,27.663238,0 85.214997,27.663246,0 85.214999,27.663254,0 85.215001,27.663261,0 85.215003,27.663269,0 85.215005,27.663277,0 85.215007,27.663285,0 85.215009,27.663292,0 85.215011,27.6633,0 85.215013,27.663308,0 85.215015,27.663315,0 85.215017,27.663323,0 85.215019,27.663331,0 85.215021,27.663338,0 85.215023,27.663346,0 85.215025,27.663354,0 85.215038,27.663376,0 85.215045,27.663385,0 85.215053,27.663394,0 85.21506,27.663403,0 85.215067,27.663412,0 85.215075,27.66342,0 85.215082,27.663429,0 85.21509,27.663438,0 85.215097,27.663447,0 85.215104,27.663456,0 85.215112,27.663464,0 85.215119,27.663473,0 85.215126,27.663482,0 85.215134,27.663491,0 85.215141,27.6635,0 85.215148,27.663509,0 85.215156,27.663517,0 85.215163,27.663526,0 85.21517,27.663535,0 85.215178,27.663544,0 85.215185,27.663553,0 85.215192,27.663561,0 85.2152,27.66357,0 85.215207,27.663579,0 85.215215,27.663588,0 85.215222,27.663597,0 85.215229,27.663606,0 85.215237,27.663614,0 85.215244,27.663623,0 85.215251,27.663632,0 85.215259,27.663641,0 85.215271,27.663654,0 85.215277,27.663661,0 85.215282,27.663668,0 85.215287,27.663676,0 85.215293,27.663683,0 85.215298,27.66369,0 85.215304,27.663697,0 85.215309,27.663705,0 85.215315,27.663712,0 85.21532,27.663719,0 85.215325,27.663727,0 85.215331,27.663734,0 85.215336,27.663741,0 85.215351,27.663762,0 85.215356,27.663772,0 85.215362,27.663782,0 85.215368,27.663793,0 85.215374,27.663803,0 85.21538,27.663813,0 85.215386,27.663823,0 85.215392,27.663833,0 85.215398,27.663843,0 85.215404,27.663853,0 85.21541,27.663863,0 85.215416,27.663874,0 85.215421,27.663884,0 85.215427,27.663894,0 85.215433,27.663904,0 85.215439,27.663914,0 85.215445,27.663924,0 85.215451,27.663934,0 85.215457,27.663944,0 85.215463,27.663955,0 85.215469,27.663965,0 85.215475,27.663975,0 85.21548,27.663985,0 85.215486,27.663995,0 85.215492,27.664005,0 85.215498,27.664015,0 85.215504,27.664025,0 85.21551,27.664035,0 85.215516,27.664046,0 85.215522,27.664056,0 85.215528,27.664066,0 85.215534,27.664076,0 85.21554,27.664086,0 85.215545,27.664096,0 85.215551,27.664106,0 85.215557,27.664116,0 85.215563,27.664127,0 85.215569,27.664137,0 85.215575,27.664147,0 85.215581,27.664157,0 85.215587,27.664167,0 85.215593,27.664177,0 85.215593,27.664186,0 85.215593,27.664195,0 85.215593,27.664206,0 85.215591,27.664218,0 85.215591,27.66423,0 85.215591,27.664241,0 85.215592,27.664252,0 85.215594,27.664262,0 85.215597,27.664274,0 85.215601,27.664285,0 85.215605,27.664296,0 85.21561,27.664306,0 85.215614,27.664315,0 85.215617,27.664323,0 85.215621,27.664331,0 85.215625,27.664339,0 85.21563,27.664347,0 85.215634,27.664354,0 85.215638,27.66436,0 85.215641,27.664364,0 85.215649,27.664378,0 85.215648,27.664379,0 85.215652,27.664378,0 85.215654,27.664376,0 85.215658,27.664371,0 85.215665,27.664364,0 85.215674,27.664355,0 85.215685,27.664344,0 85.215696,27.664334,0 85.215708,27.664323,0 85.215721,27.664312,0 85.215732,27.664302,0 85.215745,27.664291,0 85.215754,27.66428,0 85.215761,27.664269,0 85.215765,27.664257,0 85.215767,27.664244,0 85.215767,27.664232,0 85.215766,27.66422,0 85.215765,27.664208,0 85.215765,27.664196,0 85.215764,27.664185,0 85.215763,27.664175,0 85.21576,27.664164,0 85.215756,27.664154,0 85.215751,27.664142,0 85.215746,27.66413,0 85.215743,27.664119,0 85.215739,27.664106,0 85.215735,27.664093,0 85.21573,27.66408,0 85.215725,27.664067,0 85.21572,27.664057,0 85.215716,27.664048,0 85.215712,27.664038,0 85.215708,27.664027,0 85.215703,27.664017,0 85.215698,27.664007,0 85.215693,27.663997,0 85.215688,27.663987,0 85.215682,27.663977,0 85.215676,27.663968,0 85.215671,27.663958,0 85.215666,27.663948,0 85.215662,27.663937,0 85.215659,27.663928,0 85.215659,27.663919,0 85.215663,27.663911,0 85.215668,27.663904,0 85.215677,27.663896,0 85.215687,27.663889,0 85.215696,27.66388,0 85.215705,27.663871,0 85.215713,27.663863,0 85.21572,27.663858,0 85.215727,27.663854,0 85.215735,27.663853,0 85.215744,27.663854,0 85.215754,27.663857,0 85.215763,27.663861,0 85.215774,27.663864,0 85.215786,27.663867,0 85.215798,27.663871,0 85.21581,27.663876,0 85.215822,27.663883,0 85.215833,27.663891,0 85.215844,27.6639,0 85.215855,27.663909,0 85.215865,27.663918,0 85.215874,27.663926,0 85.215883,27.663936,0 85.21589,27.663945,0 85.215895,27.663953,0 85.215898,27.663964,0 85.215902,27.663976,0 85.215906,27.663987,0 85.21591,27.663998,0 85.215915,27.66401,0 85.215919,27.664022,0 85.215925,27.664036,0 85.215929,27.664049,0 85.215933,27.664062,0 85.215936,27.664077,0 85.21594,27.664092,0 85.215944,27.664105,0 85.215948,27.664117,0 85.215952,27.664129,0 85.215955,27.664141,0 85.215957,27.664152,0 85.215958,27.66416,0 85.215961,27.664174,0 85.21596,27.664173,0 85.21596,27.664174,0 85.21596,27.664177,0 85.215961,27.664182,0 85.215964,27.664189,0 85.215966,27.664198,0 85.215969,27.664209,0 85.215974,27.66422,0 85.215979,27.664232,0 85.215984,27.664244,0 85.215988,27.664257,0 85.215992,27.664269,0 85.215995,27.66428,0 85.215998,27.664292,0 85.216,27.664304,0 85.216001,27.664318,0 85.216002,27.664333,0 85.216001,27.664348,0 85.216001,27.664362,0 85.216002,27.664377,0 85.216003,27.664392,0 85.216005,27.664405,0 85.216006,27.664416,0 85.216008,27.664426,0 85.216011,27.664437,0 85.216015,27.664448,0 85.216021,27.664459,0 85.216027,27.664468,0 85.216035,27.664476,0 85.216042,27.664484,0 85.21605,27.664493,0 85.216055,27.664503,0 85.216062,27.664513,0 85.216067,27.664523,0 85.216073,27.664533,0 85.216078,27.664543,0 85.216083,27.66455,0 85.216091,27.664566,0 85.216094,27.664564,0 85.216096,27.66456,0 85.216101,27.664551,0 85.216108,27.66454,0 85.216116,27.664528,0 85.216126,27.664513,0 85.216135,27.664498,0 85.216143,27.664483,0 85.216151,27.66447,0 85.216158,27.664457,0 85.216164,27.664445,0 85.216169,27.664433,0 85.216171,27.664423,0 85.216174,27.664413,0 85.216176,27.664403,0 85.216178,27.664394,0 85.216179,27.664386,0 85.216179,27.664377,0 85.21618,27.664367,0 85.216181,27.664356,0 85.216183,27.664346,0 85.216184,27.664334,0 85.216186,27.664321,0 85.216187,27.664309,0 85.216188,27.664295,0 85.216188,27.664281,0 85.216187,27.664268,0 85.216186,27.664255,0 85.216183,27.66424,0 85.216181,27.664226,0 85.216178,27.664212,0 85.216175,27.664198,0 85.216172,27.664184,0 85.216168,27.66417,0 85.216163,27.664157,0 85.216159,27.664145,0 85.216155,27.664134,0 85.216151,27.664123,0 85.216148,27.664114,0 85.216144,27.664104,0 85.21614,27.664095,0 85.216136,27.664084,0 85.216132,27.66407,0 85.216128,27.664054,0 85.216123,27.66404,0 85.216118,27.664026,0 85.216113,27.664011,0 85.216107,27.663997,0 85.216102,27.663984,0 85.216097,27.663972,0 85.216092,27.66396,0 85.216087,27.66395,0 85.216082,27.663939,0 85.216076,27.663927,0 85.216071,27.663916,0 85.216067,27.663904,0 85.216066,27.663892,0 85.216066,27.663883,0 85.216067,27.663875,0 85.216068,27.663868,0 85.216071,27.663863,0 85.216074,27.663858,0 85.216079,27.663855,0 85.216083,27.663853,0 85.216088,27.663853,0 85.216096,27.663854,0 85.216103,27.663856,0 85.216111,27.663859,0 85.216119,27.663862,0 85.216127,27.663867,0 85.216135,27.663871,0 85.216143,27.663876,0 85.21615,27.663881,0 85.216157,27.663887,0 85.216164,27.663894,0 85.21617,27.663902,0 85.216178,27.66391,0 85.216185,27.663919,0 85.216193,27.66393,0 85.216199,27.663941,0 85.216205,27.663952,0 85.216211,27.663962,0 85.216217,27.663973,0 85.216223,27.663984,0 85.21623,27.663995,0 85.216238,27.664005,0 85.216246,27.664016,0 85.216253,27.664028,0 85.21626,27.66404,0 85.216266,27.664053,0 85.21627,27.664068,0 85.216274,27.66408,0 85.216278,27.664092,0 85.216282,27.664104,0 85.216287,27.664115,0 85.216292,27.664125,0 85.216296,27.664132,0 85.2163,27.664139,0 85.216303,27.664145,0 85.216305,27.664152,0 85.216308,27.664158,0 85.216309,27.664165,0 85.21631,27.664171,0 85.216312,27.664179,0 85.216312,27.664187,0 85.216314,27.664196,0 85.216315,27.664203,0 85.216317,27.664211,0 85.21632,27.664219,0 85.216324,27.664227,0 85.216327,27.664236,0 85.216329,27.664244,0 85.216329,27.664252,0 85.216328,27.664261,0 85.216327,27.664269,0 85.216326,27.664278,0 85.216326,27.664287,0 85.216325,27.664297,0 85.216324,27.664307,0 85.216326,27.66432,0 85.216327,27.664333,0 85.216328,27.664349,0 85.216331,27.664366,0 85.216336,27.66438,0 85.216342,27.664394,0 85.216352,27.664404,0 85.216363,27.664411,0 85.216376,27.664413,0 85.216388,27.664413,0 85.2164,27.66441,0 85.216411,27.664404,0 85.216422,27.664397,0 85.216431,27.664388,0 85.216438,27.664379,0 85.216445,27.664368,0 85.21645,27.664356,0 85.216454,27.664343,0 85.216457,27.66433,0 85.216458,27.664318,0 85.21646,27.664306,0 85.21646,27.664293,0 85.21646,27.66428,0 85.21646,27.66427,0 85.216458,27.664259,0 85.216457,27.664247,0 85.216454,27.664235,0 85.216452,27.664224,0 85.216449,27.664213,0 85.216447,27.664203,0 85.216446,27.664194,0 85.216447,27.664185,0 85.216446,27.664177,0 85.216444,27.664169,0 85.216442,27.664159,0 85.216441,27.664148,0 85.216442,27.664135,0 85.216442,27.664122,0 85.216441,27.664108,0 85.216439,27.664095,0 85.216437,27.664081,0 85.216435,27.664069,0 85.216432,27.664059,0 85.216429,27.664048,0 85.216427,27.664036,0 85.216425,27.664024,0 85.216421,27.66401,0 85.216417,27.663996,0 85.216413,27.663984,0 85.21641,27.663972,0 85.216406,27.663961,0 85.216403,27.663949,0 85.2164,27.663937,0 85.216397,27.663926,0 85.216392,27.663915,0 85.216388,27.663905,0 85.216384,27.663893,0 85.21638,27.663882,0 85.216376,27.663871,0 85.216373,27.663861,0 85.21637,27.66385,0 85.216368,27.66384,0 85.216365,27.66383,0 85.21636,27.663822,0 85.216356,27.663814,0 85.216351,27.663806,0 85.216347,27.663797,0 85.216343,27.663789,0 85.216338,27.663781,0 85.216334,27.663772,0 85.21633,27.663764,0 85.216325,27.663755,0 85.216319,27.663748,0 85.216312,27.66374,0 85.216306,27.663732,0 85.216299,27.663724,0 85.216293,27.663715,0 85.216288,27.663706,0 85.216282,27.663697,0 85.216278,27.663687,0 85.216273,27.663677,0 85.21627,27.663665,0 85.216271,27.663652,0 85.216274,27.663639,0 85.216278,27.663626,0 85.216284,27.663615,0 85.216292,27.663605,0 85.2163,27.663598,0 85.21631,27.663594,0 85.216319,27.663594,0 85.216329,27.663595,0 85.216338,27.663599,0 85.216348,27.663605,0 85.216358,27.663612,0 85.216366,27.663619,0 85.216375,27.663626,0 85.216384,27.663633,0 85.216391,27.663642,0 85.2164,27.663651,0 85.216406,27.663664,0 85.216414,27.663677,0 85.216421,27.66369,0 85.216427,27.663703,0 85.216431,27.663717,0 85.216436,27.663731,0 85.216442,27.663741,0 85.216448,27.66375,0 85.216454,27.663756,0 85.21646,27.663761,0 85.216465,27.663768,0 85.216471,27.663776,0 85.216477,27.663784,0 85.216483,27.663792,0 85.216488,27.663801,0 85.216494,27.66381,0 85.2165,27.66382,0 85.216505,27.663831,0 85.216511,27.663841,0 85.216518,27.663852,0 85.216525,27.663862,0 85.216532,27.663873,0 85.21654,27.663884,0 85.216547,27.663895,0 85.216553,27.663907,0 85.216559,27.66392,0 85.216565,27.663933,0 85.216571,27.663946,0 85.216577,27.663957,0 85.216583,27.663968,0 85.216588,27.663978,0 85.216592,27.663989,0 85.216595,27.664001,0 85.216597,27.664011,0 85.2166,27.664021,0 85.216605,27.66403,0 85.216611,27.66404,0 85.216617,27.66405,0 85.216624,27.66406,0 85.216629,27.664071,0 85.216635,27.664082,0 85.216641,27.664093,0 85.216647,27.664105,0 85.216651,27.664116,0 85.216657,27.664127,0 85.216662,27.664137,0 85.216668,27.664147,0 85.216673,27.664157,0 85.216678,27.664165,0 85.216683,27.664174,0 85.216686,27.664181,0 85.216688,27.664188,0 85.216691,27.664196,0 85.216693,27.664204,0 85.216694,27.664212,0 85.216696,27.664219,0 85.216697,27.664227,0 85.216699,27.664236,0 85.216701,27.664245,0 85.216703,27.664255,0 85.216706,27.664265,0 85.216709,27.664276,0 85.216711,27.664287,0 85.216713,27.664297,0 85.216715,27.664319,0 85.216716,27.66433,0 85.216717,27.66434,0 85.216718,27.664351,0 85.216719,27.664362,0 85.21672,27.664373,0 85.216722,27.664384,0 85.216723,27.664395,0 85.216724,27.664406,0 85.216725,27.664417,0 85.216726,27.664427,0 85.216727,27.664438,0 85.216728,27.664449,0 85.216729,27.66446,0 85.21673,27.664471,0 85.216731,27.664482,0 85.216735,27.664487,0 85.216737,27.664479,0 85.21674,27.664472,0 85.216742,27.664464,0 85.216744,27.664456,0 85.216747,27.664448,0 85.216749,27.664441,0 85.216751,27.664433,0 85.216754,27.664425,0 85.216756,27.664417,0 85.216759,27.66441,0 85.216761,27.664402,0 85.216763,27.664394,0 85.216766,27.664386,0 85.216768,27.664379,0 85.216771,27.664371,0 85.216773,27.664363,0 85.216775,27.664355,0 85.216778,27.664348,0 85.21678,27.66434,0 85.216782,27.664332,0 85.216785,27.664324,0 85.216787,27.664317,0 85.21679,27.664309,0 85.216792,27.664301,0 85.216794,27.664293,0 85.216797,27.664286,0 85.216799,27.664278,0 85.216802,27.66427,0 85.216804,27.664262,0 85.216806,27.664255,0 85.216809,27.664247,0 85.216811,27.664239,0 85.216814,27.664232,0 85.216816,27.664224,0 85.216818,27.664216,0 85.216821,27.664208,0 85.216823,27.664201,0 85.216825,27.664193,0 85.216828,27.664185,0 85.21683,27.664177,0 85.216833,27.66417,0 85.216835,27.664162,0 85.216837,27.664154,0 85.21684,27.664146,0 85.216842,27.664139,0 85.216845,27.664131,0 85.216847,27.664123,0 85.216849,27.664115,0 85.216852,27.664108,0 85.216854,27.6641,0 85.216856,27.664092,0 85.216859,27.664084,0 85.216861,27.664077,0 85.216864,27.664069,0 85.216866,27.664061,0 85.216868,27.664053,0 85.216871,27.664046,0 85.216873,27.664038,0 85.216876,27.66403,0 85.216878,27.664023,0 85.216881,27.664017,0 85.216885,27.664012,0 85.216887,27.664009,0 85.216889,27.664005,0 85.216891,27.664004,0 85.216894,27.664004,0 85.216896,27.664004,0 85.216892,27.664007,0 85.21689,27.664006,0 85.216886,27.664004,0 85.216883,27.664002,0 85.21688,27.663999,0 85.216876,27.663995,0 85.216873,27.663993,0 85.216868,27.663982,0 85.216863,27.663977,0 85.216862,27.663977,0 85.216859,27.663977,0 85.216855,27.663977,0 85.21684,27.663972,0 85.216839,27.663968,0 85.216838,27.663961,0 85.21684,27.663953,0 85.216844,27.663945,0 85.216849,27.663937,0 85.216856,27.663929,0 85.216863,27.663922,0 85.21687,27.663916,0 85.216875,27.663911,0 85.216882,27.66391,0 85.216888,27.663911,0 85.216892,27.663913,0 85.216896,27.663917,0 85.216899,27.663922,0 85.216903,27.663925,0 85.216907,27.663928,0 85.216911,27.663932,0 85.216917,27.663934,0 85.216923,27.663937,0 85.216928,27.66394,0 85.216934,27.663944,0 85.21694,27.663948,0 85.216948,27.663953,0 85.216957,27.663958,0 85.216965,27.663963,0 85.216975,27.663969,0 85.216985,27.663976,0 85.216995,27.663982,0 85.217005,27.663988,0 85.217016,27.663994,0 85.217026,27.664001,0 85.217034,27.664009,0 85.217042,27.664017,0 85.217048,27.664026,0 85.217054,27.664034,0 85.21706,27.664041,0 85.217067,27.664049,0 85.217073,27.664057,0 85.217081,27.664063,0 85.217091,27.664068,0 85.217102,27.66407,0 85.217114,27.664071,0 85.217127,27.664069,0 85.217138,27.664067,0 85.217163,27.664067,0 85.217163,27.66407,0 85.217163,27.664076,0 85.217163,27.664085,0 85.217165,27.664094,0 85.217167,27.664104,0 85.217169,27.664113,0 85.217172,27.664123,0 85.217175,27.664133,0 85.217177,27.664143,0 85.217179,27.664152,0 85.217181,27.664161,0 85.217182,27.664171,0 85.217182,27.66418,0 85.21718,27.66419,0 85.217177,27.6642,0 85.217174,27.664211,0 85.217172,27.66422,0 85.21717,27.66423,0 85.217167,27.664237,0 85.217165,27.664244,0 85.217165,27.66426,0 85.217164,27.664261,0 85.217167,27.664265,0 85.217167,27.664267,0 85.217167,27.664271,0 85.217167,27.664276,0 85.217167,27.664283,0 85.217167,27.664291,0 85.217168,27.664298,0 85.217168,27.664305,0 85.21717,27.664319,0 85.217169,27.664318,0 85.217165,27.664319,0 85.217164,27.664318,0 85.217163,27.664319,0 85.217162,27.664327,0 85.217162,27.664325,0 85.217162,27.664326,0 85.217167,27.664325,0 85.217172,27.664325,0 85.217173,27.664332,0 85.217173,27.664333,0 85.217173,27.664336,0 85.217175,27.664345,0 85.217177,27.664349,0 85.217177,27.66435,0 85.217182,27.664359,0 85.217182,27.66436,0 85.217183,27.664363,0 85.217185,27.66437,0 85.217188,27.66438,0 85.217192,27.66439,0 85.217195,27.664399,0 85.217199,27.664408,0 85.217204,27.664419,0 85.217209,27.664429,0 85.217214,27.66444,0 85.217218,27.664447,0 85.217222,27.664451,0 85.217228,27.664464,0 85.217228,27.664465,0 85.217227,27.664467,0 85.217226,27.66447,0 85.217225,27.664473,0 85.217224,27.664476,0 85.21722,27.664487,0 85.217218,27.66449,0 85.217213,27.664496,0 85.217206,27.664502,0 85.217198,27.664509,0 85.217192,27.664518,0 85.217185,27.66453,0 85.217179,27.664544,0 85.217172,27.664558,0 85.217165,27.664572,0 85.217159,27.664583,0 85.217153,27.664593,0 85.217145,27.664601,0 85.217137,27.664607,0 85.21713,27.664614,0 85.217123,27.664621,0 85.217116,27.66463,0 85.217108,27.664642,0 85.217101,27.664652,0 85.217096,27.664665,0 85.217091,27.664675,0 85.217087,27.664682,0 85.217085,27.664689,0 85.217086,27.664697,0 85.217087,27.664704,0 85.217087,27.664707,0 85.217087,27.66471,0 85.217087,27.664714,0 85.217087,27.664718,0 85.217087,27.664722,0 85.217087,27.664727,0 85.217088,27.664735,0 85.217089,27.664746,0 85.217089,27.664758,0 85.217089,27.664769,0 85.217091,27.664777,0 85.217092,27.664784,0 85.217095,27.664795,0 85.217097,27.664797,0 85.217107,27.664794,0 85.217112,27.664794,0 85.217122,27.664794,0 85.217137,27.664794,0 85.217155,27.664793,0 85.217175,27.664792,0 85.217195,27.664789,0 85.217215,27.664784,0 85.217235,27.664779,0 85.217253,27.664774,0 85.217269,27.664769,0 85.217282,27.664764,0 85.217293,27.664759,0 85.217303,27.664755,0 85.217308,27.66475,0 85.217313,27.664744,0 85.217316,27.664739,0 85.217318,27.664731,0 85.217321,27.664721,0 85.217326,27.664709,0 85.217332,27.664696,0 85.217336,27.664682,0 85.21734,27.664665,0 85.217344,27.664649,0 85.217347,27.664633,0 85.217352,27.664619,0 85.217357,27.664606,0 85.217362,27.664595,0 85.217367,27.664585,0 85.217372,27.664575,0 85.217376,27.664565,0 85.21738,27.664553,0 85.217382,27.664542,0 85.217383,27.664531,0 85.217382,27.664519,0 85.217379,27.664508,0 85.217375,27.664497,0 85.217373,27.664485,0 85.217373,27.664474,0 85.217374,27.664463,0 85.217378,27.664452,0 85.217384,27.664441,0 85.21739,27.664429,0 85.217396,27.664419,0 85.217402,27.664412,0 85.217407,27.664404,0 85.217413,27.664397,0 85.217419,27.664392,0 85.217425,27.664392,0 85.217433,27.664394,0 85.217442,27.664398,0 85.217451,27.664403,0 85.217461,27.664414,0 85.217469,27.664426,0 85.217476,27.664441,0 85.21748,27.664454,0 85.217482,27.664466,0 85.217484,27.664479,0 85.217485,27.664491,0 85.217486,27.664504,0 85.217488,27.664517,0 85.21749,27.664529,0 85.217491,27.664545,0 85.217491,27.66456,0 85.217491,27.664572,0 85.21749,27.664583,0 85.21749,27.664595,0 85.217489,27.664607,0 85.217488,27.664621,0 85.217486,27.664634,0 85.217485,27.664645,0 85.217484,27.664658,0 85.217483,27.664671,0 85.217482,27.664684,0 85.217482,27.664697,0 85.217484,27.66471,0 85.217487,27.664725,0 85.217491,27.664738,0 85.217496,27.66475,0 85.217501,27.664765,0 85.217504,27.664776,0 85.217504,27.664787,0 85.217504,27.664799,0 85.2175,27.66481,0 85.217493,27.664821,0 85.217486,27.664833,0 85.217478,27.664844,0 85.21747,27.664855,0 85.217463,27.664865,0 85.217455,27.664875,0 85.217448,27.664884,0 85.217439,27.664893,0 85.21743,27.6649,0 85.21742,27.664907,0 85.217411,27.664914,0 85.217402,27.664921,0 85.217394,27.664929,0 85.217385,27.664938,0 85.217375,27.664947,0 85.217366,27.664955,0 85.217356,27.664962,0 85.217345,27.664968,0 85.217334,27.664974,0 85.217323,27.664979,0 85.217311,27.664984,0 85.217297,27.664986,0 85.217284,27.664988,0 85.217273,27.664991,0 85.217262,27.664993,0 85.217251,27.664997,0 85.21724,27.665002,0 85.217229,27.665006,0 85.217217,27.665011,0 85.217207,27.66502,0 85.217199,27.665029,0 85.217193,27.665039,0 85.217189,27.665047,0 85.217187,27.665054,0 85.217186,27.665059,0 85.217186,27.665062,0 85.217186,27.665066,0 85.217184,27.665071,0 85.217183,27.665071,0 85.21718,27.665071,0 85.217175,27.665071,0 85.217166,27.665072,0 85.217156,27.665075,0 85.217146,27.665078,0 85.217134,27.665081,0 85.217121,27.665084,0 85.217109,27.665087,0 85.217097,27.665089,0 85.217084,27.665091,0 85.217072,27.665095,0 85.21706,27.665098,0 85.217049,27.6651,0 85.217038,27.665102,0 85.217028,27.665106,0 85.217017,27.66511,0 85.217006,27.665115,0 85.216994,27.665119,0 85.216983,27.665122,0 85.216975,27.665123,0 85.216967,27.665123,0 85.216958,27.665122,0 85.216949,27.665121,0 85.21694,27.66512,0 85.21693,27.66512,0 85.216922,27.66512,0 85.216914,27.665122,0 85.216905,27.665125,0 85.216898,27.665129,0 85.216893,27.665132,0 85.216887,27.665135,0 85.216881,27.665138,0 85.216872,27.66514,0 85.216862,27.665142,0 85.216851,27.665144,0 85.216839,27.665145,0 85.216826,27.665146,0 85.216814,27.665148,0 85.216803,27.66515,0 85.216793,27.665153,0 85.216782,27.665156,0 85.216773,27.66516,0 85.216763,27.665165,0 85.216752,27.665171,0 85.216742,27.665178,0 85.216731,27.665186,0 85.216723,27.665194,0 85.216716,27.665203,0 85.216709,27.665212,0 85.216704,27.665221,0 85.216702,27.665232,0 85.216701,27.665243,0 85.216703,27.665255,0 85.216708,27.665265,0 85.216715,27.665272,0 85.216725,27.665278,0 85.216735,27.665281,0 85.216746,27.665283,0 85.216759,27.665285,0 85.216772,27.665286,0 85.216786,27.665286,0 85.216801,27.665285,0 85.216817,27.665283,0 85.216833,27.665282,0 85.216846,27.665282,0 85.216857,27.665285,0 85.216867,27.665286,0 85.216876,27.665288,0 85.216887,27.665289,0 85.216898,27.665293,0 85.216907,27.6653,0 85.216915,27.665304,0 85.21692,27.665303,0 85.216925,27.665303,0 85.216938,27.665301,0 85.216939,27.665301,0 85.216942,27.6653,0 85.216946,27.665299,0 85.21695,27.665297,0 85.216953,27.665295,0 85.216959,27.665294,0 85.216966,27.665293,0 85.216975,27.665291,0 85.216984,27.66529,0 85.216995,27.66529,0 85.217007,27.66529,0 85.217019,27.66529,0 85.217033,27.66529,0 85.217047,27.665291,0 85.217062,27.665292,0 85.217077,27.665293,0 85.21709,27.665292,0 85.217103,27.665291,0 85.217116,27.66529,0 85.21713,27.665288,0 85.217143,27.665286,0 85.217157,27.665282,0 85.21717,27.665278,0 85.217184,27.665273,0 85.217198,27.665267,0 85.217212,27.665262,0 85.217227,27.665257,0 85.217241,27.665251,0 85.217252,27.665244,0 85.217261,27.665239,0 85.217267,27.665235,0 85.217283,27.665224,0 85.217284,27.665221,0 85.217286,27.66522,0 85.217289,27.66522,0 85.217292,27.66522,0 85.217295,27.665222,0 85.217298,27.665216,0 85.217298,27.665214,0 85.217302,27.665211,0 85.217308,27.665207,0 85.217315,27.665202,0 85.217321,27.665197,0 85.217329,27.665192,0 85.217338,27.665188,0 85.217347,27.665183,0 85.217357,27.665179,0 85.217366,27.665174,0 85.217375,27.665169,0 85.217383,27.665164,0 85.217391,27.665157,0 85.217398,27.665149,0 85.217405,27.665143,0 85.217412,27.665137,0 85.217418,27.66513,0 85.217423,27.665121,0 85.217429,27.665111,0 85.217434,27.665101,0 85.217439,27.665093,0 85.217445,27.665086,0 85.21745,27.665081,0 85.217454,27.665077,0 85.217461,27.665069,0 85.21746,27.66507,0 85.217458,27.665071,0 85.217456,27.665075,0 85.217454,27.665081,0 85.217453,27.665087,0 85.217456,27.665092,0 85.217461,27.665096,0 85.21747,27.665097,0 85.217481,27.665097,0 85.217492,27.665094,0 85.217505,27.665091,0 85.217518,27.665086,0 85.217531,27.66508,0 85.217543,27.665075,0 85.217557,27.665068,0 85.217571,27.665063,0 85.217586,27.665056,0 85.217602,27.665049,0 85.217618,27.665041,0 85.217632,27.665031,0 85.217645,27.665021,0 85.217656,27.665008,0 85.217667,27.664997,0 85.217676,27.664985,0 85.217686,27.664973,0 85.217696,27.664961,0 85.217706,27.66495,0 85.217715,27.664939,0 85.217724,27.66493,0 85.217733,27.664922,0 85.217742,27.664915,0 85.21775,27.664908,0 85.217758,27.664902,0 85.217766,27.664895,0 85.217774,27.664887,0 85.217781,27.664878,0 85.217789,27.664868,0 85.217796,27.664857,0 85.217803,27.664844,0 85.217809,27.664832,0 85.217815,27.664818,0 85.217821,27.664806,0 85.217826,27.664796,0 85.217831,27.664787,0 85.217837,27.664779,0 85.21784,27.66477,0 85.217842,27.66476,0 85.217843,27.664751,0 85.217845,27.664743,0 85.217846,27.664736,0 85.217848,27.664729,0 85.217855,27.664708,0 85.217856,27.664707,0 85.217858,27.664705,0 85.217861,27.664702,0 85.217864,27.664699,0 85.217865,27.664696,0 85.217866,27.66469,0 85.217868,27.664682,0 85.217871,27.664673,0 85.217875,27.664664,0 85.217879,27.664655,0 85.217884,27.664647,0 85.217889,27.664638,0 85.217894,27.664631,0 85.217898,27.664624,0 85.217901,27.664619,0 85.217904,27.664612,0 85.217905,27.664605,0 85.217908,27.664596,0 85.217912,27.664588,0 85.217916,27.664579,0 85.21792,27.664569,0 85.217923,27.66456,0 85.217926,27.664549,0 85.21793,27.664539,0 85.217935,27.664528,0 85.217939,27.664516,0 85.217942,27.664505,0 85.217944,27.664494,0 85.217944,27.664485,0 85.217946,27.664475,0 85.217951,27.664464,0 85.217957,27.664452,0 85.217963,27.66444,0 85.217969,27.664427,0 85.217978,27.66441,0 85.217982,27.664404,0 85.217985,27.664398,0 85.217989,27.664393,0 85.217993,27.664387,0 85.217997,27.664381,0 85.218,27.664376,0 85.218004,27.66437,0 85.218008,27.664364,0 85.218011,27.664358,0 85.218015,27.664353,0 85.218018,27.664339,0 85.218014,27.664328,0 85.21801,27.664318,0 85.218007,27.664307,0 85.218003,27.664297,0 85.217999,27.664286,0 85.217995,27.664276,0 85.217991,27.664265,0 85.217987,27.664255,0 85.217983,27.664244,0 85.217979,27.664234,0 85.217975,27.664223,0 85.217971,27.664213,0 85.217967,27.664202,0 85.217964,27.664192,0 85.21796,27.664182,0 85.217956,27.664171,0 85.217952,27.664161,0 85.217948,27.66415,0 85.217944,27.66414,0 85.21794,27.664129,0 85.217936,27.664119,0 85.217932,27.664108,0 85.217928,27.664098,0 85.217924,27.664087,0 85.217921,27.664077,0 85.217917,27.664066,0 85.217913,27.664056,0 85.217909,27.664045,0 85.217905,27.664035,0 85.217901,27.664025,0 85.217897,27.664014,0 85.217893,27.664004,0 85.217889,27.663993,0 85.217885,27.663983,0 85.217881,27.663972,0 85.217877,27.663962,0 85.217874,27.663951,0 85.21787,27.663941,0 85.217866,27.66393,0 85.217862,27.66392,0 85.217858,27.663909,0 85.217854,27.663899,0 85.21785,27.663888,0 85.217846,27.663878,0 85.217842,27.663868,0 85.217838,27.663857,0 85.217834,27.663847,0 85.217831,27.663836,0 85.217827,27.663826,0 85.217823,27.663815,0 85.217819,27.663805,0 85.217815,27.663794,0 85.217811,27.663784,0 85.217807,27.663773,0 85.217803,27.663763,0 85.217799,27.663752,0 85.217795,27.663742,0 85.217791,27.663731,0 85.217788,27.663721,0 85.217772,27.6637,0 85.217765,27.663691,0 85.217757,27.663681,0 85.217749,27.663672,0 85.217742,27.663662,0 85.217734,27.663653,0 85.217726,27.663644,0 85.217718,27.663634,0 85.217711,27.663625,0 85.217703,27.663615,0 85.217695,27.663606,0 85.217688,27.663597,0 85.21768,27.663587,0 85.217672,27.663578,0 85.217664,27.663568,0 85.217657,27.663559,0 85.217649,27.663549,0 85.217641,27.66354,0 85.217634,27.663531,0 85.217626,27.663521,0 85.217618,27.663512,0 85.21761,27.663502,0 85.217603,27.663493,0 85.217595,27.663484,0 85.217587,27.663474,0 85.21758,27.663465,0 85.217572,27.663455,0 85.217564,27.663446,0 85.217556,27.663437,0 85.217549,27.663427,0 85.217541,27.663418,0 85.217533,27.663408,0 85.217526,27.663399,0 85.217518,27.66339,0 85.21751,27.66338,0 85.217502,27.663371,0 85.217495,27.663361,0 85.217487,27.663352,0 85.217479,27.663343,0 85.217472,27.663333,0 85.217464,27.663324,0 85.217456,27.663314,0 85.217448,27.663305,0 85.217441,27.663296,0 85.217433,27.663286,0 85.217425,27.663277,0 85.217418,27.663267,0 85.21741,27.663258,0 85.217402,27.663249,0 85.217394,27.663239,0 85.217387,27.66323,0 85.217379,27.66322,0 85.217371,27.663211,0 85.217364,27.663202,0 85.217356,27.663192,0 85.217348,27.663183,0 85.21734,27.663173,0 85.217333,27.663164,0 85.217325,27.663154,0 85.217317,27.663145,0 85.217314,27.663125,0 85.217315,27.663115,0 85.217316,27.663105,0 85.217317,27.663095,0 85.217318,27.663085,0 85.217319,27.663075,0 85.21732,27.663065,0 85.217321,27.663055,0 85.217322,27.663045,0 85.217323,27.663035,0 85.217323,27.663025,0 85.217324,27.663015,0 85.217325,27.663005,0 85.217326,27.662995,0 85.217327,27.662985,0 85.217328,27.662975,0 85.217329,27.662965,0 85.21733,27.662955,0 85.217331,27.662945,0 85.217332,27.662935,0 85.217333,27.662925,0 85.217334,27.662915,0 85.217335,27.662905,0 85.217336,27.662895,0 85.217337,27.662885,0 85.217338,27.662875,0 85.217339,27.662865,0 85.21734,27.662855,0 85.217341,27.662845,0 85.217342,27.662835,0 85.217343,27.662825,0 85.217344,27.662815,0 85.217345,27.662805,0 85.217346,27.662795,0 85.217347,27.662785,0 85.217348,27.662775,0 85.217349,27.662765,0 85.21735,27.662755,0 85.217351,27.662745,0 85.217352,27.662735,0 85.217353,27.662725,0 85.217354,27.662715,0 85.217355,27.662706,0 85.217356,27.662696,0 85.217357,27.662686,0 85.217358,27.662676,0 85.217359,27.662666,0 85.21736,27.662656,0 85.217361,27.662646,0 85.217362,27.662636,0 85.217363,27.662626,0 85.217364,27.662616,0 85.217365,27.662606,0 85.217366,27.662596,0 85.217367,27.662586,0 85.217368,27.662576,0 85.217369,27.662566,0 85.21737,27.662556,0 85.217371,27.662546,0 85.217372,27.662536,0 85.217394,27.662526,0 85.217403,27.662521,0 85.217413,27.662517,0 85.217423,27.662512,0 85.217433,27.662508,0 85.217443,27.662503,0 85.217453,27.662499,0 85.217472,27.662492,0 85.21748,27.662492,0 85.217487,27.662492,0 85.217495,27.662491,0 85.217502,27.662491,0 85.21751,27.662491,0 85.217517,27.66249,0 85.217525,27.66249,0 85.217532,27.66249,0 85.21754,27.662489,0 85.217547,27.662489,0 85.217554,27.662489,0 85.217562,27.662488,0 85.217569,27.662488,0 85.217577,27.662488,0 85.217584,27.662488,0 85.217592,27.662487,0 85.217599,27.662487,0 85.217607,27.662487,0 85.217614,27.662486,0 85.217622,27.662486,0 85.217629,27.662486,0 85.217637,27.662485,0 85.217644,27.662485,0 85.217651,27.662485,0 85.217659,27.662484,0 85.217666,27.662484,0 85.217674,27.662484,0 85.217681,27.662483,0 85.217689,27.662483,0 85.217696,27.662483,0 85.217704,27.662483,0 85.217711,27.662482,0 85.217719,27.662482,0 85.217726,27.662482,0 85.217734,27.662481,0 85.217741,27.662481,0 85.217748,27.662481,0 85.217756,27.66248,0 85.217763,27.66248,0 85.217771,27.66248,0 85.217778,27.662479,0 85.217786,27.662479,0 85.217793,27.662479,0 85.217801,27.662478,0 85.217808,27.662478,0 85.217816,27.662478,0 85.217823,27.662477,0 85.217831,27.662477,0 85.217838,27.662477,0 85.217845,27.662477,0 85.217853,27.662476,0 85.21786,27.662476,0 85.217868,27.662476,0 85.217875,27.662475,0 85.217883,27.662475,0 85.21789,27.662475,0 85.217898,27.662474,0 85.217905,27.662474,0 85.217913,27.662474,0 85.21792,27.662473,0 85.217928,27.662473,0 85.217935,27.662473,0 85.217942,27.662472,0 85.21795,27.662472,0 85.217957,27.662472,0 85.217965,27.662472,0 85.217972,27.662471,0 85.21798,27.662471,0 85.217987,27.662471,0 85.217995,27.66247,0 85.218002,27.66247,0 85.21801,27.66247,0 85.218017,27.662469,0 85.218025,27.662469,0 85.218032,27.662469,0 85.218039,27.662468,0 85.218047,27.662468,0 85.218054,27.662468,0 85.218062,27.662467,0 85.218069,27.662467,0 85.218073,27.662476,0 85.218076,27.66248,0 85.218078,27.662484,0 85.21808,27.662488,0 85.218082,27.662493,0 85.218084,27.662497,0 85.218086,27.662501,0 85.218089,27.662505,0 85.218091,27.662509,0 85.218093,27.662513,0 85.218095,27.662517,0 85.218097,27.662522,0 85.218099,27.662526,0 85.218102,27.66253,0 85.218104,27.662534,0 85.218106,27.662538,0 85.218108,27.662542,0 85.21811,27.662546,0 85.218113,27.662551,0 85.218115,27.662555,0 85.218117,27.662559,0 85.218119,27.662563,0 85.218121,27.662567,0 85.218123,27.662571,0 85.218126,27.662575,0 85.218128,27.66258,0 85.21813,27.662584,0 85.218132,27.662588,0 85.218134,27.662592,0 85.218136,27.662596,0 85.218139,27.6626,0 85.218141,27.662604,0 85.218143,27.662609,0 85.218145,27.662613,0 85.218147,27.662617,0 85.218149,27.662621,0 85.218152,27.662625,0 85.218154,27.662629,0 85.218156,27.662633,0 85.218158,27.662638,0 85.21816,27.662642,0 85.218162,27.662646,0 85.218165,27.66265,0 85.218167,27.662654,0 85.218169,27.662658,0 85.218171,27.662662,0 85.218173,27.662667,0 85.218175,27.662671,0 85.218178,27.662675,0 85.21818,27.662679,0 85.218182,27.662683,0 85.218184,27.662687,0 85.218186,27.662692,0 85.218188,27.662696,0 85.218191,27.6627,0 85.218193,27.662704,0 85.218195,27.662708,0 85.218197,27.662712,0 85.218199,27.662716,0 85.218201,27.662721,0 85.218217,27.662723,0 85.218222,27.662723,0 85.218227,27.662723,0 85.218232,27.662723,0 85.218236,27.662723,0 85.218241,27.662723,0 85.218246,27.662723,0 85.218251,27.662723,0 85.218256,27.662723,0 85.218261,27.662723,0 85.218266,27.662723,0 85.21827,27.662723,0 85.218275,27.662723,0 85.21828,27.662724,0 85.218285,27.662724,0 85.21829,27.662724,0 85.218295,27.662724,0 85.2183,27.662724,0 85.218305,27.662724,0 85.218309,27.662724,0 85.218314,27.662724,0 85.218319,27.662724,0 85.218324,27.662724,0 85.218329,27.662724,0 85.218334,27.662724,0 85.218339,27.662724,0 85.218343,27.662724,0 85.218348,27.662724,0 85.218353,27.662724,0 85.218358,27.662724,0 85.218363,27.662724,0 85.218368,27.662724,0 85.218373,27.662724,0 85.218377,27.662725,0 85.218382,27.662725,0 85.218387,27.662725,0 85.218392,27.662725,0 85.218397,27.662725,0 85.218402,27.662725,0 85.218407,27.662725,0 85.218411,27.662725,0 85.218416,27.662725,0 85.218421,27.662725,0 85.218426,27.662725,0 85.218431,27.662725,0 85.218436,27.662725,0 85.218441,27.662725,0 85.218445,27.662725,0 85.21845,27.662725,0 85.218455,27.662725,0 85.21846,27.662725,0 85.218465,27.662725,0 85.21847,27.662725,0 85.218475,27.662725,0 85.21848,27.662726,0 85.218484,27.662726,0 85.218489,27.662726,0 85.218494,27.662726,0 85.218499,27.662726,0 85.218504,27.662726,0 85.218509,27.662726,0 85.218514,27.662726,0 85.218518,27.662726,0 85.218523,27.662726,0 85.218528,27.662726,0 85.218533,27.662726,0 85.218538,27.662726,0 85.218543,27.662726,0 85.218548,27.662726,0 85.218552,27.662726,0 85.218557,27.662726,0 85.218562,27.662726,0 85.218567,27.662726,0 85.218572,27.662726,0 85.218577,27.662726,0 85.218582,27.662727,0 85.218586,27.662727,0 85.218591,27.662727,0 85.218596,27.662727,0 85.218601,27.662727,0 85.218606,27.662727,0 85.218611,27.662727,0 85.218616,27.662727,0 85.218621,27.662727,0 85.218625,27.662727,0 85.21863,27.662727,0 85.218635,27.662727,0 85.21864,27.662727,0 85.218645,27.662727,0 85.21865,27.662727,0 85.218655,27.662727,0 85.218659,27.662727,0 85.218664,27.662727,0 85.218669,27.662727,0 85.218674,27.662727,0 85.218679,27.662728,0 85.218684,27.662728,0 85.218689,27.662728,0 85.218693,27.662728,0 85.218698,27.662728,0 85.218703,27.662728,0 85.218708,27.662728,0 85.218713,27.662728,0 85.218718,27.662728,0 85.218723,27.662728,0 85.218727,27.662728,0 85.218732,27.662728,0 85.218737,27.662728,0 85.218742,27.662728,0 85.218747,27.662728,0 85.218748,27.662734,0 85.21875,27.66274,0 85.218751,27.662746,0 85.218753,27.662752,0 85.218754,27.662757,0 85.218751,27.662774,0 85.218749,27.662774,0 85.218747,27.662775,0 85.218746,27.662776,0 85.218744,27.662779,0 85.218743,27.662781,0 85.21874,27.662784,0 85.21874,27.662788,0 85.218741,27.662792,0 85.218742,27.662795,0 85.218745,27.662798,0 85.218749,27.6628,0 85.218755,27.6628,0 85.218761,27.662801,0 85.218766,27.662803,0 85.21877,27.662805,0 85.218772,27.662807,0 85.218774,27.66281,0 85.218777,27.662815,0 85.218779,27.66282,0 85.218782,27.662824,0 85.218786,27.662827,0 85.218791,27.662832,0 85.218791,27.662833,0 85.21879,27.662835,0 85.218793,27.662835,0 85.218798,27.662835,0 85.218807,27.662833,0 85.218814,27.662833,0 85.218819,27.662833,0 85.218829,27.662839,0 85.218829,27.662844,0 85.218829,27.662843,0 85.218829,27.662842,0 85.218836,27.66284,0 85.218837,27.66284,0 85.218844,27.662837,0 85.218845,27.662836,0 85.218846,27.662835,0 85.218848,27.662834,0 85.21885,27.662831,0 85.218854,27.66283,0 85.21886,27.662831,0 85.218864,27.662835,0 85.218867,27.662839,0 85.218867,27.662845,0 85.218866,27.66285,0 85.218864,27.662857,0 85.218864,27.662862,0 85.218863,27.662867,0 85.218861,27.662882,0 85.218862,27.662883,0 85.218868,27.66289,0 85.218869,27.662891,0 85.218872,27.662892,0 85.218874,27.662894,0 85.218876,27.662897,0 85.218877,27.662901,0 85.218877,27.662905,0 85.218883,27.66292,0 85.218884,27.662923,0 85.218885,27.662925,0 85.218888,27.662928,0 85.218898,27.662934,0 85.218901,27.662936,0 85.218905,27.66294,0 85.218909,27.662945,0 85.218914,27.66295,0 85.21892,27.662955,0 85.218927,27.662959,0 85.218934,27.662963,0 85.21894,27.662966,0 85.218945,27.662969,0 85.21895,27.662972,0 85.218953,27.662975,0 85.218957,27.662978,0 85.21896,27.662982,0 85.218964,27.662986,0 85.218968,27.662992,0 85.218974,27.662997,0 85.218991,27.663009,0 85.218992,27.663009,0 85.218996,27.663011,0 85.219001,27.663015,0 85.219005,27.663018,0 85.219009,27.663022,0 85.219014,27.663023,0 85.219018,27.663025,0 85.219022,27.663027,0 85.219025,27.663028,0 85.219029,27.663029,0 85.219034,27.66303,0 85.219038,27.663031,0 85.219043,27.663031,0 85.219049,27.663031,0 85.219056,27.66303,0 85.219064,27.663028,0 85.21907,27.663026,0 85.219076,27.663023,0 85.219082,27.663018,0 85.219087,27.663014,0 85.219093,27.663011,0 85.219098,27.663009,0 85.219103,27.663007,0 85.219109,27.663008,0 85.219114,27.663012,0 85.219116,27.663017,0 85.219117,27.663024,0 85.219116,27.663033,0 85.219116,27.66304,0 85.219116,27.663059,0 85.219111,27.66306,0 85.21911,27.663061,0 85.21911,27.663064,0 85.219112,27.663067,0 85.219114,27.663071,0 85.219116,27.663074,0 85.21912,27.663077,0 85.219124,27.663077,0 85.219129,27.663077,0 85.219134,27.663077,0 85.219138,27.663075,0 85.219142,27.663074,0 85.219146,27.663075,0 85.21915,27.663077,0 85.219153,27.663079,0 85.219156,27.663081,0 85.219159,27.663084,0 85.219163,27.663086,0 85.219168,27.663086,0 85.219173,27.663084,0 85.219174,27.663083,0 85.219174,27.663082,0 85.219174,27.663079,0 85.219176,27.663084,0 85.219177,27.663084,0 85.219179,27.663086,0 85.219183,27.663086,0 85.219188,27.663088,0 85.219196,27.663102,0 85.219196,27.663103,0 85.219197,27.663104,0 85.219198,27.663106,0 85.219201,27.663108,0 85.219205,27.663111,0 85.219208,27.663113,0 85.219213,27.663112,0 85.219218,27.66311,0 85.219234,27.663104,0 85.219235,27.663104,0 85.219238,27.663104,0 85.219242,27.663104,0 85.219246,27.663103,0 85.219249,27.663103,0 85.219251,27.663104,0 85.219251,27.663108,0 85.219252,27.663111,0 85.219256,27.663124,0 85.219256,27.663125,0 85.219257,27.663127,0 85.219259,27.663131,0 85.219261,27.663135,0 85.219263,27.663139,0 85.219264,27.663143,0 85.219266,27.663149,0 85.21927,27.663155,0 85.219275,27.663161,0 85.21928,27.663165,0 85.219285,27.663167,0 85.219289,27.663169,0 85.219292,27.66317,0 85.219296,27.66317,0 85.219299,27.66317,0 85.219303,27.663169,0 85.219306,27.663168,0 85.219311,27.663169,0 85.219315,27.663169,0 85.219331,27.66317,0 85.219333,27.663171,0 85.219336,27.663173,0 85.219341,27.663176,0 85.219346,27.663178,0 85.21935,27.663181,0 85.219364,27.663187,0 85.219365,27.663187,0 85.219367,27.663187,0 85.219369,27.663187,0 85.219372,27.663188,0 85.219376,27.66319,0 85.21938,27.663191,0 85.219385,27.663192,0 85.219388,27.663194,0 85.219392,27.663196,0 85.219396,27.663199,0 85.219399,27.663201,0 85.219402,27.663203,0 85.219405,27.663205,0 85.219406,27.663209,0 85.219407,27.663213,0 85.219408,27.663217,0 85.21941,27.663221,0 85.219412,27.663224,0 85.219418,27.663234,0 85.219423,27.663239,0 85.219422,27.663239,0 85.219422,27.663241,0 85.219422,27.663244,0 85.219422,27.663247,0 85.219423,27.663251,0 85.219425,27.663254,0 85.219427,27.663256,0 85.219436,27.663264,0 85.219437,27.663264,0 85.219438,27.663265,0 85.219441,27.663267,0 85.219444,27.663268,0 85.219447,27.663269,0 85.21945,27.663271,0 85.219452,27.663273,0 85.219459,27.663275,0 85.21946,27.663276,0 85.219459,27.663277,0 85.219459,27.663279,0 85.21946,27.663281,0 85.219461,27.663283,0 85.219462,27.663286,0 85.219465,27.663289,0 85.219467,27.66329,0 85.219476,27.663292,0 85.219477,27.663292,0 85.219478,27.663294,0 85.219481,27.6633,0 85.219481,27.663301,0 85.219488,27.6633,0 85.219499,27.663302,0 85.2195,27.663302,0 85.219501,27.663303,0 85.219511,27.663317,0 85.219518,27.66332,0 85.219521,27.663322,0 85.219524,27.663324,0 85.219531,27.663334,0 85.219533,27.663336,0 85.219537,27.663342,0 85.219542,27.663351,0 85.219549,27.663363,0 85.219558,27.663376,0 85.219568,27.66339,0 85.219578,27.663405,0 85.219589,27.66342,0 85.219604,27.663442,0 85.219609,27.663448,0 85.219614,27.663454,0 85.219619,27.663461,0 85.219624,27.663467,0 85.219629,27.663474,0 85.219634,27.66348,0 85.219639,27.663487,0 85.219644,27.663493,0 85.219649,27.6635,0 85.219654,27.663506,0 85.219658,27.663513,0 85.219663,27.663519,0 85.219668,27.663525,0 85.219673,27.663532,0 85.219678,27.663538,0 85.219683,27.663545,0 85.219688,27.663551,0 85.219693,27.663558,0 85.219698,27.663564,0 85.219703,27.663571,0 85.219708,27.663577,0 85.219713,27.663584,0 85.219717,27.66359,0 85.219722,27.663596,0 85.219727,27.663603,0 85.219732,27.663609,0 85.219737,27.663616,0 85.219742,27.663622,0 85.219747,27.663629,0 85.219752,27.663635,0 85.219757,27.663642,0 85.219762,27.663648,0 85.219767,27.663654,0 85.219772,27.663661,0 85.219776,27.663667,0 85.219781,27.663674,0 85.219786,27.66368,0 85.219791,27.663687,0 85.219796,27.663693,0 85.219801,27.6637,0 85.219806,27.663706,0 85.219811,27.663713,0 85.219816,27.663719,0 85.219821,27.663725,0 85.219826,27.663732,0 85.219831,27.663738,0 85.219835,27.663745,0 85.21984,27.663751,0 85.219845,27.663758,0 85.21985,27.663764,0 85.219855,27.663771,0 85.21986,27.663777,0 85.21987,27.663783,0 85.219874,27.663787,0 85.219878,27.66379,0 85.219882,27.663793,0 85.219886,27.663797,0 85.21989,27.6638,0 85.219894,27.663803,0 85.219898,27.663807,0 85.219902,27.66381,0 85.219906,27.663813,0 85.21991,27.663817,0 85.219914,27.66382,0 85.219918,27.663824,0 85.219922,27.663827,0 85.219926,27.66383,0 85.21993,27.663834,0 85.219935,27.663837,0 85.219939,27.66384,0 85.219943,27.663844,0 85.219947,27.663847,0 85.219951,27.66385,0 85.219955,27.663854,0 85.219959,27.663857,0 85.219963,27.663861,0 85.219967,27.663864,0 85.219971,27.663867,0 85.219975,27.663871,0 85.219979,27.663874,0 85.219983,27.663877,0 85.219987,27.663881,0 85.219991,27.663884,0 85.219995,27.663888,0 85.219999,27.663891,0 85.220003,27.663894,0 85.220007,27.663898,0 85.220011,27.663901,0 85.220015,27.663904,0 85.220019,27.663908,0 85.220024,27.663911,0 85.220028,27.663914,0 85.220032,27.663918,0 85.220036,27.663921,0 85.22004,27.663925,0 85.220044,27.663928,0 85.220048,27.663931,0 85.220052,27.663935,0 85.220056,27.663938,0 85.22006,27.663941,0 85.220064,27.663945,0 85.220068,27.663948,0 85.220072,27.663952,0 85.220076,27.663955,0 85.22008,27.663958,0 85.220084,27.663962,0 85.220088,27.663965,0 85.220092,27.663968,0 85.220096,27.663972,0 85.2201,27.663975,0 85.220104,27.663978,0 85.220107,27.663977,0 85.220108,27.663977,0 85.22011,27.663979,0 85.220113,27.663981,0 85.220116,27.663983,0 85.22012,27.663987,0 85.220123,27.66399,0 85.220126,27.663993,0 85.220129,27.663997,0 85.220133,27.664001,0 85.220139,27.664004,0 85.220146,27.664007,0 85.220153,27.66401,0 85.220158,27.664012,0 85.220163,27.664014,0 85.220167,27.664016,0 85.220169,27.664019,0 85.220174,27.664023,0 85.220179,27.664029,0 85.220182,27.664034,0 85.220193,27.66405,0 85.220192,27.664051,0 85.220192,27.664054,0 85.220194,27.664057,0 85.220198,27.664067,0 85.220198,27.664066,0 85.220201,27.664066,0 85.220204,27.664066,0 85.220208,27.664067,0 85.220212,27.664068,0 85.220216,27.664071,0 85.220222,27.664073,0 85.220228,27.664077,0 85.220232,27.66408,0 85.220246,27.664089,0 85.220248,27.664091,0 85.220251,27.6641,0 85.220254,27.664112,0 85.220259,27.664124,0 85.220263,27.664135,0 85.220267,27.664146,0 85.220272,27.664155,0 85.220276,27.664162,0 85.22028,27.664172,0 85.220282,27.664178,0 85.220286,27.6642,0 85.220286,27.664202,0 85.220287,27.664205,0 85.220289,27.664209,0 85.22029,27.664215,0 85.220293,27.664219,0 85.220295,27.664225,0 85.220296,27.66423,0 85.220297,27.664237,0 85.220298,27.664243,0 85.2203,27.664248,0 85.220301,27.664254,0 85.220304,27.66426,0 85.220308,27.664265,0 85.220312,27.66427,0 85.220317,27.664275,0 85.220321,27.664281,0 85.220324,27.664285,0 85.220329,27.664289,0 85.220333,27.664294,0 85.220336,27.664298,0 85.22034,27.664304,0 85.220343,27.664308,0 85.220347,27.664311,0 85.220364,27.66432,0 85.220365,27.664322,0 85.220368,27.664326,0 85.220373,27.664331,0 85.220376,27.664336,0 85.220379,27.664341,0 85.220381,27.664345,0 85.220381,27.66435,0 85.220386,27.66436,0 85.220386,27.664361,0 85.220387,27.664364,0 85.220389,27.664368,0 85.220391,27.664372,0 85.220394,27.664377,0 85.220396,27.664381,0 85.220399,27.664385,0 85.220402,27.664388,0 85.220404,27.664391,0 85.220408,27.664395,0 85.220412,27.664399,0 85.220414,27.664402,0 85.220414,27.664407,0 85.220414,27.664411,0 85.220414,27.664415,0 85.220415,27.664419,0 85.220416,27.664422,0 85.220415,27.664424,0 85.220414,27.664427,0 85.220414,27.664435,0 85.220419,27.664442,0 85.220422,27.664446,0 85.220427,27.664453,0 85.220433,27.664462,0 85.220439,27.664471,0 85.220446,27.664481,0 85.220453,27.664491,0 85.22046,27.664501,0 85.220467,27.664511,0 85.220473,27.664521,0 85.220479,27.664528,0 85.220485,27.664533,0 85.22049,27.664537,0 85.220501,27.664549,0 85.2205,27.664549,0 85.220498,27.664552,0 85.220498,27.664554,0 85.220501,27.664556,0 85.220504,27.66456,0 85.220514,27.664572,0 85.220511,27.664572,0 85.220511,27.664582,0 85.220513,27.664584,0 85.220519,27.664594,0 85.220522,27.664597,0 85.220527,27.664603,0 85.220533,27.664611,0 85.220538,27.66462,0 85.220544,27.66463,0 85.220549,27.66464,0 85.220556,27.664652,0 85.220566,27.664666,0 85.22058,27.664679,0 85.220593,27.664688,0 85.220605,27.664696,0 85.220614,27.664703,0 85.220621,27.664711,0 85.220626,27.66472,0 85.22063,27.664729,0 85.220632,27.664737,0 85.220636,27.664744,0 85.220639,27.664751,0 85.220643,27.664758,0 85.220646,27.664766,0 85.220649,27.664774,0 85.220652,27.664783,0 85.220655,27.664794,0 85.220659,27.664803,0 85.220662,27.664811,0 85.220667,27.664819,0 85.22067,27.664827,0 85.220675,27.664837,0 85.220679,27.664847,0 85.220684,27.664856,0 85.220688,27.664865,0 85.220691,27.664873,0 85.220695,27.66488,0 85.220697,27.664887,0 85.220697,27.664894,0 85.220698,27.664899,0 85.220698,27.664904,0 85.220698,27.664909,0 85.220696,27.664913,0 85.220696,27.664918,0 85.220696,27.664924,0 85.220697,27.664931,0 85.220697,27.664938,0 85.220697,27.664944,0 85.220698,27.66495,0 85.220706,27.664964,0 85.220707,27.664964,0 85.220709,27.664963,0 85.220711,27.664962,0 85.220714,27.664963,0 85.220715,27.664965,0 85.220721,27.664974,0 85.220721,27.664975,0 85.220721,27.664977,0 85.220723,27.66498,0 85.220727,27.664983,0 85.220733,27.664986,0 85.220739,27.664988,0 85.220745,27.664989,0 85.220758,27.664997,0 85.220759,27.664997,0 85.22076,27.664997,0 85.220766,27.664999,0 85.220767,27.665,0 85.220765,27.665004,0 85.220764,27.665009,0 85.220763,27.665014,0 85.220765,27.665018,0 85.220766,27.665022,0 85.220766,27.665026,0 85.220768,27.665032,0 85.220771,27.665039,0 85.220774,27.665047,0 85.220775,27.665054,0 85.22078,27.665071,0 85.220783,27.665069,0 85.220784,27.665069,0 85.220786,27.66507,0 85.22079,27.665071,0 85.220805,27.665082,0 85.220805,27.665085,0 85.220807,27.665091,0 85.22081,27.665097,0 85.220812,27.665105,0 85.220813,27.665114,0 85.220815,27.665125,0 85.220818,27.665137,0 85.220821,27.66515,0 85.220822,27.665162,0 85.220823,27.665173,0 85.220826,27.665182,0 85.220829,27.665189,0 85.220833,27.665197,0 85.220836,27.665204,0 85.220838,27.665211,0 85.220839,27.665219,0 85.22084,27.665226,0 85.22084,27.665232,0 85.22084,27.66524,0 85.220839,27.665247,0 85.220837,27.665256,0 85.220835,27.665263,0 85.220836,27.665269,0 85.220837,27.665274,0 85.220838,27.665278,0 85.220838,27.665282,0 85.220836,27.665299,0 85.220836,27.6653,0 85.220836,27.665302,0 85.220837,27.665304,0 85.220843,27.665311,0 85.220844,27.665312,0 85.220845,27.665314,0 85.220847,27.665317,0 85.220849,27.66532,0 85.220851,27.665323,0 85.220855,27.665325,0 85.220858,27.665328,0 85.220861,27.665333,0 85.220865,27.665338,0 85.220868,27.665343,0 85.220873,27.665346,0 85.220888,27.665357,0 85.220888,27.665358,0 85.220889,27.66536,0 85.22089,27.665362,0 85.220891,27.665365,0 85.220892,27.665367,0 85.220895,27.665368,0 85.220898,27.66537,0 85.220901,27.665371,0 85.220905,27.665373,0 85.220909,27.665375,0 85.220914,27.665378,0 85.220919,27.665381,0 85.220923,27.665383,0 85.220928,27.665387,0 85.220933,27.665391,0 85.220937,27.665394,0 85.220941,27.665398,0 85.220945,27.665401,0 85.220949,27.665404,0 85.220952,27.665408,0 85.220954,27.665411,0 85.220965,27.665424,0 85.220966,27.665425,0 85.220969,27.665428,0 85.220971,27.66543,0 85.220975,27.665431,0 85.220981,27.665441,0 85.22098,27.665444,0 85.220979,27.665449,0 85.220979,27.665455,0 85.22098,27.665461,0 85.220982,27.665465,0 85.220984,27.665471,0 85.220987,27.665476,0 85.220988,27.665482,0 85.220989,27.665488,0 85.22099,27.665493,0 85.22099,27.665498,0 85.220993,27.665517,0 85.220993,27.665519,0 85.220995,27.665521,0 85.220996,27.665524,0 85.220998,27.665528,0 85.221,27.665533,0 85.221002,27.665537,0 85.221002,27.665541,0 85.221002,27.665543,0 85.221008,27.665556,0 85.221008,27.665559,0 85.221007,27.665563,0 85.221007,27.665568,0 85.221008,27.665574,0 85.221009,27.66558,0 85.22101,27.665587,0 85.221011,27.665594,0 85.221013,27.665603,0 85.221016,27.665611,0 85.221018,27.665617,0 85.221021,27.665622,0 85.221026,27.665628,0 85.221029,27.665633,0 85.221031,27.665639,0 85.221032,27.665644,0 85.221031,27.665651,0 85.221028,27.665658,0 85.221025,27.665666,0 85.221023,27.665673,0 85.221022,27.665681,0 85.221022,27.66569,0 85.221021,27.665701,0 85.221017,27.665714,0 85.221011,27.66573,0 85.221008,27.665743,0 85.221009,27.665753,0 85.221013,27.665761,0 85.221017,27.665768,0 85.22102,27.665776,0 85.221024,27.665785,0 85.221027,27.665793,0 85.221033,27.6658,0 85.22104,27.665808,0 85.221047,27.665813,0 85.221055,27.66582,0 85.221064,27.665829,0 85.221071,27.665838,0 85.221076,27.665846,0 85.221088,27.665866,0 85.221087,27.665866,0 85.221087,27.665868,0 85.221085,27.665872,0 85.221085,27.665878,0 85.221083,27.665885,0 85.221083,27.665893,0 85.221084,27.665902,0 85.221086,27.665913,0 85.221093,27.665924,0 85.221102,27.665933,0 85.221112,27.665941,0 85.221123,27.665949,0 85.221133,27.665957,0 85.221141,27.665965,0 85.221145,27.665973,0 85.221149,27.66598,0 85.221152,27.665986,0 85.221156,27.665989,0 85.221159,27.665993,0 85.221161,27.665997,0 85.221164,27.666001,0 85.221166,27.666005,0 85.221167,27.666011,0 85.221169,27.666017,0 85.221171,27.666023,0 85.221176,27.666029,0 85.221183,27.666037,0 85.221189,27.666043,0 85.221195,27.666049,0 85.221199,27.666056,0 85.221204,27.666061,0 85.22121,27.666068,0 85.221218,27.666078,0 85.221228,27.666089,0 85.221238,27.666101,0 85.221248,27.666114,0 85.221254,27.666125,0 85.221258,27.666136,0 85.221262,27.666146,0 85.221264,27.666155,0 85.221267,27.666163,0 85.221269,27.666171,0 85.221271,27.666178,0 85.221273,27.666186,0 85.221274,27.666193,0 85.221274,27.666202,0 85.221274,27.666211,0 85.221274,27.666219,0 85.221273,27.666226,0 85.221273,27.666232,0 85.221272,27.666238,0 85.221273,27.666246,0 85.221275,27.666252,0 85.221277,27.666258,0 85.221279,27.666266,0 85.221281,27.666273,0 85.221282,27.66628,0 85.221281,27.666286,0 85.22128,27.666293,0 85.221279,27.666301,0 85.221278,27.666308,0 85.221279,27.666316,0 85.22128,27.666322,0 85.221278,27.666337,0 85.221277,27.666337,0 85.221275,27.666338,0 85.221275,27.666339,0 85.221275,27.666347,0 85.221274,27.666349,0 85.221274,27.666352,0 85.221274,27.666356,0 85.221274,27.666362,0 85.221274,27.666369,0 85.221275,27.666375,0 85.221277,27.666381,0 85.221279,27.666387,0 85.221281,27.666393,0 85.221287,27.6664,0 85.221292,27.666407,0 85.221293,27.666412,0 85.221292,27.666417,0 85.221287,27.666422,0 85.221284,27.666428,0 85.221283,27.666435,0 85.221283,27.666443,0 85.221283,27.666454,0 85.221284,27.666465,0 85.221285,27.666476,0 85.221285,27.666486,0 85.221284,27.666494,0 85.221284,27.666502,0 85.221285,27.666509,0 85.221287,27.666515,0 85.221289,27.66652,0 85.221291,27.666524,0 85.221294,27.666526,0 85.221299,27.666527,0 85.221302,27.66653,0 85.221307,27.666534,0 85.221313,27.666542,0 85.221319,27.666551,0 85.221325,27.666564,0 85.22133,27.666577,0 85.221334,27.666588,0 85.221338,27.666595,0 85.221343,27.6666,0 85.221347,27.666604,0 85.221351,27.666609,0 85.221354,27.666612,0 85.221356,27.666615,0 85.221359,27.666617,0 85.221372,27.666629,0 85.221373,27.666632,0 85.221376,27.666638,0 85.22138,27.666645,0 85.221385,27.666654,0 85.221389,27.666665,0 85.221394,27.666675,0 85.221399,27.666684,0 85.221405,27.666692,0 85.221412,27.6667,0 85.221418,27.666708,0 85.221424,27.666715,0 85.221428,27.666724,0 85.221433,27.666732,0 85.221436,27.66674,0 85.22144,27.666747,0 85.221444,27.666755,0 85.221449,27.666763,0 85.221452,27.666771,0 85.221455,27.666779,0 85.221455,27.666788,0 85.221457,27.666798,0 85.221459,27.666809,0 85.221461,27.66682,0 85.221463,27.666831,0 85.221464,27.666842,0 85.221463,27.666853,0 85.221464,27.666862,0 85.221466,27.666871,0 85.221469,27.666879,0 85.221471,27.666888,0 85.221471,27.666896,0 85.22147,27.666904,0 85.221468,27.666912,0 85.221466,27.666918,0 85.221463,27.666924,0 85.221459,27.666931,0 85.221456,27.666939,0 85.22145,27.666948,0 85.221446,27.666955,0 85.221444,27.666961,0 85.221442,27.666967,0 85.221441,27.666972,0 85.221439,27.666979,0 85.221439,27.666985,0 85.221439,27.666991,0 85.221439,27.666997,0 85.22144,27.667002,0 85.221442,27.667009,0 85.221442,27.667008,0 85.221443,27.667012,0 85.22145,27.667016,0 85.221451,27.667016,0 85.221458,27.667022,0 85.221462,27.667025,0 85.221468,27.66703,0 85.221476,27.667035,0 85.221483,27.667041,0 85.221488,27.667049,0 85.221492,27.667058,0 85.221495,27.667066,0 85.221496,27.667074,0 85.221496,27.667079,0 85.221495,27.667084,0 85.221492,27.667088,0 85.221487,27.667091,0 85.221484,27.667095,0 85.221479,27.667099,0 85.221474,27.667105,0 85.221472,27.667109,0 85.221473,27.667122,0 85.221474,27.667122,0 85.221475,27.667122,0 85.22148,27.667127,0 85.221481,27.667129,0 85.221483,27.667132,0 85.221486,27.667136,0 85.221489,27.66714,0 85.221492,27.667145,0 85.221495,27.66715,0 85.221498,27.667153,0 85.22151,27.667164,0 85.221511,27.667165,0 85.221512,27.667167,0 85.221513,27.667169,0 85.221515,27.667171,0 85.221518,27.667173,0 85.22152,27.667174,0 85.221523,27.667177,0 85.221525,27.66718,0 85.221528,27.667182,0 85.221531,27.667184,0 85.221534,27.667188,0 85.221538,27.667191,0 85.221542,27.667196,0 85.221545,27.6672,0 85.221553,27.667216,0 85.221554,27.667218,0 85.221555,27.667221,0 85.221558,27.667226,0 85.221561,27.667232,0 85.221563,27.667239,0 85.221561,27.667245,0 85.221558,27.667251,0 85.221555,27.667258,0 85.221552,27.667264,0 85.221551,27.667271,0 85.221551,27.667276,0 85.221553,27.66728,0 85.221557,27.667285,0 85.221564,27.667289,0 85.221571,27.667293,0 85.221578,27.667296,0 85.221586,27.667298,0 85.221597,27.667299,0 85.221606,27.667302,0 85.221614,27.667306,0 85.221621,27.667309,0 85.221626,27.667312,0 85.221631,27.667314,0 85.221645,27.667321,0 85.221646,27.667321,0 85.221648,27.667321,0 85.22165,27.667324,0 85.221653,27.667326,0 85.221655,27.66733,0 85.221657,27.667333,0 85.221659,27.667337,0 85.221661,27.667341,0 85.221665,27.667345,0 85.221671,27.667349,0 85.221676,27.667352,0 85.22168,27.667354,0 85.221684,27.667356,0 85.221687,27.667358,0 85.22169,27.667361,0 85.221692,27.667363,0 85.221695,27.667366,0 85.221707,27.667374,0 85.221717,27.667376,0 85.221719,27.667377,0 85.22172,27.667378,0 85.22173,27.667391,0 85.221731,27.667391,0 85.221735,27.667394,0 85.221738,27.667399,0 85.22174,27.667403,0 85.22174,27.667411,0 85.221747,27.667414,0 85.221749,27.667415,0 85.221754,27.667419,0 85.22176,27.667421,0 85.221767,27.667424,0 85.221773,27.667428,0 85.221777,27.667431,0 85.221781,27.667434,0 85.221783,27.667439,0 85.221784,27.667444,0 85.221785,27.66745,0 85.221788,27.667456,0 85.22179,27.667461,0 85.221793,27.667467,0 85.221794,27.667474,0 85.221796,27.66748,0 85.221799,27.667485,0 85.2218,27.667491,0 85.221804,27.667498,0 85.221806,27.667505,0 85.221808,27.667511,0 85.22181,27.667517,0 85.221811,27.667524,0 85.221811,27.667531,0 85.22181,27.667537,0 85.221808,27.667543,0 85.221808,27.667548,0 85.221808,27.667552,0 85.221809,27.667555,0 85.221811,27.667559,0 85.221815,27.667562,0 85.221819,27.667565,0 85.221824,27.667569,0 85.22183,27.667573,0 85.221836,27.667577,0 85.221841,27.667581,0 85.221847,27.667587,0 85.221853,27.667593,0 85.22186,27.667598,0 85.221866,27.667602,0 85.221871,27.667606,0 85.221877,27.667611,0 85.221881,27.667617,0 85.221884,27.667626,0 85.221887,27.667633,0 85.22189,27.66764,0 85.221895,27.667652,0 85.221895,27.667661,0 85.221895,27.667663,0 85.2219,27.667676,0 85.221902,27.667677,0 85.221907,27.667681,0 85.221914,27.667685,0 85.221921,27.667691,0 85.221927,27.667699,0 85.221932,27.667706,0 85.221937,27.667711,0 85.22194,27.667717,0 85.221945,27.667723,0 85.22195,27.667729,0 85.221955,27.667738,0 85.22196,27.667747,0 85.221967,27.667759,0 85.221974,27.667766,0 85.221982,27.667774,0 85.22199,27.667781,0 85.221997,27.667785,0 85.222002,27.667789,0 85.222007,27.667792,0 85.222013,27.667795,0 85.222019,27.667797,0 85.222026,27.667801,0 85.222032,27.667805,0 85.222036,27.667808,0 85.222039,27.667812,0 85.222042,27.667816,0 85.222052,27.667829,0 85.222054,27.66783,0 85.222057,27.667829,0 85.22206,27.667829,0 85.222064,27.667829,0 85.222069,27.667829,0 85.222073,27.667828,0 85.222076,27.667825,0 85.222078,27.667822,0 85.22208,27.667821,0 85.222082,27.667822,0 85.222088,27.667824,0 85.222094,27.667826,0 85.2221,27.667828,0 85.222106,27.66783,0 85.222112,27.667834,0 85.222118,27.667837,0 85.222122,27.66784,0 85.222128,27.667844,0 85.222135,27.667848,0 85.222141,27.667851,0 85.222147,27.667854,0 85.222151,27.667857,0 85.222154,27.667861,0 85.222157,27.667866,0 85.222159,27.66787,0 85.222162,27.667874,0 85.222164,27.667876,0 85.222167,27.667882,0 85.222171,27.667889,0 85.222176,27.667899,0 85.22218,27.667908,0 85.222185,27.667915,0 85.222188,27.667921,0 85.222192,27.667925,0 85.2222,27.667929,0 85.22221,27.667933,0 85.222221,27.667937,0 85.222233,27.66794,0 85.222244,27.667943,0 85.222256,27.667944,0 85.222266,27.667945,0 85.222274,27.667947,0 85.22228,27.667948,0 85.222287,27.667949,0 85.222292,27.667949,0 85.2223,27.667952,0 85.222304,27.667954,0 85.222308,27.667957,0 85.222312,27.66796,0 85.222316,27.667962,0 85.22232,27.667965,0 85.222324,27.667968,0 85.222328,27.66797,0 85.222332,27.667973,0 85.222336,27.667976,0 85.22234,27.667979,0 85.222344,27.667981,0 85.222347,27.667984,0 85.222351,27.667987,0 85.222355,27.667989,0 85.222359,27.667992,0 85.222363,27.667995,0 85.222367,27.667997,0 85.222371,27.668,0 85.222375,27.668003,0 85.222379,27.668006,0 85.222383,27.668008,0 85.222387,27.668011,0 85.222391,27.668014,0 85.222395,27.668016,0 85.222399,27.668019,0 85.222403,27.668022,0 85.222407,27.668024,0 85.222411,27.668027,0 85.222415,27.66803,0 85.222419,27.668033,0 85.222423,27.668035,0 85.222426,27.668038,0 85.22243,27.668041,0 85.222434,27.668043,0 85.222438,27.668046,0 85.222442,27.668049,0 85.222446,27.668051,0 85.22245,27.668054,0 85.222454,27.668057,0 85.222458,27.66806,0 85.222462,27.668062,0 85.222466,27.668065,0 85.22247,27.668068,0 85.222474,27.66807,0 85.222478,27.668073,0 85.222482,27.668076,0 85.222486,27.668078,0 85.22249,27.668081,0 85.222494,27.668084,0 85.222498,27.668087,0 85.222502,27.668089,0 85.222505,27.668092,0 85.222509,27.668095,0 85.222513,27.668097,0 85.222517,27.6681,0 85.222521,27.668103,0 85.222525,27.668105,0 85.222529,27.668108,0 85.222533,27.668111,0 85.222537,27.668113,0 85.222541,27.668116,0 85.222545,27.668119,0 85.222549,27.668122,0 85.222553,27.668124,0 85.222557,27.668127,0 85.222561,27.66813,0 85.222565,27.668132,0 85.222569,27.668135,0 85.222573,27.668138,0 85.222577,27.66814,0 85.222581,27.668143,0 85.222584,27.668146,0 85.222588,27.668149,0 85.222592,27.668151,0 85.222596,27.668154,0 85.2226,27.668157,0 85.222604,27.668159,0 85.222608,27.668162,0 85.222612,27.668165,0 85.222616,27.668167,0 85.22262,27.66817,0 85.222624,27.668173,0 85.222628,27.668176,0 85.222632,27.668178,0 85.222637,27.668186,0 85.222643,27.668189,0 85.22265,27.668192,0 85.222657,27.668194,0 85.222663,27.668197,0 85.22267,27.668199,0 85.222676,27.668202,0 85.222683,27.668204,0 85.222689,27.668207,0 85.222696,27.66821,0 85.222703,27.668212,0 85.222709,27.668215,0 85.222716,27.668217,0 85.222722,27.66822,0 85.222729,27.668222,0 85.222736,27.668225,0 85.222742,27.668227,0 85.222749,27.66823,0 85.222755,27.668233,0 85.222762,27.668235,0 85.222769,27.668238,0 85.222775,27.66824,0 85.222782,27.668243,0 85.222788,27.668245,0 85.222795,27.668248,0 85.222801,27.668251,0 85.222808,27.668253,0 85.222815,27.668256,0 85.222821,27.668258,0 85.222828,27.668261,0 85.222834,27.668263,0 85.222841,27.668266,0 85.222848,27.668269,0 85.222854,27.668271,0 85.222861,27.668274,0 85.222867,27.668276,0 85.222874,27.668279,0 85.222881,27.668281,0 85.222889,27.668283,0 85.222897,27.668284,0 85.222905,27.668286,0 85.222915,27.668287,0 85.222925,27.668288,0 85.222937,27.668289,0 85.222948,27.668291,0 85.222961,27.668293,0 85.222974,27.668295,0 85.222986,27.668299,0 85.222998,27.668303,0 85.22301,27.668307,0 85.223025,27.668311,0 85.22304,27.668313,0 85.223055,27.668315,0 85.223069,27.668317,0 85.223082,27.66832,0 85.223095,27.668324,0 85.223106,27.668329,0 85.223118,27.668334,0 85.22313,27.668338,0 85.223141,27.668342,0 85.223151,27.668346,0 85.223162,27.668351,0 85.223173,27.668356,0 85.223184,27.668361,0 85.223192,27.668369,0 85.223199,27.668378,0 85.223204,27.668387,0 85.223209,27.668395,0 85.223214,27.668404,0 85.223221,27.668415,0 85.223228,27.668425,0 85.223235,27.668433,0 85.223242,27.66844,0 85.223248,27.668447,0 85.223253,27.668454,0 85.223264,27.668472,0 85.223265,27.668472,0 85.223267,27.668471,0 85.223268,27.668471,0 85.223274,27.668472,0 85.223274,27.668473,0 85.223277,27.668481,0 85.223278,27.668483,0 85.223279,27.668482,0 85.223283,27.668483,0 85.223289,27.668485,0 85.223295,27.668486,0 85.223299,27.668488,0 85.223303,27.668489,0 85.22331,27.668492,0 85.223317,27.668495,0 85.223324,27.668497,0 85.22333,27.668499,0 85.223339,27.668504,0 85.223348,27.668509,0 85.223354,27.668515,0 85.223361,27.668519,0 85.223367,27.668521,0 85.223372,27.668522,0 85.223377,27.668525,0 85.223383,27.668526,0 85.223389,27.668528,0 85.223393,27.668531,0 85.223397,27.668535,0 85.223401,27.668541,0 85.223401,27.668549,0 85.223401,27.668556,0 85.223402,27.668562,0 85.223406,27.668568,0 85.223413,27.668575,0 85.223419,27.668582,0 85.223424,27.668588,0 85.223428,27.668596,0 85.223432,27.668603,0 85.223436,27.66861,0 85.223439,27.668618,0 85.223444,27.668627,0 85.223448,27.668636,0 85.223454,27.668644,0 85.223459,27.668651,0 85.223463,27.668657,0 85.223468,27.668663,0 85.223473,27.668668,0 85.223478,27.668675,0 85.223483,27.668682,0 85.223489,27.668688,0 85.223495,27.668694,0 85.223501,27.668701,0 85.223508,27.668708,0 85.223516,27.668715,0 85.223523,27.668723,0 85.223531,27.66873,0 85.223539,27.668737,0 85.223546,27.668744,0 85.223553,27.668752,0 85.22356,27.668761,0 85.223566,27.668769,0 85.223572,27.668778,0 85.223576,27.668787,0 85.22358,27.668797,0 85.223585,27.668807,0 85.223589,27.668816,0 85.223594,27.668825,0 85.2236,27.668834,0 85.223606,27.668843,0 85.223612,27.668852,0 85.223616,27.668861,0 85.22362,27.668867,0 85.223624,27.668872,0 85.223628,27.668877,0 85.223631,27.668881,0 85.223635,27.668886,0 85.223637,27.66889,0 85.223639,27.668895,0 85.223647,27.668906,0 85.223649,27.668911,0 85.22365,27.668912,0 85.223652,27.668916,0 85.223655,27.668922,0 85.22366,27.66893,0 85.223665,27.668938,0 85.22367,27.668945,0 85.223676,27.668953,0 85.223683,27.66896,0 85.223689,27.668969,0 85.223695,27.668979,0 85.223701,27.668989,0 85.223708,27.668999,0 85.223715,27.669008,0 85.223722,27.669016,0 85.22373,27.669024,0 85.223738,27.669033,0 85.223747,27.66904,0 85.223755,27.669047,0 85.223763,27.669054,0 85.223769,27.669059,0 85.223777,27.669064,0 85.223785,27.669069,0 85.223794,27.669074,0 85.223801,27.669081,0 85.223809,27.669087,0 85.223816,27.669094,0 85.223823,27.6691,0 85.22383,27.669106,0 85.223837,27.66911,0 85.223844,27.669114,0 85.223852,27.669118,0 85.22386,27.669121,0 85.223871,27.669124,0 85.223881,27.669128,0 85.223891,27.669132,0 85.2239,27.669136,0 85.22391,27.66914,0 85.223918,27.669145,0 85.223926,27.669151,0 85.223935,27.669157,0 85.223944,27.669163,0 85.223952,27.669168,0 85.223959,27.669172,0 85.223966,27.669175,0 85.223972,27.669179,0 85.223977,27.669184,0 85.223983,27.669189,0 85.223988,27.669193,0 85.223994,27.669197,0 85.224,27.669201,0 85.224006,27.669204,0 85.224012,27.66921,0 85.224017,27.669215,0 85.224022,27.669219,0 85.224026,27.669224,0 85.224031,27.669228,0 85.224036,27.669231,0 85.22404,27.669234,0 85.224045,27.669236,0 85.22405,27.669238,0 85.224056,27.669241,0 85.224064,27.669244,0 85.224071,27.669247,0 85.224079,27.66925,0 85.224087,27.669253,0 85.224096,27.669258,0 85.224104,27.669261,0 85.224119,27.669265,0 85.224125,27.669268,0 85.224132,27.66927,0 85.224138,27.669272,0 85.224145,27.669274,0 85.224151,27.669276,0 85.224158,27.669278,0 85.224165,27.66928,0 85.224171,27.669282,0 85.224178,27.669284,0 85.224184,27.669286,0 85.224191,27.669288,0 85.224197,27.669291,0 85.224204,27.669293,0 85.22421,27.669295,0 85.224217,27.669297,0 85.224223,27.669299,0 85.22423,27.669301,0 85.224236,27.669303,0 85.224243,27.669305,0 85.224249,27.669307,0 85.224256,27.669309,0 85.224263,27.669311,0 85.224269,27.669313,0 85.224276,27.669316,0 85.224282,27.669318,0 85.224289,27.66932,0 85.224295,27.669322,0 85.224302,27.669324,0 85.224308,27.669326,0 85.224315,27.669328,0 85.224321,27.66933,0 85.224328,27.669332,0 85.224334,27.669334,0 85.224341,27.669336,0 85.224348,27.669339,0 85.224354,27.669341,0 85.224361,27.669343,0 85.224367,27.669345,0 85.224374,27.669347,0 85.22438,27.669349,0 85.224387,27.669351,0 85.224393,27.669353,0 85.2244,27.669355,0 85.224406,27.669357,0 85.224413,27.669359,0 85.224419,27.669361,0 85.224426,27.669364,0 85.224433,27.669366,0 85.224439,27.669368,0 85.224446,27.66937,0 85.224452,27.669372,0 85.224459,27.669374,0 85.224465,27.669376,0 85.224472,27.669378,0 85.224478,27.66938,0 85.224485,27.669382,0 85.224491,27.669384,0 85.224498,27.669387,0 85.224504,27.669389,0 85.224511,27.669391,0 85.224518,27.669393,0 85.224524,27.669395,0 85.224531,27.669397,0 85.224537,27.669399,0 85.224544,27.669401,0 85.22455,27.669403,0 85.224557,27.669405,0 85.224563,27.669407,0 85.22457,27.66941,0 85.224576,27.669412,0 85.224583,27.669414,0 85.224589,27.669416,0 85.224596,27.669418,0 85.224603,27.66942,0 85.224609,27.669422,0 85.224616,27.669424,0 85.224622,27.669426,0 85.224629,27.669428,0 85.224635,27.66943,0 85.224642,27.669432,0 85.224648,27.669435,0 85.224655,27.669437,0 85.224661,27.669439,0 85.224668,27.669441,0 85.224674,27.669443,0 85.224681,27.669445,0 85.224687,27.669447,0 85.224694,27.669449,0 85.224701,27.669451,0 85.224707,27.669453,0 85.224714,27.669455,0 85.22472,27.669458,0 85.224727,27.66946,0 85.224733,27.669462,0 85.22474,27.669464,0 85.224746,27.669466,0 85.224753,27.669468,0 85.224759,27.66947,0 85.224766,27.669472,0 85.224772,27.669474,0 85.224779,27.669476,0 85.224786,27.669478,0 85.2248,27.669484,0 85.224806,27.669487,0 85.224813,27.669491,0 85.224819,27.669495,0 85.224826,27.669498,0 85.224832,27.669502,0 85.224839,27.669505,0 85.224846,27.669509,0 85.224852,27.669513,0 85.224859,27.669516,0 85.224865,27.66952,0 85.224872,27.669523,0 85.224878,27.669527,0 85.224888,27.669537,0 85.224893,27.669543,0 85.224898,27.66955,0 85.224903,27.669556,0 85.224908,27.669562,0 85.224914,27.669568,0 85.224919,27.669574,0 85.224924,27.66958,0 85.224929,27.669587,0 85.224934,27.669593,0 85.224939,27.669599,0 85.224944,27.669605,0 85.224949,27.669611,0 85.224954,27.669617,0 85.224959,27.669624,0 85.224964,27.66963,0 85.224969,27.669636,0 85.224974,27.669642,0 85.224979,27.669648,0 85.224984,27.669654,0 85.224989,27.669661,0 85.224994,27.669667,0 85.224999,27.669673,0 85.225004,27.669679,0 85.225009,27.669685,0 85.225015,27.669692,0 85.22502,27.669698,0 85.225025,27.669704,0 85.22503,27.66971,0 85.225035,27.669716,0 85.22504,27.669722,0 85.225045,27.669729,0 85.22505,27.669735,0 85.225055,27.669741,0 85.22506,27.669747,0 85.225065,27.669753,0 85.22507,27.669759,0 85.225075,27.669766,0 85.22508,27.669772,0 85.225085,27.669778,0 85.22509,27.669784,0 85.225095,27.66979,0 85.2251,27.669796,0 85.225105,27.669803,0 85.22511,27.669809,0 85.225116,27.669815,0 85.225121,27.669821,0 85.225128,27.669825,0 85.225136,27.669828,0 85.225143,27.669832,0 85.22515,27.669835,0 85.225157,27.669839,0 85.225163,27.669843,0 85.225169,27.669849,0 85.225175,27.669855,0 85.225183,27.669861,0 85.22519,27.669867,0 85.225197,27.669872,0 85.225204,27.669877,0 85.22521,27.669883,0 85.225217,27.669887,0 85.225222,27.669892,0 85.225228,27.669896,0 85.225234,27.6699,0 85.225239,27.669905,0 85.225244,27.66991,0 85.225248,27.669915,0 85.225253,27.669921,0 85.225257,27.669928,0 85.225261,27.669934,0 85.225266,27.669942,0 85.225271,27.66995,0 85.225276,27.669959,0 85.225281,27.669967,0 85.225286,27.669975,0 85.225291,27.669983,0 85.225295,27.669991,0 85.225299,27.670001,0 85.225303,27.670011,0 85.225309,27.670019,0 85.225316,27.670027,0 85.225321,27.670033,0 85.225328,27.67004,0 85.225334,27.670046,0 85.22534,27.670052,0 85.225346,27.670058,0 85.225352,27.670065,0 85.225359,27.670072,0 85.225366,27.670078,0 85.225373,27.670086,0 85.225378,27.670093,0 85.225383,27.670101,0 85.225388,27.670107,0 85.225394,27.670113,0 85.2254,27.670118,0 85.225406,27.670125,0 85.225412,27.670132,0 85.225418,27.670138,0 85.225424,27.670143,0 85.22543,27.670148,0 85.225436,27.670153,0 85.225442,27.670157,0 85.225447,27.670162,0 85.225453,27.670167,0 85.225458,27.670172,0 85.225464,27.670179,0 85.22547,27.670187,0 85.225475,27.670196,0 85.22548,27.670204,0 85.225487,27.670213,0 85.225494,27.670221,0 85.225503,27.670229,0 85.225512,27.670237,0 85.225521,27.670243,0 85.225532,27.670251,0 85.225543,27.670258,0 85.225555,27.670263,0 85.225567,27.670267,0 85.225579,27.670268,0 85.225592,27.670267,0 85.225604,27.670266,0 85.225615,27.670264,0 85.225626,27.670262,0 85.225635,27.670258,0 85.225643,27.670253,0 85.225651,27.670246,0 85.225657,27.670238,0 85.225663,27.670229,0 85.225669,27.67022,0 85.225673,27.670211,0 85.225678,27.670203,0 85.225684,27.670195,0 85.22569,27.670188,0 85.225694,27.67018,0 85.225698,27.670171,0 85.225702,27.670162,0 85.225704,27.670152,0 85.225707,27.670142,0 85.225709,27.67013,0 85.225712,27.670117,0 85.225715,27.670105,0 85.225719,27.670092,0 85.225721,27.670079,0 85.225723,27.670067,0 85.225727,27.670054,0 85.225731,27.670043,0 85.225737,27.670033,0 85.225743,27.670024,0 85.225749,27.670017,0 85.225757,27.670011,0 85.225765,27.670008,0 85.225774,27.670005,0 85.225784,27.670004,0 85.225795,27.670003,0 85.225807,27.670004,0 85.225819,27.670006,0 85.225831,27.670009,0 85.225843,27.670013,0 85.225854,27.670017,0 85.225865,27.670021,0 85.225875,27.670026,0 85.225884,27.670032,0 85.225894,27.670038,0 85.225903,27.670044,0 85.225912,27.67005,0 85.225922,27.670056,0 85.225931,27.670062,0 85.22594,27.670069,0 85.225949,27.670077,0 85.225958,27.670085,0 85.225967,27.670092,0 85.225976,27.670098,0 85.225985,27.670104,0 85.225994,27.670111,0 85.226002,27.670119,0 85.22601,27.670126,0 85.226017,27.670134,0 85.226024,27.670141,0 85.226031,27.67015,0 85.226039,27.670158,0 85.226047,27.670168,0 85.226054,27.670179,0 85.22606,27.67019,0 85.226066,27.670202,0 85.226072,27.670212,0 85.226079,27.670222,0 85.226087,27.67023,0 85.226095,27.670237,0 85.226104,27.670245,0 85.226112,27.670253,0 85.226122,27.67026,0 85.22613,27.670268,0 85.226138,27.670276,0 85.226147,27.670282,0 85.226155,27.670288,0 85.226163,27.670294,0 85.226171,27.6703,0 85.226178,27.670305,0 85.226186,27.670311,0 85.226194,27.670316,0 85.226201,27.670322,0 85.226209,27.670327,0 85.226215,27.670332,0 85.226221,27.670338,0 85.226226,27.670344,0 85.226231,27.67035,0 85.226235,27.670355,0 85.226239,27.670362,0 85.226244,27.67037,0 85.226249,27.670377,0 85.226255,27.670384,0 85.226261,27.67039,0 85.226267,27.670396,0 85.226272,27.670402,0 85.226277,27.670408,0 85.226281,27.670415,0 85.226285,27.670422,0 85.226291,27.670428,0 85.226297,27.670436,0 85.226302,27.670443,0 85.226307,27.670451,0 85.226312,27.670459,0 85.226317,27.670467,0 85.226324,27.670477,0 85.22633,27.670487,0 85.226337,27.670496,0 85.226343,27.670505,0 85.22635,27.670514,0 85.226357,27.670523,0 85.226364,27.670531,0 85.22637,27.670539,0 85.226375,27.670547,0 85.22638,27.670557,0 85.226384,27.670566,0 85.226388,27.670574,0 85.226392,27.670583,0 85.226396,27.670592,0 85.226401,27.6706,0 85.226406,27.670609,0 85.226409,27.670616,0 85.226413,27.670625,0 85.226416,27.670635,0 85.226418,27.670644,0 85.22642,27.670653,0 85.226422,27.67066,0 85.226424,27.670667,0 85.226427,27.670673,0 85.22643,27.670681,0 85.226432,27.67069,0 85.226434,27.670701,0 85.226437,27.670711,0 85.226441,27.670721,0 85.226444,27.670732,0 85.226447,27.670742,0 85.226451,27.67075,0 85.226455,27.670759,0 85.22646,27.670768,0 85.226465,27.670778,0 85.22647,27.670787,0 85.226476,27.670796,0 85.226483,27.670805,0 85.226488,27.670815,0 85.226494,27.670824,0 85.2265,27.670833,0 85.226505,27.670842,0 85.226511,27.670851,0 85.226517,27.67086,0 85.226522,27.670871,0 85.226525,27.670882,0 85.226529,27.670892,0 85.226533,27.670902,0 85.226536,27.670912,0 85.226539,27.670922,0 85.226541,27.67093,0 85.226544,27.670939,0 85.226548,27.670946,0 85.226551,27.670954,0 85.226553,27.670961,0 85.226555,27.67097,0 85.226557,27.670979,0 85.226558,27.670987,0 85.226561,27.670996,0 85.226565,27.671005,0 85.226569,27.671013,0 85.226572,27.671022,0 85.226575,27.671032,0 85.226578,27.671042,0 85.22658,27.671052,0 85.226583,27.671063,0 85.226585,27.671074,0 85.226589,27.671084,0 85.226592,27.671094,0 85.226597,27.671106,0 85.2266,27.671118,0 85.226604,27.67113,0 85.226607,27.671142,0 85.226613,27.671154,0 85.226618,27.671166,0 85.226622,27.671177,0 85.226627,27.671187,0 85.226631,27.671198,0 85.226635,27.671208,0 85.226639,27.671218,0 85.226644,27.671226,0 85.22665,27.671235,0 85.226656,27.671244,0 85.226663,27.671254,0 85.22667,27.671264,0 85.226675,27.671274,0 85.226682,27.671283,0 85.226689,27.671292,0 85.226696,27.671302,0 85.226702,27.671311,0 85.226708,27.671321,0 85.226715,27.67133,0 85.226723,27.671338,0 85.226731,27.671346,0 85.22674,27.671354,0 85.226748,27.671362,0 85.226757,27.671371,0 85.226766,27.67138,0 85.226775,27.671389,0 85.226784,27.671398,0 85.226793,27.671407,0 85.226803,27.671416,0 85.226813,27.671425,0 85.226822,27.671432,0 85.226832,27.671439,0 85.226841,27.671445,0 85.226849,27.671449,0 85.226859,27.671453,0 85.226869,27.671456,0 85.226878,27.671459,0 85.226888,27.671463,0 85.226897,27.671468,0 85.226905,27.671473,0 85.226914,27.671479,0 85.226924,27.671486,0 85.226933,27.671494,0 85.226942,27.671503,0 85.226951,27.671514,0 85.226959,27.671522,0 85.226969,27.67153,0 85.226978,27.671538,0 85.226987,27.671545,0 85.226997,27.671552,0 85.227006,27.671558,0 85.227015,27.671565,0 85.227024,27.67157,0 85.227032,27.671576,0 85.227041,27.671583,0 85.227049,27.67159,0 85.227058,27.671596,0 85.227068,27.671601,0 85.227077,27.671607,0 85.227086,27.671614,0 85.227095,27.671621,0 85.227104,27.671629,0 85.227113,27.671638,0 85.227121,27.671646,0 85.22713,27.671655,0 85.22714,27.671663,0 85.22715,27.671671,0 85.22716,27.67168,0 85.227169,27.671688,0 85.227178,27.671695,0 85.227186,27.671702,0 85.227194,27.671708,0 85.227203,27.671715,0 85.227211,27.67172,0 85.22722,27.671725,0 85.22723,27.67173,0 85.22724,27.671734,0 85.227251,27.67174,0 85.22726,27.671746,0 85.22727,27.671751,0 85.227279,27.671757,0 85.227288,27.671762,0 85.227297,27.671767,0 85.227306,27.671772,0 85.227315,27.671777,0 85.227324,27.671783,0 85.227333,27.671789,0 85.227343,27.671796,0 85.227353,27.671802,0 85.227363,27.671809,0 85.227374,27.671816,0 85.227385,27.671822,0 85.227396,27.671829,0 85.227407,27.671836,0 85.227418,27.671843,0 85.227429,27.671849,0 85.227439,27.671855,0 85.227449,27.671861,0 85.227459,27.671866,0 85.22747,27.671871,0 85.227482,27.671875,0 85.227493,27.671878,0 85.227504,27.67188,0 85.227514,27.671884,0 85.227523,27.671888,0 85.227532,27.671892,0 85.22754,27.671898,0 85.227549,27.671905,0 85.227558,27.671912,0 85.227568,27.67192,0 85.227579,27.671926,0 85.227589,27.671934,0 85.227598,27.671941,0 85.227605,27.67195,0 85.227613,27.671959,0 85.227622,27.671968,0 85.22763,27.671977,0 85.227637,27.671986,0 85.227644,27.671994,0 85.227651,27.672001,0 85.227658,27.672009,0 85.227666,27.672015,0 85.227675,27.672021,0 85.227683,27.672026,0 85.22769,27.672031,0 85.227695,27.672036,0 85.227699,27.672043,0 85.2277,27.67205,0 85.227701,27.672057,0 85.227703,27.672064,0 85.227704,27.672071,0 85.227704,27.672079,0 85.227705,27.672087,0 85.227705,27.672095,0 85.227705,27.672104,0 85.227705,27.672111,0 85.227702,27.672133,0 85.227703,27.672133,0 85.227706,27.672136,0 85.227709,27.672141,0 85.22771,27.672146,0 85.227711,27.672153,0 85.227711,27.672161,0 85.22771,27.672168,0 85.227707,27.672175,0 85.227704,27.672184,0 85.227701,27.672194,0 85.2277,27.672205,0 85.227701,27.672216,0 85.227705,27.672228,0 85.22771,27.672239,0 85.227715,27.67225,0 85.227719,27.67226,0 85.227722,27.672269,0 85.227724,27.672279,0 85.227725,27.672289,0 85.227726,27.672298,0 85.227727,27.672308,0 85.227729,27.672316,0 85.227732,27.672323,0 85.227734,27.672331,0 85.227737,27.672337,0 85.22774,27.672343,0 85.227744,27.672349,0 85.227748,27.672354,0 85.227751,27.672359,0 85.227754,27.672364,0 85.227759,27.672368,0 85.227764,27.672373,0 85.22777,27.672378,0 85.227776,27.672381,0 85.227782,27.672384,0 85.227787,27.672388,0 85.227793,27.672391,0 85.227799,27.672394,0 85.227806,27.672399,0 85.227812,27.672406,0 85.227818,27.672413,0 85.227825,27.67242,0 85.227832,27.672426,0 85.22784,27.672432,0 85.227847,27.672439,0 85.227854,27.672445,0 85.22786,27.672453,0 85.227869,27.672461,0 85.227878,27.672468,0 85.227886,27.672476,0 85.227894,27.672486,0 85.227902,27.672495,0 85.22791,27.672504,0 85.227916,27.672512,0 85.227923,27.67252,0 85.22793,27.672527,0 85.227937,27.672534,0 85.227943,27.672541,0 85.227949,27.672549,0 85.227956,27.672556,0 85.227961,27.672562,0 85.227966,27.672567,0 85.22797,27.672572,0 85.227973,27.672575,0 85.227976,27.672578,0 85.22798,27.672594,0 85.227979,27.672596,0 85.227977,27.672599,0 85.227975,27.672604,0 85.227972,27.672609,0 85.22797,27.672614,0 85.227967,27.672634,0 85.227968,27.672635,0 85.227969,27.672638,0 85.227973,27.672642,0 85.227976,27.672648,0 85.227979,27.672653,0 85.227982,27.672659,0 85.227986,27.672665,0 85.227989,27.672671,0 85.227993,27.672677,0 85.227997,27.672683,0 85.228003,27.672691,0 85.228008,27.672698,0 85.228014,27.672705,0 85.228019,27.672711,0 85.228024,27.672718,0 85.228027,27.672726,0 85.22803,27.672735,0 85.228034,27.672744,0 85.228038,27.672753,0 85.228042,27.672764,0 85.228047,27.672774,0 85.228053,27.672786,0 85.228058,27.672798,0 85.228062,27.67281,0 85.228064,27.67282,0 85.228066,27.67283,0 85.228067,27.672838,0 85.22807,27.672846,0 85.228073,27.672855,0 85.228077,27.672863,0 85.22808,27.67287,0 85.228083,27.672879,0 85.228086,27.67289,0 85.228091,27.672901,0 85.228097,27.672912,0 85.228104,27.67292,0 85.228113,27.672926,0 85.228122,27.67293,0 85.228131,27.672934,0 85.228139,27.672937,0 85.228145,27.67294,0 85.228152,27.672943,0 85.22816,27.672948,0 85.228169,27.672955,0 85.228176,27.672961,0 85.228184,27.672968,0 85.228193,27.672972,0 85.228201,27.672977,0 85.228208,27.672981,0 85.228216,27.672983,0 85.228221,27.672986,0 85.228227,27.67299,0 85.228232,27.672993,0 85.228239,27.672996,0 85.228244,27.672999,0 85.22825,27.673001,0 85.228258,27.67301,0 85.228261,27.673018,0 85.228264,27.673026,0 85.228266,27.673034,0 85.228269,27.673041,0 85.228272,27.673049,0 85.228275,27.673057,0 85.228278,27.673065,0 85.22828,27.673073,0 85.228283,27.67308,0 85.228286,27.673088,0 85.228289,27.673096,0 85.228292,27.673104,0 85.228294,27.673111,0 85.228297,27.673119,0 85.2283,27.673127,0 85.228303,27.673135,0 85.228306,27.673142,0 85.228308,27.67315,0 85.228311,27.673158,0 85.228314,27.673166,0 85.228317,27.673174,0 85.22832,27.673181,0 85.228322,27.673189,0 85.228325,27.673197,0 85.228328,27.673205,0 85.228331,27.673212,0 85.228334,27.67322,0 85.228336,27.673228,0 85.228339,27.673236,0 85.228342,27.673244,0 85.228345,27.673251,0 85.228347,27.673259,0 85.22835,27.673267,0 85.228353,27.673275,0 85.228356,27.673282,0 85.228359,27.67329,0 85.228361,27.673298,0 85.228364,27.673306,0 85.228367,27.673313,0 85.22837,27.673321,0 85.228373,27.673329,0 85.228375,27.673337,0 85.228378,27.673345,0 85.228381,27.673352,0 85.228384,27.67336,0 85.228387,27.673368,0 85.228389,27.673376,0 85.228392,27.673383,0 85.228395,27.673391,0 85.228398,27.673399,0 85.228401,27.673407,0 85.228403,27.673414,0 85.228406,27.673422,0 85.228409,27.67343,0 85.228412,27.673438,0 85.228415,27.673446,0 85.228417,27.673453,0 85.22842,27.673461,0 85.228423,27.673469,0 85.228426,27.673477,0 85.228428,27.673484,0 85.228431,27.673492,0 85.228434,27.6735,0 85.228437,27.673508,0 85.22844,27.673515,0 85.228442,27.673523,0 85.228445,27.673531,0 85.228448,27.673539,0 85.228451,27.673547,0 85.228454,27.673554,0 85.228456,27.673562,0 85.228459,27.67357,0 85.228462,27.673578,0 85.228465,27.673585,0 85.228468,27.673593,0 85.22847,27.673601,0 85.228473,27.673609,0 85.228476,27.673617,0 85.228479,27.673624,0 85.228488,27.673643,0 85.228494,27.673652,0 85.2285,27.673661,0 85.228506,27.673669,0 85.228512,27.673678,0 85.228517,27.673687,0 85.228523,27.673695,0 85.228529,27.673704,0 85.228535,27.673713,0 85.228541,27.673721,0 85.228547,27.67373,0 85.228553,27.673739,0 85.228559,27.673747,0 85.228564,27.673756,0 85.22857,27.673765,0 85.228576,27.673773,0 85.228582,27.673782,0 85.228588,27.673791,0 85.228594,27.673799,0 85.2286,27.673808,0 85.228606,27.673817,0 85.228612,27.673825,0 85.228617,27.673834,0 85.228623,27.673842,0 85.228629,27.673851,0 85.228635,27.67386,0 85.228641,27.673868,0 85.228647,27.673877,0 85.228653,27.673886,0 85.228659,27.673894,0 85.228664,27.673903,0 85.22867,27.673912,0 85.228676,27.67392,0 85.228682,27.673929,0 85.228688,27.673938,0 85.228694,27.673946,0 85.2287,27.673955,0 85.228706,27.673964,0 85.228712,27.673972,0 85.228717,27.673981,0 85.228723,27.67399,0 85.228729,27.673998,0 85.228735,27.674007,0 85.228741,27.674016,0 85.228747,27.674024,0 85.228753,27.674033,0 85.228759,27.674042,0 85.228765,27.67405,0 85.22877,27.674059,0 85.228776,27.674068,0 85.228782,27.674076,0 85.228788,27.674085,0 85.228794,27.674094,0 85.2288,27.674102,0 85.228806,27.674111,0 85.228812,27.67412,0 85.228817,27.674128,0 85.228823,27.674137,0 85.228829,27.674146,0 85.228835,27.674154,0 85.228846,27.674173,0 85.228851,27.674183,0 85.228856,27.674194,0 85.228862,27.674204,0 85.228867,27.674215,0 85.228872,27.674225,0 85.228877,27.674236,0 85.228883,27.674246,0 85.228888,27.674257,0 85.228893,27.674267,0 85.228899,27.674278,0 85.228904,27.674288,0 85.228909,27.674299,0 85.228914,27.674309,0 85.22892,27.67432,0 85.228925,27.67433,0 85.22893,27.674341,0 85.228936,27.674351,0 85.228941,27.674362,0 85.228946,27.674372,0 85.228951,27.674383,0 85.228957,27.674393,0 85.228962,27.674404,0 85.228967,27.674414,0 85.228973,27.674425,0 85.228978,27.674435,0 85.228983,27.674445,0 85.228988,27.674456,0 85.228994,27.674466,0 85.228999,27.674477,0 85.229004,27.674487,0 85.22901,27.674498,0 85.229015,27.674508,0 85.22902,27.674519,0 85.229025,27.674529,0 85.229031,27.67454,0 85.229036,27.67455,0 85.229041,27.674561,0 85.229047,27.674571,0 85.229052,27.674582,0 85.229057,27.674592,0 85.229062,27.674603,0 85.229068,27.674613,0 85.229073,27.674624,0 85.229078,27.674634,0 85.229083,27.674645,0 85.229089,27.674655,0 85.229094,27.674666,0 85.229099,27.674676,0 85.229105,27.674687,0 85.22911,27.674697,0 85.229115,27.674708,0 85.22912,27.674718,0 85.229126,27.674729,0 85.229131,27.674739,0 85.229136,27.67475,0 85.229142,27.67476,0 85.229147,27.674771,0 85.229152,27.674781,0 85.229157,27.674792,0 85.229175,27.674809,0 85.229183,27.674819,0 85.229191,27.674828,0 85.229199,27.674838,0 85.229207,27.674847,0 85.229215,27.674857,0 85.229223,27.674867,0 85.229231,27.674876,0 85.229239,27.674886,0 85.229247,27.674895,0 85.229255,27.674905,0 85.229263,27.674914,0 85.229271,27.674924,0 85.229279,27.674933,0 85.229287,27.674943,0 85.229295,27.674953,0 85.229304,27.674962,0 85.229312,27.674972,0 85.22932,27.674981,0 85.229328,27.674991,0 85.229336,27.675,0 85.229344,27.67501,0 85.229352,27.67502,0 85.22936,27.675029,0 85.229368,27.675039,0 85.229376,27.675048,0 85.229384,27.675058,0 85.229392,27.675067,0 85.2294,27.675077,0 85.229408,27.675086,0 85.229416,27.675096,0 85.229424,27.675106,0 85.229432,27.675115,0 85.22944,27.675125,0 85.229448,27.675134,0 85.229456,27.675144,0 85.229464,27.675153,0 85.229472,27.675163,0 85.22948,27.675173,0 85.229488,27.675182,0 85.229496,27.675192,0 85.229504,27.675201,0 85.229512,27.675211,0 85.22952,27.67522,0 85.229528,27.67523,0 85.229536,27.675239,0 85.229544,27.675249,0 85.229552,27.675259,0 85.22956,27.675268,0 85.229568,27.675278,0 85.229576,27.675287,0 85.229584,27.675297,0 85.229592,27.675306,0 85.2296,27.675316,0 85.229608,27.675325,0 85.229616,27.675335,0 85.229624,27.675345,0 85.229632,27.675354,0 85.22964,27.675364,0 85.229648,27.675373,0 85.229662,27.675398,0 85.229668,27.675409,0 85.229674,27.67542,0 85.22968,27.675431,0 85.229686,27.675442,0 85.229692,27.675453,0 85.229698,27.675464,0 85.229704,27.675475,0 85.22971,27.675486,0 85.229716,27.675497,0 85.229722,27.675508,0 85.229728,27.675519,0 85.229734,27.67553,0 85.22974,27.67554,0 85.229746,27.675551,0 85.229752,27.675562,0 85.229758,27.675573,0 85.229764,27.675584,0 85.22977,27.675595,0 85.229776,27.675606,0 85.229782,27.675617,0 85.229788,27.675628,0 85.229794,27.675639,0 85.2298,27.67565,0 85.229806,27.675661,0 85.229812,27.675672,0 85.229818,27.675683,0 85.229824,27.675694,0 85.22983,27.675705,0 85.229836,27.675716,0 85.229842,27.675727,0 85.229848,27.675738,0 85.229854,27.675749,0 85.22986,27.67576,0 85.229866,27.675771,0 85.229872,27.675782,0 85.229878,27.675793,0 85.229884,27.675804,0 85.229904,27.675821,0 85.229916,27.675828,0 85.229929,27.675836,0 85.229941,27.675844,0 85.229953,27.675852,0 85.229965,27.675859,0 85.229978,27.675867,0 85.22999,27.675875,0 85.230002,27.675883,0 85.230014,27.67589,0 85.230027,27.675898,0 85.230039,27.675906,0 85.230051,27.675913,0 85.230063,27.675921,0 85.230076,27.675929,0 85.230088,27.675937,0 85.230109,27.675948,0 85.230118,27.675954,0 85.230128,27.675959,0 85.230137,27.675964,0 85.230147,27.67597,0 85.230156,27.675975,0 85.230181,27.675987,0 85.230191,27.675992,0 85.230201,27.675997,0 85.230211,27.676002,0 85.23022,27.676007,0 85.23023,27.676012,0 85.23024,27.676017,0 85.23025,27.676022,0 85.230259,27.676027,0 85.230269,27.676032,0 85.230279,27.676037,0 85.230289,27.676042,0 85.230299,27.676047,0 85.230308,27.676052,0 85.230318,27.676057,0 85.230328,27.676062,0 85.230338,27.676067,0 85.230347,27.676072,0 85.230357,27.676077,0 85.230367,27.676082,0 85.230377,27.676087,0 85.230387,27.676092,0 85.230396,27.676097,0 85.230406,27.676102,0 85.230416,27.676107,0 85.230426,27.676112,0 85.230435,27.676117,0 85.230445,27.676122,0 85.230455,27.676127,0 85.230465,27.676132,0 85.230475,27.676137,0 85.230484,27.676142,0 85.230494,27.676147,0 85.230504,27.676152,0 85.230514,27.676157,0 85.230523,27.676162,0 85.230533,27.676167,0 85.230543,27.676172,0 85.230553,27.676177,0 85.230563,27.676182,0 85.230572,27.676187,0 85.230582,27.676192,0 85.230592,27.676197,0 85.230602,27.676202,0 85.230611,27.676207,0 85.230621,27.676212,0 85.230631,27.676217,0 85.230641,27.676222,0 85.230651,27.676227,0 85.23066,27.676232,0 85.23067,27.676237,0 85.23068,27.676242,0 85.23069,27.676247,0 85.230699,27.676252,0 85.230704,27.676257,0 85.23071,27.676263,0 85.230717,27.67627,0 85.230724,27.676278,0 85.230731,27.676286,0 85.230738,27.676293,0 85.230746,27.6763,0 85.230755,27.676308,0 85.230763,27.676317,0 85.230772,27.676327,0 85.230782,27.676338,0 85.230793,27.676348,0 85.230803,27.67636,0 85.230814,27.676372,0 85.230824,27.676383,0 85.230836,27.676395,0 85.230846,27.676405,0 85.230856,27.676416,0 85.230864,27.676426,0 85.230873,27.676436,0 85.230883,27.676445,0 85.230893,27.676454,0 85.230903,27.676463,0 85.230914,27.676473,0 85.230927,27.676483,0 85.230939,27.676493,0 85.230952,27.676503,0 85.230965,27.676512,0 85.230976,27.676519,0 85.230986,27.676527,0 85.230995,27.676534,0 85.231004,27.676541,0 85.231014,27.676548,0 85.231023,27.676556,0 85.231034,27.676567,0 85.231046,27.676578,0 85.231056,27.67659,0 85.231068,27.676602,0 85.231079,27.676614,0 85.23109,27.676626,0 85.2311,27.676637,0 85.231108,27.676646,0 85.231116,27.676656,0 85.231124,27.676667,0 85.231131,27.676677,0 85.231139,27.676687,0 85.231148,27.676698,0 85.231159,27.676709,0 85.231171,27.67672,0 85.231184,27.676732,0 85.231197,27.676744,0 85.231209,27.676757,0 85.231222,27.676768,0 85.231233,27.676781,0 85.231243,27.676793,0 85.231254,27.676805,0 85.231264,27.676816,0 85.231274,27.676827,0 85.231283,27.676838,0 85.231293,27.67685,0 85.231302,27.676864,0 85.231312,27.676876,0 85.231321,27.676889,0 85.23133,27.676901,0 85.231337,27.676913,0 85.231344,27.676924,0 85.231351,27.676936,0 85.231357,27.676947,0 85.231364,27.676958,0 85.23137,27.676969,0 85.231375,27.67698,0 85.231379,27.676992,0 85.231381,27.677003,0 85.231382,27.677016,0 85.231381,27.677029,0 85.23138,27.677042,0 85.231377,27.677055,0 85.231374,27.677068,0 85.231371,27.677081,0 85.231368,27.677094,0 85.231366,27.677107,0 85.231363,27.677119,0 85.231359,27.677132,0 85.231355,27.677146,0 85.23135,27.677161,0 85.231346,27.677176,0 85.231342,27.677192,0 85.231339,27.677208,0 85.231337,27.677224,0 85.231335,27.67724,0 85.231334,27.677256,0 85.231332,27.677272,0 85.231332,27.677287,0 85.231331,27.677303,0 85.23133,27.677319,0 85.231329,27.677334,0 85.231329,27.677348,0 85.231331,27.677359,0 85.231335,27.677369,0 85.23134,27.67738,0 85.231345,27.677392,0 85.23135,27.677405,0 85.231356,27.677419,0 85.231361,27.677434,0 85.231367,27.677449,0 85.231373,27.677464,0 85.231378,27.677479,0 85.231384,27.677494,0 85.23139,27.677507,0 85.231397,27.67752,0 85.231404,27.677534,0 85.231411,27.677548,0 85.231417,27.677563,0 85.231422,27.677578,0 85.231425,27.677594,0 85.231429,27.677607,0 85.231432,27.67762,0 85.231435,27.677632,0 85.231438,27.677644,0 85.23144,27.677658,0 85.231441,27.677671,0 85.231441,27.677685,0 85.231442,27.677698,0 85.231442,27.677709,0 85.231442,27.677718,0 85.231443,27.677726,0 85.231442,27.677735,0 85.231441,27.677743,0 85.231436,27.677751,0 85.231431,27.677759,0 85.231425,27.67777,0 85.231421,27.677782,0 85.231418,27.677794,0 85.231418,27.677806,0 85.231418,27.677817,0 85.231419,27.677829,0 85.231421,27.677841,0 85.231423,27.677854,0 85.231426,27.677867,0 85.231428,27.677878,0 85.231429,27.67789,0 85.231431,27.677901,0 85.231432,27.677913,0 85.231433,27.677926,0 85.231435,27.677938,0 85.231437,27.677951,0 85.231441,27.677965,0 85.231444,27.677978,0 85.231449,27.677991,0 85.231455,27.678004,0 85.231462,27.678015,0 85.231469,27.678026,0 85.231477,27.678035,0 85.231485,27.678044,0 85.231493,27.678052,0 85.2315,27.678059,0 85.231506,27.678067,0 85.23151,27.678077,0 85.231513,27.678089,0 85.231516,27.678102,0 85.23152,27.678115,0 85.231524,27.678126,0 85.231529,27.678138,0 85.231535,27.678152,0 85.231542,27.678166,0 85.23155,27.678179,0 85.231557,27.678192,0 85.231563,27.678203,0 85.231569,27.678213,0 85.231574,27.678224,0 85.231577,27.678236,0 85.231575,27.67825,0 85.231573,27.678264,0 85.231571,27.678279,0 85.231572,27.678292,0 85.231573,27.678306,0 85.231574,27.678319,0 85.231577,27.678333,0 85.23158,27.678347,0 85.231583,27.67836,0 85.231588,27.678373,0 85.231594,27.678386,0 85.2316,27.678399,0 85.231607,27.678412,0 85.231614,27.678423,0 85.231622,27.678434,0 85.231631,27.678446,0 85.231643,27.67846,0 85.231655,27.678471,0 85.231666,27.678482,0 85.231678,27.678492,0 85.23169,27.678503,0 85.231701,27.678515,0 85.231711,27.678528,0 85.231719,27.67854,0 85.231727,27.678552,0 85.231737,27.678563,0 85.231746,27.678573,0 85.231756,27.678582,0 85.231764,27.678592,0 85.231771,27.678602,0 85.231778,27.678611,0 85.231787,27.67862,0 85.231799,27.67863,0 85.231816,27.678639,0 85.231834,27.678647,0 85.23185,27.678655,0 85.231866,27.678663,0 85.231879,27.678671,0 85.231889,27.67868,0 85.231898,27.67869,0 85.231906,27.6787,0 85.231913,27.67871,0 85.231919,27.67872,0 85.231924,27.67873,0 85.231928,27.678741,0 85.231931,27.678752,0 85.231934,27.678763,0 85.231937,27.678773,0 85.23194,27.678784,0 85.231942,27.678795,0 85.231944,27.678808,0 85.231946,27.678821,0 85.231949,27.678834,0 85.231951,27.678845,0 85.231953,27.678856,0 85.231956,27.678867,0 85.231959,27.678877,0 85.231963,27.678888,0 85.231968,27.678898,0 85.231973,27.678908,0 85.231976,27.678917,0 85.231978,27.678927,0 85.231981,27.678937,0 85.231986,27.678947,0 85.231992,27.678957,0 85.231997,27.678968,0 85.231999,27.678978,0 85.232,27.678987,0 85.232001,27.678999,0 85.232004,27.679013,0 85.232007,27.679026,0 85.23201,27.679037,0 85.232012,27.679049,0 85.232015,27.679061,0 85.232018,27.679074,0 85.232021,27.679086,0 85.232024,27.679099,0 85.232028,27.679113,0 85.232031,27.679126,0 85.232033,27.679139,0 85.232035,27.679149,0 85.232037,27.679159,0 85.232036,27.679157,0 85.232035,27.679151,0 85.232031,27.679145,0 85.232026,27.679138,0 85.23202,27.679132,0 85.232011,27.679128,0 85.232003,27.679126,0 85.231994,27.679127,0 85.231985,27.679131,0 85.231976,27.679138,0 85.231968,27.679147,0 85.23196,27.679158,0 85.231953,27.679167,0 85.231947,27.679175,0 85.231941,27.679184,0 85.231936,27.679193,0 85.231932,27.679203,0 85.231929,27.679214,0 85.231926,27.679226,0 85.231924,27.679238,0 85.231923,27.679249,0 85.231923,27.67926,0 85.231923,27.679272,0 85.231924,27.679283,0 85.231925,27.679294,0 85.231925,27.679304,0 85.231926,27.679315,0 85.231927,27.679326,0 85.231929,27.679338,0 85.231933,27.679347,0 85.231936,27.679359,0 85.231936,27.679369,0 85.231931,27.679379,0 85.231924,27.679386,0 85.231917,27.679393,0 85.23191,27.6794,0 85.231902,27.679408,0 85.231893,27.679417,0 85.231882,27.679425,0 85.231868,27.679432,0 85.231854,27.679439,0 85.231839,27.679447,0 85.231825,27.679452,0 85.231812,27.679457,0 85.2318,27.679462,0 85.231785,27.679467,0 85.231769,27.679471,0 85.231753,27.679475,0 85.231737,27.67948,0 85.231722,27.679485,0 85.231707,27.679491,0 85.231693,27.679496,0 85.231679,27.679502,0 85.231666,27.679506,0 85.231653,27.679511,0 85.231641,27.679514,0 85.231628,27.679518,0 85.231614,27.679523,0 85.231601,27.679529,0 85.231588,27.679537,0 85.231577,27.679546,0 85.231567,27.679558,0 85.231559,27.679569,0 85.231552,27.67958,0 85.231546,27.679592,0 85.231539,27.679602,0 85.231533,27.679614,0 85.231525,27.679624,0 85.23152,27.679633,0 85.231506,27.679659,0 85.231505,27.679661,0 85.2315,27.679665,0 85.23149,27.679673,0 85.231478,27.679683,0 85.231469,27.679689,0 85.231448,27.679709,0 85.231447,27.67971,0 85.231446,27.679711,0 85.231445,27.679714,0 85.231442,27.679714,0 85.23144,27.679712,0 85.231435,27.679708,0 85.23143,27.679702,0 85.231421,27.679697,0 85.231411,27.679692,0 85.231399,27.679688,0 85.231385,27.679684,0 85.23137,27.67968,0 85.231356,27.679677,0 85.231345,27.679674,0 85.231311,27.679674,0 85.231312,27.679675,0 85.231312,27.679677,0 85.231314,27.679677,0 85.231315,27.679677,0 85.231318,27.679676,0 85.231325,27.679678,0 85.231337,27.679681,0 85.231347,27.679685,0 85.23136,27.679692,0 85.231372,27.679701,0 85.231382,27.67971,0 85.231392,27.67972,0 85.2314,27.679729,0 85.231407,27.679738,0 85.231414,27.679748,0 85.231421,27.679758,0 85.231428,27.679769,0 85.231436,27.67978,0 85.231447,27.679792,0 85.23146,27.679802,0 85.231473,27.679808,0 85.231488,27.679812,0 85.231504,27.679813,0 85.231522,27.679811,0 85.231539,27.679809,0 85.231555,27.679806,0 85.231572,27.679803,0 85.231587,27.679801,0 85.231603,27.6798,0 85.231619,27.679799,0 85.231636,27.679799,0 85.231651,27.679799,0 85.231665,27.679798,0 85.231678,27.679797,0 85.23169,27.679798,0 85.231703,27.679798,0 85.231718,27.679799,0 85.231734,27.679799,0 85.23175,27.679798,0 85.231767,27.679796,0 85.231784,27.679795,0 85.231801,27.679792,0 85.231818,27.679787,0 85.231834,27.679783,0 85.231849,27.679777,0 85.231863,27.67977,0 85.231877,27.679764,0 85.23189,27.679757,0 85.231904,27.679749,0 85.231917,27.679742,0 85.231929,27.679734,0 85.231941,27.679728,0 85.231952,27.679723,0 85.231962,27.679718,0 85.231972,27.679714,0 85.23198,27.67971,0 85.231985,27.679707,0 85.23199,27.679698,0 85.231991,27.679696,0 85.231992,27.679696,0 85.231993,27.679695,0 85.231994,27.679694,0 85.232001,27.679688,0 85.232006,27.679687,0 85.232015,27.679684,0 85.232026,27.67968,0 85.232039,27.679674,0 85.232052,27.679667,0 85.232064,27.679659,0 85.232078,27.679651,0 85.23209,27.679642,0 85.232103,27.679632,0 85.232113,27.679624,0 85.232123,27.679616,0 85.232132,27.679608,0 85.232141,27.6796,0 85.232147,27.67959,0 85.23215,27.679582,0 85.232152,27.679575,0 85.232152,27.67957,0 85.23215,27.679567,0 85.232143,27.67956,0 85.23214,27.679556,0 85.232138,27.679555,0 85.232135,27.679556,0 85.232134,27.679556,0 85.23213,27.679558,0 85.232128,27.679563,0 85.232133,27.679568,0 85.232136,27.679571,0 85.232143,27.679578,0 85.232153,27.679587,0 85.232166,27.679598,0 85.23218,27.67961,0 85.232194,27.679622,0 85.23221,27.679634,0 85.232226,27.679645,0 85.232241,27.679658,0 85.232254,27.679671,0 85.232265,27.679682,0 85.232274,27.679691,0 85.232282,27.679702,0 85.23229,27.679713,0 85.232296,27.679723,0 85.232302,27.679733,0 85.232309,27.679744,0 85.232316,27.679756,0 85.232323,27.679767,0 85.232332,27.67978,0 85.23234,27.679792,0 85.232349,27.679804,0 85.232356,27.679816,0 85.232363,27.679826,0 85.23237,27.679836,0 85.232377,27.679845,0 85.232384,27.679855,0 85.232392,27.679865,0 85.2324,27.679876,0 85.232407,27.679887,0 85.232414,27.679899,0 85.232422,27.679914,0 85.23243,27.679928,0 85.232438,27.679942,0 85.232446,27.679956,0 85.232454,27.679968,0 85.232462,27.679978,0 85.23247,27.679988,0 85.232477,27.679997,0 85.232483,27.680005,0 85.23249,27.680016,0 85.232498,27.680027,0 85.232505,27.680039,0 85.232511,27.68005,0 85.232517,27.68006,0 85.232522,27.680069,0 85.232527,27.680077,0 85.232533,27.680084,0 85.232538,27.680092,0 85.232542,27.680101,0 85.232546,27.680112,0 85.232551,27.680122,0 85.232556,27.680132,0 85.232562,27.680143,0 85.232569,27.680155,0 85.232575,27.680167,0 85.232581,27.680181,0 85.232586,27.680195,0 85.232591,27.680209,0 85.232597,27.680223,0 85.232604,27.680238,0 85.23261,27.680252,0 85.232613,27.680266,0 85.232617,27.680279,0 85.23262,27.680292,0 85.232625,27.680307,0 85.23263,27.680321,0 85.232635,27.680335,0 85.232641,27.680348,0 85.232647,27.680362,0 85.232652,27.680376,0 85.232657,27.680389,0 85.232662,27.680405,0 85.232666,27.68042,0 85.23267,27.680436,0 85.232672,27.680451,0 85.232675,27.680464,0 85.232677,27.680477,0 85.232681,27.680491,0 85.232686,27.680505,0 85.232692,27.680519,0 85.232699,27.680531,0 85.232706,27.680544,0 85.232715,27.680558,0 85.232725,27.680571,0 85.232737,27.680585,0 85.232749,27.680598,0 85.232759,27.68061,0 85.23277,27.68062,0 85.232779,27.68063,0 85.232787,27.680641,0 85.232796,27.680652,0 85.232806,27.680665,0 85.232816,27.680676,0 85.232827,27.680687,0 85.232837,27.680698,0 85.232846,27.680709,0 85.232856,27.680721,0 85.232865,27.680731,0 85.232874,27.680742,0 85.232883,27.680752,0 85.232891,27.680762,0 85.232902,27.680771,0 85.232912,27.680782,0 85.232926,27.680792,0 85.23294,27.680802,0 85.232955,27.680812,0 85.232969,27.680821,0 85.232982,27.680829,0 85.232993,27.680836,0 85.233004,27.680842,0 85.233017,27.680847,0 85.23303,27.680852,0 85.233046,27.680859,0 85.233061,27.680865,0 85.233075,27.680873,0 85.233089,27.680882,0 85.233103,27.680892,0 85.233117,27.680901,0 85.233131,27.68091,0 85.233145,27.680918,0 85.233158,27.680926,0 85.233171,27.680933,0 85.233188,27.680941,0 85.233203,27.680949,0 85.233219,27.680957,0 85.233235,27.680964,0 85.23325,27.680971,0 85.233264,27.680979,0 85.233278,27.680987,0 85.233291,27.680995,0 85.233306,27.681003,0 85.23332,27.68101,0 85.233333,27.681018,0 85.233345,27.681026,0 85.233356,27.681035,0 85.233368,27.681044,0 85.23338,27.681054,0 85.233392,27.681065,0 85.233405,27.681076,0 85.233418,27.681086,0 85.23343,27.681095,0 85.233442,27.681104,0 85.233452,27.681113,0 85.233461,27.681124,0 85.233471,27.681136,0 85.233483,27.681148,0 85.233496,27.681161,0 85.233509,27.681174,0 85.233522,27.681186,0 85.233535,27.681197,0 85.233545,27.681207,0 85.233554,27.681216,0 85.233566,27.681226,0 85.233578,27.681235,0 85.23359,27.681243,0 85.233602,27.681252,0 85.233617,27.681261,0 85.233632,27.681272,0 85.233647,27.681281,0 85.233662,27.68129,0 85.233676,27.6813,0 85.23369,27.68131,0 85.233703,27.681319,0 85.233716,27.681329,0 85.233727,27.681339,0 85.233741,27.681348,0 85.233755,27.681356,0 85.23377,27.681365,0 85.233786,27.681376,0 85.233803,27.681387,0 85.233818,27.681399,0 85.233831,27.681411,0 85.233845,27.681423,0 85.233857,27.681433,0 85.233866,27.681442,0 85.233875,27.68145,0 85.233885,27.681459,0 85.233894,27.68147,0 85.233904,27.68148,0 85.233914,27.681491,0 85.233927,27.681503,0 85.233938,27.681512,0 85.233949,27.681521,0 85.233958,27.68153,0 85.233966,27.681539,0 85.233974,27.681548,0 85.233983,27.681558,0 85.233992,27.681567,0 85.234001,27.681575,0 85.234011,27.681584,0 85.234022,27.681593,0 85.234034,27.681602,0 85.234047,27.681612,0 85.23406,27.681623,0 85.234073,27.681635,0 85.234084,27.681646,0 85.234094,27.681656,0 85.234102,27.681667,0 85.234111,27.681677,0 85.234119,27.681686,0 85.234127,27.681695,0 85.234135,27.681703,0 85.234144,27.681712,0 85.234154,27.681721,0 85.234164,27.681731,0 85.234176,27.681741,0 85.234189,27.681753,0 85.234201,27.681764,0 85.234213,27.681775,0 85.234224,27.681787,0 85.234236,27.681797,0 85.234246,27.681806,0 85.234257,27.681815,0 85.234267,27.681824,0 85.234277,27.681834,0 85.234286,27.681843,0 85.234295,27.681854,0 85.234303,27.681865,0 85.234313,27.681876,0 85.234323,27.681888,0 85.234334,27.681901,0 85.234345,27.681913,0 85.234354,27.681926,0 85.234362,27.681938,0 85.234377,27.681959,0 85.234385,27.681968,0 85.234392,27.681977,0 85.2344,27.681986,0 85.234407,27.681995,0 85.234415,27.682004,0 85.234422,27.682013,0 85.23443,27.682022,0 85.234437,27.682031,0 85.234445,27.68204,0 85.234453,27.682049,0 85.23446,27.682058,0 85.234468,27.682067,0 85.234475,27.682076,0 85.234483,27.682085,0 85.23449,27.682094,0 85.234498,27.682103,0 85.234505,27.682112,0 85.234513,27.682121,0 85.23452,27.68213,0 85.234528,27.682139,0 85.234535,27.682148,0 85.234543,27.682157,0 85.23455,27.682166,0 85.234558,27.682175,0 85.234565,27.682184,0 85.234573,27.682193,0 85.234581,27.682202,0 85.234588,27.682211,0 85.234596,27.68222,0 85.234603,27.682229,0 85.234611,27.682238,0 85.234618,27.682247,0 85.234626,27.682256,0 85.234633,27.682265,0 85.234641,27.682274,0 85.234648,27.682283,0 85.234656,27.682292,0 85.234663,27.682301,0 85.234671,27.68231,0 85.234678,27.682319,0 85.234686,27.682328,0 85.234693,27.682337,0 85.234709,27.68235,0 85.234718,27.682356,0 85.234726,27.682361,0 85.234734,27.682367,0 85.234742,27.682373,0 85.23475,27.682379,0 85.234758,27.682385,0 85.234766,27.68239,0 85.234774,27.682396,0 85.234782,27.682402,0 85.23479,27.682408,0 85.234798,27.682413,0 85.234806,27.682419,0 85.234814,27.682425,0 85.234822,27.682431,0 85.23483,27.682437,0 85.234838,27.682442,0 85.234846,27.682448,0 85.234854,27.682454,0 85.234862,27.68246,0 85.23487,27.682465,0 85.234878,27.682471,0 85.234886,27.682477,0 85.234894,27.682483,0 85.234903,27.682489,0 85.234911,27.682494,0 85.234919,27.6825,0 85.234927,27.682506,0 85.234935,27.682512,0 85.234943,27.682517,0 85.234951,27.682523,0 85.234959,27.682529,0 85.234967,27.682535,0 85.234975,27.682541,0 85.234983,27.682546,0 85.234991,27.682552,0 85.234999,27.682558,0 85.235007,27.682564,0 85.235015,27.682569,0 85.235023,27.682575,0 85.235031,27.682581,0 85.235039,27.682587,0 85.235047,27.682593,0 85.235055,27.682598,0 85.235063,27.682604,0 85.235071,27.68261,0 85.23508,27.682616,0 85.235088,27.682621,0 85.235096,27.682627,0 85.235104,27.682633,0 85.235112,27.682639,0 85.23512,27.682645,0 85.235128,27.68265,0 85.235136,27.682656,0 85.235144,27.682662,0 85.235152,27.682668,0 85.23516,27.682673,0 85.235168,27.682679,0 85.235176,27.682685,0 85.235184,27.682691,0 85.235189,27.6827,0 85.235195,27.68271,0 85.235201,27.682718,0 85.235208,27.682724,0 85.235214,27.682732,0 85.235221,27.682738,0 85.235228,27.682745,0 85.235236,27.682753,0 85.235245,27.682761,0 85.235255,27.682768,0 85.235264,27.682774,0 85.235274,27.682782,0 85.235283,27.682789,0 85.235294,27.682797,0 85.235307,27.682805,0 85.23532,27.682813,0 85.235333,27.682821,0 85.235345,27.682828,0 85.235356,27.682834,0 85.235367,27.68284,0 85.235378,27.682846,0 85.235388,27.682853,0 85.235399,27.682861,0 85.235411,27.68287,0 85.235422,27.682878,0 85.235433,27.682885,0 85.235444,27.682892,0 85.235455,27.682899,0 85.235468,27.682905,0 85.23548,27.682911,0 85.235492,27.682917,0 85.235503,27.682924,0 85.235512,27.682932,0 85.235521,27.68294,0 85.235529,27.682948,0 85.235537,27.682957,0 85.235545,27.682965,0 85.235552,27.682974,0 85.235559,27.682982,0 85.235564,27.682991,0 85.235569,27.683,0 85.235572,27.683009,0 85.235575,27.683019,0 85.235578,27.683028,0 85.235581,27.683037,0 85.235585,27.683047,0 85.235589,27.683056,0 85.235593,27.683065,0 85.235597,27.683074,0 85.235603,27.683083,0 85.23561,27.68309,0 85.235617,27.683098,0 85.235624,27.683106,0 85.23563,27.683114,0 85.235638,27.683121,0 85.235646,27.683128,0 85.235655,27.683134,0 85.235663,27.683139,0 85.235674,27.683144,0 85.235684,27.683149,0 85.235694,27.683154,0 85.235704,27.683159,0 85.235713,27.683163,0 85.235721,27.683167,0 85.23573,27.68317,0 85.23574,27.683175,0 85.235748,27.683178,0 85.235756,27.683181,0 85.235764,27.683186,0 85.235773,27.683192,0 85.235781,27.683197,0 85.235787,27.683203,0 85.235794,27.68321,0 85.235801,27.68322,0 85.23581,27.683231,0 85.235817,27.683243,0 85.235825,27.683253,0 85.235835,27.683263,0 85.235843,27.683271,0 85.23585,27.683279,0 85.235858,27.683288,0 85.235866,27.683295,0 85.235874,27.683303,0 85.23588,27.68331,0 85.235885,27.683318,0 85.235888,27.683326,0 85.235889,27.683334,0 85.235892,27.683341,0 85.235897,27.683348,0 85.2359,27.683354,0 85.235906,27.683362,0 85.235913,27.683368,0 85.23592,27.683373,0 85.235925,27.683378,0 85.23593,27.683385,0 85.235936,27.683393,0 85.235942,27.683402,0 85.235948,27.683412,0 85.235956,27.683421,0 85.235964,27.683431,0 85.235975,27.68344,0 85.235987,27.683449,0 85.235999,27.683458,0 85.23601,27.683467,0 85.236022,27.683476,0 85.236032,27.683484,0 85.236044,27.683493,0 85.236054,27.683503,0 85.236063,27.683514,0 85.236068,27.683525,0 85.236071,27.683535,0 85.236073,27.683545,0 85.236077,27.683555,0 85.236084,27.683566,0 85.236089,27.683576,0 85.236096,27.683586,0 85.236104,27.683594,0 85.23611,27.683603,0 85.236116,27.683611,0 85.236125,27.683618,0 85.236132,27.683625,0 85.236139,27.683632,0 85.236145,27.683637,0 85.236151,27.683644,0 85.236159,27.68365,0 85.236167,27.683657,0 85.236176,27.683663,0 85.236184,27.68367,0 85.236193,27.683678,0 85.236201,27.683684,0 85.236209,27.683691,0 85.236218,27.683698,0 85.236226,27.683705,0 85.236233,27.683712,0 85.23624,27.683721,0 85.236248,27.683731,0 85.236256,27.683739,0 85.236266,27.683747,0 85.236272,27.683754,0 85.236278,27.683761,0 85.236287,27.683768,0 85.236297,27.683776,0 85.236306,27.683785,0 85.236317,27.683793,0 85.236327,27.6838,0 85.236338,27.683806,0 85.236347,27.683812,0 85.236355,27.683818,0 85.236362,27.683824,0 85.23637,27.68383,0 85.236378,27.683836,0 85.236385,27.683843,0 85.236392,27.683851,0 85.236399,27.683859,0 85.236407,27.683867,0 85.236416,27.683875,0 85.236425,27.683882,0 85.236432,27.683889,0 85.23644,27.683897,0 85.236446,27.683905,0 85.236453,27.683913,0 85.236461,27.683921,0 85.236468,27.683927,0 85.236475,27.683934,0 85.23648,27.68394,0 85.236485,27.683947,0 85.23649,27.683956,0 85.236494,27.683964,0 85.236498,27.683973,0 85.236503,27.683983,0 85.236509,27.683992,0 85.236518,27.684003,0 85.236527,27.68401,0 85.236536,27.684017,0 85.236543,27.684026,0 85.23655,27.684035,0 85.236557,27.684045,0 85.236565,27.684058,0 85.236573,27.68407,0 85.236583,27.68408,0 85.236594,27.684089,0 85.236603,27.684098,0 85.236613,27.684108,0 85.236623,27.684119,0 85.236633,27.684132,0 85.236642,27.684145,0 85.23665,27.684158,0 85.236659,27.684172,0 85.236668,27.684186,0 85.236678,27.684201,0 85.236687,27.684215,0 85.236696,27.684229,0 85.236703,27.684241,0 85.236712,27.684255,0 85.236719,27.684268,0 85.236728,27.684281,0 85.236737,27.684293,0 85.236746,27.684305,0 85.236754,27.684316,0 85.236762,27.684328,0 85.236768,27.684339,0 85.236775,27.68435,0 85.236782,27.684359,0 85.236789,27.684369,0 85.236794,27.684378,0 85.2368,27.684387,0 85.236806,27.684395,0 85.236811,27.684403,0 85.236817,27.684412,0 85.23682,27.68442,0 85.236823,27.684428,0 85.236827,27.684436,0 85.236831,27.684442,0 85.236837,27.68445,0 85.236841,27.684458,0 85.236846,27.684466,0 85.236853,27.684473,0 85.236859,27.68448,0 85.236862,27.684487,0 85.236865,27.684495,0 85.236871,27.684503,0 85.236879,27.684511,0 85.236887,27.68452,0 85.236895,27.684529,0 85.236903,27.684538,0 85.236912,27.684548,0 85.236922,27.684557,0 85.236933,27.684566,0 85.236945,27.684575,0 85.236955,27.684584,0 85.236966,27.684594,0 85.236976,27.684604,0 85.236986,27.684614,0 85.236996,27.684623,0 85.237006,27.684631,0 85.237015,27.684637,0 85.237024,27.684642,0 85.237033,27.684647,0 85.23704,27.684653,0 85.237047,27.684661,0 85.237055,27.684669,0 85.237063,27.684677,0 85.237071,27.684686,0 85.237078,27.684695,0 85.237086,27.684704,0 85.237096,27.684712,0 85.237105,27.68472,0 85.237114,27.684728,0 85.237122,27.684736,0 85.23713,27.684745,0 85.237138,27.684754,0 85.237149,27.684764,0 85.237159,27.684773,0 85.237168,27.684781,0 85.237177,27.68479,0 85.237184,27.6848,0 85.237192,27.68481,0 85.237201,27.68482,0 85.23721,27.684831,0 85.237217,27.684841,0 85.237225,27.684851,0 85.237232,27.684862,0 85.237242,27.684873,0 85.237256,27.684884,0 85.237269,27.684894,0 85.23728,27.684903,0 85.23729,27.684913,0 85.237301,27.684922,0 85.237313,27.684931,0 85.237324,27.684939,0 85.237335,27.684947,0 85.237346,27.684956,0 85.237355,27.684963,0 85.237364,27.684971,0 85.237372,27.684979,0 85.237379,27.684988,0 85.237386,27.684998,0 85.237393,27.685008,0 85.237401,27.685017,0 85.23741,27.685024,0 85.237419,27.68503,0 85.237429,27.685035,0 85.23744,27.68504,0 85.23745,27.685045,0 85.23746,27.68505,0 85.237467,27.685054,0 85.237475,27.685058,0 85.237484,27.685062,0 85.237492,27.685065,0 85.237498,27.685069,0 85.237504,27.685072,0 85.237508,27.685074,0 85.237513,27.685076,0 85.237518,27.685077,0 85.237524,27.685078,0 85.237531,27.68508,0 85.23754,27.685083,0 85.237549,27.685084,0 85.23756,27.685087,0 85.237571,27.685088,0 85.237584,27.685088,0 85.237597,27.685086,0 85.23761,27.685084,0 85.237623,27.685083,0 85.237637,27.685082,0 85.237652,27.685082,0 85.237666,27.685082,0 85.23768,27.685081,0 85.237691,27.685079,0 85.237703,27.685078,0 85.237715,27.685077,0 85.237728,27.685077,0 85.237741,27.68508,0 85.237754,27.685082,0 85.237769,27.685085,0 85.237781,27.685087,0 85.237793,27.685091,0 85.237806,27.685094,0 85.237818,27.6851,0 85.237833,27.685105,0 85.237848,27.685106,0 85.237864,27.685108,0 85.237879,27.68511,0 85.237895,27.685111,0 85.237909,27.685113,0 85.237922,27.685114,0 85.237935,27.685115,0 85.237949,27.685115,0 85.237963,27.685116,0 85.237978,27.685117,0 85.237994,27.685117,0 85.238008,27.685117,0 85.238022,27.685117,0 85.238036,27.685118,0 85.238047,27.685119,0 85.238059,27.685121,0 85.238069,27.685122,0 85.238079,27.685123,0 85.238089,27.685124,0 85.238099,27.685123,0 85.238109,27.685121,0 85.23812,27.685121,0 85.23813,27.685123,0 85.23814,27.685125,0 85.23815,27.685128,0 85.238161,27.68513,0 85.238173,27.685131,0 85.238184,27.685132,0 85.238195,27.685133,0 85.238206,27.685134,0 85.238216,27.685133,0 85.238225,27.685133,0 85.238234,27.685133,0 85.238243,27.685133,0 85.238253,27.685132,0 85.238264,27.685131,0 85.238274,27.685129,0 85.238285,27.685127,0 85.238295,27.685125,0 85.238305,27.685123,0 85.238315,27.685123,0 85.238325,27.685123,0 85.238335,27.685121,0 85.238344,27.685119,0 85.238354,27.685116,0 85.238362,27.685113,0 85.23837,27.68511,0 85.238378,27.685107,0 85.238386,27.685104,0 85.238393,27.685101,0 85.2384,27.685097,0 85.238406,27.685093,0 85.238412,27.685089,0 85.238419,27.685087,0 85.238426,27.685085,0 85.238435,27.685082,0 85.238445,27.68508,0 85.238455,27.685077,0 85.238465,27.685073,0 85.238475,27.685071,0 85.238486,27.685069,0 85.238498,27.685066,0 85.238509,27.685064,0 85.238522,27.685061,0 85.238534,27.685058,0 85.238546,27.685055,0 85.238558,27.685052,0 85.23857,27.685048,0 85.238582,27.685044,0 85.238596,27.68504,0 85.238609,27.685038,0 85.238623,27.685037,0 85.238636,27.685035,0 85.238649,27.685033,0 85.23866,27.685031,0 85.238671,27.685028,0 85.238684,27.685024,0 85.238698,27.685017,0 85.238717,27.685013,0 85.238735,27.685009,0 85.238752,27.685006,0 85.238766,27.685004,0 85.238779,27.685004,0 85.23879,27.685005,0 85.2388,27.685006,0 85.238811,27.685008,0 85.238821,27.685012,0 85.238829,27.685014,0 85.238837,27.685017,0 85.238845,27.685021,0 85.238853,27.685026,0 85.238863,27.685032,0 85.238873,27.685038,0 85.238884,27.685043,0 85.238897,27.685048,0 85.238909,27.685054,0 85.238918,27.685061,0 85.238926,27.685068,0 85.238937,27.685078,0 85.238949,27.685087,0 85.23896,27.685096,0 85.238973,27.685111,0 85.238978,27.68512,0 85.238983,27.68513,0 85.238988,27.685139,0 85.238993,27.685148,0 85.238998,27.685158,0 85.239003,27.685167,0 85.239008,27.685176,0 85.239013,27.685185,0 85.239017,27.685195,0 85.239022,27.685204,0 85.239027,27.685213,0 85.239032,27.685223,0 85.239037,27.685232,0 85.239042,27.685241,0 85.239047,27.68525,0 85.239052,27.68526,0 85.239057,27.685269,0 85.239062,27.685278,0 85.239067,27.685287,0 85.239071,27.685297,0 85.239076,27.685306,0 85.239081,27.685315,0 85.239086,27.685325,0 85.239091,27.685334,0 85.239096,27.685343,0 85.239101,27.685352,0 85.239106,27.685362,0 85.239111,27.685371,0 85.239116,27.68538,0 85.23912,27.685389,0 85.239125,27.685399,0 85.23913,27.685408,0 85.239135,27.685417,0 85.23914,27.685427,0 85.239145,27.685436,0 85.23915,27.685445,0 85.239155,27.685454,0 85.23916,27.685464,0 85.239165,27.685473,0 85.23917,27.685482,0 85.239174,27.685492,0 85.239179,27.685501,0 85.239184,27.68551,0 85.239189,27.685519,0 85.239194,27.685529,0 85.239199,27.685538,0 85.239204,27.685547,0 85.239209,27.685556,0 85.239214,27.685566,0 85.239219,27.685575,0 85.239223,27.685584,0 85.239228,27.685594,0 85.239233,27.685603,0 85.239238,27.685612,0 85.239243,27.685621,0 85.239248,27.685631,0 85.239253,27.68564,0 85.239258,27.685649,0 85.239253,27.68566,0 85.239248,27.685672,0 85.239244,27.685684,0 85.239241,27.685696,0 85.239238,27.685707,0 85.239234,27.685718,0 85.239231,27.685729,0 85.239227,27.685741,0 85.239225,27.685752,0 85.239223,27.685762,0 85.239222,27.685773,0 85.239221,27.685782,0 85.239219,27.68579,0 85.23922,27.685799,0 85.239221,27.685808,0 85.239223,27.685817,0 85.239223,27.685827,0 85.239225,27.685837,0 85.239227,27.685848,0 85.239231,27.685858,0 85.239234,27.685868,0 85.239237,27.685879,0 85.239241,27.685889,0 85.239245,27.685899,0 85.239249,27.685908,0 85.239252,27.685919,0 85.239255,27.68593,0 85.239258,27.685941,0 85.239262,27.685951,0 85.239267,27.685962,0 85.239273,27.685972,0 85.239278,27.685983,0 85.239283,27.685994,0 85.239288,27.686004,0 85.239294,27.686015,0 85.2393,27.686025,0 85.239305,27.686036,0 85.239312,27.686047,0 85.239319,27.686058,0 85.239326,27.686067,0 85.239332,27.686076,0 85.239338,27.686085,0 85.239342,27.686095,0 85.239346,27.686104,0 85.239351,27.686114,0 85.239356,27.686123,0 85.239362,27.686131,0 85.239372,27.686136,0 85.239381,27.686143,0 85.239389,27.68615,0 85.239397,27.686157,0 85.239407,27.686164,0 85.239417,27.68617,0 85.239427,27.686176,0 85.239435,27.686182,0 85.239442,27.686188,0 85.239448,27.686194,0 85.239455,27.686198,0 85.239464,27.686202,0 85.239471,27.686208,0 85.239479,27.686214,0 85.239487,27.68622,0 85.239494,27.686225,0 85.239501,27.686231,0 85.239508,27.686239,0 85.239516,27.686247,0 85.239524,27.686255,0 85.239531,27.68626,0 85.239539,27.686265,0 85.239548,27.68627,0 85.239556,27.686274,0 85.239565,27.68628,0 85.239574,27.686287,0 85.239584,27.686296,0 85.239595,27.686305,0 85.239605,27.686315,0 85.239628,27.68633,0 85.239638,27.686336,0 85.239649,27.686342,0 85.239659,27.686348,0 85.23967,27.686354,0 85.23968,27.68636,0 85.23969,27.686366,0 85.239701,27.686371,0 85.239711,27.686377,0 85.239722,27.686383,0 85.239732,27.686389,0 85.239743,27.686395,0 85.239753,27.686401,0 85.239763,27.686407,0 85.239774,27.686413,0 85.239784,27.686419,0 85.239795,27.686425,0 85.239805,27.68643,0 85.239815,27.686436,0 85.239826,27.686442,0 85.239836,27.686448,0 85.239847,27.686454,0 85.239857,27.68646,0 85.239867,27.686466,0 85.239878,27.686472,0 85.239888,27.686478,0 85.239899,27.686484,0 85.239909,27.686489,0 85.239919,27.686495,0 85.23993,27.686501,0 85.23994,27.686507,0 85.239951,27.686513,0 85.239961,27.686519,0 85.239972,27.686525,0 85.239982,27.686531,0 85.239992,27.686537,0 85.240003,27.686543,0 85.240013,27.686548,0 85.240024,27.686554,0 85.240034,27.68656,0 85.240044,27.686566,0 85.240055,27.686572,0 85.240065,27.686578,0 85.240076,27.686584,0 85.240096,27.686595,0 85.240107,27.686601,0 85.240119,27.686606,0 85.24013,27.686611,0 85.240142,27.686616,0 85.240154,27.686622,0 85.240165,27.686627,0 85.240177,27.686632,0 85.240188,27.686638,0 85.2402,27.686643,0 85.240212,27.686648,0 85.240223,27.686654,0 85.240235,27.686659,0 85.240247,27.686664,0 85.240258,27.68667,0 85.24027,27.686675,0 85.240281,27.68668,0 85.240293,27.686686,0 85.240305,27.686691,0 85.240316,27.686696,0 85.240328,27.686702,0 85.240339,27.686707,0 85.240351,27.686712,0 85.240363,27.686718,0 85.240374,27.686723,0 85.240386,27.686728,0 85.240398,27.686733,0 85.240409,27.686739,0 85.240421,27.686744,0 85.240432,27.686749,0 85.240444,27.686755,0 85.240456,27.68676,0 85.240467,27.686765,0 85.240479,27.686771,0 85.240491,27.686776,0 85.240502,27.686781,0 85.240514,27.686787,0 85.240525,27.686792,0 85.240537,27.686797,0 85.240549,27.686803,0 85.24056,27.686808,0 85.240572,27.686813,0 85.240583,27.686819,0 85.240595,27.686824,0 85.240607,27.686829,0 85.240618,27.686834,0 85.24063,27.68684,0 85.240642,27.686845,0 85.240653,27.68685,0 85.240665,27.686856,0 85.240676,27.686861,0 85.240688,27.686866,0 85.2407,27.686872,0 85.240711,27.686877,0 85.240723,27.686882,0 85.240734,27.686888,0 85.240746,27.686893,0 85.240758,27.686898,0 85.240769,27.686904,0 85.240781,27.686909,0 85.2408,27.686921,0 85.240807,27.686929,0 85.240815,27.686937,0 85.240822,27.686945,0 85.24083,27.686953,0 85.240837,27.686961,0 85.240845,27.686969,0 85.240852,27.686977,0 85.240859,27.686985,0 85.240867,27.686993,0 85.240874,27.687001,0 85.240882,27.687009,0 85.240889,27.687017,0 85.240896,27.687025,0 85.240904,27.687033,0 85.240911,27.687041,0 85.240919,27.687049,0 85.240926,27.687057,0 85.240934,27.687065,0 85.240941,27.687073,0 85.240948,27.687081,0 85.240956,27.687089,0 85.240963,27.687097,0 85.240971,27.687105,0 85.240978,27.687113,0 85.240986,27.687121,0 85.240993,27.687129,0 85.241,27.687137,0 85.241008,27.687145,0 85.241015,27.687153,0 85.241023,27.687161,0 85.24103,27.687169,0 85.241037,27.687177,0 85.241045,27.687185,0 85.241052,27.687193,0 85.24106,27.687201,0 85.241067,27.687209,0 85.241075,27.687217,0 85.241082,27.687225,0 85.241089,27.687233,0 85.241097,27.687241,0 85.241104,27.687249,0 85.241112,27.687257,0 85.241119,27.687265,0 85.241126,27.687273,0 85.241134,27.687281,0 85.241141,27.687289,0 85.241149,27.687297,0 85.241156,27.687305,0 85.241164,27.687313,0 85.241171,27.687321,0 85.241178,27.687329,0 85.241186,27.687337,0 85.241193,27.687345,0 85.241201,27.687353,0 85.241208,27.687361,0 85.241216,27.687369,0 85.241223,27.687377,0 85.241228,27.687386,0 85.241235,27.687394,0 85.241243,27.687401,0 85.241255,27.687406,0 85.241267,27.687411,0 85.24128,27.687415,0 85.241294,27.687418,0 85.241307,27.687421,0 85.241319,27.687424,0 85.241331,27.687427,0 85.241345,27.687428,0 85.241359,27.687427,0 85.241374,27.687426,0 85.241392,27.687424,0 85.241406,27.687424,0 85.24142,27.687425,0 85.241434,27.68743,0 85.241445,27.687436,0 85.241456,27.687443,0 85.241466,27.687449,0 85.241476,27.687454,0 85.241487,27.687459,0 85.241499,27.687464,0 85.241513,27.687471,0 85.241527,27.687478,0 85.24154,27.687484,0 85.241553,27.687489,0 85.241567,27.687494,0 85.24158,27.687499,0 85.241592,27.687503,0 85.241604,27.687506,0 85.241617,27.687509,0 85.241631,27.687513,0 85.241646,27.687518,0 85.241661,27.687522,0 85.241678,27.687525,0 85.241691,27.687531,0 85.2417,27.687537,0 85.241708,27.687544,0 85.241713,27.687561,0 85.241724,27.687575,0 85.241737,27.68758,0 85.241754,27.687581,0 85.241771,27.687581,0 85.241784,27.687581,0 85.241797,27.687585,0 85.241812,27.687591,0 85.24183,27.687599,0 85.241846,27.687608,0 85.24186,27.687616,0 85.241873,27.687622,0 85.241885,27.687628,0 85.241897,27.687633,0 85.241908,27.687639,0 85.241918,27.687645,0 85.241928,27.68765,0 85.241947,27.68765,0 85.241971,27.687651,0 85.241994,27.687659,0 85.241999,27.687663,0 85.242004,27.687668,0 85.24201,27.687672,0 85.242015,27.687677,0 85.24202,27.687682,0 85.242025,27.687686,0 85.242031,27.687691,0 85.242036,27.687696,0 85.242041,27.6877,0 85.242046,27.687705,0 85.242052,27.687709,0 85.242057,27.687714,0 85.242062,27.687719,0 85.242068,27.687723,0 85.242073,27.687728,0 85.242078,27.687732,0 85.242083,27.687737,0 85.242089,27.687742,0 85.242094,27.687746,0 85.242099,27.687751,0 85.242104,27.687756,0 85.24211,27.68776,0 85.242115,27.687765,0 85.24212,27.687769,0 85.242125,27.687774,0 85.242131,27.687779,0 85.242136,27.687783,0 85.242139,27.68779,0 85.242142,27.687796,0 85.242145,27.687803,0 85.242148,27.68781,0 85.24215,27.687818,0 85.242152,27.687826,0 85.242151,27.687834,0 85.242149,27.687841,0 85.242148,27.687847,0 85.242147,27.687865,0 85.242147,27.687867,0 85.242149,27.687872,0 85.24215,27.687879,0 85.242151,27.687889,0 85.242153,27.687898,0 85.242158,27.687906,0 85.242164,27.687914,0 85.242171,27.687918,0 85.24218,27.687922,0 85.242186,27.687925,0 85.242197,27.687935,0 85.2422,27.687934,0 85.242198,27.687929,0 85.242197,27.687929,0 85.242195,27.687929,0 85.242191,27.687929,0 85.242186,27.687929,0 85.242181,27.687931,0 85.242178,27.687933,0 85.242175,27.687935,0 85.242167,27.687942,0 85.24217,27.687944,0 85.242168,27.687945,0 85.242167,27.687946,0 85.242167,27.687945,0 85.242175,27.687945,0 85.24218,27.68795,0 85.242182,27.687955,0 85.242193,27.687955,0 85.242197,27.687954,0 85.242205,27.687951,0 85.242215,27.687948,0 85.242225,27.687946,0 85.242236,27.687943,0 85.242248,27.687941,0 85.24226,27.687941,0 85.242273,27.687941,0 85.242286,27.68794,0 85.242301,27.687939,0 85.242316,27.687937,0 85.242329,27.687935,0 85.242341,27.687932,0 85.242353,27.68793,0 85.242366,27.687929,0 85.242378,27.687929,0 85.242388,27.687928,0 85.242394,27.687925,0 85.242402,27.687922,0 85.242411,27.687921,0 85.242421,27.68792,0 85.242432,27.687921,0 85.242443,27.68792,0 85.242453,27.687918,0 85.242461,27.687916,0 85.242468,27.687915,0 85.242475,27.687913,0 85.24249,27.687909,0 85.242493,27.68791,0 85.242493,27.687907,0 85.242493,27.687906,0 85.242494,27.687903,0 85.242495,27.687896,0 85.242495,27.687901,0 85.242493,27.687904,0 85.24249,27.687906,0 85.242487,27.687912,0 85.242487,27.687909,0 85.242487,27.687904,0 85.242486,27.687903,0 85.242484,27.687902,0 85.242482,27.6879,0 85.242479,27.687899,0 85.24248,27.687864,0 85.242476,27.687863,0 85.242472,27.68786,0 85.24247,27.687856,0 85.242471,27.687854,0 85.242473,27.687853,0 85.242481,27.687854,0 85.242488,27.687858,0 85.242494,27.687863,0 85.24251,27.687886,0 85.242512,27.687887,0 85.242513,27.687891,0 85.242513,27.687892,0 85.242512,27.687895,0 85.242513,27.687899,0 85.242507,27.687906,0 85.242507,27.687904,0 85.242508,27.687902,0 85.242515,27.687894,0 85.242517,27.687896,0 85.242517,27.687898,0 85.242514,27.687904,0 85.242502,27.687921,0 85.242502,27.687922,0 85.242505,27.687926,0 85.242507,27.687925,0 85.242513,27.687922,0 85.242522,27.687918,0 85.242533,27.687914,0 85.242548,27.687912,0 85.242565,27.687909,0 85.242582,27.687907,0 85.242596,27.687905,0 85.242608,27.687905,0 85.24262,27.687905,0 85.242631,27.687905,0 85.242641,27.687905,0 85.24267,27.687907,0 85.242672,27.687908,0 85.242675,27.68791,0 85.242678,27.687912,0 85.242681,27.687914,0 85.242692,27.687919,0 85.242693,27.687918,0 85.242695,27.687918,0 85.242694,27.687918,0 85.242702,27.687889,0</coordinates></LineString></Placemark></Document></kml>